experiment,detector,physics_layer,efficiency_model,point_index,point,sweep_value,power_uw,detection_efficiency,photons_per_bright_dwell,contrast,switching_ratio,snr_per_bright_dwell,p_bright_stationary,gamma_tot_khz,horizon_us,noise_sigma,noise_tau_c_ms,noise_kind,noise_photon_order,noise_renormalise,q_excess_finest_bin,target_fidelity,t_threshold_us,t_adaptive_count_us,t_fixed_count_mmpp_us,t_adaptive_mmpp_us,speedup_mmpp,speedup_mmpp_ci_low,speedup_mmpp_ci_high,speedup_count,speedup_count_ci_low,speedup_count_ci_high,speedup_fixed_count_mmpp,speedup_fixed_count_mmpp_ci_low,speedup_fixed_count_mmpp_ci_high,t_learned_us,speedup_learned,speedup_learned_ci_low,speedup_learned_ci_high,t_optimal_us,speedup_optimal,speedup_optimal_ci_low,speedup_optimal_ci_high
ratio,ideal,nv_charge_readout_master_v1_4,thin_all_counts,0,ratio0.5,0.5,5.437,1.0,72.62271511602958,0.9249776330930897,0.5,9.9340572406218,0.6666666666666666,9.422120008455401,636.7993609310438,0.0,0.1,off,2.0,mean,0.035936417596822645,0.55,0.456603239341696,1.5865859130877982,1.5865859130877982,0.4422580542644719,1.0324362325092797,1.0228975129751694,1.0677810407704489,0.28778979793981607,0.2764487544792991,0.3117783122711081,0.28778979793981607,0.2764487544792991,0.3117783122711081,4.974995007273436,0.09177963770298114,0.08812669685752093,0.09970521195447801,0.45192604961747185,1.0103494581208212,0.9868835533883378,1.0505329388117404
ratio,ideal,nv_charge_readout_master_v1_4,thin_all_counts,0,ratio0.5,0.5,5.437,1.0,72.62271511602958,0.9249776330930897,0.5,9.9340572406218,0.6666666666666666,9.422120008455401,636.7993609310438,0.0,0.1,off,2.0,mean,0.035936417596822645,0.56,0.5555960511943254,1.5865859130877982,1.5865859130877982,0.5293237756387092,1.0496336585748764,1.0300670413905393,1.0735491488959816,0.35018340110749485,0.33138947917317163,0.3756514123000978,0.35018340110749485,0.33138947917317163,0.3756514123000978,4.974995007273436,0.11167771030564749,0.10549781012878426,0.12031424068525497,0.5474705869239646,1.0148418279710967,0.9971440271010007,1.0443878907938877
ratio,ideal,nv_charge_readout_master_v1_4,thin_all_counts,0,ratio0.5,0.5,5.437,1.0,72.62271511602958,0.9249776330930897,0.5,9.9340572406218,0.6666666666666666,9.422120008455401,636.7993609310438,0.0,0.1,off,2.0,mean,0.035936417596822645,0.57,0.6640723212104385,1.5865859130877982,1.5865859130877982,0.633529806308213,1.0482100677791417,1.0335623934831104,1.0661615888633216,0.41855427791995664,0.39393169800983396,0.44636511892816827,0.41855427791995664,0.39393169800983396,0.44636511892816827,4.974995007273436,0.1334820075677595,0.12519421166080927,0.14290892158481888,0.644992287303155,1.029581801647677,1.0207290722349402,1.0495880102648594
ratio,ideal,nv_charge_readout_master_v1_4,thin_all_counts,0,ratio0.5,0.5,5.437,1.0,72.62271511602958,0.9249776330930897,0.5,9.9340572406218,0.6666666666666666,9.422120008455401,636.7993609310438,0.0,0.1,off,2.0,mean,0.035936417596822645,0.58,0.7724800158634428,1.5865859130877982,1.5865859130877982,0.7273754656775907,1.062009996644353,1.0438530278431863,1.0821383333231014,0.4868819327659665,0.4579415362399433,0.5195410041428059,0.4868819327659665,0.4579415362399433,0.5195410041428059,4.974995007273436,0.15527252082345372,0.14553818160612486,0.16626850272635071,0.7463472630273749,1.0350142006685559,1.0225978618764668,1.0573081629577008
ratio,ideal,nv_charge_readout_master_v1_4,thin_all_counts,0,ratio0.5,0.5,5.437,1.0,72.62271511602958,0.9249776330930897,0.5,9.9340572406218,0.6666666666666666,9.422120008455401,636.7993609310438,0.0,0.1,off,2.0,mean,0.035936417596822645,0.59,0.8913969539528175,1.5865859130877982,1.5865859130877982,0.8260363842635493,1.079125533613801,1.0571263410566571,1.0996373700296942,0.5618333974855414,0.5261673173971513,0.5946683921266595,0.5618333974855414,0.5261673173971513,0.5946683921266595,4.974995007273436,0.17917544694006654,0.16722522430312464,0.19063380398106466,0.8484177117217552,1.0506581152624,1.0436566363978337,1.069231379003491
ratio,ideal,nv_charge_readout_master_v1_4,thin_all_counts,0,ratio0.5,0.5,5.437,1.0,72.62271511602958,0.9249776330930897,0.5,9.9340572406218,0.6666666666666666,9.422120008455401,636.7993609310438,0.0,0.1,off,2.0,mean,0.035936417596822645,0.6,1.011270571489318,1.5865859130877982,1.5865859130877982,0.9380796305681881,1.0780220980566422,1.0604042752973708,1.092456185902235,0.6373878421252291,0.60642306457141,0.6750660743262795,0.6373878421252291,0.60642306457141,0.6750660743262795,4.974995007273436,0.20327067062596882,0.1927022110965383,0.21578570049092322,0.9554291100013674,1.0584464727978307,1.0478772948941386,1.0784403665060271
ratio,ideal,nv_charge_readout_master_v1_4,thin_all_counts,0,ratio0.5,0.5,5.437,1.0,72.62271511602958,0.9249776330930897,0.5,9.9340572406218,0.6666666666666666,9.422120008455401,636.7993609310438,0.0,0.1,off,2.0,mean,0.035936417596822645,0.61,1.1355328844282857,1.5865859130877982,1.5865859130877982,1.0600493646343376,1.071207551565286,1.0621345264945448,1.0871122257589494,0.7157084120445281,0.6799610154119079,0.7590416292609855,0.7157084120445281,0.6799610154119079,0.7590416292609855,4.974995007273436,0.2282480450268067,0.2163281102655364,0.24286309801235084,1.0663257439066793,1.0649024380374175,1.0510242277350064,1.0879525158308847
ratio,ideal,nv_charge_readout_master_v1_4,thin_all_counts,0,ratio0.5,0.5,5.437,1.0,72.62271511602958,0.9249776330930897,0.5,9.9340572406218,0.6666666666666666,9.422120008455401,636.7993609310438,0.0,0.1,off,2.0,mean,0.035936417596822645,0.62,1.2694503067702778,1.5865859130877982,1.5865859130877982,1.161600467844459,1.0928458983198863,1.0780566424942766,1.111411462374965,0.8001144446692369,0.7631303257955077,0.8457924178641004,0.8001144446692369,0.7631303257955077,0.8457924178641004,4.974995007273436,0.2551661468834327,0.24238101653573102,0.27114789064353567,1.177222377811991,1.0783436763491563,1.0623363445667338,1.0973605192162563
ratio,ideal,nv_charge_readout_master_v1_4,thin_all_counts,0,ratio0.5,0.5,5.437,1.0,72.62271511602958,0.9249776330930897,0.5,9.9340572406218,0.6666666666666666,9.422120008455401,636.7993609310438,0.0,0.1,off,2.0,mean,0.035936417596822645,0.63,1.3969546623371367,1.5865859130877982,1.5865859130877982,1.2728800109812903,1.0974755281608943,1.0837365443063744,1.1102917592130128,0.8804784227652678,0.8478777999806386,0.9191835810261171,0.8804784227652678,0.8478777999806386,0.9191835810261171,4.974995007273436,0.2807951887981377,0.2694491596164636,0.2943576411217153,1.288119011717303,1.0844919216546114,1.0744553069478593,1.0952844043473282
ratio,ideal,nv_charge_readout_master_v1_4,thin_all_counts,0,ratio0.5,0.5,5.437,1.0,72.62271511602958,0.9249776330930897,0.5,9.9340572406218,0.6666666666666666,9.422120008455401,636.7993609310438,0.0,0.1,off,2.0,mean,0.035936417596822645,0.64,1.5225142235769844,1.5865859130877982,1.5865859130877982,1.3948199636681635,1.0915489190253662,1.0078675288101107,1.103094959077964,0.9596166277651375,0.9220045894526988,1.0107642213546133,0.9596166277651375,0.9220045894526988,1.0107642213546133,4.974995007273436,0.30603331688797086,0.2934849954964578,0.323794946572448,1.406093518013644,1.0827972706451312,1.0737709682879781,1.0933350130693387
ratio,ideal,nv_charge_readout_master_v1_4,thin_all_counts,0,ratio0.5,0.5,5.437,1.0,72.62271511602958,0.9249776330930897,0.5,9.9340572406218,0.6666666666666666,9.422120008455401,636.7993609310438,0.0,0.1,off,2.0,mean,0.035936417596822645,0.65,1.6786732113317144,1.5865859130877982,1.5865859130877982,1.5865859130877982,1.0580411671906862,1.011989187469096,1.1017111564557496,1.0580411671906862,1.003173385442186,1.0970594390413608,1.0580411671906862,1.003173385442186,1.0970594390413608,4.974995007273436,0.33742208964581805,0.3211526373351219,0.35560836007315566,1.536974732787744,1.0921931086576546,1.0741571758971487,1.1110969040497884
ratio,ideal,nv_charge_readout_master_v1_4,thin_all_counts,0,ratio0.5,0.5,5.437,1.0,72.62271511602958,0.9249776330930897,0.5,9.9340572406218,0.6666666666666666,9.422120008455401,636.7993609310438,0.0,0.1,off,2.0,mean,0.035936417596822645,0.66,1.828699105121954,1.7983748528445052,1.7983748528445052,1.6433083298026334,1.11281557572436,1.0445692708104133,1.1180980811111232,1.0168620308660816,1.002969822057047,1.1021233704180737,1.0168620308660816,1.002969822057047,1.1021233704180737,4.974995007273436,0.36757807846005847,0.3512060828827183,0.3846661010830146,1.6678559475618444,1.0964370800699175,1.0785254930410626,1.1183291229228571
ratio,ideal,nv_charge_readout_master_v1_4,thin_all_counts,0,ratio0.5,0.5,5.437,1.0,72.62271511602958,0.9249776330930897,0.5,9.9340572406218,0.6666666666666666,9.422120008455401,636.7993609310438,0.0,0.1,off,2.0,mean,0.035936417596822645,0.67,1.98898127336705,1.8952651214234326,1.8952651214234326,1.8174249569078433,1.0943952683202345,1.0666488147454851,1.120018299726265,1.0494475157508476,1.026862818958496,1.073552676331756,1.0494475157508476,1.026862818958496,1.073552676331756,4.974995007273436,0.39979563204770296,0.3815625183664285,0.4187386628520617,1.7987371623359447,1.105765375294767,1.0834503382380094,1.1303603295422382
ratio,ideal,nv_charge_readout_master_v1_4,thin_all_counts,0,ratio0.5,0.5,5.437,1.0,72.62271511602958,0.9249776330930897,0.5,9.9340572406218,0.6666666666666666,9.422120008455401,636.7993609310438,0.0,0.1,off,2.0,mean,0.035936417596822645,0.68,2.1654958874404597,1.997375505336184,1.997375505336184,1.9067067493565633,1.1357257156462195,1.1200922022627104,1.1481631448858671,1.0841706437548302,1.0610531761452509,1.1080946481975542,1.0841706437548302,1.0610531761452509,1.1080946481975542,4.974995007273436,0.43527599209135037,0.41696095058777716,0.45513764060139056,1.929618377110045,1.122240497462345,1.100103006036138,1.1437625871146413
ratio,ideal,nv_charge_readout_master_v1_4,thin_all_counts,0,ratio0.5,0.5,5.437,1.0,72.62271511602958,0.9249776330930897,0.5,9.9340572406218,0.6666666666666666,9.422120008455401,636.7993609310438,0.0,0.1,off,2.0,mean,0.035936417596822645,0.69,2.3289541244431486,2.1049872464917554,2.1049872464917554,2.023754085886757,1.1508088560190162,1.1391695529128552,1.1660289111470683,1.1063982113548023,1.0877993135386461,1.1313525839856045,1.1063982113548023,1.0877993135386461,1.1313525839856045,4.974995007273436,0.4681319521000968,0.4516321948468684,0.4883177665900693,2.0604995918841436,1.1302861372146777,1.1136203938986189,1.1482586029279613
ratio,ideal,nv_charge_readout_master_v1_4,thin_all_counts,0,ratio0.5,0.5,5.437,1.0,72.62271511602958,0.9249776330930897,0.5,9.9340572406218,0.6666666666666666,9.422120008455401,636.7993609310438,0.0,0.1,off,2.0,mean,0.035936417596822645,0.7,2.4982022559374815,2.2183967391485333,2.2183967391485333,2.1479866274797836,1.163043672608243,1.1485738925296949,1.1772095088596672,1.1261296105656662,1.1045431103062002,1.1479224160657664,1.1261296105656662,1.1045431103062002,1.1479224160657664,4.974995007273436,0.5021517111645566,0.4843585555086393,0.521348906659376,2.191380806658244,1.1400128395516644,1.1255581875859675,1.1540922644225675
ratio,ideal,nv_charge_readout_master_v1_4,thin_all_counts,0,ratio0.5,0.5,5.437,1.0,72.62271511602958,0.9249776330930897,0.5,9.9340572406218,0.6666666666666666,9.422120008455401,636.7993609310438,0.0,0.1,off,2.0,mean,0.035936417596822645,0.71,2.663109432906698,2.3379163462709,2.3379163462709,2.279845453559792,1.1681096316193147,1.1566174512766467,1.181586233502593,1.1390952619645687,1.1201653128489524,1.1631689420078295,1.1390952619645687,1.1201653128489524,1.1631689420078295,4.974995007273436,0.5352989156799626,0.5176860569888302,0.5582083031164033,2.322262021432344,1.1467738818137856,1.136884220919008,1.1563230178560489
ratio,ideal,nv_charge_readout_master_v1_4,thin_all_counts,0,ratio0.5,0.5,5.437,1.0,72.62271511602958,0.9249776330930897,0.5,9.9340572406218,0.6666666666666666,9.422120008455401,636.7993609310438,0.0,0.1,off,2.0,mean,0.035936417596822645,0.72,2.836763657310263,2.463875259868341,2.463875259868341,2.4197987201697195,1.1723138927486079,1.1608741463419752,1.1839697918230219,1.1513422385928125,1.1320631910190924,1.1747546538406854,1.1513422385928125,1.1320631910190924,1.1747546538406854,4.974995007273436,0.5702043224491519,0.550598406337374,0.5936327966642664,2.453143236206444,1.1563791365468947,1.1462526666143467,1.1624437523251214
ratio,ideal,nv_charge_readout_master_v1_4,thin_all_counts,0,ratio0.5,0.5,5.437,1.0,72.62271511602958,0.9249776330930897,0.5,9.9340572406218,0.6666666666666666,9.422120008455401,636.7993609310438,0.0,0.1,off,2.0,mean,0.035936417596822645,0.73,3.015396110868876,2.5966204076866752,2.5966204076866752,2.5664403579569193,1.1749332500636638,1.1667708684539277,1.1845395993480003,1.1612772132355254,1.1433540699534275,1.1843945160672615,1.1612772132355254,1.1433540699534275,1.1843945160672615,4.974995007273436,0.6061103792989482,0.5860919322969167,0.6310299899683747,2.6154622409824544,1.152911352960765,1.1412637162749082,1.1641534504688642
ratio,ideal,nv_charge_readout_master_v1_4,thin_all_counts,0,ratio0.5,0.5,5.437,1.0,72.62271511602958,0.9249776330930897,0.5,9.9340572406218,0.6666666666666666,9.422120008455401,636.7993609310438,0.0,0.1,off,2.0,mean,0.035936417596822645,0.74,3.205940278110165,2.7365174087486888,2.7365174087486888,2.705876050035528,1.1848067756348526,1.1766928623209763,1.192389520556553,1.1715402459566762,1.1544871168704463,1.1905049869030382,1.1715402459566762,1.1544871168704463,1.1905049869030382,4.974995007273436,0.6444107528596682,0.6240807221598705,0.6702460052446998,2.779877098425258,1.1532669123848183,1.1382391961044591,1.1681100628467778
ratio,ideal,nv_charge_readout_master_v1_4,thin_all_counts,0,ratio0.5,0.5,5.437,1.0,72.62271511602958,0.9249776330930897,0.5,9.9340572406218,0.6666666666666666,9.422120008455401,636.7993609310438,0.0,0.1,off,2.0,mean,0.035936417596822645,0.75,3.410721646142729,2.883951580376029,2.883951580376029,2.8548398897036944,1.1947155630141941,1.0496486240188163,1.2008573648061793,1.1826556552998773,1.1684275478994057,1.1997760238125588,1.1826556552998773,1.1684275478994057,1.1997760238125588,4.974995007273436,0.6855728781951055,0.6638115477998641,0.7142626819740303,2.9442919558680622,1.1584182877465865,1.1443203599172744,1.1757941639875529
ratio,ideal,nv_charge_readout_master_v1_4,thin_all_counts,0,ratio0.5,0.5,5.437,1.0,72.62271511602958,0.9249776330930897,0.5,9.9340572406218,0.6666666666666666,9.422120008455401,636.7993609310438,0.0,0.1,off,2.0,mean,0.035936417596822645,0.76,3.6330206596459873,3.0393289994659844,3.0393289994659844,3.317115772522932,1.0952348090289246,1.0628830200029955,1.1373760446403063,1.195336424679367,1.179870190816425,1.209910897931059,1.195336424679367,1.179870190816425,1.209910897931059,4.974995007273436,0.7302561418322061,0.7054380889243852,0.7607655536308563,3.1087068133108664,1.1686597925832416,1.1504349993586143,1.187685076742961
ratio,ideal,nv_charge_readout_master_v1_4,thin_all_counts,0,ratio0.5,0.5,5.437,1.0,72.62271511602958,0.9249776330930897,0.5,9.9340572406218,0.6666666666666666,9.422120008455401,636.7993609310438,0.0,0.1,off,2.0,mean,0.035936417596822645,0.77,3.884021980274637,3.203077620946204,3.203077620946204,3.317115772522932,1.1709033529814148,1.1350070964462156,1.2118776191712473,1.2125906518391767,1.1995732901334764,1.2216098583213637,1.2125906518391767,1.1995732901334764,1.2216098583213637,4.974995007273436,0.7807087192240801,0.7527604509042468,0.8129077362191259,3.27312167075367,1.1866414912038088,1.1683190169047881,1.2076210822067237
ratio,ideal,nv_charge_readout_master_v1_4,thin_all_counts,0,ratio0.5,0.5,5.437,1.0,72.62271511602958,0.9249776330930897,0.5,9.9340572406218,0.6666666666666666,9.422120008455401,636.7993609310438,0.0,0.1,off,2.0,mean,0.035936417596822645,0.78,4.150709726655934,4.131440382197178,4.132227288329143,3.5373236079664405,1.1734040157671977,1.1535222218697905,1.224897945817863,1.0046640741911197,0.9977994873710359,1.227497133707036,1.0044727545309502,0.9977922663544299,1.227497133707036,4.974995007273436,0.8343143501827844,0.8052095305988088,0.8716526659605142,3.4375365281964743,1.2074663622072492,1.1881130535464843,1.224282974500945
ratio,ideal,nv_charge_readout_master_v1_4,thin_all_counts,0,ratio0.5,0.5,5.437,1.0,72.62271511602958,0.9249776330930897,0.5,9.9340572406218,0.6666666666666666,9.422120008455401,636.7993609310438,0.0,0.1,off,2.0,mean,0.035936417596822645,0.79,4.433087872326535,4.318813960301572,4.322105279506762,3.7418521569971417,1.1847308996526773,1.1457729465191464,1.2506666342385844,1.026459558822252,1.0133557168305185,1.0469967103868465,1.0256779013102704,1.0123392094869967,1.0459905431567615,4.974995007273436,0.8910738334099565,0.8611472417135445,0.926830746722276,3.601951385639278,1.2307461699791227,1.2160767707899791,1.247431597221058
ratio,ideal,nv_charge_readout_master_v1_4,thin_all_counts,0,ratio0.5,0.5,5.437,1.0,72.62271511602958,0.9249776330930897,0.5,9.9340572406218,0.6666666666666666,9.422120008455401,636.7993609310438,0.0,0.1,off,2.0,mean,0.035936417596822645,0.8,4.7316871962846,4.514685508731989,4.520708263047574,3.8212085770063933,1.2382698041548659,1.1991383441978758,1.2605234308906508,1.048065737277359,1.030550426069699,1.0671314813264776,1.0466694422556695,1.029871415199451,1.0648904937926302,4.974995007273436,0.9510938582585269,0.9196217531592509,0.9845106209502585,3.7688843742975853,1.2554609604245166,1.2405345163671442,1.263844686619889
ratio,ideal,nv_charge_readout_master_v1_4,thin_all_counts,0,ratio0.5,0.5,5.437,1.0,72.62271511602958,0.9249776330930897,0.5,9.9340572406218,0.6666666666666666,9.422120008455401,636.7993609310438,0.0,0.1,off,2.0,mean,0.035936417596822645,0.81,5.04754610989732,4.71944043668215,4.728437156884539,4.2320055910266206,1.1927078075227358,1.1748573014341477,1.2678436825491861,1.0695221557761272,1.051680321582351,1.0896181338026054,1.0674871934267252,1.0500659048855567,1.0875902966636528,5.0470340035947565,1.0001014667827082,0.9817987022180809,1.0066768586753383,4.023951955498487,1.2543753418825376,1.2400786955899445,1.2693805567899183
ratio,ideal,nv_charge_readout_master_v1_4,thin_all_counts,0,ratio0.5,0.5,5.437,1.0,72.62271511602958,0.9249776330930897,0.5,9.9340572406218,0.6666666666666666,9.422120008455401,636.7993609310438,0.0,0.1,off,2.0,mean,0.035936417596822645,0.82,5.393457779211725,4.933481632842748,4.945711301337971,4.422667384349407,1.2195033699114872,1.184402427118728,1.2574801767848662,1.0932356053191448,1.071720460116544,1.114065202661862,1.0905322714151602,1.0690792529118154,1.1120962313628382,5.384338405385735,1.0016936851177236,0.9916958514109756,1.0141890075429156,4.279019536699385,1.2604424291486083,1.244613303328368,1.2773020779516002
ratio,ideal,nv_charge_readout_master_v1_4,thin_all_counts,0,ratio0.5,0.5,5.437,1.0,72.62271511602958,0.9249776330930897,0.5,9.9340572406218,0.6666666666666666,9.422120008455401,636.7993609310438,0.0,0.1,off,2.0,mean,0.035936417596822645,0.83,5.769004748147111,5.157230258150622,5.1729693056338135,4.44803981855459,1.2969768669970618,1.235748601471266,1.3091127743163167,1.118624622010938,1.0943135957648966,1.1441638646807835,1.1152211442399558,1.091209687726248,1.141892285547421,5.7441856034777805,1.0043207421177867,0.9884064051779553,1.0234389772816166,4.534087117900287,1.2723630133553119,1.2528895856463311,1.2940826427982703
ratio,ideal,nv_charge_readout_master_v1_4,thin_all_counts,0,ratio0.5,0.5,5.437,1.0,72.62271511602958,0.9249776330930897,0.5,9.9340572406218,0.6666666666666666,9.422120008455401,636.7993609310438,0.0,0.1,off,2.0,mean,0.035936417596822645,0.84,6.21422033530763,5.391126574491514,5.4106699333198565,4.730477109736594,1.3136561473930597,1.2495055421365855,1.3333208026273229,1.1526756512656633,1.1204750497569576,1.1812710056691187,1.14851218275936,1.1169134457492573,1.1786433286329658,6.128082182612662,1.0140562985495478,0.9908463985407148,1.0333742252656972,4.789154699101189,1.2975609947354365,1.2733896388052215,1.3175075580215074
ratio,ideal,nv_charge_readout_master_v1_4,thin_all_counts,0,ratio0.5,0.5,5.437,1.0,72.62271511602958,0.9249776330930897,0.5,9.9340572406218,0.6666666666666666,9.422120008455401,636.7993609310438,0.0,0.1,off,2.0,mean,0.035936417596822645,0.85,6.728289647930549,5.635630810987101,5.659293028367304,5.271264365863044,1.2764090701849957,1.2415339417700395,1.2907001390701895,1.1938840342084198,1.1572666542782604,1.229748656857737,1.1888922545987426,1.1535237297259533,1.225387910426663,6.537635415909663,1.029162567180929,1.0026642870385472,1.0577456666026845,5.04422228030209,1.3338606576091652,1.3049387062006932,1.3611690502644427
ratio,ideal,nv_charge_readout_master_v1_4,thin_all_counts,0,ratio0.5,0.5,5.437,1.0,72.62271511602958,0.9249776330930897,0.5,9.9340572406218,0.6666666666666666,9.422120008455401,636.7993609310438,0.0,0.1,off,2.0,mean,0.035936417596822645,0.86,7.402826132328933,5.891224069570792,5.919340483827188,5.545674356909216,1.3348829476627921,1.2784551114305127,1.3886233327863975,1.2565853963297426,1.2118521125471127,1.2999087651539434,1.2506167118710136,1.2085013412267096,1.2934034338265519,6.974559994091684,1.0614040367564468,1.0297290441635056,1.0959008926825609,5.435973975655456,1.361821481390797,1.3420978019106837,1.389186499989471
ratio,ideal,nv_charge_readout_master_v1_4,thin_all_counts,0,ratio0.5,0.5,5.437,1.0,72.62271511602958,0.9249776330930897,0.5,9.9340572406218,0.6666666666666666,9.422120008455401,636.7993609310438,0.0,0.1,off,2.0,mean,0.035936417596822645,0.87,8.241635228109383,6.1584092716341825,6.191337254997036,6.009766576434334,1.37137360050334,1.3342160129891258,1.4147104278055571,1.3382733859652038,1.2906407118740546,1.396655960480412,1.3311559181269843,1.2845259342739477,1.3908431391226093,7.440685204440339,1.1076446592836726,1.072162298408593,1.1516915970657824,5.9433814599070605,1.3866912772982707,1.360152400976224,1.4288731813230073
ratio,ideal,nv_charge_readout_master_v1_4,thin_all_counts,0,ratio0.5,0.5,5.437,1.0,72.62271511602958,0.9249776330930897,0.5,9.9340572406218,0.6666666666666666,9.422120008455401,636.7993609310438,0.0,0.1,off,2.0,mean,0.035936417596822645,0.88,9.381923510478991,6.437712147606869,9.596950744502115,6.430203149724339,1.45903998552226,1.3580326509139815,1.4781666053732505,1.4573381498529088,0.7934858959665457,1.4655570886057834,0.9775942130216404,0.9604625449274645,1.4439182832792372,7.93796258953645,1.1819057352129527,1.1383255702462578,1.2479028741081353,6.450788944158666,1.454383888807048,1.404842421268404,1.5358261919326741
ratio,ideal,nv_charge_readout_master_v1_4,thin_all_counts,0,ratio0.5,0.5,5.437,1.0,72.62271511602958,0.9249776330930897,0.5,9.9340572406218,0.6666666666666666,9.422120008455401,636.7993609310438,0.0,0.1,off,2.0,mean,0.035936417596822645,0.89,11.476668899293516,12.53278590567781,11.3948285175699,7.00388984726148,1.6386135632588357,1.4652225422536322,1.98760632345854,0.9157316645849799,0.8350850819769893,1.1244730003382735,1.0071822389952974,0.9505433806640674,1.1899396484886338,8.482685465159218,1.3529523104954715,1.2454124132139555,1.653568964613845,7.037918488702114,1.6306907955408798,1.5127055944451278,1.975817220478401
ratio,ideal,nv_charge_readout_master_v1_4,thin_all_counts,0,ratio0.5,0.5,5.437,1.0,72.62271511602958,0.9249776330930897,0.5,9.9340572406218,0.6666666666666666,9.422120008455401,636.7993609310438,0.0,0.1,off,2.0,mean,0.035936417596822645,0.9,15.7286896909305,13.268181297870132,12.553362520210431,9.159527434433583,1.717194451735724,1.5040799114589691,2.0603458139453434,1.1854442849266267,1.1230989508935971,1.216163570108407,1.2529463453005452,1.1921747846046176,1.2919440553270707,9.12601532648249,1.7235002493681906,1.6267818632876245,1.7893583524907632,7.986863537647013,1.9693199485369302,1.8719296501059832,2.0534025222376737
ratio,ideal,nv_charge_readout_master_v1_4,thin_all_counts,0,ratio0.5,0.5,5.437,1.0,72.62271511602958,0.9249776330930897,0.5,9.9340572406218,0.6666666666666666,9.422120008455401,636.7993609310438,0.0,0.1,off,2.0,mean,0.035936417596822645,0.91,17.197876464300723,14.046728020255742,13.513256348077723,12.25366628210386,1.4034882351429585,1.3662190315255665,1.461855882475638,1.2243332710294486,1.1903064467791276,1.257489157506261,1.2726670775210405,1.243868496466493,1.3058041372799554,10.439266797119144,1.647421873444858,1.5831609579901194,1.729842059765491,8.93580858659191,1.9246021552102135,1.853049714375094,2.0045933626792487
ratio,ideal,nv_charge_readout_master_v1_4,thin_all_counts,0,ratio0.5,0.5,5.437,1.0,72.62271511602958,0.9249776330930897,0.5,9.9340572406218,0.6666666666666666,9.422120008455401,636.7993609310438,0.0,0.1,off,2.0,mean,0.035936417596822645,0.92,19.516040083013603,14.870958094815219,14.546548531110352,12.485707480258775,1.5630704238322521,1.084374001139805,1.6125128783431124,1.3123592951161567,1.2428714932106901,1.3723521513826045,1.3416268499207988,1.281558166177589,1.4341474888678556,11.94149772521131,1.634304216447712,1.5576898308643696,1.733388445762606,10.561764297001442,1.8478011375953867,1.753976494103585,1.9983321002408205
ratio,ideal,nv_charge_readout_master_v1_4,thin_all_counts,0,ratio0.5,0.5,5.437,1.0,72.62271511602958,0.9249776330930897,0.5,9.9340572406218,0.6666666666666666,9.422120008455401,636.7993609310438,0.0,0.1,off,2.0,mean,0.035936417596822645,0.93,nan,nan,30.322944738894673,42.230778563090645,nan,nan,nan,nan,nan,nan,nan,nan,nan,13.802321282994578,nan,nan,nan,12.733402356760244,nan,nan,nan
ratio,ideal,nv_charge_readout_master_v1_4,thin_all_counts,0,ratio0.5,0.5,5.437,1.0,72.62271511602958,0.9249776330930897,0.5,9.9340572406218,0.6666666666666666,9.422120008455401,636.7993609310438,0.0,0.1,off,2.0,mean,0.035936417596822645,0.94,nan,nan,nan,nan,nan,nan,nan,nan,nan,nan,nan,nan,nan,nan,nan,nan,nan,nan,nan,nan,nan
ratio,ideal,nv_charge_readout_master_v1_4,thin_all_counts,0,ratio0.5,0.5,5.437,1.0,72.62271511602958,0.9249776330930897,0.5,9.9340572406218,0.6666666666666666,9.422120008455401,636.7993609310438,0.0,0.1,off,2.0,mean,0.035936417596822645,0.95,nan,nan,nan,nan,nan,nan,nan,nan,nan,nan,nan,nan,nan,nan,nan,nan,nan,nan,nan,nan,nan
ratio,ideal,nv_charge_readout_master_v1_4,thin_all_counts,0,ratio0.5,0.5,5.437,1.0,72.62271511602958,0.9249776330930897,0.5,9.9340572406218,0.6666666666666666,9.422120008455401,636.7993609310438,0.0,0.1,off,2.0,mean,0.035936417596822645,0.96,nan,nan,nan,nan,nan,nan,nan,nan,nan,nan,nan,nan,nan,nan,nan,nan,nan,nan,nan,nan,nan
ratio,ideal,nv_charge_readout_master_v1_4,thin_all_counts,0,ratio0.5,0.5,5.437,1.0,72.62271511602958,0.9249776330930897,0.5,9.9340572406218,0.6666666666666666,9.422120008455401,636.7993609310438,0.0,0.1,off,2.0,mean,0.035936417596822645,0.97,nan,nan,nan,nan,nan,nan,nan,nan,nan,nan,nan,nan,nan,nan,nan,nan,nan,nan,nan,nan,nan
ratio,ideal,nv_charge_readout_master_v1_4,thin_all_counts,0,ratio0.5,0.5,5.437,1.0,72.62271511602958,0.9249776330930897,0.5,9.9340572406218,0.6666666666666666,9.422120008455401,636.7993609310438,0.0,0.1,off,2.0,mean,0.035936417596822645,0.98,nan,nan,nan,nan,nan,nan,nan,nan,nan,nan,nan,nan,nan,nan,nan,nan,nan,nan,nan,nan,nan
ratio,ideal,nv_charge_readout_master_v1_4,thin_all_counts,0,ratio0.5,0.5,5.437,1.0,72.62271511602958,0.9249776330930897,0.5,9.9340572406218,0.6666666666666666,9.422120008455401,636.7993609310438,0.0,0.1,off,2.0,mean,0.035936417596822645,0.99,nan,nan,nan,nan,nan,nan,nan,nan,nan,nan,nan,nan,nan,nan,nan,nan,nan,nan,nan,nan,nan
ratio,ideal,nv_charge_readout_master_v1_4,thin_all_counts,1,ratio1.88,1.88,5.437,1.0,37.08393963371723,0.9249776330930897,1.8800000000000001,9.58672638322416,0.34722222222222227,9.422120008455401,636.7993609310438,0.0,0.1,off,2.0,mean,0.017515856866034296,0.55,0.4914597995558553,1.589501632462768,1.589501632462768,0.4783133581405584,1.0274849974217815,1.0115745769985258,1.0442815806260848,0.30919112602255666,0.2935636585293606,0.3268572242848336,0.30919112602255666,0.2935636585293606,0.3268572242848336,4.974995007273436,0.09878598849593652,0.09362671575398776,0.10456572636941518,0.471429442923269,1.0424885567358304,1.0091419801678612,1.0822246595768341
ratio,ideal,nv_charge_readout_master_v1_4,thin_all_counts,1,ratio1.88,1.88,5.437,1.0,37.08393963371723,0.9249776330930897,1.8800000000000001,9.58672638322416,0.34722222222222227,9.422120008455401,636.7993609310438,0.0,0.1,off,2.0,mean,0.017515856866034296,0.56,0.5763712329506716,1.589501632462768,1.589501632462768,0.5581295271822123,1.0326836422013987,1.015713985084368,1.0507437703163778,0.3626112871980157,0.34427572453209443,0.3825018107596898,0.3626112871980157,0.34427572453209443,0.3825018107596898,4.974995007273436,0.11585363042737082,0.10951233567173557,0.12260481366292045,0.5657153315079229,1.0188361545980118,0.9948210132813897,1.0489012963230646
ratio,ideal,nv_charge_readout_master_v1_4,thin_all_counts,1,ratio1.88,1.88,5.437,1.0,37.08393963371723,0.9249776330930897,1.8800000000000001,9.58672638322416,0.34722222222222227,9.422120008455401,636.7993609310438,0.0,0.1,off,2.0,mean,0.017515856866034296,0.57,0.6736771540106999,1.589501632462768,1.589501632462768,0.65126462351716,1.0344138614078267,1.0181991347446289,1.0569333332856006,0.4238291677416569,0.39715496565231745,0.45559152337819353,0.4238291677416569,0.39715496565231745,0.45559152337819353,4.974995007273436,0.13541262916360416,0.1264505943057163,0.14613912913694616,0.6600012200925757,1.0207210736916608,1.000652191138006,1.0453568263652813
ratio,ideal,nv_charge_readout_master_v1_4,thin_all_counts,1,ratio1.88,1.88,5.437,1.0,37.08393963371723,0.9249776330930897,1.8800000000000001,9.58672638322416,0.34722222222222227,9.422120008455401,636.7993609310438,0.0,0.1,off,2.0,mean,0.017515856866034296,0.58,0.7873067743126864,1.589501632462768,1.589501632462768,0.7356858014961565,1.0701671456912025,1.0513703739663545,1.093886219195377,0.49531674471628956,0.4678435664724549,0.5301978104146275,0.49531674471628956,0.4678435664724549,0.5301978104146275,4.974995007273436,0.1582527767689505,0.14914719976865162,0.16980075638219927,0.7569621880976479,1.0400873209945911,1.0270764299137296,1.061657254886971
ratio,ideal,nv_charge_readout_master_v1_4,thin_all_counts,1,ratio1.88,1.88,5.437,1.0,37.08393963371723,0.9249776330930897,1.8800000000000001,9.58672638322416,0.34722222222222227,9.422120008455401,636.7993609310438,0.0,0.1,off,2.0,mean,0.017515856866034296,0.59,0.910995346746306,1.589501632462768,1.589501632462768,0.8286031300403592,1.0994350778061068,1.0747346080488152,1.1187375944853182,0.5731326902349972,0.5397224523208503,0.6065885992704392,0.5731326902349972,0.5397224523208503,0.6065885992704392,4.974995007273436,0.18311482632935955,0.1718220397477247,0.19454010815314204,0.8569129507490703,1.063113057108029,1.0429049485100015,1.0878441171664537
ratio,ideal,nv_charge_readout_master_v1_4,thin_all_counts,1,ratio1.88,1.88,5.437,1.0,37.08393963371723,0.9249776330930897,1.8800000000000001,9.58672638322416,0.34722222222222227,9.422120008455401,636.7993609310438,0.0,0.1,off,2.0,mean,0.017515856866034296,0.6,1.0222443546869773,1.589501632462768,1.589501632462768,0.9332559439320203,1.0953526321836522,1.0773427748083855,1.1102183063539273,0.6431225572905613,0.6125981352079313,0.6737077893454818,0.6431225572905613,0.6125981352079313,0.6737077893454818,4.974995007273436,0.2054764584069848,0.1949096582014007,0.21597084725412097,0.9568637134004927,1.0683280600683827,1.0527540968151703,1.0919498644023944
ratio,ideal,nv_charge_readout_master_v1_4,thin_all_counts,1,ratio1.88,1.88,5.437,1.0,37.08393963371723,0.9249776330930897,1.8800000000000001,9.58672638322416,0.34722222222222227,9.422120008455401,636.7993609310438,0.0,0.1,off,2.0,mean,0.017515856866034296,0.61,1.1258445929086214,1.589501632462768,1.589501632462768,1.0508398886218766,1.071375958506019,1.065412315959762,1.090002060324293,0.7083003690686633,0.681414853003588,0.7410085819103867,0.7083003690686633,0.681414853003588,0.7410085819103867,4.974995007273436,0.2263006477921361,0.2167945511714466,0.2376251019041015,1.0568144760519151,1.0653190492948124,1.05463237805806,1.0847190898644052
ratio,ideal,nv_charge_readout_master_v1_4,thin_all_counts,1,ratio1.88,1.88,5.437,1.0,37.08393963371723,0.9249776330930897,1.8800000000000001,9.58672638322416,0.34722222222222227,9.422120008455401,636.7993609310438,0.0,0.1,off,2.0,mean,0.017515856866034296,0.62,1.2362257411554343,1.589501632462768,1.589501632462768,1.1379932813895435,1.0863207730417743,1.0733341437421031,1.0992202398160378,0.7777442412814831,0.744966482254053,0.815055592717181,0.7777442412814831,0.744966482254053,0.815055592717181,4.974995007273436,0.24848783553512596,0.23700065319794114,0.26141101533325817,1.1567652387033376,1.0686919867519247,1.0609699609093644,1.0853413126034401
ratio,ideal,nv_charge_readout_master_v1_4,thin_all_counts,1,ratio1.88,1.88,5.437,1.0,37.08393963371723,0.9249776330930897,1.8800000000000001,9.58672638322416,0.34722222222222227,9.422120008455401,636.7993609310438,0.0,0.1,off,2.0,mean,0.017515856866034296,0.63,1.3541419671904633,1.589501632462768,1.589501632462768,1.2323749055492226,1.0988068331259746,1.0834885108455772,1.1120547417881597,0.8519286419935038,0.816379572698748,0.8871992997896277,0.8519286419935038,0.816379572698748,0.8871992997896277,4.974995007273436,0.2721896132982464,0.2598170435988824,0.2841005203879022,1.2573359184108248,1.076992987603499,1.068449129680126,1.088746572127529
ratio,ideal,nv_charge_readout_master_v1_4,thin_all_counts,1,ratio1.88,1.88,5.437,1.0,37.08393963371723,0.9249776330930897,1.8800000000000001,9.58672638322416,0.34722222222222227,9.422120008455401,636.7993609310438,0.0,0.1,off,2.0,mean,0.017515856866034296,0.64,1.469702778033204,1.589501632462768,1.589501632462768,1.334584248136327,1.1012439117916777,1.0897934708745562,1.1127464774308982,0.9246311850312804,0.8884833000712142,0.9606864174185413,0.9246311850312804,0.8884833000712142,0.9606864174185413,4.974995007273436,0.295417940296322,0.2829847278100187,0.30803032141028774,1.3581132371370004,1.0821651227930318,1.0690640414170505,1.0884832638702453
ratio,ideal,nv_charge_readout_master_v1_4,thin_all_counts,1,ratio1.88,1.88,5.437,1.0,37.08393963371723,0.9249776330930897,1.8800000000000001,9.58672638322416,0.34722222222222227,9.422120008455401,636.7993609310438,0.0,0.1,off,2.0,mean,0.017515856866034296,0.65,1.5930631995111935,1.589501632462768,1.589501632462768,1.445270515776877,1.1022595300471298,1.0068962227194254,1.1112605967051479,1.0022406815920706,0.9641002169590251,1.0390904295177041,1.0022406815920706,0.9641002169590251,1.0390904295177041,4.974995007273436,0.3202140297994545,0.30694752288063726,0.33315208881633207,1.4853621522567195,1.07250827489501,1.0610116064976647,1.0863645924314864
ratio,ideal,nv_charge_readout_master_v1_4,thin_all_counts,1,ratio1.88,1.88,5.437,1.0,37.08393963371723,0.9249776330930897,1.8800000000000001,9.58672638322416,0.34722222222222227,9.422120008455401,636.7993609310438,0.0,0.1,off,2.0,mean,0.017515856866034296,0.66,1.728013246506561,1.589501632462768,1.589501632462768,1.589501632462768,1.0871415361991064,1.0440668577880021,1.1064089464047653,1.0871415361991064,0.994154168236206,1.0999778745645228,1.0871415361991064,0.994154168236206,1.0999778745645228,4.974995007273436,0.3473396946087801,0.33240524213061456,0.3623469857810044,1.6139636306958165,1.0706643034834529,1.0552360218459187,1.0926067933236745
ratio,ideal,nv_charge_readout_master_v1_4,thin_all_counts,1,ratio1.88,1.88,5.437,1.0,37.08393963371723,0.9249776330930897,1.8800000000000001,9.58672638322416,0.34722222222222227,9.422120008455401,636.7993609310438,0.0,0.1,off,2.0,mean,0.017515856866034296,0.67,1.8869195037607032,1.8383153475935992,1.8383153475935992,1.773798134767121,1.0637735302435831,1.0473481217276608,1.1169492472550464,1.0264395095382999,1.0058851738045647,1.0463644200351816,1.0264395095382999,1.0058851738045647,1.0463644200351816,4.974995007273436,0.3792806828955666,0.3612766778399188,0.3966324935542367,1.7425651091349135,1.082840172725284,1.0632383928705518,1.1064318958393653
ratio,ideal,nv_charge_readout_master_v1_4,thin_all_counts,1,ratio1.88,1.88,5.437,1.0,37.08393963371723,0.9249776330930897,1.8800000000000001,9.58672638322416,0.34722222222222227,9.422120008455401,636.7993609310438,0.0,0.1,off,2.0,mean,0.017515856866034296,0.68,2.0438027433940236,1.9408402711639374,1.9408402711639374,1.8396075744659772,1.1109993086364207,1.0857521926838627,1.1276334525686025,1.0530504615757683,1.0333739877853019,1.075254045245348,1.0530504615757683,1.0333739877853019,1.075254045245348,4.974995007273436,0.4108150340665642,0.392892662107535,0.42751929822030926,1.8711665875740104,1.0922612433155072,1.073212422001722,1.1132361490138372
ratio,ideal,nv_charge_readout_master_v1_4,thin_all_counts,1,ratio1.88,1.88,5.437,1.0,37.08393963371723,0.9249776330930897,1.8800000000000001,9.58672638322416,0.34722222222222227,9.422120008455401,636.7993609310438,0.0,0.1,off,2.0,mean,0.017515856866034296,0.69,2.2055971349344485,2.0490831255380746,2.0490831255380746,1.9475565032606785,1.1324945547108636,1.1212243850226578,1.1443262900109192,1.076382459767353,1.05505034667736,1.095238989828518,1.076382459767353,1.05505034667736,1.095238989828518,4.974995007273436,0.4433365524407298,0.4236594443947946,0.45934715573988505,1.999768066013106,1.1029264705340052,1.0842102348827949,1.1229442610962508
ratio,ideal,nv_charge_readout_master_v1_4,thin_all_counts,1,ratio1.88,1.88,5.437,1.0,37.08393963371723,0.9249776330930897,1.8800000000000001,9.58672638322416,0.34722222222222227,9.422120008455401,636.7993609310438,0.0,0.1,off,2.0,mean,0.017515856866034296,0.7,2.3667472371100744,2.163362806176145,2.163362806176145,2.0755195694859054,1.1403155488899122,1.1288903716752636,1.1536871317050883,1.0940130940373436,1.0743042110399197,1.1143639254940196,1.0940130940373436,1.0743042110399197,1.1143639254940196,4.974995007273436,0.47572856528496876,0.45585210752304495,0.4939545542640071,2.128369544452203,1.1120001426816246,1.0957266254274725,1.1291561546055824
ratio,ideal,nv_charge_readout_master_v1_4,thin_all_counts,1,ratio1.88,1.88,5.437,1.0,37.08393963371723,0.9249776330930897,1.8800000000000001,9.58672638322416,0.34722222222222227,9.422120008455401,636.7993609310438,0.0,0.1,off,2.0,mean,0.017515856866034296,0.71,2.5402587317663463,2.2840159936983304,2.2840159936983304,2.2118903744803786,1.1484559818490592,1.1345078158524482,1.1631582343153513,1.1121895550534662,1.0896592616199585,1.1330519185504015,1.1121895550534662,1.0896592616199585,1.1330519185504015,4.974995007273436,0.5106052826289256,0.48989673246473203,0.529339807565181,2.2569710228913005,1.1255167682711935,1.1100298876946113,1.1399282913945343
ratio,ideal,nv_charge_readout_master_v1_4,thin_all_counts,1,ratio1.88,1.88,5.437,1.0,37.08393963371723,0.9249776330930897,1.8800000000000001,9.58672638322416,0.34722222222222227,9.422120008455401,636.7993609310438,0.0,0.1,off,2.0,mean,0.017515856866034296,0.72,2.7273988197865906,2.4113981457833273,2.4113981457833273,2.3572213438251435,1.1570397607891787,1.144319480476974,1.1698239672611712,1.1310445869570878,1.1077738620573547,1.1530536651883345,1.1310445869570878,1.1077738620573547,1.1530536651883345,4.974995007273436,0.5482214184736139,0.5267695014360325,0.567204770437336,2.3855725013303974,1.1432890085149632,1.1314550975819024,1.1523050032017004
ratio,ideal,nv_charge_readout_master_v1_4,thin_all_counts,1,ratio1.88,1.88,5.437,1.0,37.08393963371723,0.9249776330930897,1.8800000000000001,9.58672638322416,0.34722222222222227,9.422120008455401,636.7993609310438,0.0,0.1,off,2.0,mean,0.017515856866034296,0.73,2.913787476915073,2.5458845443861127,2.5458845443861127,2.51210119990244,1.1599005155637174,1.1505230393384367,1.1708359688155878,1.1445088833035326,1.1241931885377054,1.1639634890575412,1.1445088833035326,1.1241931885377054,1.1639634890575412,4.974995007273436,0.5856865127814439,0.5631950624383611,0.6067756811127397,2.530998595640448,1.1512402582656367,1.142333731885586,1.1604465029648738
ratio,ideal,nv_charge_readout_master_v1_4,thin_all_counts,1,ratio1.88,1.88,5.437,1.0,37.08393963371723,0.9249776330930897,1.8800000000000001,9.58672638322416,0.34722222222222227,9.422120008455401,636.7993609310438,0.0,0.1,off,2.0,mean,0.017515856866034296,0.74,3.105415996841592,2.6878714013602267,2.6878714013602267,2.652173164881996,1.170894886488214,1.1619570014760527,1.1816286826083875,1.1553439629850084,1.135723100223095,1.1784620323570372,1.1553439629850084,1.135723100223095,1.1784620323570372,4.974995007273436,0.6242048468996407,0.6016970092738423,0.6496251811923038,2.7006635433239072,1.1498714841833004,1.137355159104666,1.1673154198579705
ratio,ideal,nv_charge_readout_master_v1_4,thin_all_counts,1,ratio1.88,1.88,5.437,1.0,37.08393963371723,0.9249776330930897,1.8800000000000001,9.58672638322416,0.34722222222222227,9.422120008455401,636.7993609310438,0.0,0.1,off,2.0,mean,0.017515856866034296,0.75,3.3357201304119592,2.837777025741859,2.837777025741859,2.7996068376962433,1.1914959220334225,1.1810634787287315,1.2010486161666614,1.1754694255937628,1.151475560593052,1.1966097470783421,1.1754694255937628,1.151475560593052,1.1966097470783421,4.974995007273436,0.6704971815117685,0.6423688610229078,0.6974097932431991,2.8703284910073665,1.1621388077575956,1.1459103693637134,1.18281090697711
ratio,ideal,nv_charge_readout_master_v1_4,thin_all_counts,1,ratio1.88,1.88,5.437,1.0,37.08393963371723,0.9249776330930897,1.8800000000000001,9.58672638322416,0.34722222222222227,9.422120008455401,636.7993609310438,0.0,0.1,off,2.0,mean,0.017515856866034296,0.76,3.5905918191877264,2.9960430561346847,2.9960430561346847,3.3169688376895627,1.0824918758322601,1.062710056533177,1.209244524695215,1.1984446658186858,1.1766855040999977,1.2138026994654323,1.1984446658186858,1.1766855040999977,1.2138026994654323,4.974995007273436,0.7217277231310355,0.6926337697266228,0.7486793495999194,3.0399934386908254,1.181118279233529,1.1615836557082615,1.1995008701117866
ratio,ideal,nv_charge_readout_master_v1_4,thin_all_counts,1,ratio1.88,1.88,5.437,1.0,37.08393963371723,0.9249776330930897,1.8800000000000001,9.58672638322416,0.34722222222222227,9.422120008455401,636.7993609310438,0.0,0.1,off,2.0,mean,0.017515856866034296,0.77,3.831181526388069,3.1631357618261986,3.1631357618261986,3.3169688376895627,1.1550248777907366,1.1169866950021827,1.192112773267985,1.211197310157874,1.198126037604456,1.2201836430249373,1.211197310157874,1.198126037604456,1.2201836430249373,4.974995007273436,0.7700875118039088,0.742441934812189,0.7973071813866194,3.2096583863742847,1.1936415235503843,1.1763679057831302,1.212492714091957
ratio,ideal,nv_charge_readout_master_v1_4,thin_all_counts,1,ratio1.88,1.88,5.437,1.0,37.08393963371723,0.9249776330930897,1.8800000000000001,9.58672638322416,0.34722222222222227,9.422120008455401,636.7993609310438,0.0,0.1,off,2.0,mean,0.017515856866034296,0.78,4.08418676059463,4.0932476418926775,4.0932476418926775,3.4990722394420275,1.167219903195227,1.1605186980017426,1.2241001289320266,0.9977863833095967,0.9954265975339049,1.2276346460655578,0.9977863833095967,0.9954265975339049,1.2276346460655578,4.974995007273436,0.8209428862990926,0.7933698354075683,0.8488408405461287,3.3793233340577435,1.2085812326488798,1.191642233611987,1.2239087088544838
ratio,ideal,nv_charge_readout_master_v1_4,thin_all_counts,1,ratio1.88,1.88,5.437,1.0,37.08393963371723,0.9249776330930897,1.8800000000000001,9.58672638322416,0.34722222222222227,9.422120008455401,636.7993609310438,0.0,0.1,off,2.0,mean,0.017515856866034296,0.79,4.335146990409843,4.277285884349595,4.277285884349595,3.5412447183919915,1.2241873508189365,1.1367034474420883,1.2386515059194136,1.0135275283496852,1.0030790977488377,1.0262868432763168,1.0135275283496852,1.0030790977488377,1.0262868432763168,4.974995007273436,0.8713872042226904,0.8427876045292719,0.9006208018671679,3.548988281741203,1.221516287532777,1.2074439494768765,1.2348492169783543
ratio,ideal,nv_charge_readout_master_v1_4,thin_all_counts,1,ratio1.88,1.88,5.437,1.0,37.08393963371723,0.9249776330930897,1.8800000000000001,9.58672638322416,0.34722222222222227,9.422120008455401,636.7993609310438,0.0,0.1,off,2.0,mean,0.017515856866034296,0.8,4.605834029960125,4.469598748244022,4.469598748244022,3.882996076801317,1.1861546957199753,1.1515228917073033,1.231482771667947,1.0304804277497228,1.0140722104634616,1.0497390618262803,1.0304804277497228,1.0140722104634616,1.0497390618262803,4.974995007273436,0.9257967140120547,0.8949186159082206,0.959904848467212,3.718653229424662,1.2385758353361505,1.2241062222467116,1.2543476033630732
ratio,ideal,nv_charge_readout_master_v1_4,thin_all_counts,1,ratio1.88,1.88,5.437,1.0,37.08393963371723,0.9249776330930897,1.8800000000000001,9.58672638322416,0.34722222222222227,9.422120008455401,636.7993609310438,0.0,0.1,off,2.0,mean,0.017515856866034296,0.81,4.932944766185199,4.670558272338225,4.670558272338225,4.083506335385232,1.2080169249253367,1.1973627558521376,1.2686718037393006,1.0561788288567087,1.0339504138329765,1.0766520247774378,1.0561788288567087,1.0339504138329765,1.0766520247774378,4.974995007273436,0.9915476817510852,0.9532833576205545,1.0089432127641482,3.9208095294906586,1.2581444543739475,1.2446304355383555,1.2715108535789865
ratio,ideal,nv_charge_readout_master_v1_4,thin_all_counts,1,ratio1.88,1.88,5.437,1.0,37.08393963371723,0.9249776330930897,1.8800000000000001,9.58672638322416,0.34722222222222227,9.422120008455401,636.7993609310438,0.0,0.1,off,2.0,mean,0.017515856866034296,0.82,5.296730174285651,4.880553222786981,4.880553222786981,4.356150255756319,1.2159199897401216,1.1985711362730018,1.249882664720985,1.085272495248196,1.0577614458008635,1.1100265934865994,1.085272495248196,1.0577614458008635,1.1100265934865994,5.248499063672204,1.0091895054239948,0.9968570262305415,1.0231259586261474,4.1900224504312495,1.2641293064528798,1.2466946021444014,1.2812267026806972
ratio,ideal,nv_charge_readout_master_v1_4,thin_all_counts,1,ratio1.88,1.88,5.437,1.0,37.08393963371723,0.9249776330930897,1.8800000000000001,9.58672638322416,0.34722222222222227,9.422120008455401,636.7993609310438,0.0,0.1,off,2.0,mean,0.017515856866034296,0.83,5.720285344025497,5.099989845224963,5.099989845224963,4.447561140097846,1.2861622727236193,1.2429747233295436,1.3090765856319209,1.12162681056734,1.0901167592027758,1.1467937369997212,1.12162681056734,1.0901167592027758,1.1467937369997212,5.596623527336847,1.0220957897354754,1.0042206565071468,1.0402554630554104,4.459235371371843,1.2827951134289874,1.261505505787886,1.3052231535044518
ratio,ideal,nv_charge_readout_master_v1_4,thin_all_counts,1,ratio1.88,1.88,5.437,1.0,37.08393963371723,0.9249776330930897,1.8800000000000001,9.58672638322416,0.34722222222222227,9.422120008455401,636.7993609310438,0.0,0.1,off,2.0,mean,0.017515856866034296,0.84,6.147600316599199,5.3292926506690375,5.3292926506690375,4.746953911988562,1.2950621452366045,1.2548279402949956,1.32622194195257,1.153549020399064,1.123774696097656,1.1781184642334948,1.153549020399064,1.123774696097656,1.1781184642334948,5.967838524262823,1.0301217587583071,1.0107754393118067,1.048915716333965,4.728448292312437,1.3001306002635231,1.2767896210922054,1.31585664259041
ratio,ideal,nv_charge_readout_master_v1_4,thin_all_counts,1,ratio1.88,1.88,5.437,1.0,37.08393963371723,0.9249776330930897,1.8800000000000001,9.58672638322416,0.34722222222222227,9.422120008455401,636.7993609310438,0.0,0.1,off,2.0,mean,0.017515856866034296,0.85,6.5931076525208345,5.568905236755862,5.568905236755862,5.100694628606357,1.2925901534164659,1.2467308291369064,1.3396203704150684,1.1839144988506962,1.155689107336153,1.2188838054122613,1.1839144988506962,1.155689107336153,1.2188838054122613,6.363675612217373,1.0360533839693185,1.0176195644977266,1.0609899522152344,4.99766121325303,1.3192386140614984,1.2997941701332723,1.3412866671282047
ratio,ideal,nv_charge_readout_master_v1_4,thin_all_counts,1,ratio1.88,1.88,5.437,1.0,37.08393963371723,0.9249776330930897,1.8800000000000001,9.58672638322416,0.34722222222222227,9.422120008455401,636.7993609310438,0.0,0.1,off,2.0,mean,0.017515856866034296,0.86,7.1633812393236465,5.819291145903489,5.819291145903489,5.604457775508818,1.2781577676661675,1.246834454554407,1.3337796028265523,1.2309714464735682,1.1968980166609395,1.2684765356853342,1.2309714464735682,1.1968980166609395,1.2684765356853342,6.785767934720128,1.0556478365066713,1.0285939863020357,1.08193850896049,5.304626629724803,1.3504025333627059,1.3287830916439858,1.3644075461963254
ratio,ideal,nv_charge_readout_master_v1_4,thin_all_counts,1,ratio1.88,1.88,5.437,1.0,37.08393963371723,0.9249776330930897,1.8800000000000001,9.58672638322416,0.34722222222222227,9.422120008455401,636.7993609310438,0.0,0.1,off,2.0,mean,0.017515856866034296,0.87,7.91057861937897,6.080934762057135,6.080934762057135,5.6656811730872985,1.3962272810117198,1.3254714010481614,1.4095124114209265,1.300882007275947,1.2469191405288678,1.3608262945523237,1.300882007275947,1.2469191405288678,1.3608262945523237,7.235856959061947,1.0932469594319472,1.0519731361093752,1.1360760946966186,5.832713805736335,1.3562432313409762,1.328173782126533,1.385882095383606
ratio,ideal,nv_charge_readout_master_v1_4,thin_all_counts,1,ratio1.88,1.88,5.437,1.0,37.08393963371723,0.9249776330930897,1.8800000000000001,9.58672638322416,0.34722222222222227,9.422120008455401,636.7993609310438,0.0,0.1,off,2.0,mean,0.017515856866034296,0.88,8.900231020985688,6.35434224775392,6.35434224775392,6.309561581507938,1.4105942078559757,1.3412945775345066,1.442840243424988,1.4006533916443777,0.778515382823114,1.4400647984962247,1.4006533916443777,0.9817615174274393,1.4400647984962247,7.715799661245659,1.1535072723167117,1.1131769654348498,1.1910332506206338,6.360800981747866,1.3992311733262277,1.362777657921741,1.4381544329098996
ratio,ideal,nv_charge_readout_master_v1_4,thin_all_counts,1,ratio1.88,1.88,5.437,1.0,37.08393963371723,0.9249776330930897,1.8800000000000001,9.58672638322416,0.34722222222222227,9.422120008455401,636.7993609310438,0.0,0.1,off,2.0,mean,0.017515856866034296,0.89,10.263748173242876,12.41791634052039,10.519799782860424,6.996396708200901,1.4670048885610094,1.359187318376604,1.5792927812232769,0.826527405386978,0.7799491779061618,0.9112928906645017,0.9756600301429001,0.9572766800520416,1.013306050254013,8.24508526816282,1.2448322654557407,1.1829092657198055,1.329732498010785,6.888888157759399,1.489899086499489,1.4149372640787656,1.582580964937514
ratio,ideal,nv_charge_readout_master_v1_4,thin_all_counts,1,ratio1.88,1.88,5.437,1.0,37.08393963371723,0.9249776330930897,1.8800000000000001,9.58672638322416,0.34722222222222227,9.422120008455401,636.7993609310438,0.0,0.1,off,2.0,mean,0.017515856866034296,0.9,14.734615153693262,13.054298937250667,12.254629286981384,7.880575387007843,1.8697384937126797,1.496179298602957,2.006158325113704,1.1287174611612258,0.8829419282222345,1.2084529429978799,1.2023713495231123,0.9889073529600598,1.2878428574843455,8.909588814814864,1.6537929482438678,1.3144681046442594,1.7710779180954066,7.724331276167177,1.9075586774942925,1.554006835647265,2.037456781876286
ratio,ideal,nv_charge_readout_master_v1_4,thin_all_counts,1,ratio1.88,1.88,5.437,1.0,37.08393963371723,0.9249776330930897,1.8800000000000001,9.58672638322416,0.34722222222222227,9.422120008455401,636.7993609310438,0.0,0.1,off,2.0,mean,0.017515856866034296,0.91,16.61392778175032,13.723294316859805,13.167162189215894,9.98233008615173,1.6643336413808296,1.4468859294944978,1.990553611217935,1.2106369941610315,1.1852739710247784,1.2366838591111673,1.2617698136472701,1.2315463097585422,1.2967225321265947,10.041389877685845,1.654544638155131,1.5912307681449254,1.7349074645117404,8.666056355964315,1.917126672078006,1.84850142302957,1.9902255409709073
ratio,ideal,nv_charge_readout_master_v1_4,thin_all_counts,1,ratio1.88,1.88,5.437,1.0,37.08393963371723,0.9249776330930897,1.8800000000000001,9.58672638322416,0.34722222222222227,9.422120008455401,636.7993609310438,0.0,0.1,off,2.0,mean,0.017515856866034296,0.92,18.175794194603995,14.426573790933892,14.14764625326525,11.827872989088005,1.5366916952331469,1.4844230761283606,1.6197462424051856,1.2598829394978197,1.2185520947702513,1.3207364032838733,1.2847221275700935,1.2441118759186442,1.3419264765981314,11.325169950287261,1.604902555492597,1.5421132809924238,1.686891577447269,9.607781435761451,1.8917784835270348,1.7992700775843418,1.9815252740478855
ratio,ideal,nv_charge_readout_master_v1_4,thin_all_counts,1,ratio1.88,1.88,5.437,1.0,37.08393963371723,0.9249776330930897,1.8800000000000001,9.58672638322416,0.34722222222222227,9.422120008455401,636.7993609310438,0.0,0.1,off,2.0,mean,0.017515856866034296,0.93,21.900196786303198,15.165894320984332,15.201141417659523,16.728298826744098,1.3091705865088095,1.2792000982673781,1.7943554407815518,1.4440425551430178,1.341033381004583,1.4714516501367725,1.440694233714662,0.8596104016102596,1.469281867102394,13.029537498859973,1.680811524447385,1.585037898122668,1.7960104262624597,11.290515168032002,1.9396986284834443,1.8263811529448035,2.0655936125285397
ratio,ideal,nv_charge_readout_master_v1_4,thin_all_counts,1,ratio1.88,1.88,5.437,1.0,37.08393963371723,0.9249776330930897,1.8800000000000001,9.58672638322416,0.34722222222222227,9.422120008455401,636.7993609310438,0.0,0.1,off,2.0,mean,0.017515856866034296,0.94,nan,nan,nan,nan,nan,nan,nan,nan,nan,nan,nan,nan,nan,nan,nan,nan,nan,nan,nan,nan,nan
ratio,ideal,nv_charge_readout_master_v1_4,thin_all_counts,1,ratio1.88,1.88,5.437,1.0,37.08393963371723,0.9249776330930897,1.8800000000000001,9.58672638322416,0.34722222222222227,9.422120008455401,636.7993609310438,0.0,0.1,off,2.0,mean,0.017515856866034296,0.95,nan,nan,nan,nan,nan,nan,nan,nan,nan,nan,nan,nan,nan,nan,nan,nan,nan,nan,nan,nan,nan
ratio,ideal,nv_charge_readout_master_v1_4,thin_all_counts,1,ratio1.88,1.88,5.437,1.0,37.08393963371723,0.9249776330930897,1.8800000000000001,9.58672638322416,0.34722222222222227,9.422120008455401,636.7993609310438,0.0,0.1,off,2.0,mean,0.017515856866034296,0.96,nan,nan,nan,nan,nan,nan,nan,nan,nan,nan,nan,nan,nan,nan,nan,nan,nan,nan,nan,nan,nan
ratio,ideal,nv_charge_readout_master_v1_4,thin_all_counts,1,ratio1.88,1.88,5.437,1.0,37.08393963371723,0.9249776330930897,1.8800000000000001,9.58672638322416,0.34722222222222227,9.422120008455401,636.7993609310438,0.0,0.1,off,2.0,mean,0.017515856866034296,0.97,nan,nan,nan,nan,nan,nan,nan,nan,nan,nan,nan,nan,nan,nan,nan,nan,nan,nan,nan,nan,nan
ratio,ideal,nv_charge_readout_master_v1_4,thin_all_counts,1,ratio1.88,1.88,5.437,1.0,37.08393963371723,0.9249776330930897,1.8800000000000001,9.58672638322416,0.34722222222222227,9.422120008455401,636.7993609310438,0.0,0.1,off,2.0,mean,0.017515856866034296,0.98,nan,nan,nan,nan,nan,nan,nan,nan,nan,nan,nan,nan,nan,nan,nan,nan,nan,nan,nan,nan,nan
ratio,ideal,nv_charge_readout_master_v1_4,thin_all_counts,1,ratio1.88,1.88,5.437,1.0,37.08393963371723,0.9249776330930897,1.8800000000000001,9.58672638322416,0.34722222222222227,9.422120008455401,636.7993609310438,0.0,0.1,off,2.0,mean,0.017515856866034296,0.99,nan,nan,nan,nan,nan,nan,nan,nan,nan,nan,nan,nan,nan,nan,nan,nan,nan,nan,nan,nan,nan
ratio,ideal,nv_charge_readout_master_v1_4,thin_all_counts,2,ratio7.07,7.07,5.437,1.0,27.631556387852836,0.9249776330930897,7.07,12.706558997565994,0.12391573729863692,9.422120008455401,636.7993609310438,0.0,0.1,off,2.0,mean,0.02450589957534799,0.55,0.4748031061520918,1.588881489008173,1.588881489008173,0.4597179549799968,1.0328139264709628,1.0196869370002548,1.052738640607241,0.2988285214704578,0.2827679211713548,0.31779154250827607,0.2988285214704578,0.2827679211713548,0.31779154250827607,4.974995007273436,0.09543790605979108,0.09018723934072849,0.10182256793836277,0.46365201998118066,1.0240505501763235,1.0069911565146354,1.0676794609422857
ratio,ideal,nv_charge_readout_master_v1_4,thin_all_counts,2,ratio7.07,7.07,5.437,1.0,27.631556387852836,0.9249776330930897,7.07,12.706558997565994,0.12391573729863692,9.422120008455401,636.7993609310438,0.0,0.1,off,2.0,mean,0.02450589957534799,0.56,0.578546469510112,1.588881489008173,1.588881489008173,0.5470164946315511,1.0576398978604808,1.0286356755301505,1.082244483411754,0.36412185144863,0.33884003290513515,0.3918031613828924,0.36412185144863,0.33884003290513515,0.3918031613828924,4.974995007273436,0.11629086434544715,0.10813563905088047,0.12568754881041788,0.5576109970319651,1.0375449418852598,1.0154144783434962,1.079582582606323
ratio,ideal,nv_charge_readout_master_v1_4,thin_all_counts,2,ratio7.07,7.07,5.437,1.0,27.631556387852836,0.9249776330930897,7.07,12.706558997565994,0.12391573729863692,9.422120008455401,636.7993609310438,0.0,0.1,off,2.0,mean,0.02450589957534799,0.57,0.6797892713712731,1.588881489008173,1.588881489008173,0.650892666160949,1.044395346134041,1.0322158782146293,1.0666367358641566,0.4278413941341954,0.40832641502912465,0.44891875048975777,0.4278413941341954,0.40832641502912465,0.44891875048975777,4.974995007273436,0.13664119670018204,0.13005344117806733,0.1438439958665791,0.6515699740827485,1.0433096956750507,1.0291804599736425,1.0688843974241244
ratio,ideal,nv_charge_readout_master_v1_4,thin_all_counts,2,ratio7.07,7.07,5.437,1.0,27.631556387852836,0.9249776330930897,7.07,12.706558997565994,0.12391573729863692,9.422120008455401,636.7993609310438,0.0,0.1,off,2.0,mean,0.02450589957534799,0.58,0.7754857246230173,1.588881489008173,1.588881489008173,0.7328225501604136,1.0582176059583113,1.0412073268868673,1.081264546223248,0.48807021164750214,0.463858898995347,0.5141234389856615,0.48807021164750214,0.463858898995347,0.5141234389856615,4.974995007273436,0.1558766839945082,0.1477350586016065,0.1646142384860845,0.745528951133533,1.040181905000385,1.0281519366649103,1.057883042806778
ratio,ideal,nv_charge_readout_master_v1_4,thin_all_counts,2,ratio7.07,7.07,5.437,1.0,27.631556387852836,0.9249776330930897,7.07,12.706558997565994,0.12391573729863692,9.422120008455401,636.7993609310438,0.0,0.1,off,2.0,mean,0.02450589957534799,0.59,0.8793191533590861,1.588881489008173,1.588881489008173,0.82129975913285,1.0706433839545921,1.051383234574964,1.0904801568123483,0.5534202263933373,0.5276368319308392,0.583806514270533,0.5534202263933373,0.5276368319308392,0.583806514270533,4.974995007273436,0.17674774589190997,0.168003672678954,0.18706579688021316,0.8417636796224136,1.0446152223549472,1.0352470786559733,1.0619535578762294
ratio,ideal,nv_charge_readout_master_v1_4,thin_all_counts,2,ratio7.07,7.07,5.437,1.0,27.631556387852836,0.9249776330930897,7.07,12.706558997565994,0.12391573729863692,9.422120008455401,636.7993609310438,0.0,0.1,off,2.0,mean,0.02450589957534799,0.6,0.992830158846153,1.588881489008173,1.588881489008173,0.9204592492466604,1.0786247839420633,1.058591692414374,1.095335841378895,0.6248610520762672,0.5921886624105004,0.6601922504491136,0.6248610520762672,0.5921886624105004,0.6601922504491136,4.974995007273436,0.19956405129947602,0.18870938185959252,0.21141465811326732,0.9421483077925284,1.0537939203779638,1.0435485115230623,1.0693746952055094
ratio,ideal,nv_charge_readout_master_v1_4,thin_all_counts,2,ratio7.07,7.07,5.437,1.0,27.631556387852836,0.9249776330930897,7.07,12.706558997565994,0.12391573729863692,9.422120008455401,636.7993609310438,0.0,0.1,off,2.0,mean,0.02450589957534799,0.61,1.1094899654269417,1.588881489008173,1.588881489008173,1.0315907439425887,1.0755136879055678,1.0658551190664993,1.088392870118931,0.6982836499149588,0.6679708921622354,0.7345203901360923,0.6982836499149588,0.6679708921622354,0.7345203901360923,4.974995007273436,0.22301328218518188,0.21275085249125983,0.23534676119933837,1.0450668369517846,1.0616449840309394,1.0550537375964673,1.0749107154205002
ratio,ideal,nv_charge_readout_master_v1_4,thin_all_counts,2,ratio7.07,7.07,5.437,1.0,27.631556387852836,0.9249776330930897,7.07,12.706558997565994,0.12391573729863692,9.422120008455401,636.7993609310438,0.0,0.1,off,2.0,mean,0.02450589957534799,0.62,1.2310920040622881,1.588881489008173,1.588881489008173,1.131564488209998,1.0879556727780764,1.074008170345021,1.0998335143083335,0.7748167579388016,0.7394876153035072,0.8198501150606211,0.7748167579388016,0.7394876153035072,0.8198501150606211,4.974995007273436,0.24745592754614493,0.23536139426665406,0.2628555209482092,1.150897461277666,1.0696800066754812,1.058716241425478,1.0804052737344405
ratio,ideal,nv_charge_readout_master_v1_4,thin_all_counts,2,ratio7.07,7.07,5.437,1.0,27.631556387852836,0.9249776330930897,7.07,12.706558997565994,0.12391573729863692,9.422120008455401,636.7993609310438,0.0,0.1,off,2.0,mean,0.02450589957534799,0.63,1.3598633420005917,1.588881489008173,1.588881489008173,1.2364271800302156,1.0998329412067434,1.0827255391247668,1.1157791495102214,0.8558620333914637,0.8227316581999211,0.8946896003491217,0.8558620333914637,0.8227316581999211,0.8946896003491217,4.974995007273436,0.27333963953983337,0.2617959959246455,0.2870455544415966,1.2639259767660733,1.0759042594250552,1.0666607096832659,1.0864717495702845
ratio,ideal,nv_charge_readout_master_v1_4,thin_all_counts,2,ratio7.07,7.07,5.437,1.0,27.631556387852836,0.9249776330930897,7.07,12.706558997565994,0.12391573729863692,9.422120008455401,636.7993609310438,0.0,0.1,off,2.0,mean,0.02450589957534799,0.64,1.4842715542088825,1.588881489008173,1.588881489008173,1.3510075540951074,1.0986404551994042,1.0847992770032602,1.1121089933218329,0.9341612728683804,0.9008515097788078,0.9773637464034902,0.9341612728683804,0.9008515097788078,0.9773637464034902,4.974995007273436,0.29834634045639835,0.28706029648905557,0.3128347825184669,1.3812344821580969,1.074597813319717,1.0651395510393247,1.085865252199192
ratio,ideal,nv_charge_readout_master_v1_4,thin_all_counts,2,ratio7.07,7.07,5.437,1.0,27.631556387852836,0.9249776330930897,7.07,12.706558997565994,0.12391573729863692,9.422120008455401,636.7993609310438,0.0,0.1,off,2.0,mean,0.02450589957534799,0.65,1.6129640587467564,1.588881489008173,1.588881489008173,1.588881489008173,1.0151569326631253,1.0010853699966735,1.1034953545521127,1.0151569326631253,0.9786488688430339,1.0627073604273451,1.0151569326631253,0.9786488688430339,1.0627073604273451,4.974995007273436,0.3242142065245503,0.3119008665566418,0.34043854396869627,1.5063887516868746,1.0707488733838044,1.0582855607446877,1.0861148154671227
ratio,ideal,nv_charge_readout_master_v1_4,thin_all_counts,2,ratio7.07,7.07,5.437,1.0,27.631556387852836,0.9249776330930897,7.07,12.706558997565994,0.12391573729863692,9.422120008455401,636.7993609310438,0.0,0.1,off,2.0,mean,0.02450589957534799,0.66,1.7493562545713555,1.588881489008173,1.588881489008173,1.588881489008173,1.1009985745779918,1.051058967961135,1.1040606938773847,1.1009985745779918,0.9961095911183971,1.102136846164888,1.1009985745779918,0.9961095911183971,1.102136846164888,4.974995007273436,0.3516297507864428,0.3384136723059874,0.36885892114647734,1.6315430212156523,1.0722097007702078,1.0548447385668724,1.0910673386924759
ratio,ideal,nv_charge_readout_master_v1_4,thin_all_counts,2,ratio7.07,7.07,5.437,1.0,27.631556387852836,0.9249776330930897,7.07,12.706558997565994,0.12391573729863692,9.422120008455401,636.7993609310438,0.0,0.1,off,2.0,mean,0.02450589957534799,0.67,1.8931238843420726,1.8461409521783065,1.8461409521783065,1.777470427947402,1.0650663181655435,1.0479551679463452,1.1117671606224306,1.0254492659990722,1.009939826489716,1.0440919476192072,1.0254492659990722,1.009939826489716,1.0440919476192072,4.974995007273436,0.38052779582177026,0.36697416240408065,0.3983191976026147,1.75669729074443,1.0776608436276631,1.057938365841919,1.0964612428813671
ratio,ideal,nv_charge_readout_master_v1_4,thin_all_counts,2,ratio7.07,7.07,5.437,1.0,27.631556387852836,0.9249776330930897,7.07,12.706558997565994,0.12391573729863692,9.422120008455401,636.7993609310438,0.0,0.1,off,2.0,mean,0.02450589957534799,0.68,2.0439152189357093,1.9441311398062648,1.9441311398062648,1.8400317444932295,1.1108043244648653,1.0875629387467263,1.126642307909663,1.0513257964374707,1.0335268503139259,1.0714351005068419,1.0513257964374707,1.0335268503139259,1.0714351005068419,4.974995007273436,0.4108376422383355,0.39506866779246513,0.4296695247251062,1.8818515602732075,1.0861192572696718,1.0667868849070457,1.1041814658143045
ratio,ideal,nv_charge_readout_master_v1_4,thin_all_counts,2,ratio7.07,7.07,5.437,1.0,27.631556387852836,0.9249776330930897,7.07,12.706558997565994,0.12391573729863692,9.422120008455401,636.7993609310438,0.0,0.1,off,2.0,mean,0.02450589957534799,0.69,2.202573271619782,2.0473224887323522,2.0473224887323522,1.943815856426627,1.1331182757552127,1.1223138636269143,1.1428754981877731,1.0758311324873673,1.0547405630040467,1.093989404388855,1.0758311324873673,1.0547405630040467,1.093989404388855,4.974995007273436,0.4427287401092107,0.42586543747135946,0.46073144464237836,2.007005829801984,1.0974423885141844,1.0784558337579428,1.115264535772009
ratio,ideal,nv_charge_readout_master_v1_4,thin_all_counts,2,ratio7.07,7.07,5.437,1.0,27.631556387852836,0.9249776330930897,7.07,12.706558997565994,0.12391573729863692,9.422120008455401,636.7993609310438,0.0,0.1,off,2.0,mean,0.02450589957534799,0.7,2.3571495379933225,2.1559910682192585,2.1559910682192585,2.0679036170335623,1.1398739857008846,1.1281347998208013,1.1527838220599655,1.093302088649287,1.072830367831592,1.1155950773318417,1.093302088649287,1.072830367831592,1.1155950773318417,4.974995007273436,0.4737993775967962,0.4564129030056802,0.49362356022430975,2.1321600993307617,1.1055218314671493,1.0904168440921949,1.1217673209575048
ratio,ideal,nv_charge_readout_master_v1_4,thin_all_counts,2,ratio7.07,7.07,5.437,1.0,27.631556387852836,0.9249776330930897,7.07,12.706558997565994,0.12391573729863692,9.422120008455401,636.7993609310438,0.0,0.1,off,2.0,mean,0.02450589957534799,0.71,2.5264518431884624,2.2704276008413906,2.2704276008413906,2.1999127927691657,1.148432724921001,1.1317700239577697,1.1628104206144196,1.1127647682983561,1.087825684322965,1.1378803444779144,1.1127647682983561,1.087825684322965,1.1378803444779144,4.974995007273436,0.5078300258582759,0.4881060855731845,0.5322027699277206,2.2573143688595394,1.119229061774368,1.1029282175432338,1.1346615224332879
ratio,ideal,nv_charge_readout_master_v1_4,thin_all_counts,2,ratio7.07,7.07,5.437,1.0,27.631556387852836,0.9249776330930897,7.07,12.706558997565994,0.12391573729863692,9.422120008455401,636.7993609310438,0.0,0.1,off,2.0,mean,0.02450589957534799,0.72,2.7165126647230227,2.390938240259055,2.390938240259055,2.340349064591284,1.1607296987543314,1.1464066972307072,1.1747458133672812,1.1361701523618997,1.1109542010935445,1.1627724012096734,1.1361701523618997,1.1109542010935445,1.1627724012096734,4.974995007273436,0.5460332444055692,0.5240780253856298,0.5719272045875194,2.382468638388317,1.1402092018976915,1.1258781166052048,1.1526273365516824
ratio,ideal,nv_charge_readout_master_v1_4,thin_all_counts,2,ratio7.07,7.07,5.437,1.0,27.631556387852836,0.9249776330930897,7.07,12.706558997565994,0.12391573729863692,9.422120008455401,636.7993609310438,0.0,0.1,off,2.0,mean,0.02450589957534799,0.73,2.9146953107918234,2.5178453902756357,2.5178453902756357,2.48975039471395,1.1706777181279233,1.1592860124846205,1.1802997491027947,1.15761488852687,1.13204390660026,1.1825897845282345,1.15761488852687,1.13204390660026,1.1825897845282345,4.974995007273436,0.5858689921357796,0.5618998595729432,0.611920185223595,2.5257581774462783,1.1539882704601547,1.1446274923057826,1.1627405864398757
ratio,ideal,nv_charge_readout_master_v1_4,thin_all_counts,2,ratio7.07,7.07,5.437,1.0,27.631556387852836,0.9249776330930897,7.07,12.706558997565994,0.12391573729863692,9.422120008455401,636.7993609310438,0.0,0.1,off,2.0,mean,0.02450589957534799,0.74,3.123367029759617,2.6514885673690114,2.6514885673690114,2.647823418003536,1.1795979325972734,1.1720293489186244,1.188913416069225,1.1779673758347884,1.1559529594026816,1.202146865081243,1.1779673758347884,1.1559529594026816,1.202146865081243,4.974995007273436,0.6278130983434674,0.601773257566505,0.6551728448898894,2.7001856321109523,1.1567230758567624,1.143130871153036,1.1731993255599051
ratio,ideal,nv_charge_readout_master_v1_4,thin_all_counts,2,ratio7.07,7.07,5.437,1.0,27.631556387852836,0.9249776330930897,7.07,12.706558997565994,0.12391573729863692,9.422120008455401,636.7993609310438,0.0,0.1,off,2.0,mean,0.02450589957534799,0.75,3.333617730914101,2.7922253090047513,2.7922253090047513,2.8036750785074496,1.1890171427028446,1.1808254689468716,1.1974428814701694,1.1938928137938558,1.1752061517857404,1.2156711276861314,1.1938928137938558,1.1752061517857404,1.2156711276861314,4.974995007273436,0.6700745882237784,0.6418163910293212,0.6988605934275803,2.8746130867756263,1.1596752781270219,1.146416989874299,1.1784968923437635
ratio,ideal,nv_charge_readout_master_v1_4,thin_all_counts,2,ratio7.07,7.07,5.437,1.0,27.631556387852836,0.9249776330930897,7.07,12.706558997565994,0.12391573729863692,9.422120008455401,636.7993609310438,0.0,0.1,off,2.0,mean,0.02450589957534799,0.76,3.555317444684331,2.940432130161104,2.940432130161104,3.3187568714884876,1.071279874469908,1.0576336240199624,1.2049371849801191,1.209113928601215,1.1915448060134903,1.225563483642224,1.209113928601215,1.1915448060134903,1.225563483642224,4.974995007273436,0.7146373894820923,0.6872030588059022,0.74186639955495,3.0490405414403003,1.1660446610542203,1.1501974463392224,1.1832133268846685
ratio,ideal,nv_charge_readout_master_v1_4,thin_all_counts,2,ratio7.07,7.07,5.437,1.0,27.631556387852836,0.9249776330930897,7.07,12.706558997565994,0.12391573729863692,9.422120008455401,636.7993609310438,0.0,0.1,off,2.0,mean,0.02450589957534799,0.77,3.7651994862942164,3.096505530624805,3.096505530624805,3.3187568714884876,1.13452103666922,1.1000814390666334,1.1702992058986181,1.2159511581865265,1.2049523861668054,1.2262678706175236,1.2159511581865265,1.2049523861668054,1.2262678706175236,4.974995007273436,0.7568247768670119,0.7310055640753413,0.7837299731650164,3.223467996104975,1.168058591195518,1.152385334746953,1.1852374287559437
ratio,ideal,nv_charge_readout_master_v1_4,thin_all_counts,2,ratio7.07,7.07,5.437,1.0,27.631556387852836,0.9249776330930897,7.07,12.706558997565994,0.12391573729863692,9.422120008455401,636.7993609310438,0.0,0.1,off,2.0,mean,0.02450589957534799,0.78,3.9851538808015996,3.2608630557525125,3.2608630557525125,3.3187568714884876,1.2007971765085124,1.1657830744238924,1.2238105627577407,1.2221162964115775,0.9996421336303984,1.2278328642570255,1.2221162964115775,0.9996421336303984,1.2278328642570255,4.974995007273436,0.8010367598309768,0.7750473934857322,0.8325244310398169,3.3978954507696484,1.1728300468747304,1.1584986878607164,1.19138664152027
ratio,ideal,nv_charge_readout_master_v1_4,thin_all_counts,2,ratio7.07,7.07,5.437,1.0,27.631556387852836,0.9249776330930897,7.07,12.706558997565994,0.12391573729863692,9.422120008455401,636.7993609310438,0.0,0.1,off,2.0,mean,0.02450589957534799,0.79,4.275947757025123,4.193378180665827,4.193378180665827,3.521803726926433,1.214135735144119,1.1365104121912262,1.2371498585308627,1.0196904673992904,1.0043802590217323,1.0486042069726769,1.0196904673992904,1.0043802590217323,1.0486042069726769,4.974995007273436,0.8594878488870227,0.8209102880415795,0.8985791166013197,3.572322905434323,1.1969656355869804,1.1725384325734411,1.218761085281787
ratio,ideal,nv_charge_readout_master_v1_4,thin_all_counts,2,ratio7.07,7.07,5.437,1.0,27.631556387852836,0.9249776330930897,7.07,12.706558997565994,0.12391573729863692,9.422120008455401,636.7993609310438,0.0,0.1,off,2.0,mean,0.02450589957534799,0.8,4.604610458260131,4.386243827780848,4.386243827780848,3.89703074857902,1.1815689316639642,1.1434536111399867,1.240584411874604,1.0497844258215263,1.0286912199024687,1.0685214141689572,1.0497844258215263,1.0286912199024687,1.0685214141689572,4.974995007273436,0.9255507697049338,0.8889236718653465,0.9624943076710873,3.7467503600989964,1.2289611038132973,1.2087705903470487,1.2404057556157109
ratio,ideal,nv_charge_readout_master_v1_4,thin_all_counts,2,ratio7.07,7.07,5.437,1.0,27.631556387852836,0.9249776330930897,7.07,12.706558997565994,0.12391573729863692,9.422120008455401,636.7993609310438,0.0,0.1,off,2.0,mean,0.02450589957534799,0.81,4.91907147396742,4.587979926411211,4.587979926411211,4.079098597162581,1.205921199695718,1.1986515890705376,1.2561120891195172,1.0721649948052834,1.0527034056207596,1.093395383374395,1.0721649948052834,1.0527034056207596,1.093395383374395,4.974995007273436,0.988759077501735,0.9533039860538983,0.9989872555784578,3.961634471890931,1.2416772695385736,1.2296387459133145,1.2535364124932153
ratio,ideal,nv_charge_readout_master_v1_4,thin_all_counts,2,ratio7.07,7.07,5.437,1.0,27.631556387852836,0.9249776330930897,7.07,12.706558997565994,0.12391573729863692,9.422120008455401,636.7993609310438,0.0,0.1,off,2.0,mean,0.02450589957534799,0.82,5.266086814844535,4.798994454396739,4.798994454396739,4.296459197337754,1.225680629786406,1.1942302474338178,1.235663195755403,1.0973312982305814,1.0722695571618799,1.1234933678414731,1.0973312982305814,1.0722695571618799,1.1234933678414731,5.2789626167560515,0.9975609219374565,0.9868937876539093,1.0116551912697596,4.2204932109951,1.2477420414101097,1.2326704737486853,1.2638734225751236
ratio,ideal,nv_charge_readout_master_v1_4,thin_all_counts,2,ratio7.07,7.07,5.437,1.0,27.631556387852836,0.9249776330930897,7.07,12.706558997565994,0.12391573729863692,9.422120008455401,636.7993609310438,0.0,0.1,off,2.0,mean,0.02450589957534799,0.83,5.676126152173932,5.019714153663561,5.019714153663561,4.481339795724399,1.2666136492460283,1.2250602829547184,1.3014120211175173,1.130766808311445,1.1038093638482382,1.1578834892954832,1.130766808311445,1.1038093638482382,1.1578834892954832,5.61100179644899,1.0116065469389364,0.995235006206874,1.0292958170439799,4.479351950099272,1.2671757467166958,1.2489460675225,1.28663592742914
ratio,ideal,nv_charge_readout_master_v1_4,thin_all_counts,2,ratio7.07,7.07,5.437,1.0,27.631556387852836,0.9249776330930897,7.07,12.706558997565994,0.12391573729863692,9.422120008455401,636.7993609310438,0.0,0.1,off,2.0,mean,0.02450589957534799,0.84,6.116955200483886,5.250585393238961,5.250585393238961,4.706824779150408,1.2995927164274022,1.2708728101201676,1.3316652889833551,1.1650044218613276,1.1367607639395687,1.192430645913025,1.1650044218613276,1.1367607639395687,1.192430645913025,5.963925764471592,1.0256591785437579,1.0063585490110085,1.0445340260023717,4.738210689203444,1.2909842136024194,1.269064732542933,1.310894405629102
ratio,ideal,nv_charge_readout_master_v1_4,thin_all_counts,2,ratio7.07,7.07,5.437,1.0,27.631556387852836,0.9249776330930897,7.07,12.706558997565994,0.12391573729863692,9.422120008455401,636.7993609310438,0.0,0.1,off,2.0,mean,0.02450589957534799,0.85,6.59116981316691,5.492075071958784,5.492075071958784,5.102230016690907,1.2918213784179151,1.268879843655711,1.3466093427744041,1.2001237650264178,1.170298159188919,1.2351505679808727,1.2001237650264178,1.170298159188919,1.2351505679808727,6.339048144065485,1.0397727960683587,1.0174482843183181,1.0663949224597622,4.997069428307617,1.319007051578864,1.2981936274645953,1.3430087646822362
ratio,ideal,nv_charge_readout_master_v1_4,thin_all_counts,2,ratio7.07,7.07,5.437,1.0,27.631556387852836,0.9249776330930897,7.07,12.706558997565994,0.12391573729863692,9.422120008455401,636.7993609310438,0.0,0.1,off,2.0,mean,0.02450589957534799,0.86,7.1607388556669695,5.744671562692995,5.744671562692995,5.634110710923577,1.2709616873135847,1.2429383095636244,1.3249129216594178,1.2465010014097566,1.2127504180614945,1.2872822554452774,1.2465010014097566,1.2127504180614945,1.2872822554452774,6.737765183490737,1.062776552856521,1.038608483943945,1.091611426914789,5.255928167411788,1.3624118571607458,1.3373547342346224,1.3774397367498126
ratio,ideal,nv_charge_readout_master_v1_4,thin_all_counts,2,ratio7.07,7.07,5.437,1.0,27.631556387852836,0.9249776330930897,7.07,12.706558997565994,0.12391573729863692,9.422120008455401,636.7993609310438,0.0,0.1,off,2.0,mean,0.02450589957534799,0.87,7.84053011564315,6.008885699998903,6.008885699998903,5.7188158346367155,1.371005876453655,1.3090594247161667,1.406162833453442,1.3048226421821574,1.2600986661055325,1.351187496553907,1.3048226421821574,1.2600986661055325,1.351187496553907,7.161560953021053,1.094807426352446,1.0622414342341824,1.1273789752903924,5.7087336147963414,1.373427216032896,1.356195145603137,1.395825621530516
ratio,ideal,nv_charge_readout_master_v1_4,thin_all_counts,2,ratio7.07,7.07,5.437,1.0,27.631556387852836,0.9249776330930897,7.07,12.706558997565994,0.12391573729863692,9.422120008455401,636.7993609310438,0.0,0.1,off,2.0,mean,0.02450589957534799,0.88,8.670989514836208,6.285251813199421,6.285251813199421,6.188741107429155,1.4010910077377912,1.3606249921306788,1.4259654503836856,1.3795771072571172,1.3309029103520642,1.4229410263208326,1.3795771072571172,1.3309029103520642,1.4229410263208326,7.61201286882252,1.1391191350123793,1.102362031109077,1.1681042153575136,6.2125776696231,1.3957152692406103,1.3647663000763806,1.4244845176889145
ratio,ideal,nv_charge_readout_master_v1_4,thin_all_counts,2,ratio7.07,7.07,5.437,1.0,27.631556387852836,0.9249776330930897,7.07,12.706558997565994,0.12391573729863692,9.422120008455401,636.7993609310438,0.0,0.1,off,2.0,mean,0.02450589957534799,0.89,9.685821314781741,12.437257118278803,9.853216938679386,7.055333062104037,1.3728368639046562,1.3382242498573926,1.5017890093136244,0.7787747107476513,0.7643382214071268,1.4474247257528146,0.9830110688783757,0.9699106432856259,1.4474247257528146,8.090797564276391,1.1971404843383944,1.15744733318247,1.2785346751159923,6.716421724449859,1.4421103546137293,1.3972865687303513,1.5413270784644344
ratio,ideal,nv_charge_readout_master_v1_4,thin_all_counts,2,ratio7.07,7.07,5.437,1.0,27.631556387852836,0.9249776330930897,7.07,12.706558997565994,0.12391573729863692,9.422120008455401,636.7993609310438,0.0,0.1,off,2.0,mean,0.02450589957534799,0.9,12.126999684431082,13.041737133098975,11.895301439831808,8.108325566633537,1.4956231819717178,1.417113257991671,1.940277616775942,0.9298607662972783,0.8335074657586296,1.1912022997897087,1.0194781314093837,0.9718509565254632,1.267745976738171,8.835277422992442,1.3725658068044861,1.269749422849036,1.723919836657317,7.220265779276617,1.6795780176455029,1.5208270961536847,2.0950552082316354
ratio,ideal,nv_charge_readout_master_v1_4,thin_all_counts,2,ratio7.07,7.07,5.437,1.0,27.631556387852836,0.9249776330930897,7.07,12.706558997565994,0.12391573729863692,9.422120008455401,636.7993609310438,0.0,0.1,off,2.0,mean,0.02450589957534799,0.91,16.567144631522915,13.675596301605689,12.989898371410474,10.338011613913903,1.6025465292789223,1.5515030835335855,2.0511490058880217,1.2114385556685174,1.1853311513036935,1.227657164534965,1.275386778081776,1.2462913361773578,1.2936051764082825,9.784456328301735,1.6932105449336126,1.6367052344933313,1.7374779400614562,8.254489143554801,2.007046631645125,1.920368876971639,2.0957846058043614
ratio,ideal,nv_charge_readout_master_v1_4,thin_all_counts,2,ratio7.07,7.07,5.437,1.0,27.631556387852836,0.9249776330930897,7.07,12.706558997565994,0.12391573729863692,9.422120008455401,636.7993609310438,0.0,0.1,off,2.0,mean,0.02450589957534799,0.92,17.82777562921242,14.34026251992484,13.875112810496516,11.136352612398225,1.6008630697778519,1.5369114082062623,1.6665517950750148,1.243197298825033,1.2196377651368828,1.2820867119786838,1.2848742833806526,1.2595893791692265,1.329762617944949,10.835606066121569,1.6452956595526722,1.59017328385862,1.717672471620172,9.299997173991523,1.9169657039326615,1.8512267572809422,2.0079151545019585
ratio,ideal,nv_charge_readout_master_v1_4,thin_all_counts,2,ratio7.07,7.07,5.437,1.0,27.631556387852836,0.9249776330930897,7.07,12.706558997565994,0.12391573729863692,9.422120008455401,636.7993609310438,0.0,0.1,off,2.0,mean,0.02450589957534799,0.93,19.93590653320991,15.03723308330007,14.820651401532125,11.842919188416113,1.6833608518337075,1.5160166149501881,1.7455337078405633,1.3257696028766202,1.286495298790044,1.3854636464640762,1.3451437452438144,1.3093158161375902,1.4024948504633985,12.030615802889937,1.657097762894315,1.5383704302022736,1.7367227001715981,10.802481384715097,1.8454932550421326,1.7670048364797248,1.972556067412484
ratio,ideal,nv_charge_readout_master_v1_4,thin_all_counts,2,ratio7.07,7.07,5.437,1.0,27.631556387852836,0.9249776330930897,7.07,12.706558997565994,0.12391573729863692,9.422120008455401,636.7993609310438,0.0,0.1,off,2.0,mean,0.02450589957534799,0.94,nan,nan,28.64313291150102,16.723887783292504,nan,1.3542020410572877,1.7053868817683486,nan,nan,nan,nan,0.8628476292387761,1.4485455330663366,15.699902870215414,nan,1.469064821976293,1.7038451250326487,13.231568285223121,nan,1.731454074572445,2.0522063372034416
ratio,ideal,nv_charge_readout_master_v1_4,thin_all_counts,2,ratio7.07,7.07,5.437,1.0,27.631556387852836,0.9249776330930897,7.07,12.706558997565994,0.12391573729863692,9.422120008455401,636.7993609310438,0.0,0.1,off,2.0,mean,0.02450589957534799,0.95,nan,nan,nan,nan,nan,nan,nan,nan,nan,nan,nan,nan,nan,nan,nan,nan,nan,nan,nan,nan,nan
ratio,ideal,nv_charge_readout_master_v1_4,thin_all_counts,2,ratio7.07,7.07,5.437,1.0,27.631556387852836,0.9249776330930897,7.07,12.706558997565994,0.12391573729863692,9.422120008455401,636.7993609310438,0.0,0.1,off,2.0,mean,0.02450589957534799,0.96,nan,nan,nan,nan,nan,nan,nan,nan,nan,nan,nan,nan,nan,nan,nan,nan,nan,nan,nan,nan,nan
ratio,ideal,nv_charge_readout_master_v1_4,thin_all_counts,2,ratio7.07,7.07,5.437,1.0,27.631556387852836,0.9249776330930897,7.07,12.706558997565994,0.12391573729863692,9.422120008455401,636.7993609310438,0.0,0.1,off,2.0,mean,0.02450589957534799,0.97,nan,nan,nan,nan,nan,nan,nan,nan,nan,nan,nan,nan,nan,nan,nan,nan,nan,nan,nan,nan,nan
ratio,ideal,nv_charge_readout_master_v1_4,thin_all_counts,2,ratio7.07,7.07,5.437,1.0,27.631556387852836,0.9249776330930897,7.07,12.706558997565994,0.12391573729863692,9.422120008455401,636.7993609310438,0.0,0.1,off,2.0,mean,0.02450589957534799,0.98,nan,nan,nan,nan,nan,nan,nan,nan,nan,nan,nan,nan,nan,nan,nan,nan,nan,nan,nan,nan,nan
ratio,ideal,nv_charge_readout_master_v1_4,thin_all_counts,2,ratio7.07,7.07,5.437,1.0,27.631556387852836,0.9249776330930897,7.07,12.706558997565994,0.12391573729863692,9.422120008455401,636.7993609310438,0.0,0.1,off,2.0,mean,0.02450589957534799,0.99,nan,nan,nan,nan,nan,nan,nan,nan,nan,nan,nan,nan,nan,nan,nan,nan,nan,nan,nan,nan,nan
ratio,ideal,nv_charge_readout_master_v1_4,thin_all_counts,3,ratio26.6,26.6,5.437,1.0,25.117630792010228,0.9249776330930897,26.6,17.730358234571632,0.036231884057971016,9.422120008455401,636.7993609310438,0.0,0.1,off,2.0,mean,-0.19514235684255055,0.55,0.4817444519990557,1.590974554828665,1.590974554828665,0.4672207689781502,1.0310852684324585,1.0166001448173871,1.0497400726271624,0.30279833862643746,0.28354825667453937,0.3223811762789629,0.30279833862643746,0.28354825667453937,0.3223811762789629,4.974995007273436,0.09683315285638397,0.0905362518553996,0.10318940820658151,0.47497359630115166,1.0142552254496502,0.9979713498933503,1.052195653960162
ratio,ideal,nv_charge_readout_master_v1_4,thin_all_counts,3,ratio26.6,26.6,5.437,1.0,25.117630792010228,0.9249776330930897,26.6,17.730358234571632,0.036231884057971016,9.422120008455401,636.7993609310438,0.0,0.1,off,2.0,mean,-0.19514235684255055,0.56,0.5785702980089329,1.590974554828665,1.590974554828665,0.5558634250515619,1.0408497338267302,1.0186901601076686,1.059307670703097,0.3636577946849943,0.34020127491450186,0.38661455740780193,0.3636577946849943,0.34020127491450186,0.38661455740780193,4.974995007273436,0.11629565399825807,0.10863899739144114,0.12381047300307164,0.5699683155613819,1.0150920361934128,0.992940312388021,1.0459306053872885
ratio,ideal,nv_charge_readout_master_v1_4,thin_all_counts,3,ratio26.6,26.6,5.437,1.0,25.117630792010228,0.9249776330930897,26.6,17.730358234571632,0.036231884057971016,9.422120008455401,636.7993609310438,0.0,0.1,off,2.0,mean,-0.19514235684255055,0.57,0.6861672508485421,1.590974554828665,1.590974554828665,0.6608381914070645,1.038328685858102,1.0272840851856864,1.0597532599894475,0.43128738216836965,0.4078438956001724,0.45864894806271495,0.43128738216836965,0.4078438956001724,0.45864894806271495,4.974995007273436,0.1379232039118364,0.12997990118624952,0.14705994401470632,0.6649630348216112,1.031887811677561,1.0147828932087473,1.0562566874481207
ratio,ideal,nv_charge_readout_master_v1_4,thin_all_counts,3,ratio26.6,26.6,5.437,1.0,25.117630792010228,0.9249776330930897,26.6,17.730358234571632,0.036231884057971016,9.422120008455401,636.7993609310438,0.0,0.1,off,2.0,mean,-0.19514235684255055,0.58,0.7882616046652463,1.590974554828665,1.590974554828665,0.7457247213341753,1.0570409993314533,1.0409429759449698,1.0793934959033427,0.4954583354415343,0.47360226140657746,0.5253235054751825,0.4954583354415343,0.47360226140657746,0.5253235054751825,4.974995007273436,0.1584447026605673,0.15092443367494376,0.16850380461664988,0.7639109821124053,1.0318762566883193,1.0201293620144176,1.0524989556396327
ratio,ideal,nv_charge_readout_master_v1_4,thin_all_counts,3,ratio26.6,26.6,5.437,1.0,25.117630792010228,0.9249776330930897,26.6,17.730358234571632,0.036231884057971016,9.422120008455401,636.7993609310438,0.0,0.1,off,2.0,mean,-0.19514235684255055,0.59,0.9099208960287364,1.590974554828665,1.590974554828665,0.8415151654974228,1.0812887673757832,1.054393578836978,1.1010312981362798,0.5719267434335098,0.5395867031936157,0.6006891836805096,0.5719267434335098,0.5395867031936157,0.6006891836805096,4.974995007273436,0.18289885611913848,0.17219905343662625,0.19245859050630718,0.8663960281673879,1.0502366890501713,1.0318924453311327,1.0708319897985024
ratio,ideal,nv_charge_readout_master_v1_4,thin_all_counts,3,ratio26.6,26.6,5.437,1.0,25.117630792010228,0.9249776330930897,26.6,17.730358234571632,0.036231884057971016,9.422120008455401,636.7993609310438,0.0,0.1,off,2.0,mean,-0.19514235684255055,0.6,1.0144210294312923,1.590974554828665,1.590974554828665,0.9496101624406503,1.0682499719927887,1.0532799527191363,1.0844679413101483,0.6376098387950254,0.608823035778544,0.6687743200649783,0.6376098387950254,0.608823035778544,0.6687743200649783,4.974995007273436,0.2039039291392675,0.194079550437799,0.2144566484099425,0.9688810742223706,1.047002626452862,1.0349964968606145,1.0691992752557464
ratio,ideal,nv_charge_readout_master_v1_4,thin_all_counts,3,ratio26.6,26.6,5.437,1.0,25.117630792010228,0.9249776330930897,26.6,17.730358234571632,0.036231884057971016,9.422120008455401,636.7993609310438,0.0,0.1,off,2.0,mean,-0.19514235684255055,0.61,1.1304027836525579,1.590974554828665,1.590974554828665,1.0659145100827527,1.0605004181477917,1.0506277475719044,1.076119495517419,0.7105096559977938,0.6745139131096317,0.74868288207436,0.7105096559977938,0.6745139131096317,0.74868288207436,4.974995007273436,0.22721686795663323,0.21510835531292075,0.24015237317416355,1.0713661202773532,1.0551040977102406,1.040483208698227,1.072638110672503
ratio,ideal,nv_charge_readout_master_v1_4,thin_all_counts,3,ratio26.6,26.6,5.437,1.0,25.117630792010228,0.9249776330930897,26.6,17.730358234571632,0.036231884057971016,9.422120008455401,636.7993609310438,0.0,0.1,off,2.0,mean,-0.19514235684255055,0.62,1.2590418543951174,1.590974554828665,1.590974554828665,1.1651114350436445,1.0806192579750575,1.064380750444214,1.0995668632655895,0.7913651733611202,0.7485939437401825,0.831716124356581,0.7913651733611202,0.7485939437401825,0.831716124356581,4.974995007273436,0.2530739935526367,0.23821671724124097,0.2671435240782727,1.1738511663323359,1.0725736707567088,1.0605088070367854,1.085485980932001
ratio,ideal,nv_charge_readout_master_v1_4,thin_all_counts,3,ratio26.6,26.6,5.437,1.0,25.117630792010228,0.9249776330930897,26.6,17.730358234571632,0.036231884057971016,9.422120008455401,636.7993609310438,0.0,0.1,off,2.0,mean,-0.19514235684255055,0.63,1.3897343346642077,1.590974554828665,1.590974554828665,1.2735398976453294,1.091237374842918,1.0776295523576447,1.1062348594059412,0.8735113521748755,0.8344590051980371,0.9130044115681146,0.8735113521748755,0.8344590051980371,0.9130044115681146,4.974995007273436,0.2793438651963305,0.26616248044394825,0.2930413637463646,1.2857882222578367,1.0808423273809757,1.074090112292254,1.090577112742296
ratio,ideal,nv_charge_readout_master_v1_4,thin_all_counts,3,ratio26.6,26.6,5.437,1.0,25.117630792010228,0.9249776330930897,26.6,17.730358234571632,0.036231884057971016,9.422120008455401,636.7993609310438,0.0,0.1,off,2.0,mean,-0.19514235684255055,0.64,1.5206004867352907,1.590974554828665,1.590974554828665,1.3920590100754786,1.0923391003753802,1.0121331273795258,1.1042591236644796,0.9557666916294881,0.9160020779632174,0.9995520463771722,0.9557666916294881,0.9160020779632174,0.9995520463771722,4.974995007273436,0.30564864577998063,0.2920116596156258,0.3204802816185746,1.4030761688562043,1.0837618943915874,1.0755273242490433,1.0948998563191963
ratio,ideal,nv_charge_readout_master_v1_4,thin_all_counts,3,ratio26.6,26.6,5.437,1.0,25.117630792010228,0.9249776330930897,26.6,17.730358234571632,0.036231884057971016,9.422120008455401,636.7993609310438,0.0,0.1,off,2.0,mean,-0.19514235684255055,0.65,1.6672590080034166,1.590974554828665,1.590974554828665,1.590974554828665,1.047948254699125,1.0118181981014054,1.0971091464967073,1.047948254699125,0.999572663247965,1.0905222987697094,1.047948254699125,0.999572663247965,1.0905222987697094,4.974995007273436,0.335127775116535,0.3183911768820811,0.3511777721810408,1.5304162355449047,1.0894153951586831,1.0760730934654612,1.1095468498967131
ratio,ideal,nv_charge_readout_master_v1_4,thin_all_counts,3,ratio26.6,26.6,5.437,1.0,25.117630792010228,0.9249776330930897,26.6,17.730358234571632,0.036231884057971016,9.422120008455401,636.7993609310438,0.0,0.1,off,2.0,mean,-0.19514235684255055,0.66,1.8217394942096972,1.7901373217890577,1.7901373217890577,1.652182691920976,1.1026259402896776,1.0428719092674041,1.1120396182447068,1.017653490621075,1.0035021953915568,1.0968959497772808,1.017653490621075,1.0035021953915568,1.0968959497772808,4.974995007273436,0.36617916028987296,0.347420214318519,0.3841527789101232,1.6577563022336053,1.098918756487396,1.081142971497065,1.1222402389306512
ratio,ideal,nv_charge_readout_master_v1_4,thin_all_counts,3,ratio26.6,26.6,5.437,1.0,25.117630792010228,0.9249776330930897,26.6,17.730358234571632,0.036231884057971016,9.422120008455401,636.7993609310438,0.0,0.1,off,2.0,mean,-0.19514235684255055,0.67,1.973506989401196,1.8838572128725566,1.8838572128725566,1.8077876599083196,1.0916696873023688,1.0634525591711803,1.1097170306994346,1.0475884137693956,1.0323832517881422,1.0619482116684233,1.0475884137693956,1.0323832517881422,1.0619482116684233,4.974995007273436,0.39668522008885065,0.37912788446947165,0.4111147765397044,1.7850963689223058,1.105546470072446,1.0879358299387216,1.124475132886073
ratio,ideal,nv_charge_readout_master_v1_4,thin_all_counts,3,ratio26.6,26.6,5.437,1.0,25.117630792010228,0.9249776330930897,26.6,17.730358234571632,0.036231884057971016,9.422120008455401,636.7993609310438,0.0,0.1,off,2.0,mean,-0.19514235684255055,0.68,2.1088027501828512,1.9824836649655337,1.9824836649655337,1.8732175031375824,1.125765025497931,1.1107656026114057,1.1337144756815971,1.063717591952776,1.050303222683732,1.0830096692860132,1.063717591952776,1.050303222683732,1.0830096692860132,4.974995007273436,0.42388037517621313,0.409052685647555,0.44087410200005084,1.9124364356110062,1.1026786098169625,1.0857257091466885,1.1202864043117637
ratio,ideal,nv_charge_readout_master_v1_4,thin_all_counts,3,ratio26.6,26.6,5.437,1.0,25.117630792010228,0.9249776330930897,26.6,17.730358234571632,0.036231884057971016,9.422120008455401,636.7993609310438,0.0,0.1,off,2.0,mean,-0.19514235684255055,0.69,2.2550616015321565,2.0862735535365946,2.0862735535365946,1.9907825147605642,1.1327513602375485,1.122889436505553,1.143438026329518,1.0809040826450764,1.0621698170442249,1.102369210715655,1.0809040826450764,1.0621698170442249,1.102369210715655,4.974995007273436,0.453279168770071,0.4372123920656011,0.4718606691481967,2.039776502299705,1.1055434744883728,1.087873457540575,1.1211530495364488
ratio,ideal,nv_charge_readout_master_v1_4,thin_all_counts,3,ratio26.6,26.6,5.437,1.0,25.117630792010228,0.9249776330930897,26.6,17.730358234571632,0.036231884057971016,9.422120008455401,636.7993609310438,0.0,0.1,off,2.0,mean,-0.19514235684255055,0.7,2.4133214911342997,2.195497202375124,2.195497202375124,2.1157260245743665,1.1406587918772717,1.127526332593046,1.15645037108231,1.0992141044513881,1.0797848051079117,1.1256221774285426,1.0992141044513881,1.0797848051079117,1.1256221774285426,4.974995007273436,0.4850902337803409,0.46812912598005424,0.5061221758201302,2.1671165689884058,1.1136094503032758,1.0975402957199927,1.1296760101673606
ratio,ideal,nv_charge_readout_master_v1_4,thin_all_counts,3,ratio26.6,26.6,5.437,1.0,25.117630792010228,0.9249776330930897,26.6,17.730358234571632,0.036231884057971016,9.422120008455401,636.7993609310438,0.0,0.1,off,2.0,mean,-0.19514235684255055,0.71,2.5893579245779605,2.310439087657469,2.310439087657469,2.248511114535094,1.1515877808384063,1.1377396568342983,1.16596494217568,1.1207211384236424,1.0960691631388995,1.1478061190969795,1.1207211384236424,1.0960691631388995,1.1478061190969795,4.974995007273436,0.5204744770180317,0.49804981297614864,0.5422045935459046,2.294456635677106,1.1285277238695024,1.113254264199138,1.1411795948522552
ratio,ideal,nv_charge_readout_master_v1_4,thin_all_counts,3,ratio26.6,26.6,5.437,1.0,25.117630792010228,0.9249776330930897,26.6,17.730358234571632,0.036231884057971016,9.422120008455401,636.7993609310438,0.0,0.1,off,2.0,mean,-0.19514235684255055,0.72,2.781709279686547,2.431398578873435,2.431398578873435,2.389629930087454,1.164075342655565,1.1508065658679172,1.17606256519096,1.1440778586682505,1.1175384611803296,1.1682889001434786,1.1440778586682505,1.1175384611803296,1.1682889001434786,4.974995007273436,0.559138104785973,0.5368094963353817,0.5808584203682261,2.4217967023658065,1.1486138687731917,1.1358940706511584,1.156484178347451
ratio,ideal,nv_charge_readout_master_v1_4,thin_all_counts,3,ratio26.6,26.6,5.437,1.0,25.117630792010228,0.9249776330930897,26.6,17.730358234571632,0.036231884057971016,9.422120008455401,636.7993609310438,0.0,0.1,off,2.0,mean,-0.19514235684255055,0.73,2.9670970612298007,2.5586907185428425,2.5586907185428425,2.5396055042184877,1.1683299064761103,1.1598648279902792,1.1782497593781622,1.1596153609841298,1.1364190375685015,1.1845509813811872,1.1596153609841298,1.1364190375685015,1.1845509813811872,4.974995007273436,0.5964020178697483,0.5738811169489756,0.6193723572899689,2.5705631952040546,1.154259528326542,1.144989184581773,1.1644734662157115
ratio,ideal,nv_charge_readout_master_v1_4,thin_all_counts,3,ratio26.6,26.6,5.437,1.0,25.117630792010228,0.9249776330930897,26.6,17.730358234571632,0.036231884057971016,9.422120008455401,636.7993609310438,0.0,0.1,off,2.0,mean,-0.19514235684255055,0.74,3.163586179441739,2.6926470427529527,2.6926470427529527,2.6833732503132204,1.178958677877729,1.170737289165809,1.186383393630089,1.1748982058217698,1.1543130889877922,1.1973649577119438,1.1748982058217698,1.1543130889877922,1.1973649577119438,4.974995007273436,0.6358973576489183,0.612235446726237,0.6605929524353494,2.730381213108912,1.1586609826689966,1.1448764353949077,1.1720579431022602
ratio,ideal,nv_charge_readout_master_v1_4,thin_all_counts,3,ratio26.6,26.6,5.437,1.0,25.117630792010228,0.9249776330930897,26.6,17.730358234571632,0.036231884057971016,9.422120008455401,636.7993609310438,0.0,0.1,off,2.0,mean,-0.19514235684255055,0.75,3.369359158939075,2.8336164446538694,2.8336164446538694,2.8365576676787216,1.1878338301848692,1.0633782803538858,1.1946754176989987,1.189066772002958,1.1712207823536998,1.2084012989574948,1.189066772002958,1.1712207823536998,1.2084012989574948,4.974995007273436,0.6772588020717762,0.652045558047145,0.7029225376834318,2.890199231013769,1.1657878539249473,1.1510923512728677,1.1791491062507706
ratio,ideal,nv_charge_readout_master_v1_4,thin_all_counts,3,ratio26.6,26.6,5.437,1.0,25.117630792010228,0.9249776330930897,26.6,17.730358234571632,0.036231884057971016,9.422120008455401,636.7993609310438,0.0,0.1,off,2.0,mean,-0.19514235684255055,0.76,3.5874766426045657,2.981966083160912,2.981966083160912,3.3223262233770865,1.0798086645922322,1.056703546439094,1.1962240264959936,1.203057493800133,1.1855624670553266,1.2178413009206974,1.203057493800133,1.1855624670553266,1.2178413009206974,4.974995007273436,0.7211015563552686,0.6918322118517096,0.7450468071847978,3.0500172489186257,1.1762151980866649,1.158941789717665,1.190087933543435
ratio,ideal,nv_charge_readout_master_v1_4,thin_all_counts,3,ratio26.6,26.6,5.437,1.0,25.117630792010228,0.9249776330930897,26.6,17.730358234571632,0.036231884057971016,9.422120008455401,636.7993609310438,0.0,0.1,off,2.0,mean,-0.19514235684255055,0.77,3.804909167356215,3.1380823392307127,3.1380823392307127,3.3223262233770865,1.1452545329785802,1.1073904692431584,1.1788185683979306,1.2124950068355989,1.2012948995691917,1.221399483982037,1.2124950068355989,1.2012948995691917,1.221399483982037,4.974995007273436,0.7648066303169034,0.7351614638775971,0.7888356990860911,3.2098352668234824,1.1853907914475716,1.1703786111386167,1.1998756434177764
ratio,ideal,nv_charge_readout_master_v1_4,thin_all_counts,3,ratio26.6,26.6,5.437,1.0,25.117630792010228,0.9249776330930897,26.6,17.730358234571632,0.036231884057971016,9.422120008455401,636.7993609310438,0.0,0.1,off,2.0,mean,-0.19514235684255055,0.78,4.035520008660068,3.3023718222016782,3.3023718222016782,3.3223262233770865,1.2146669945487871,1.170809630180707,1.2217832690086627,1.2220065534503026,0.9973510540798141,1.2261954528699042,1.2220065534503026,0.9970803899216214,1.2261954528699042,4.974995007273436,0.8111606147865764,0.7821495436699047,0.8374349392233987,3.3696532847283396,1.197606895329414,1.1808148772101945,1.2136536420185886
ratio,ideal,nv_charge_readout_master_v1_4,thin_all_counts,3,ratio26.6,26.6,5.437,1.0,25.117630792010228,0.9249776330930897,26.6,17.730358234571632,0.036231884057971016,9.422120008455401,636.7993609310438,0.0,0.1,off,2.0,mean,-0.19514235684255055,0.79,4.282565368834838,4.231187742345003,4.241425936138094,3.525044398013057,1.2148968595257321,1.1870468224732749,1.2357887545086963,1.0121426014675872,1.0014374543027136,1.02696872106245,1.0096994344157293,1.0005409028422159,1.023754353334209,4.974995007273436,0.8608180234500202,0.8294170065806633,0.8887536679156456,3.5294713026331967,1.2133730526834963,1.197760270284199,1.2260913268808007
ratio,ideal,nv_charge_readout_master_v1_4,thin_all_counts,3,ratio26.6,26.6,5.437,1.0,25.117630792010228,0.9249776330930897,26.6,17.730358234571632,0.036231884057971016,9.422120008455401,636.7993609310438,0.0,0.1,off,2.0,mean,-0.19514235684255055,0.8,4.544808818363759,4.420694339185625,4.4435509865023235,3.8895303944583057,1.1684723751841803,1.1449584529790948,1.2429831301632308,1.0280757884746672,1.0117778930138974,1.0489452934895784,1.022787593113934,1.007764578967587,1.0431307559218108,4.974995007273436,0.9135303275117371,0.8803593186888643,0.9480127004248868,3.6892893205380535,1.231892764024518,1.2177866759576796,1.248177898125249
ratio,ideal,nv_charge_readout_master_v1_4,thin_all_counts,3,ratio26.6,26.6,5.437,1.0,25.117630792010228,0.9249776330930897,26.6,17.730358234571632,0.036231884057971016,9.422120008455401,636.7993609310438,0.0,0.1,off,2.0,mean,-0.19514235684255055,0.81,4.859512302964189,4.6186885646622216,4.655308301251191,3.9043137915331223,1.2446520854708212,1.198660441219949,1.2697105496732948,1.0521411510930874,1.0276800980627707,1.0753806169040518,1.043864764371914,1.0211194135437942,1.0645903774365129,4.974995007273436,0.9767873728234077,0.9347455797086633,1.005357551006807,3.856738959087248,1.260005500635247,1.243138021620435,1.269802018675724
ratio,ideal,nv_charge_readout_master_v1_4,thin_all_counts,3,ratio26.6,26.6,5.437,1.0,25.117630792010228,0.9249776330930897,26.6,17.730358234571632,0.036231884057971016,9.422120008455401,636.7993609310438,0.0,0.1,off,2.0,mean,-0.19514235684255055,0.82,5.199948943065493,4.825550563007568,4.877156905710889,4.219557796810076,1.2323445236362396,1.20649266385001,1.2663467604363479,1.077586666053827,1.052401297615802,1.1008805003269155,1.066184468450591,1.0425673541143086,1.0892143062822557,5.175109947386564,1.0047997039544005,0.9933047245085336,1.01395061065059,4.12645231427054,1.260150014355545,1.2451968985798145,1.274903243687774
ratio,ideal,nv_charge_readout_master_v1_4,thin_all_counts,3,ratio26.6,26.6,5.437,1.0,25.117630792010228,0.9249776330930897,26.6,17.730358234571632,0.036231884057971016,9.422120008455401,636.7993609310438,0.0,0.1,off,2.0,mean,-0.19514235684255055,0.83,5.556436683952473,5.041677504368741,5.10957770004843,4.454992183751985,1.2472382564929336,1.2164226764794912,1.2857354741339486,1.102100774819032,1.0783751255502523,1.1300419019380392,1.087455169514265,1.0655692405443784,1.113414103903729,5.520081239494162,1.006586034313807,0.994758154957267,1.0205315904865349,4.3961656694538345,1.2639279548904687,1.2488366253321561,1.2818194995548922
ratio,ideal,nv_charge_readout_master_v1_4,thin_all_counts,3,ratio26.6,26.6,5.437,1.0,25.117630792010228,0.9249776330930897,26.6,17.730358234571632,0.036231884057971016,9.422120008455401,636.7993609310438,0.0,0.1,off,2.0,mean,-0.19514235684255055,0.84,5.951815446972732,5.267484347364397,5.353074501716644,4.5111751378335025,1.319349230549071,1.2753310603951495,1.3269590096233563,1.1299161145017433,1.1014130918824445,1.162197658756229,1.1118499182225245,1.0853773287431459,1.1425284195589034,5.888048215478675,1.0108299438388468,0.9924427873225695,1.0322473563721157,4.66587902463713,1.2756043214034274,1.2560733831541164,1.2979207923079403
ratio,ideal,nv_charge_readout_master_v1_4,thin_all_counts,3,ratio26.6,26.6,5.437,1.0,25.117630792010228,0.9249776330930897,26.6,17.730358234571632,0.036231884057971016,9.422120008455401,636.7993609310438,0.0,0.1,off,2.0,mean,-0.19514235684255055,0.85,6.432074836044598,5.503404635795523,5.608175137576885,4.804513623040818,1.3387567068596806,1.2840747522556528,1.3526685102041354,1.1687446702008375,1.1416825778024369,1.2036249905983232,1.1469104794797285,1.1194885824406653,1.1805916089511947,6.280543760797722,1.0241270630407373,1.0040724812925124,1.0478444543484418,4.9355923798204255,1.3032021976414956,1.2834590129944734,1.3288723190078235
ratio,ideal,nv_charge_readout_master_v1_4,thin_all_counts,3,ratio26.6,26.6,5.437,1.0,25.117630792010228,0.9249776330930897,26.6,17.730358234571632,0.036231884057971016,9.422120008455401,636.7993609310438,0.0,0.1,off,2.0,mean,-0.19514235684255055,0.86,7.0410694357659,5.749891331039279,5.875432588066819,5.520717800939881,1.2753902100497123,1.267961495291595,1.3354453197897438,1.2245569577561466,1.1820796157031765,1.2647001302754288,1.1983916639715217,1.1581707469186548,1.2345972352118353,6.699202942598264,1.0510309205582962,1.0216954444047774,1.081906299024058,5.20530573500372,1.352671638174365,1.3210743435991048,1.3783871981155487
ratio,ideal,nv_charge_readout_master_v1_4,thin_all_counts,3,ratio26.6,26.6,5.437,1.0,25.117630792010228,0.9249776330930897,26.6,17.730358234571632,0.036231884057971016,9.422120008455401,636.7993609310438,0.0,0.1,off,2.0,mean,-0.19514235684255055,0.87,7.804363475069051,6.007417681724148,6.155426185893486,5.680302714497038,1.373934430492775,1.3233037338363136,1.4183719201443241,1.299121167954011,1.2495814490928951,1.345877702116189,1.267883528999904,1.2215874879910258,1.3085798102597215,7.1457698211176695,1.0921655287587155,1.0568454972621273,1.125581982228036,5.640454899726829,1.3836407902928223,1.3645136798135797,1.4122287258043114
ratio,ideal,nv_charge_readout_master_v1_4,thin_all_counts,3,ratio26.6,26.6,5.437,1.0,25.117630792010228,0.9249776330930897,26.6,17.730358234571632,0.036231884057971016,9.422120008455401,636.7993609310438,0.0,0.1,off,2.0,mean,-0.19514235684255055,0.88,8.743171606462175,6.276478132356096,6.448762871850064,6.102815688758659,1.4326455282873825,1.3879393204587216,1.4609203049893615,1.393005985536688,1.3408885154654433,1.4410066593583588,1.3557905260600591,0.9330925970706314,1.371386556638685,7.622104715130752,1.1470810141332717,1.108429079862052,1.1804947573914697,6.158321969219844,1.4197327860027085,1.3840715326085709,1.4614939457333238
ratio,ideal,nv_charge_readout_master_v1_4,thin_all_counts,3,ratio26.6,26.6,5.437,1.0,25.117630792010228,0.9249776330930897,26.6,17.730358234571632,0.036231884057971016,9.422120008455401,636.7993609310438,0.0,0.1,off,2.0,mean,-0.19514235684255055,0.89,9.945337787044496,12.43936285183244,10.592510159488585,7.03609364341801,1.4134743354855674,1.3606115703495711,1.5132293980109819,0.7995054011612379,0.779066498032549,1.4748199810744118,0.9389028320294446,0.9130164364539564,0.9682443065504595,8.130191951709353,1.2232598991655435,1.1791728491946978,1.2794160841290756,6.676189038712859,1.4896728851407592,1.436814495754166,1.556179098824227
ratio,ideal,nv_charge_readout_master_v1_4,thin_all_counts,3,ratio26.6,26.6,5.437,1.0,25.117630792010228,0.9249776330930897,26.6,17.730358234571632,0.036231884057971016,9.422120008455401,636.7993609310438,0.0,0.1,off,2.0,mean,-0.19514235684255055,0.9,12.226859212506408,13.030614855197546,12.148328987081726,8.129049947679043,1.5040944872035564,1.4450482134759566,1.806817400091365,0.9383179035200674,0.8453147677731768,1.103172685034154,1.006464282084243,0.9258304691889687,1.1632591377458341,8.796740059519763,1.3899307163537926,1.2735428273934684,1.6174827375358727,7.1940561082058725,1.6995779611115194,1.5451880401153313,1.9695224957071205
ratio,ideal,nv_charge_readout_master_v1_4,thin_all_counts,3,ratio26.6,26.6,5.437,1.0,25.117630792010228,0.9249776330930897,26.6,17.730358234571632,0.036231884057971016,9.422120008455401,636.7993609310438,0.0,0.1,off,2.0,mean,-0.19514235684255055,0.91,16.05087318118141,13.649969498195176,13.026654965368893,9.76998988847434,1.6428751067712597,1.5342969257371208,1.991675266310179,1.17589077274522,1.129978455407778,1.209903490109321,1.2321561616433643,1.18117964304453,1.273690463145464,9.793469449012111,1.6389363610870809,1.5627028353948695,1.7108443275607494,8.215877626480966,1.9536407321169336,1.8612876315452305,2.0478593084973205
ratio,ideal,nv_charge_readout_master_v1_4,thin_all_counts,3,ratio26.6,26.6,5.437,1.0,25.117630792010228,0.9249776330930897,26.6,17.730358234571632,0.036231884057971016,9.422120008455401,636.7993609310438,0.0,0.1,off,2.0,mean,-0.19514235684255055,0.92,17.582332062819045,14.298762519816183,13.88336089778513,11.017142327107008,1.5959067733525405,1.551453130578431,1.6875971470271711,1.2296401201469198,1.1980226095809283,1.2679312613759357,1.2664319678979192,1.2340587947337494,1.3034035976547276,10.903134934053021,1.6125941914105217,1.546632492914524,1.679463935722751,9.271296108008197,1.8964265468376194,1.8191024405041194,1.9760493298980668
ratio,ideal,nv_charge_readout_master_v1_4,thin_all_counts,3,ratio26.6,26.6,5.437,1.0,25.117630792010228,0.9249776330930897,26.6,17.730358234571632,0.036231884057971016,9.422120008455401,636.7993609310438,0.0,0.1,off,2.0,mean,-0.19514235684255055,0.93,19.613604315107615,14.978393147701421,14.796408619907806,11.833477895920145,1.6574674400557965,1.492302886761698,1.7294090539264184,1.309459841366062,1.2739920472956776,1.3576321016113357,1.3255651975384433,1.294366573189976,1.3708085715276008,12.20094595557535,1.6075478398578575,1.5358733772683684,1.6963623014460358,10.628149551008164,1.8454392480059814,1.7370629151072265,1.9565584261268556
ratio,ideal,nv_charge_readout_master_v1_4,thin_all_counts,3,ratio26.6,26.6,5.437,1.0,25.117630792010228,0.9249776330930897,26.6,17.730358234571632,0.036231884057971016,9.422120008455401,636.7993609310438,0.0,0.1,off,2.0,mean,-0.19514235684255055,0.94,23.764042515270056,nan,26.899816977704774,14.4691282362726,1.642396288651038,1.331623777323947,1.7451849296375672,nan,0.6898364090798259,1.4337590909536484,0.8834276655103741,0.8338304731947431,1.4263086587744855,15.39862169578603,1.543257765841036,1.4433238463009501,1.6859878307762284,13.190310583685218,1.8016287307641745,1.6688845152112515,1.9657904320049826
ratio,ideal,nv_charge_readout_master_v1_4,thin_all_counts,3,ratio26.6,26.6,5.437,1.0,25.117630792010228,0.9249776330930897,26.6,17.730358234571632,0.036231884057971016,9.422120008455401,636.7993609310438,0.0,0.1,off,2.0,mean,-0.19514235684255055,0.95,nan,nan,nan,nan,nan,nan,nan,nan,nan,nan,nan,nan,nan,nan,nan,nan,nan,nan,nan,nan,nan
ratio,ideal,nv_charge_readout_master_v1_4,thin_all_counts,3,ratio26.6,26.6,5.437,1.0,25.117630792010228,0.9249776330930897,26.6,17.730358234571632,0.036231884057971016,9.422120008455401,636.7993609310438,0.0,0.1,off,2.0,mean,-0.19514235684255055,0.96,nan,nan,nan,nan,nan,nan,nan,nan,nan,nan,nan,nan,nan,nan,nan,nan,nan,nan,nan,nan,nan
ratio,ideal,nv_charge_readout_master_v1_4,thin_all_counts,3,ratio26.6,26.6,5.437,1.0,25.117630792010228,0.9249776330930897,26.6,17.730358234571632,0.036231884057971016,9.422120008455401,636.7993609310438,0.0,0.1,off,2.0,mean,-0.19514235684255055,0.97,nan,nan,nan,nan,nan,nan,nan,nan,nan,nan,nan,nan,nan,nan,nan,nan,nan,nan,nan,nan,nan
ratio,ideal,nv_charge_readout_master_v1_4,thin_all_counts,3,ratio26.6,26.6,5.437,1.0,25.117630792010228,0.9249776330930897,26.6,17.730358234571632,0.036231884057971016,9.422120008455401,636.7993609310438,0.0,0.1,off,2.0,mean,-0.19514235684255055,0.98,nan,nan,nan,nan,nan,nan,nan,nan,nan,nan,nan,nan,nan,nan,nan,nan,nan,nan,nan,nan,nan
ratio,ideal,nv_charge_readout_master_v1_4,thin_all_counts,3,ratio26.6,26.6,5.437,1.0,25.117630792010228,0.9249776330930897,26.6,17.730358234571632,0.036231884057971016,9.422120008455401,636.7993609310438,0.0,0.1,off,2.0,mean,-0.19514235684255055,0.99,nan,nan,nan,nan,nan,nan,nan,nan,nan,nan,nan,nan,nan,nan,nan,nan,nan,nan,nan,nan,nan
ratio,ideal,nv_charge_readout_master_v1_4,thin_all_counts,4,ratio100,100.0,5.437,1.0,24.449647422396623,0.9249776330930897,100.0,21.580111284109183,0.009900990099009901,9.422120008455401,636.7993609310438,0.0,0.1,off,2.0,mean,-0.40183023660814227,0.55,0.47841938654029925,1.593760331775307,1.593760331775307,0.46286071262066936,1.0336141597145678,1.0166376536948796,1.0557562926004669,0.30018276713374004,0.27802964242261846,0.3207062998662537,0.30018276713374004,0.27802964242261846,0.3207062998662537,4.974995007273436,0.0961647973195653,0.08886640128830299,0.10297345887454183,0.47320780162764586,1.0110133114769613,0.9849413836582118,1.045473055851928
ratio,ideal,nv_charge_readout_master_v1_4,thin_all_counts,4,ratio100,100.0,5.437,1.0,24.449647422396623,0.9249776330930897,100.0,21.580111284109183,0.009900990099009901,9.422120008455401,636.7993609310438,0.0,0.1,off,2.0,mean,-0.40183023660814227,0.56,0.5768506648975263,1.593760331775307,1.593760331775307,0.5531899288348613,1.0427714512310442,1.0180154836763264,1.0623638805778335,0.3619431688671571,0.3410526460994614,0.3900233998358227,0.3619431688671571,0.3410526460994614,0.3900233998358227,4.974995007273436,0.11594999875460607,0.1089612103964927,0.12541087458548794,0.567849361953175,1.0158515682986602,0.9969179011152521,1.0321464291359022
ratio,ideal,nv_charge_readout_master_v1_4,thin_all_counts,4,ratio100,100.0,5.437,1.0,24.449647422396623,0.9249776330930897,100.0,21.580111284109183,0.009900990099009901,9.422120008455401,636.7993609310438,0.0,0.1,off,2.0,mean,-0.40183023660814227,0.57,0.6924057667852013,1.593760331775307,1.593760331775307,0.6607398882127078,1.047924878060789,1.0361993531093208,1.0645618086729811,0.4344478608109934,0.4075751454821242,0.4626501043364594,0.4344478608109934,0.4075751454821242,0.4626501043364594,4.974995007273436,0.1391771782228736,0.13025744284776394,0.14870065778371727,0.670623477059966,1.0324806548985275,1.0208322742953553,1.055260736122596
ratio,ideal,nv_charge_readout_master_v1_4,thin_all_counts,4,ratio100,100.0,5.437,1.0,24.449647422396623,0.9249776330930897,100.0,21.580111284109183,0.009900990099009901,9.422120008455401,636.7993609310438,0.0,0.1,off,2.0,mean,-0.40183023660814227,0.58,0.8010192552941705,1.593760331775307,1.593760331775307,0.7554072992689123,1.0603806133054337,1.0421744706074105,1.0818140530737423,0.5025970588701416,0.47561871603297523,0.534548381140038,0.5025970588701416,0.47561871603297523,0.534548381140038,4.974995007273436,0.16100905711926977,0.15196705000000815,0.1719251959657805,0.7804739710024025,1.0263241120845845,1.0111853201075693,1.054501289339515
ratio,ideal,nv_charge_readout_master_v1_4,thin_all_counts,4,ratio100,100.0,5.437,1.0,24.449647422396623,0.9249776330930897,100.0,21.580111284109183,0.009900990099009901,9.422120008455401,636.7993609310438,0.0,0.1,off,2.0,mean,-0.40183023660814227,0.59,0.9301953553263321,1.593760331775307,1.593760331775307,0.8636381698285626,1.0770660536124539,1.0517799519276412,1.0962708773596677,0.5836482040497126,0.54762311452288,0.6132895776102926,0.5836482040497126,0.54762311452288,0.6132895776102926,4.974995007273436,0.18697412840945324,0.1746940266389429,0.19709103105631132,0.8903244649448389,1.0447824270267172,1.033882621961033,1.0688350948593146
ratio,ideal,nv_charge_readout_master_v1_4,thin_all_counts,4,ratio100,100.0,5.437,1.0,24.449647422396623,0.9249776330930897,100.0,21.580111284109183,0.009900990099009901,9.422120008455401,636.7993609310438,0.0,0.1,off,2.0,mean,-0.40183023660814227,0.6,1.0497909354598154,1.593760331775307,1.593760331775307,0.9873758025725822,1.0632131481494809,1.047837620899606,1.076771422113554,0.6586880815953311,0.6226568666992494,0.6947707299351049,0.6586880815953311,0.6226568666992494,0.6947707299351049,4.974995007273436,0.21101346512409008,0.19882750992420273,0.22331530232366584,1.0012135738818881,1.048518480816819,1.0349603982154787,1.0778564471289305
ratio,ideal,nv_charge_readout_master_v1_4,thin_all_counts,4,ratio100,100.0,5.437,1.0,24.449647422396623,0.9249776330930897,100.0,21.580111284109183,0.009900990099009901,9.422120008455401,636.7993609310438,0.0,0.1,off,2.0,mean,-0.40183023660814227,0.61,1.1844887981900543,1.593760331775307,1.593760331775307,1.1014533049005268,1.0753872115323369,1.0587569172987548,1.0889302576230435,0.7432038397333175,0.7051099934769899,0.7785114608543319,0.7432038397333175,0.7051099934769899,0.7785114608543319,4.974995007273436,0.23808843957799622,0.22490047495846555,0.25028556394915186,1.1122234520043577,1.06497376588802,1.0495247478710488,1.0900890895966884
ratio,ideal,nv_charge_readout_master_v1_4,thin_all_counts,4,ratio100,100.0,5.437,1.0,24.449647422396623,0.9249776330930897,100.0,21.580111284109183,0.009900990099009901,9.422120008455401,636.7993609310438,0.0,0.1,off,2.0,mean,-0.40183023660814227,0.62,1.316647420709399,1.593760331775307,1.593760331775307,1.202729573868226,1.094716093556085,1.0779796211822448,1.109496620822017,0.8261263594399862,0.7854723065895146,0.8617620932187956,0.8261263594399862,0.7854723065895146,0.8617620932187956,4.974995007273436,0.26465301347729236,0.2508350224676214,0.27671658029785373,1.2232333301268272,1.076366534725543,1.064435381969273,1.0934534691077409
ratio,ideal,nv_charge_readout_master_v1_4,thin_all_counts,4,ratio100,100.0,5.437,1.0,24.449647422396623,0.9249776330930897,100.0,21.580111284109183,0.009900990099009901,9.422120008455401,636.7993609310438,0.0,0.1,off,2.0,mean,-0.40183023660814227,0.63,1.4365968102489992,1.593760331775307,1.593760331775307,1.3133179785482458,1.0938682281933176,1.0804322898243968,1.1061390380998537,0.901388233605211,0.8652589145968899,0.9380294484339248,0.901388233605211,0.8652589145968899,0.9380294484339248,4.974995007273436,0.2887634677318664,0.2763069390636957,0.30165380465409036,1.3342432082492968,1.0767128521748324,1.0687371420053746,1.0873720042061434
ratio,ideal,nv_charge_readout_master_v1_4,thin_all_counts,4,ratio100,100.0,5.437,1.0,24.449647422396623,0.9249776330930897,100.0,21.580111284109183,0.009900990099009901,9.422120008455401,636.7993609310438,0.0,0.1,off,2.0,mean,-0.40183023660814227,0.64,1.563253190478254,1.593760331775307,1.593760331775307,1.4340747498464894,1.0900778991092288,0.9989183767345279,1.1007032826396852,0.9808583883731936,0.9391498245658645,1.0184720420398374,0.9808583883731936,0.9391498245658645,1.0184720420398374,4.974995007273436,0.3142220621714756,0.2999854043325973,0.3268620191182882,1.454907361503723,1.0744692286542217,1.063225344298724,1.0861738372913694
ratio,ideal,nv_charge_readout_master_v1_4,thin_all_counts,4,ratio100,100.0,5.437,1.0,24.449647422396623,0.9249776330930897,100.0,21.580111284109183,0.009900990099009901,9.422120008455401,636.7993609310438,0.0,0.1,off,2.0,mean,-0.40183023660814227,0.65,1.6999394228370353,1.593760331775307,1.593760331775307,1.593760331775307,1.0666217428962197,1.0210896827458709,1.0949399156933581,1.0666217428962197,0.9966475450414055,1.094627961039414,1.0666217428962197,0.9966475450414055,1.094627961039414,4.974995007273436,0.34169670931362267,0.3259768271306037,0.35585131923641494,1.5792846975012094,1.0763983375047763,1.0598634639079307,1.0945410070500752
ratio,ideal,nv_charge_readout_master_v1_4,thin_all_counts,4,ratio100,100.0,5.437,1.0,24.449647422396623,0.9249776330930897,100.0,21.580111284109183,0.009900990099009901,9.422120008455401,636.7993609310438,0.0,0.1,off,2.0,mean,-0.40183023660814227,0.66,1.8457893826580485,1.8140182695791829,1.8140182695791829,1.7605075857227332,1.0484415958368647,1.0410678114600678,1.106223873912604,1.0175142189092925,1.0016707440298276,1.0397742071824254,1.0175142189092925,1.0016707440298276,1.0397742071824254,4.974995007273436,0.37101331357308037,0.3540813002704967,0.3872784338460322,1.7036620334986956,1.0834246149557465,1.065050276436982,1.1049345415706326
ratio,ideal,nv_charge_readout_master_v1_4,thin_all_counts,4,ratio100,100.0,5.437,1.0,24.449647422396623,0.9249776330930897,100.0,21.580111284109183,0.009900990099009901,9.422120008455401,636.7993609310438,0.0,0.1,off,2.0,mean,-0.40183023660814227,0.67,1.9885550475031608,1.9093948897149198,1.9093948897149198,1.819070710383548,1.0931708350599947,1.0719819090096052,1.1113391253027523,1.0414582432448323,1.0279350004476477,1.056101600068669,1.0414582432448323,1.0279350004476477,1.056101600068669,4.974995007273436,0.39970995842124385,0.38523905280112286,0.414266016098768,1.828039369496182,1.087807560759054,1.0719795984770941,1.1060688722046461
ratio,ideal,nv_charge_readout_master_v1_4,thin_all_counts,4,ratio100,100.0,5.437,1.0,24.449647422396623,0.9249776330930897,100.0,21.580111284109183,0.009900990099009901,9.422120008455401,636.7993609310438,0.0,0.1,off,2.0,mean,-0.40183023660814227,0.68,2.123839016717828,2.0097861780163893,2.0097861780163893,1.8930878640303084,1.1218914119475993,1.1088644581950835,1.1307505213829687,1.0567487427015774,1.0421520034576195,1.0754512413071546,1.0567487427015774,1.0421520034576195,1.0754512413071546,4.974995007273436,0.426902743342009,0.4108735126994808,0.4433452910239127,1.9524167054936683,1.0878000637578111,1.0714212471391307,1.1052331500425123
ratio,ideal,nv_charge_readout_master_v1_4,thin_all_counts,4,ratio100,100.0,5.437,1.0,24.449647422396623,0.9249776330930897,100.0,21.580111284109183,0.009900990099009901,9.422120008455401,636.7993609310438,0.0,0.1,off,2.0,mean,-0.40183023660814227,0.69,2.2710506679041425,2.1154557934052067,2.1154557934052067,2.0113346141019566,1.1291262289135051,1.118596006917718,1.1415790785624826,1.0735514658278336,1.054534086166303,1.0951915544350967,1.0735514658278336,1.054534086166303,1.0951915544350967,4.974995007273436,0.4564930546832448,0.4372526647490584,0.4743528218506766,2.076794041491153,1.093536779541948,1.0773684612465608,1.1113350010607546
ratio,ideal,nv_charge_readout_master_v1_4,thin_all_counts,4,ratio100,100.0,5.437,1.0,24.449647422396623,0.9249776330930897,100.0,21.580111284109183,0.009900990099009901,9.422120008455401,636.7993609310438,0.0,0.1,off,2.0,mean,-0.40183023660814227,0.7,2.4304326678189927,2.2266812573407804,2.2266812573407804,2.136967336144679,1.1373279444709514,1.1229782647869482,1.1554660927299623,1.0915045248647501,1.0714067356555792,1.1179262736082543,1.0915045248647501,1.0714067356555792,1.1179262736082543,4.974995007273436,0.4885296697314678,0.4680169522885276,0.509824273503149,2.2011713774886394,1.1041542211001862,1.089141166133324,1.1221848646164265
ratio,ideal,nv_charge_readout_master_v1_4,thin_all_counts,4,ratio100,100.0,5.437,1.0,24.449647422396623,0.9249776330930897,100.0,21.580111284109183,0.009900990099009901,9.422120008455401,636.7993609310438,0.0,0.1,off,2.0,mean,-0.40183023660814227,0.71,2.61947933564849,2.343754682678455,2.343754682678455,2.2704473754548524,1.153728275742887,1.1374058433281629,1.1708208950553662,1.1176422835579938,1.091782655787414,1.1493440290552088,1.1176422835579938,1.091782655787414,1.1493440290552088,4.974995007273436,0.5265290380832172,0.5018298189674779,0.5498502315004788,2.3255487134861257,1.1263919437412024,1.1080113024297773,1.1449402922111789
ratio,ideal,nv_charge_readout_master_v1_4,thin_all_counts,4,ratio100,100.0,5.437,1.0,24.449647422396623,0.9249776330930897,100.0,21.580111284109183,0.009900990099009901,9.422120008455401,636.7993609310438,0.0,0.1,off,2.0,mean,-0.40183023660814227,0.72,2.8206623478642374,2.466983540849235,2.466983540849235,2.41226489404835,1.169300417555097,1.155075840104709,1.1810561479725612,1.143364883128994,1.1203936103659746,1.1639891399832922,1.143364883128994,1.1203936103659746,1.1639891399832922,4.974995007273436,0.5669678750914188,0.5415172226965016,0.5869957453878598,2.4499260494836124,1.1513255057060876,1.1372238663306218,1.1579951668385162
ratio,ideal,nv_charge_readout_master_v1_4,thin_all_counts,4,ratio100,100.0,5.437,1.0,24.449647422396623,0.9249776330930897,100.0,21.580111284109183,0.009900990099009901,9.422120008455401,636.7993609310438,0.0,0.1,off,2.0,mean,-0.40183023660814227,0.73,2.995189632197926,2.596691469375928,2.596691469375928,2.5629406706210647,1.1686535184102083,1.1601647608517769,1.1786600549413035,1.1534638086664066,1.1359735162452835,1.1738770318624114,1.1534638086664066,1.1359735162452835,1.1738770318624114,4.974995007273436,0.6020487714699135,0.5790552412768383,0.6227611352605147,2.608745821488678,1.1481339452567765,1.1363158253040664,1.159354383735358
ratio,ideal,nv_charge_readout_master_v1_4,thin_all_counts,4,ratio100,100.0,5.437,1.0,24.449647422396623,0.9249776330930897,100.0,21.580111284109183,0.009900990099009901,9.422120008455401,636.7993609310438,0.0,0.1,off,2.0,mean,-0.40183023660814227,0.74,3.184142200111817,2.7332191218465,2.7332191218465,2.7099327720516113,1.1749893698289775,1.1675141526929458,1.1836804918197932,1.164978751487983,1.1447849049333725,1.1885852791953275,1.164978751487983,1.1447849049333725,1.1885852791953275,4.974995007273436,0.6400292252467802,0.6150453051077566,0.6655732462684574,2.7741125028174984,1.147805720524267,1.1341779342084286,1.1648814209654177
ratio,ideal,nv_charge_readout_master_v1_4,thin_all_counts,4,ratio100,100.0,5.437,1.0,24.449647422396623,0.9249776330930897,100.0,21.580111284109183,0.009900990099009901,9.422120008455401,636.7993609310438,0.0,0.1,off,2.0,mean,-0.40183023660814227,0.75,3.4139553923471304,2.8769250625769427,2.8769250625769427,2.8758335874462917,1.1871185479055082,1.051019278157357,1.1940772500132892,1.1866681676057125,1.1646087529512934,1.2085425877709959,1.1866681676057125,1.1646087529512934,1.2085425877709959,4.974995007273436,0.686222878084487,0.657015916732398,0.7128541843883438,2.939479184146319,1.161415059769715,1.1431344992838817,1.1806238921876921
ratio,ideal,nv_charge_readout_master_v1_4,thin_all_counts,4,ratio100,100.0,5.437,1.0,24.449647422396623,0.9249776330930897,100.0,21.580111284109183,0.009900990099009901,9.422120008455401,636.7993609310438,0.0,0.1,off,2.0,mean,-0.40183023660814227,0.76,3.6465968457218483,3.028186708313308,3.028186708313308,3.330009387665824,1.0950710407089683,1.0601662620364634,1.1416480306544423,1.2042179683672785,1.1857634636185677,1.2171438528285095,1.2042179683672785,1.1857634636185677,1.2171438528285095,4.974995007273436,0.7329850261941024,0.7026582426748499,0.7573273073982458,3.1048458654751396,1.1744856278602427,1.1571895985587974,1.1903868423085933
ratio,ideal,nv_charge_readout_master_v1_4,thin_all_counts,4,ratio100,100.0,5.437,1.0,24.449647422396623,0.9249776330930897,100.0,21.580111284109183,0.009900990099009901,9.422120008455401,636.7993609310438,0.0,0.1,off,2.0,mean,-0.40183023660814227,0.77,3.8676125729046897,3.18740131944613,3.18740131944613,3.330009387665824,1.1614419428456026,1.1220279491096417,1.2002278646580968,1.2134062156869405,1.2041456212058026,1.2209768809848618,1.2134062156869405,1.2041456212058026,1.2209768809848618,4.974995007273436,0.7774103425732579,0.748468698407752,0.8063359107597198,3.2702125468039607,1.1826792655066347,1.166726706001845,1.1990506237203566
ratio,ideal,nv_charge_readout_master_v1_4,thin_all_counts,4,ratio100,100.0,5.437,1.0,24.449647422396623,0.9249776330930897,100.0,21.580111284109183,0.009900990099009901,9.422120008455401,636.7993609310438,0.0,0.1,off,2.0,mean,-0.40183023660814227,0.78,4.10819495704575,4.096917417164636,4.0970714029917765,3.466244639340923,1.1852005223228816,1.1770831251994973,1.2210916541390264,1.0027526890910385,0.9989017077290121,1.2254314265617663,1.0027150012679424,0.9988659501674563,1.2254314265617663,4.974995007273436,0.825768659272939,0.7952356857707151,0.8601757827743224,3.4355792281327813,1.1957794258985937,1.1776824910559196,1.2136673742872894
ratio,ideal,nv_charge_readout_master_v1_4,thin_all_counts,4,ratio100,100.0,5.437,1.0,24.449647422396623,0.9249776330930897,100.0,21.580111284109183,0.009900990099009901,9.422120008455401,636.7993609310438,0.0,0.1,off,2.0,mean,-0.40183023660814227,0.79,4.383466965563058,4.280530421988625,4.281794697552449,3.5591460076725028,1.2316063898793572,1.1432431480919079,1.2443329741267715,1.0240476140633552,1.0099687113810185,1.0419593402450658,1.023745245905584,1.0097954964883884,1.0415078757595235,4.974995007273436,0.881099771789607,0.8463384617102974,0.9192035224483108,3.600945909461602,1.2173098612909894,1.200589832907465,1.2340480713144082
ratio,ideal,nv_charge_readout_master_v1_4,thin_all_counts,4,ratio100,100.0,5.437,1.0,24.449647422396623,0.9249776330930897,100.0,21.580111284109183,0.009900990099009901,9.422120008455401,636.7993609310438,0.0,0.1,off,2.0,mean,-0.40183023660814227,0.8,4.669034137170535,4.472372476145961,4.474846549806414,3.9064728446249743,1.1952045548184957,1.1576958501637145,1.239681857753697,1.0439725586528175,1.0279789419231993,1.061121408232423,1.0433953623219823,1.0274636782615116,1.060355354745576,4.974995007273436,0.9385002658986419,0.9040762251361479,0.9742770473016856,3.7663125907904225,1.2396831183336967,1.223821492090747,1.251364333629971
ratio,ideal,nv_charge_readout_master_v1_4,thin_all_counts,4,ratio100,100.0,5.437,1.0,24.449647422396623,0.9249776330930897,100.0,21.580111284109183,0.009900990099009901,9.422120008455401,636.7993609310438,0.0,0.1,off,2.0,mean,-0.40183023660814227,0.81,4.956926542329007,4.672812383867016,4.676602466662072,3.922313392974429,1.2637762579623946,1.2135426754883816,1.2680342294025606,1.0608015334497274,1.0445355143467967,1.0806640889391426,1.059941822651224,1.0438238700826667,1.0792292948013247,4.974995007273436,0.9963681441050668,0.9618818804063624,1.0026815092471464,3.9780095770017776,1.2460821037200815,1.2329791791618732,1.2585228637306354
ratio,ideal,nv_charge_readout_master_v1_4,thin_all_counts,4,ratio100,100.0,5.437,1.0,24.449647422396623,0.9249776330930897,100.0,21.580111284109183,0.009900990099009901,9.422120008455401,636.7993609310438,0.0,0.1,off,2.0,mean,-0.40183023660814227,0.82,5.274560565832311,4.882235478212509,4.887454885382808,4.2761221373685885,1.2334915599670253,1.2097234269167887,1.239583062425253,1.0803576741373073,1.0605106979356917,1.102945499951266,1.0792039393769632,1.0589012525881447,1.1019243127449672,5.2873599590761025,0.9975792468561138,0.9876480625784317,1.008598099429765,4.2360368680956615,1.2451639893784787,1.2316255223845947,1.2602851711178025
ratio,ideal,nv_charge_readout_master_v1_4,thin_all_counts,4,ratio100,100.0,5.437,1.0,24.449647422396623,0.9249776330930897,100.0,21.580111284109183,0.009900990099009901,9.422120008455401,636.7993609310438,0.0,0.1,off,2.0,mean,-0.40183023660814227,0.83,5.644728446072108,5.101044361851977,5.107813936920281,4.469276725942915,1.2630071468401185,1.2299091744841073,1.2950724839328072,1.1065828966879916,1.0830814262832307,1.1311663569450519,1.1051163013732554,1.0823089184423955,1.1291776219357568,5.6291226701166,1.0027723282774337,0.9900044400483976,1.0182848207351096,4.4940641591895485,1.256040912217432,1.2397419863529688,1.2740841563251433
ratio,ideal,nv_charge_readout_master_v1_4,thin_all_counts,4,ratio100,100.0,5.437,1.0,24.449647422396623,0.9249776330930897,100.0,21.580111284109183,0.009900990099009901,9.422120008455401,636.7993609310438,0.0,0.1,off,2.0,mean,-0.40183023660814227,0.84,6.050835925038025,5.329659681041963,5.338108243663838,4.641618459202157,1.3036047616197426,1.2832691865636838,1.323290745648607,1.1353137511877813,1.1092132157088261,1.1629301726447054,1.1335169031501322,1.1072277006324436,1.1601366373934994,5.992976131845871,1.0096546009727445,0.9922335362163036,1.027908183230523,4.752091450283436,1.2732995541735894,1.2516915312090242,1.2918217232873341
ratio,ideal,nv_charge_readout_master_v1_4,thin_all_counts,4,ratio100,100.0,5.437,1.0,24.449647422396623,0.9249776330930897,100.0,21.580111284109183,0.009900990099009901,9.422120008455401,636.7993609310438,0.0,0.1,off,2.0,mean,-0.40183023660814227,0.85,6.498454025603795,5.568520934291885,5.578785753157819,4.851773061460295,1.339397771347508,1.2817286131581027,1.3461593780659904,1.1669982213023977,1.1429002577116358,1.2032169854970598,1.1648509753086336,1.1409624197584531,1.2017145738292394,6.380348239263073,1.0185108683588662,1.0003757741632038,1.04314404736045,5.010118741377323,1.2970658703025701,1.2788990108878546,1.3252977175258334
ratio,ideal,nv_charge_readout_master_v1_4,thin_all_counts,4,ratio100,100.0,5.437,1.0,24.449647422396623,0.9249776330930897,100.0,21.580111284109183,0.009900990099009901,9.422120008455401,636.7993609310438,0.0,0.1,off,2.0,mean,-0.40183023660814227,0.86,7.121158885025881,5.818087317272148,5.830314609408393,5.517838673883249,1.2905703312297594,1.2608423778474764,1.339384466445382,1.2239690634902136,1.1805368532227147,1.2700732658835852,1.2214021647364364,1.1786784481671582,1.2674898090037092,6.792759183195483,1.0483455534008657,1.0151939852988312,1.0817169865323621,5.26814603247121,1.3517390826171631,1.3138631771869318,1.373442744490666
ratio,ideal,nv_charge_readout_master_v1_4,thin_all_counts,4,ratio100,100.0,5.437,1.0,24.449647422396623,0.9249776330930897,100.0,21.580111284109183,0.009900990099009901,9.422120008455401,636.7993609310438,0.0,0.1,off,2.0,mean,-0.40183023660814227,0.87,7.884665125309521,6.0788386055888175,6.0931840634747045,5.720432482447231,1.3783337447829502,1.3165919508407475,1.4066220943618521,1.297067686261722,1.2456033055006819,1.343566803041736,1.2940139413436995,1.2434408208134462,1.340277212931815,7.2318274160872305,1.0902728552080834,1.0503662714053068,1.1263392145442852,5.731487473628475,1.3756751910543596,1.355162990905059,1.40592045210539
ratio,ideal,nv_charge_readout_master_v1_4,thin_all_counts,4,ratio100,100.0,5.437,1.0,24.449647422396623,0.9249776330930897,100.0,21.580111284109183,0.009900990099009901,9.422120008455401,636.7993609310438,0.0,0.1,off,2.0,mean,-0.40183023660814227,0.88,8.813804899266838,6.351276077121913,6.367905425115541,6.138569250023349,1.435807684214577,1.3731471461234754,1.471014448532292,1.3877218990708435,1.3149966430050268,1.4338863246754456,1.3840979585696214,1.3108352335087101,1.4289587819776985,7.699276003402789,1.1447576233624395,1.102483226162385,1.1807526938018074,6.240067625816652,1.4124534264343578,1.3717561255858977,1.4564587387530303
ratio,ideal,nv_charge_readout_master_v1_4,thin_all_counts,4,ratio100,100.0,5.437,1.0,24.449647422396623,0.9249776330930897,100.0,21.580111284109183,0.009900990099009901,9.422120008455401,636.7993609310438,0.0,0.1,off,2.0,mean,-0.40183023660814227,0.89,10.123152581575228,12.562137780179269,10.297835088016154,7.072000026032108,1.4314412534377539,1.3418104255616017,1.5388214979050314,0.8058463263750929,0.7710720078846826,1.4457174313602434,0.9830369679696844,0.9634298349811953,1.4298270502487893,8.208672691384646,1.2332264864452338,1.1755321806818189,1.285761344101411,6.748647778004829,1.5000268075285503,1.4234847749365829,1.5832854599103852
ratio,ideal,nv_charge_readout_master_v1_4,thin_all_counts,4,ratio100,100.0,5.437,1.0,24.449647422396623,0.9249776330930897,100.0,21.580111284109183,0.009900990099009901,9.422120008455401,636.7993609310438,0.0,0.1,off,2.0,mean,-0.40183023660814227,0.9,14.063818411898154,13.125463994609477,12.173556006543059,8.17264786619566,1.7208398847171686,1.4643200592892085,1.9404751929787036,1.0714911425359173,0.8513302769967301,1.1275681585361614,1.1552761086685859,0.973953004126335,1.1945089605872696,9.044487189792017,1.5549602887127931,1.2706354514779303,1.6058131928624089,7.257227930193006,1.9379050165128446,1.565960857338793,2.015579027898252
ratio,ideal,nv_charge_readout_master_v1_4,thin_all_counts,4,ratio100,100.0,5.437,1.0,24.449647422396623,0.9249776330930897,100.0,21.580111284109183,0.009900990099009901,9.422120008455401,636.7993609310438,0.0,0.1,off,2.0,mean,-0.40183023660814227,0.91,16.077506072950374,13.714051548265315,13.060403459707246,10.22767718837852,1.5719606492096645,1.5136654027936371,1.9739100359762027,1.1723381683645495,1.1359601322695871,1.2043774573876185,1.2310114402323953,1.191242885185266,1.2666961753790549,9.965405078480888,1.613331916398245,1.552243699099935,1.6819784260038113,8.174694581697276,1.9667408870475835,1.8811458728055632,2.069571889523019
ratio,ideal,nv_charge_readout_master_v1_4,thin_all_counts,4,ratio100,100.0,5.437,1.0,24.449647422396623,0.9249776330930897,100.0,21.580111284109183,0.009900990099009901,9.422120008455401,636.7993609310438,0.0,0.1,off,2.0,mean,-0.40183023660814227,0.92,17.476396641652713,14.329033239946357,13.910781215665425,11.150494832806627,1.5673202762476712,1.5378434647437684,1.6713491053561198,1.219649389390218,1.1950831451741855,1.2528892462631163,1.2563202864532095,1.2293858209378035,1.2867305512754568,10.980091661835429,1.5916439661790003,1.5382278444850535,1.6582875379291515,9.17806175826795,1.904148947996488,1.841304894078843,1.9906705263192066
ratio,ideal,nv_charge_readout_master_v1_4,thin_all_counts,4,ratio100,100.0,5.437,1.0,24.449647422396623,0.9249776330930897,100.0,21.580111284109183,0.009900990099009901,9.422120008455401,636.7993609310438,0.0,0.1,off,2.0,mean,-0.40183023660814227,0.93,19.442756928909546,14.971592666753434,14.816528036603822,11.916399371587227,1.6315966192999314,1.5940802452371898,1.7320817823896901,1.2986431945937837,1.2625788800897495,1.3373266829527706,1.3122343426797933,1.2786734207535801,1.3451337522290412,12.197121994824291,1.594044639150109,1.529379569441125,1.6683342499498461,10.277291709386553,1.891817171166982,1.7786337618037074,1.9821921594470322
ratio,ideal,nv_charge_readout_master_v1_4,thin_all_counts,4,ratio100,100.0,5.437,1.0,24.449647422396623,0.9249776330930897,100.0,21.580111284109183,0.009900990099009901,9.422120008455401,636.7993609310438,0.0,0.1,off,2.0,mean,-0.40183023660814227,0.94,22.54266195445028,31.758322821713765,25.429793794446347,14.490469572850074,1.5556888506006126,1.4220092251159349,1.6999301443318886,0.7098190317228414,0.6875296296087947,1.4212763587272905,0.886466565032604,0.8252749499121903,1.4052240577431754,14.790974598491836,1.5240822573482649,1.456563710897045,1.6402182378045722,12.535589752766441,1.7982928924006476,1.697638743310636,1.92401335455289
ratio,ideal,nv_charge_readout_master_v1_4,thin_all_counts,4,ratio100,100.0,5.437,1.0,24.449647422396623,0.9249776330930897,100.0,21.580111284109183,0.009900990099009901,9.422120008455401,636.7993609310438,0.0,0.1,off,2.0,mean,-0.40183023660814227,0.95,nan,nan,33.143519497595506,32.33434560341061,nan,nan,nan,nan,nan,nan,nan,nan,nan,21.248510584009857,nan,nan,nan,17.628065617397098,nan,nan,nan
ratio,ideal,nv_charge_readout_master_v1_4,thin_all_counts,4,ratio100,100.0,5.437,1.0,24.449647422396623,0.9249776330930897,100.0,21.580111284109183,0.009900990099009901,9.422120008455401,636.7993609310438,0.0,0.1,off,2.0,mean,-0.40183023660814227,0.96,nan,nan,nan,nan,nan,nan,nan,nan,nan,nan,nan,nan,nan,nan,nan,nan,nan,nan,nan,nan,nan
ratio,ideal,nv_charge_readout_master_v1_4,thin_all_counts,4,ratio100,100.0,5.437,1.0,24.449647422396623,0.9249776330930897,100.0,21.580111284109183,0.009900990099009901,9.422120008455401,636.7993609310438,0.0,0.1,off,2.0,mean,-0.40183023660814227,0.97,nan,nan,nan,nan,nan,nan,nan,nan,nan,nan,nan,nan,nan,nan,nan,nan,nan,nan,nan,nan,nan
ratio,ideal,nv_charge_readout_master_v1_4,thin_all_counts,4,ratio100,100.0,5.437,1.0,24.449647422396623,0.9249776330930897,100.0,21.580111284109183,0.009900990099009901,9.422120008455401,636.7993609310438,0.0,0.1,off,2.0,mean,-0.40183023660814227,0.98,nan,nan,nan,nan,nan,nan,nan,nan,nan,nan,nan,nan,nan,nan,nan,nan,nan,nan,nan,nan,nan
ratio,ideal,nv_charge_readout_master_v1_4,thin_all_counts,4,ratio100,100.0,5.437,1.0,24.449647422396623,0.9249776330930897,100.0,21.580111284109183,0.009900990099009901,9.422120008455401,636.7993609310438,0.0,0.1,off,2.0,mean,-0.40183023660814227,0.99,nan,nan,nan,nan,nan,nan,nan,nan,nan,nan,nan,nan,nan,nan,nan,nan,nan,nan,nan,nan,nan
