experiment,detector,physics_layer,efficiency_model,point_index,point,sweep_value,power_uw,detection_efficiency,photons_per_bright_dwell,contrast,switching_ratio,snr_per_bright_dwell,p_bright_stationary,gamma_tot_khz,horizon_us,noise_sigma,noise_tau_c_ms,noise_kind,noise_photon_order,noise_renormalise,q_excess_finest_bin,target_fidelity,t_threshold_us,t_adaptive_count_us,t_fixed_count_mmpp_us,t_adaptive_mmpp_us,speedup_mmpp,speedup_mmpp_ci_low,speedup_mmpp_ci_high,speedup_count,speedup_count_ci_low,speedup_count_ci_high,speedup_fixed_count_mmpp,speedup_fixed_count_mmpp_ci_low,speedup_fixed_count_mmpp_ci_high,t_learned_us,speedup_learned,speedup_learned_ci_low,speedup_learned_ci_high,t_optimal_us,speedup_optimal,speedup_optimal_ci_low,speedup_optimal_ci_high
power,ideal,nv_charge_readout_master_v1_4,thin_all_counts,0,P0.875,0.875,0.875,1.0,171.45991687013145,0.9184268594645132,7.871161989405721,32.32294520680136,0.1127248043936339,0.2631688988965571,22799.046639467833,0.0,0.1,off,2.0,mean,-0.4062081894339915,0.55,2.8348038875428396,9.080935534601783,9.080935534601783,2.704005462658488,1.048372100829913,1.0295108539095388,1.0717142016445178,0.31217090758338384,0.2906048303156171,0.33359105651823623,0.31217090758338384,0.2906048303156171,0.33359105651823623,178.11755187085876,0.015915353977008218,0.014801261059832921,0.017041544254058922,,,,
power,ideal,nv_charge_readout_master_v1_4,thin_all_counts,0,P0.875,0.875,0.875,1.0,171.45991687013145,0.9184268594645132,7.871161989405721,32.32294520680136,0.1127248043936339,0.2631688988965571,22799.046639467833,0.0,0.1,off,2.0,mean,-0.4062081894339915,0.56,3.4274349504016803,9.080935534601783,9.080935534601783,3.2184885739142017,1.0649206519423389,1.0425436979251919,1.0866244300751449,0.37743192178183216,0.35215149674021334,0.3974289301440854,0.37743192178183216,0.35215149674021334,0.3974289301440854,178.11755187085876,0.019242544681316337,0.017915628897579007,0.020296962183543776,,,,
power,ideal,nv_charge_readout_master_v1_4,thin_all_counts,0,P0.875,0.875,0.875,1.0,171.45991687013145,0.9184268594645132,7.871161989405721,32.32294520680136,0.1127248043936339,0.2631688988965571,22799.046639467833,0.0,0.1,off,2.0,mean,-0.4062081894339915,0.57,3.9824216494276654,9.080935534601783,9.080935534601783,3.8110014811279584,1.0449803468061027,1.0380492839063489,1.0555948995519056,0.43854750804618525,0.4138418353763979,0.46250692017731515,0.43854750804618525,0.4138418353763979,0.46250692017731515,178.11755187085876,0.022358389768993993,0.02104191023247021,0.02367081047995033,,,,
power,ideal,nv_charge_readout_master_v1_4,thin_all_counts,0,P0.875,0.875,0.875,1.0,171.45991687013145,0.9184268594645132,7.871161989405721,32.32294520680136,0.1127248043936339,0.2631688988965571,22799.046639467833,0.0,0.1,off,2.0,mean,-0.4062081894339915,0.58,4.5612746450873,9.080935534601783,9.080935534601783,4.299975504483191,1.0607675881715317,1.0428527250804225,1.0867502313264987,0.5022912702889616,0.4755100705640995,0.535850649595559,0.5022912702889616,0.4755100705640995,0.535850649595559,178.11755187085876,0.025608226686129047,0.02418397720041796,0.027407338070040015,,,,
power,ideal,nv_charge_readout_master_v1_4,thin_all_counts,0,P0.875,0.875,0.875,1.0,171.45991687013145,0.9184268594645132,7.871161989405721,32.32294520680136,0.1127248043936339,0.2631688988965571,22799.046639467833,0.0,0.1,off,2.0,mean,-0.4062081894339915,0.59,5.27837672497484,9.080935534601783,9.080935534601783,4.851687786193923,1.087946495649434,1.0667416088049753,1.1083653265876439,0.5812591340244887,0.5456181662150951,0.6136577804369362,0.5812591340244887,0.5456181662150951,0.6136577804369362,178.11755187085876,0.02963423126768462,0.02771555413524193,0.03141135132118515,,,,
power,ideal,nv_charge_readout_master_v1_4,thin_all_counts,0,P0.875,0.875,0.875,1.0,171.45991687013145,0.9184268594645132,7.871161989405721,32.32294520680136,0.1127248043936339,0.2631688988965571,22799.046639467833,0.0,0.1,off,2.0,mean,-0.4062081894339915,0.6,5.909168384084432,9.080935534601783,9.080935534601783,5.474188015759965,1.0794602536617626,1.0675394574924972,1.0943604452676015,0.6507224240903677,0.6207503678326703,0.6812717596689791,0.6507224240903677,0.6207503678326703,0.6812717596689791,178.11755187085876,0.03317566585671904,0.03149032108679915,0.034821164947736336,,,,
power,ideal,nv_charge_readout_master_v1_4,thin_all_counts,0,P0.875,0.875,0.875,1.0,171.45991687013145,0.9184268594645132,7.871161989405721,32.32294520680136,0.1127248043936339,0.2631688988965571,22799.046639467833,0.0,0.1,off,2.0,mean,-0.4062081894339915,0.61,6.562592539770687,9.080935534601783,9.080935534601783,6.1261199595458695,1.071247801725576,1.0655777041400158,1.0801998869858447,0.7226780230698411,0.6897454727335129,0.7555827059685988,0.7226780230698411,0.6897454727335129,0.7555827059685988,178.11755187085876,0.036844165388758475,0.035053825086159424,0.03862188721561736,,,,
power,ideal,nv_charge_readout_master_v1_4,thin_all_counts,0,P0.875,0.875,0.875,1.0,171.45991687013145,0.9184268594645132,7.871161989405721,32.32294520680136,0.1127248043936339,0.2631688988965571,22799.046639467833,0.0,0.1,off,2.0,mean,-0.4062081894339915,0.62,7.274872878618227,9.080935534601783,9.080935534601783,6.695037822886956,1.086606688575994,1.0715446630091117,1.102440263470144,0.8011149127640234,0.7622044706931731,0.8366124577765183,0.8011149127640234,0.7622044706931731,0.8366124577765183,178.11755187085876,0.04084309941500182,0.03876115168496281,0.04274752879314006,,,,
power,ideal,nv_charge_readout_master_v1_4,thin_all_counts,0,P0.875,0.875,0.875,1.0,171.45991687013145,0.9184268594645132,7.871161989405721,32.32294520680136,0.1127248043936339,0.2631688988965571,22799.046639467833,0.0,0.1,off,2.0,mean,-0.4062081894339915,0.63,7.99479266213669,9.080935534601783,9.080935534601783,7.316789704720325,1.0926639940162501,1.0794812349266347,1.1038160781619346,0.8803930643129796,0.8382834627747514,0.9218759981852864,0.8803930643129796,0.8382834627747514,0.9218759981852864,178.11755187085876,0.04488492334507935,0.04262786619842533,0.047151643486097065,,,,
power,ideal,nv_charge_readout_master_v1_4,thin_all_counts,0,P0.875,0.875,0.875,1.0,171.45991687013145,0.9184268594645132,7.871161989405721,32.32294520680136,0.1127248043936339,0.2631688988965571,22799.046639467833,0.0,0.1,off,2.0,mean,-0.4062081894339915,0.64,8.74988682088895,9.080935534601783,9.080935534601783,7.996282171863284,1.094244379178788,0.998123421895331,1.1048593276624747,0.9635446466444549,0.9219019688638636,1.0032708084285114,0.9635446466444549,0.9219019688638636,1.0032708084285114,178.11755187085876,0.049124225709282786,0.04687148506238895,0.051237508502429335,,,,
power,ideal,nv_charge_readout_master_v1_4,thin_all_counts,0,P0.875,0.875,0.875,1.0,171.45991687013145,0.9184268594645132,7.871161989405721,32.32294520680136,0.1127248043936339,0.2631688988965571,22799.046639467833,0.0,0.1,off,2.0,mean,-0.4062081894339915,0.65,9.476491388475937,9.080935534601783,9.080935534601783,9.080935534601782,1.0435589320469172,1.006479442550489,1.0945343781747927,1.043558932046917,1.0015546478134327,1.080391328280139,1.043558932046917,1.0015546478134327,1.080391328280139,178.11755187085876,0.05320357982096404,0.050953139467688764,0.055568153795051096,,,,
power,ideal,nv_charge_readout_master_v1_4,thin_all_counts,0,P0.875,0.875,0.875,1.0,171.45991687013145,0.9184268594645132,7.871161989405721,32.32294520680136,0.1127248043936339,0.2631688988965571,22799.046639467833,0.0,0.1,off,2.0,mean,-0.4062081894339915,0.66,10.244065164517975,10.165760068269087,10.165760068269087,9.292605382862337,1.1023889148903647,1.0380063261260435,1.1072309929630388,1.0077028275036026,0.9996504393975943,1.0975093600164572,1.0077028275036026,0.9996504393975943,1.0975093600164572,178.11755187085876,0.05751294612417123,0.055114720079662866,0.059842537620478656,,,,
power,ideal,nv_charge_readout_master_v1_4,thin_all_counts,0,P0.875,0.875,0.875,1.0,171.45991687013145,0.9184268594645132,7.871161989405721,32.32294520680136,0.1127248043936339,0.2631688988965571,22799.046639467833,0.0,0.1,off,2.0,mean,-0.4062081894339915,0.67,11.019556432276831,10.686653805613547,10.686653805613547,10.247376974798092,1.0753538646404637,1.0517690351337166,1.1024208847638821,1.0311512502153306,1.015062013757038,1.0511065139049582,1.0311512502153306,1.015062013757038,1.0511065139049582,178.11755187085876,0.06186676336235736,0.05935809096879747,0.06456855889776295,,,,
power,ideal,nv_charge_readout_master_v1_4,thin_all_counts,0,P0.875,0.875,0.875,1.0,171.45991687013145,0.9184268594645132,7.871161989405721,32.32294520680136,0.1127248043936339,0.2631688988965571,22799.046639467833,0.0,0.1,off,2.0,mean,-0.4062081894339915,0.68,11.852407923249563,11.234238147869252,11.234238147869252,10.575048210760121,1.120789965873605,1.0969633785897315,1.1283970257580354,1.0550255181743282,1.0357350982614146,1.0770454868338066,1.0550255181743282,1.0357350982614146,1.0770454868338066,178.11755187085876,0.06654261637192813,0.06373196331265582,0.06960191053358271,,,,
power,ideal,nv_charge_readout_master_v1_4,thin_all_counts,0,P0.875,0.875,0.875,1.0,171.45991687013145,0.9184268594645132,7.871161989405721,32.32294520680136,0.1127248043936339,0.2631688988965571,22799.046639467833,0.0,0.1,off,2.0,mean,-0.4062081894339915,0.69,12.740594246751824,11.809880722134501,11.809880722134501,11.224277237057377,1.135092619121013,1.1264934500535084,1.1467339345654075,1.0788080376521454,1.0579057920025792,1.102979930992342,1.0788080376521454,1.0579057920025792,1.102979930992342,178.11755187085876,0.07152913406304386,0.06858852157135219,0.07489161520439631,,,,
power,ideal,nv_charge_readout_master_v1_4,thin_all_counts,0,P0.875,0.875,0.875,1.0,171.45991687013145,0.9184268594645132,7.871161989405721,32.32294520680136,0.1127248043936339,0.2631688988965571,22799.046639467833,0.0,0.1,off,2.0,mean,-0.4062081894339915,0.7,13.693620726045905,12.415019232745875,12.415019232745875,11.913364079620479,1.1494335801816726,1.1356347385938568,1.1611317046785548,1.1029882813171636,1.0796953679321488,1.1275478895446098,1.1029882813171636,1.0796953679321488,1.1275478895446098,178.11755187085876,0.0768796818854452,0.07381654928518792,0.08004409070347457,,,,
power,ideal,nv_charge_readout_master_v1_4,thin_all_counts,0,P0.875,0.875,0.875,1.0,171.45991687013145,0.9184268594645132,7.871161989405721,32.32294520680136,0.1127248043936339,0.2631688988965571,22799.046639467833,0.0,0.1,off,2.0,mean,-0.4062081894339915,0.71,14.631408367733602,13.051165052037229,13.051165052037229,12.644755710863057,1.157112774837067,1.1447376224748842,1.1677932051871942,1.121080632219091,1.0998941081098923,1.1490476088234436,1.121080632219091,1.0998941081098923,1.1490476088234436,178.11755187085876,0.08214467476142871,0.07925128978271126,0.08559006521834785,,,,
power,ideal,nv_charge_readout_master_v1_4,thin_all_counts,0,P0.875,0.875,0.875,1.0,171.45991687013145,0.9184268594645132,7.871161989405721,32.32294520680136,0.1127248043936339,0.2631688988965571,22799.046639467833,0.0,0.1,off,2.0,mean,-0.4062081894339915,0.72,15.633419028190135,13.719906995089266,13.719906995089266,13.421049329040358,1.1648432730489016,1.1522073892444396,1.1760425542932131,1.1394697525125912,1.1152708445654738,1.1685858434572027,1.1394697525125912,1.1152708445654738,1.1685858434572027,178.11755187085876,0.08777023299492064,0.08456885646155127,0.09122542621913159,,,,
power,ideal,nv_charge_readout_master_v1_4,thin_all_counts,0,P0.875,0.875,0.875,1.0,171.45991687013145,0.9184268594645132,7.871161989405721,32.32294520680136,0.1127248043936339,0.2631688988965571,22799.046639467833,0.0,0.1,off,2.0,mean,-0.4062081894339915,0.73,16.65341403446273,14.422915287897352,14.422915287897352,14.24500158099459,1.1690707045397173,1.158419560718791,1.1786839536496292,1.1546496462082843,1.1310509266296696,1.1807460742660807,1.1546496462082843,1.1310509266296696,1.1807460742660807,178.11755187085876,0.09349676019877602,0.09043102819132243,0.09703332726608603,,,,
power,ideal,nv_charge_readout_master_v1_4,thin_all_counts,0,P0.875,0.875,0.875,1.0,171.45991687013145,0.9184268594645132,7.871161989405721,32.32294520680136,0.1127248043936339,0.2631688988965571,22799.046639467833,0.0,0.1,off,2.0,mean,-0.4062081894339915,0.74,17.715493728177663,15.161945738868305,15.161945738868305,15.052158706947857,1.1769404025749775,1.1681831338281965,1.1849133880070144,1.1684182250278885,1.145196359683044,1.1957525691586375,1.1684182250278885,1.145196359683044,1.1957525691586375,178.11755187085876,0.0994595621941963,0.09619730990920516,0.10347327112892857,,,,
power,ideal,nv_charge_readout_master_v1_4,thin_all_counts,0,P0.875,0.875,0.875,1.0,171.45991687013145,0.9184268594645132,7.871161989405721,32.32294520680136,0.1127248043936339,0.2631688988965571,22799.046639467833,0.0,0.1,off,2.0,mean,-0.4062081894339915,0.75,18.85748405097122,15.938844124064778,15.938844124064778,15.891388877854528,1.1866479510327823,1.1782620799531232,1.1962178520917293,1.1831149049572436,1.1589740377074744,1.2128829788036788,1.1831149049572436,1.1589740377074744,1.2128829788036788,178.11755187085876,0.10587100402459794,0.10240660380994836,0.1102504190870738,,,,
power,ideal,nv_charge_readout_master_v1_4,thin_all_counts,0,P0.875,0.875,0.875,1.0,171.45991687013145,0.9184268594645132,7.871161989405721,32.32294520680136,0.1127248043936339,0.2631688988965571,22799.046639467833,0.0,0.1,off,2.0,mean,-0.4062081894339915,0.76,20.129350873542844,16.75555079714963,16.75555079714963,16.79277630534614,1.198691062604965,1.188793963024846,1.2098485674845176,1.201354173147632,1.1786638908479472,1.228171253748662,1.201354173147632,1.1786638908479472,1.228171253748662,178.11755187085876,0.11301160757103434,0.10908016176991053,0.11741075869429651,,,,
power,ideal,nv_charge_readout_master_v1_4,thin_all_counts,0,P0.875,0.875,0.875,1.0,171.45991687013145,0.9184268594645132,7.871161989405721,32.32294520680136,0.1127248043936339,0.2631688988965571,22799.046639467833,0.0,0.1,off,2.0,mean,-0.4062081894339915,0.77,21.48700035990917,17.614105535543956,17.614105535543956,17.747314413068267,1.2107184140540825,1.1979614838469923,1.2232739595771411,1.2198746235822193,1.1969131991747533,1.2451101660490225,1.2198746235822193,1.1969131991747533,1.2451101660490225,178.11755187085876,0.12063381813987636,0.1163852660008356,0.1251508701283855,,,,
power,ideal,nv_charge_readout_master_v1_4,thin_all_counts,0,P0.875,0.875,0.875,1.0,171.45991687013145,0.9184268594645132,7.871161989405721,32.32294520680136,0.1127248043936339,0.2631688988965571,22799.046639467833,0.0,0.1,off,2.0,mean,-0.4062081894339915,0.78,22.901295260753674,18.51665263490231,18.51665263490231,18.75611055308513,1.221004493225634,1.2093738642804641,1.230338164005295,1.236794560674897,1.2136459497924759,1.2591330723041323,1.236794560674897,1.2136459497924759,1.2591330723041323,178.11755187085876,0.12857405135097458,0.12395204380097297,0.13323802034916507,,,,
power,ideal,nv_charge_readout_master_v1_4,thin_all_counts,0,P0.875,0.875,0.875,1.0,171.45991687013145,0.9184268594645132,7.871161989405721,32.32294520680136,0.1127248043936339,0.2631688988965571,22799.046639467833,0.0,0.1,off,2.0,mean,-0.4062081894339915,0.79,24.40048664958824,19.465446264628977,19.465446264628977,19.822248870539468,1.2309645998771166,1.2218220054824163,1.2426301048032455,1.2535282427059902,1.2306596737509978,1.2740775529102017,1.2535282427059902,1.2306596737509978,1.2740775529102017,178.11755187085876,0.13699091635438274,0.1321260556248303,0.14203615577034684,,,,
power,ideal,nv_charge_readout_master_v1_4,thin_all_counts,0,P0.875,0.875,0.875,1.0,171.45991687013145,0.9184268594645132,7.871161989405721,32.32294520680136,0.1127248043936339,0.2631688988965571,22799.046639467833,0.0,0.1,off,2.0,mean,-0.4062081894339915,0.8,25.903469282031175,20.46285609781096,20.46285609781096,20.734240229586703,1.2493088242060708,1.2372647083475692,1.2585802511230677,1.2658775079204232,1.2483304015879477,1.2793950644388679,1.2658775079204232,1.2483304015879477,1.2793950644388679,178.11755187085876,0.1454290664224493,0.14076417426781113,0.1500402775340882,,,,
power,ideal,nv_charge_readout_master_v1_4,thin_all_counts,0,P0.875,0.875,0.875,1.0,171.45991687013145,0.9184268594645132,7.871161989405721,32.32294520680136,0.1127248043936339,0.2631688988965571,22799.046639467833,0.0,0.1,off,2.0,mean,-0.4062081894339915,0.81,27.33771901250136,21.51137322962888,21.51137322962888,21.64354222746151,1.2630889493594553,1.2518916887208056,1.2729853572440033,1.2708495511038556,1.2590797913307274,1.2809996279086948,1.2708495511038556,1.2590797913307274,1.2809996279086948,178.11755187085876,0.1534813314317397,0.1490194585018956,0.15842847441340374,,,,
power,ideal,nv_charge_readout_master_v1_4,thin_all_counts,0,P0.875,0.875,0.875,1.0,171.45991687013145,0.9184268594645132,7.871161989405721,32.32294520680136,0.1127248043936339,0.2631688988965571,22799.046639467833,0.0,0.1,off,2.0,mean,-0.4062081894339915,0.82,28.85138174618577,22.613616399027308,22.613616399027308,22.889881029246727,1.260442625687829,1.2382300847660235,1.2732767039786337,1.2758411232016287,1.267522951160664,1.2843796783475698,1.2758411232016287,1.267522951160664,1.2843796783475698,178.11755187085876,0.1619794424701278,0.15708029585658584,0.16761798709144216,,,,
power,ideal,nv_charge_readout_master_v1_4,thin_all_counts,0,P0.875,0.875,0.875,1.0,171.45991687013145,0.9184268594645132,7.871161989405721,32.32294520680136,0.1127248043936339,0.2631688988965571,22799.046639467833,0.0,0.1,off,2.0,mean,-0.4062081894339915,0.83,30.74891399905401,30.682622014828862,30.681801784729796,24.74491972110523,1.2426354316610655,1.22251161984798,1.2867997097928057,1.0021605710292005,0.9966309500300697,1.2903152338859687,1.0021873622284339,0.9966836300549291,1.2903152338859687,178.11755187085876,0.17263270057376498,0.16567094775423363,0.17959636137475984,,,,
power,ideal,nv_charge_readout_master_v1_4,thin_all_counts,0,P0.875,0.875,0.875,1.0,171.45991687013145,0.9184268594645132,7.871161989405721,32.32294520680136,0.1127248043936339,0.2631688988965571,22799.046639467833,0.0,0.1,off,2.0,mean,-0.4062081894339915,0.84,33.076653418546165,32.766029171105934,32.76183416266152,25.412830243234684,1.3015729889964427,1.2753630097822912,1.3222040812476918,1.0094800699168682,0.9981860568977381,1.0267314041876443,1.0096093293898496,0.9982860014223592,1.0262215546221156,178.11755187085876,0.1857012577992755,0.1779041388903953,0.19315333398457077,,,,
power,ideal,nv_charge_readout_master_v1_4,thin_all_counts,0,P0.875,0.875,0.875,1.0,171.45991687013145,0.9184268594645132,7.871161989405721,32.32294520680136,0.1127248043936339,0.2631688988965571,22799.046639467833,0.0,0.1,off,2.0,mean,-0.4062081894339915,0.85,35.61908030888611,34.990903551948385,34.98287959854857,28.16837039837732,1.2645062460176255,1.2592743105373092,1.3329462350666144,1.0179525731882035,0.9984994160141994,1.0404168494503763,1.018186058941927,0.9990768740251955,1.0395950279361554,178.11755187085876,0.19997512841806375,0.1910679443505089,0.20892265637637417,,,,
power,ideal,nv_charge_readout_master_v1_4,thin_all_counts,0,P0.875,0.875,0.875,1.0,171.45991687013145,0.9184268594645132,7.871161989405721,32.32294520680136,0.1127248043936339,0.2631688988965571,22799.046639467833,0.0,0.1,off,2.0,mean,-0.4062081894339915,0.86,38.42025380422069,37.36685104527205,37.35449788709652,29.19227898735705,1.3161101201060803,1.2692930479301632,1.3280000212642238,1.0281908357135148,1.0058210028987167,1.0531577173281321,1.0285308591309514,1.0064745580564092,1.0527874522822016,178.11755187085876,0.21570167229828463,0.20617432236100358,0.22511918731629024,,,,
power,ideal,nv_charge_readout_master_v1_4,thin_all_counts,0,P0.875,0.875,0.875,1.0,171.45991687013145,0.9184268594645132,7.871161989405721,32.32294520680136,0.1127248043936339,0.2631688988965571,22799.046639467833,0.0,0.1,off,2.0,mean,-0.4062081894339915,0.87,41.52290151994158,39.90412979666541,39.88689691671325,30.81719613564372,1.3473938815580775,1.3012130563990092,1.3878804336773185,1.0405665210975592,1.012801767779174,1.0694743138118945,1.0410160912402995,1.0124921795229174,1.068138817032758,178.11755187085876,0.2331207738025003,0.22274146107605144,0.2433638162570419,,,,
power,ideal,nv_charge_readout_master_v1_4,thin_all_counts,0,P0.875,0.875,0.875,1.0,171.45991687013145,0.9184268594645132,7.871161989405721,32.32294520680136,0.1127248043936339,0.2631688988965571,22799.046639467833,0.0,0.1,off,2.0,mean,-0.4062081894339915,0.88,45.036542371845286,42.613694498899875,42.59097660616879,32.50619794887035,1.3854755466229598,1.3615773076370452,1.4136075084678634,1.0568560858530573,1.0269377895673248,1.0866489541498117,1.0574198095594334,1.0293718799912963,1.0874346856090533,178.11755187085876,0.25284730167691893,0.241458259569659,0.26337159337096666,,,,
power,ideal,nv_charge_readout_master_v1_4,thin_all_counts,0,P0.875,0.875,0.875,1.0,171.45991687013145,0.9184268594645132,7.871161989405721,32.32294520680136,0.1127248043936339,0.2631688988965571,22799.046639467833,0.0,0.1,off,2.0,mean,-0.4062081894339915,0.89,49.119171218729896,45.50724368878022,45.47837581988297,34.73088460969986,1.414279301282513,1.3883666245444621,1.4444014592486434,1.0793703867158229,1.0416888219564646,1.1149686124383889,1.0800555282199675,1.045569074578656,1.113467298340701,178.11755187085876,0.27576828169265966,0.26272988483417953,0.28738401482211706,,,,
power,ideal,nv_charge_readout_master_v1_4,thin_all_counts,0,P0.875,0.875,0.875,1.0,171.45991687013145,0.9184268594645132,7.871161989405721,32.32294520680136,0.1127248043936339,0.2631688988965571,22799.046639467833,0.0,0.1,off,2.0,mean,-0.4062081894339915,0.9,53.93422555670636,48.597270255539335,48.56152246377349,36.9937319313883,1.4579287555182951,1.4287436301756409,1.5181506370789024,1.1098200634131028,1.0744166341831851,1.1635242882590737,1.110637039786816,1.0773097628532413,1.162642316059764,178.11755187085876,0.3028012960553741,0.28985936996447814,0.3229360015132647,,,,
power,ideal,nv_charge_readout_master_v1_4,thin_all_counts,0,P0.875,0.875,0.875,1.0,171.45991687013145,0.9184268594645132,7.871161989405721,32.32294520680136,0.1127248043936339,0.2631688988965571,22799.046639467833,0.0,0.1,off,2.0,mean,-0.4062081894339915,0.91,63.215849043066626,51.89711537884688,51.85368697728586,41.2930182819257,1.5309088963045536,1.479004074852819,1.638539839956662,1.2180994758878878,1.1437151344720502,1.3175023784056636,1.2191196562504394,1.1451719904893043,1.316931493340715,178.11755187085876,0.3549108348900969,0.3283315507949603,0.39140048219359064,,,,
power,ideal,nv_charge_readout_master_v1_4,thin_all_counts,0,P0.875,0.875,0.875,1.0,171.45991687013145,0.9184268594645132,7.871161989405721,32.32294520680136,0.1127248043936339,0.2631688988965571,22799.046639467833,0.0,0.1,off,2.0,mean,-0.4062081894339915,0.92,82.67489203155765,57.43934399662438,57.281784702258705,49.2131750020194,1.679934123904121,1.5465204028965005,1.7975548685631164,1.4393425530141208,1.3212885998036574,1.5566155334522114,1.4433016090767448,1.3236905349915085,1.5554093890300296,178.11755187085876,0.4641591531164752,0.4036984734608844,0.49756600708585424,,,,
power,ideal,nv_charge_readout_master_v1_4,thin_all_counts,0,P0.875,0.875,0.875,1.0,171.45991687013145,0.9184268594645132,7.871161989405721,32.32294520680136,0.1127248043936339,0.2631688988965571,22799.046639467833,0.0,0.1,off,2.0,mean,-0.4062081894339915,0.93,92.20749105364823,124.27592260925813,123.60772522130794,58.352300532630835,1.5801860459997705,1.54745573201668,1.614346598913991,0.741957807415055,0.7276793604381119,1.377641938518066,0.745968675408915,0.7388731195637397,1.38972261848963,178.11755187085876,0.5176777363328111,0.5050103399347563,0.5288007242640403,,,,
power,ideal,nv_charge_readout_master_v1_4,thin_all_counts,0,P0.875,0.875,0.875,1.0,171.45991687013145,0.9184268594645132,7.871161989405721,32.32294520680136,0.1127248043936339,0.2631688988965571,22799.046639467833,0.0,0.1,off,2.0,mean,-0.4062081894339915,0.94,98.35208624665013,138.200807871934,131.1474593256342,58.84814976655171,1.6712859560888318,1.6227914612222623,1.7021588175663114,0.711660718639139,0.6980564918095683,0.7243399307028715,0.7499351245718425,0.7404996611912079,0.759262263954946,178.11755187085876,0.552175151823099,0.5395818898226751,0.563915896111702,,,,
power,ideal,nv_charge_readout_master_v1_4,thin_all_counts,0,P0.875,0.875,0.875,1.0,171.45991687013145,0.9184268594645132,7.871161989405721,32.32294520680136,0.1127248043936339,0.2631688988965571,22799.046639467833,0.0,0.1,off,2.0,mean,-0.4062081894339915,0.95,106.2276008942499,153.6859505481748,139.14709664605942,61.94396223016585,1.7148983866989143,1.6493507495132465,1.7526141675749356,0.6911991663216576,0.6654165807650986,0.7135746573612819,0.7634194564939794,0.7472627708452915,0.7766165042623995,178.11755187085876,0.5963904162082156,0.5763674452363157,0.6141737731625163,,,,
power,ideal,nv_charge_readout_master_v1_4,thin_all_counts,0,P0.875,0.875,0.875,1.0,171.45991687013145,0.9184268594645132,7.871161989405721,32.32294520680136,0.1127248043936339,0.2631688988965571,22799.046639467833,0.0,0.1,off,2.0,mean,-0.4062081894339915,0.96,116.59525035339908,162.70701474900395,147.63469002440146,72.55558571964448,1.6069782801275192,1.0577572644132154,1.8351334861415172,0.7165963344190288,0.6985483993858652,0.7411678827934294,0.7897551065682997,0.7755537387216728,0.8118903259924386,178.11755187085876,0.6545971979108188,0.6368632043479769,0.679894634109419,,,,
power,ideal,nv_charge_readout_master_v1_4,thin_all_counts,0,P0.875,0.875,0.875,1.0,171.45991687013145,0.9184268594645132,7.871161989405721,32.32294520680136,0.1127248043936339,0.2631688988965571,22799.046639467833,0.0,0.1,off,2.0,mean,-0.4062081894339915,0.97,138.0144838098385,168.20264686425963,156.64000344931634,104.15457544082089,1.32509285574551,1.1967935002959094,1.525674341486034,0.8205250415661822,0.7842498861001556,0.9560040828002357,0.8810934676370558,0.8488860631670334,1.017811694428903,178.11755187085876,0.7748505543681831,0.7373442000006141,0.9115120956018371,,,,
power,ideal,nv_charge_readout_master_v1_4,thin_all_counts,0,P0.875,0.875,0.875,1.0,171.45991687013145,0.9184268594645132,7.871161989405721,32.32294520680136,0.1127248043936339,0.2631688988965571,22799.046639467833,0.0,0.1,off,2.0,mean,-0.4062081894339915,0.98,195.10979130217942,173.88390080038653,169.86244124086227,110.19846701086921,1.7705309029656024,1.6660138844406307,1.867387751536141,1.1220693255907548,1.0559800112418227,1.1835968236452643,1.148634094016798,1.089337365958146,1.2064827300035055,179.760692845679,1.085386288924005,1.023602136861156,1.1454250895107831,,,,
power,ideal,nv_charge_readout_master_v1_4,thin_all_counts,0,P0.875,0.875,0.875,1.0,171.45991687013145,0.9184268594645132,7.871161989405721,32.32294520680136,0.1127248043936339,0.2631688988965571,22799.046639467833,0.0,0.1,off,2.0,mean,-0.4062081894339915,0.99,nan,nan,nan,nan,nan,nan,nan,nan,nan,nan,nan,nan,nan,nan,nan,nan,nan,,,,
power,ideal,nv_charge_readout_master_v1_4,thin_all_counts,1,P2.000,2.0,2.0,1.0,74.73019645888917,0.9241717873829185,7.77506003982318,21.521555298034922,0.11395933423381457,1.348778346121057,4448.469993053612,0.0,0.1,off,2.0,mean,0.1457226752688756,0.55,1.214580815620188,4.065737106770165,4.065737106770165,1.1631422586222802,1.0442237882912413,1.0297468222899853,1.0674775828449077,0.2987356987734643,0.2768458874052728,0.3193891805782549,0.2987356987734643,0.2768458874052728,0.3193891805782549,34.75367182073504,0.03494827314607759,0.03226574393593931,0.03750156052112253,1.1941604469117664,1.017100188472354,0.9855714499575978,1.0494823457828988
power,ideal,nv_charge_readout_master_v1_4,thin_all_counts,1,P2.000,2.0,2.0,1.0,74.73019645888917,0.9241717873829185,7.77506003982318,21.521555298034922,0.11395933423381457,1.348778346121057,4448.469993053612,0.0,0.1,off,2.0,mean,0.1457226752688756,0.56,1.4615125165065093,4.065737106770165,4.065737106770165,1.3879248020833204,1.0530199577907473,1.0323854419158172,1.0757384135160966,0.3594704916047904,0.33528441937142395,0.3819190098956173,0.3594704916047904,0.33528441937142395,0.3819190098956173,34.75367182073504,0.04205347061010482,0.03912629463905664,0.044834858859613344,1.4329925362941196,1.0199023927131858,1.0025280868297195,1.0403461191399201
power,ideal,nv_charge_readout_master_v1_4,thin_all_counts,1,P2.000,2.0,2.0,1.0,74.73019645888917,0.9241717873829185,7.77506003982318,21.521555298034922,0.11395933423381457,1.348778346121057,4448.469993053612,0.0,0.1,off,2.0,mean,0.1457226752688756,0.57,1.734967905713064,4.065737106770165,4.065737106770165,1.6561475967004478,1.0475925631082945,1.0369294794251127,1.061962912820708,0.4267289940670385,0.3960514223966328,0.45053821199536964,0.4267289940670385,0.3960514223966328,0.45053821199536964,34.75367182073504,0.04992185903873133,0.0461667340482169,0.05285850341080441,1.6790027693772704,1.033332366900473,1.0176050237788656,1.0493470613023805
power,ideal,nv_charge_readout_master_v1_4,thin_all_counts,1,P2.000,2.0,2.0,1.0,74.73019645888917,0.9241717873829185,7.77506003982318,21.521555298034922,0.11395933423381457,1.348778346121057,4448.469993053612,0.0,0.1,off,2.0,mean,0.1457226752688756,0.58,2.0085227706674993,4.065737106770165,4.065737106770165,1.88174252364088,1.0673738545172051,1.0485069671205176,1.0846618457945196,0.4940119633714037,0.46137036928365455,0.5214264888106784,0.4940119633714037,0.46137036928365455,0.5214264888106784,34.75367182073504,0.057793109776364884,0.053802059530633536,0.06113954719547736,1.9337372078813964,1.038674108602398,1.0215338545511599,1.0594321736198282
power,ideal,nv_charge_readout_master_v1_4,thin_all_counts,1,P2.000,2.0,2.0,1.0,74.73019645888917,0.9241717873829185,7.77506003982318,21.521555298034922,0.11395933423381457,1.348778346121057,4448.469993053612,0.0,0.1,off,2.0,mean,0.1457226752688756,0.59,2.294948426979389,4.065737106770165,4.065737106770165,2.127700049454553,1.078605242110001,1.0566681676760417,1.0984430715195117,0.5644606049805576,0.529000167093516,0.5975092888363054,0.5644606049805576,0.529000167093516,0.5975092888363054,34.75367182073504,0.06603470386717977,0.06171777235101134,0.070038896476479,2.1884716463855227,1.0486534887348087,1.0346203152401807,1.0647039893402266
power,ideal,nv_charge_readout_master_v1_4,thin_all_counts,1,P2.000,2.0,2.0,1.0,74.73019645888917,0.9241717873829185,7.77506003982318,21.521555298034922,0.11395933423381457,1.348778346121057,4448.469993053612,0.0,0.1,off,2.0,mean,0.1457226752688756,0.6,2.594243805454296,4.065737106770165,4.065737106770165,2.4058060247741313,1.0783262568717924,1.059282667731164,1.0937392200907825,0.638074655917724,0.5989386419116575,0.6741848731386171,0.638074655917724,0.5989386419116575,0.6741848731386171,34.75367182073504,0.07464661054624148,0.06984598016713572,0.07918001367531217,2.4539832292355768,1.0571562896387074,1.0451658056931872,1.0708341899264318
power,ideal,nv_charge_readout_master_v1_4,thin_all_counts,1,P2.000,2.0,2.0,1.0,74.73019645888917,0.9241717873829185,7.77506003982318,21.521555298034922,0.11395933423381457,1.348778346121057,4448.469993053612,0.0,0.1,off,2.0,mean,0.1457226752688756,0.61,2.908804241819868,4.065737106770165,4.065737106770165,2.7066160187062938,1.0747014802676798,1.0647444337641587,1.0901926418940582,0.7154432678335743,0.6750533303403803,0.7543867527906261,0.7154432678335743,0.6750533303403803,0.7543867527906261,34.75367182073504,0.08369775305538771,0.078770721980602,0.08855687452251598,2.7286139342244935,1.0660373038982471,1.0529665319847574,1.0835713131236984
power,ideal,nv_charge_readout_master_v1_4,thin_all_counts,1,P2.000,2.0,2.0,1.0,74.73019645888917,0.9241717873829185,7.77506003982318,21.521555298034922,0.11395933423381457,1.348778346121057,4448.469993053612,0.0,0.1,off,2.0,mean,0.1457226752688756,0.62,3.2067707821434692,4.065737106770165,4.065737106770165,2.9459351489116203,1.088540860557713,1.0772150636478013,1.1011385298254377,0.7887304805821395,0.7563454577890848,0.824959843455008,0.7887304805821395,0.7563454577890848,0.824959843455008,34.75367182073504,0.0922714238278045,0.08813196193337797,0.0969794571046984,3.0032446392134102,1.067768752592651,1.0615481068650023,1.0797460467680302
power,ideal,nv_charge_readout_master_v1_4,thin_all_counts,1,P2.000,2.0,2.0,1.0,74.73019645888917,0.9241717873829185,7.77506003982318,21.521555298034922,0.11395933423381457,1.348778346121057,4448.469993053612,0.0,0.1,off,2.0,mean,0.1457226752688756,0.63,3.5095941444534744,4.065737106770165,4.065737106770165,3.206414889150434,1.0945539693970703,1.0811674811291652,1.1086851937183084,0.8632122668751467,0.8249230187951199,0.9014626931076383,0.8632122668751467,0.8249230187951199,0.9014626931076383,34.75367182073504,0.10098484449518078,0.0962196347755459,0.10589589558279563,3.280637946168,1.069790145100562,1.0597225672100512,1.0795548098692545
power,ideal,nv_charge_readout_master_v1_4,thin_all_counts,1,P2.000,2.0,2.0,1.0,74.73019645888917,0.9241717873829185,7.77506003982318,21.521555298034922,0.11395933423381457,1.348778346121057,4448.469993053612,0.0,0.1,off,2.0,mean,0.1457226752688756,0.64,3.81819341424566,4.065737106770165,4.065737106770165,3.4899262616707474,1.0940613434100925,1.084876109868716,1.1033955453116155,0.9391146830147229,0.9023936515215107,0.9838147428242946,0.9391146830147229,0.9023936515215107,0.9838147428242946,34.75367182073504,0.10986446076663518,0.10515931892405965,0.11554272639951797,3.5884198747449902,1.0640319548773536,1.051501331103646,1.0786639164470107
power,ideal,nv_charge_readout_master_v1_4,thin_all_counts,1,P2.000,2.0,2.0,1.0,74.73019645888917,0.9241717873829185,7.77506003982318,21.521555298034922,0.11395933423381457,1.348778346121057,4448.469993053612,0.0,0.1,off,2.0,mean,0.1457226752688756,0.65,4.149186944904095,4.065737106770165,4.065737106770165,4.065737106770165,1.020525143643688,1.0014045292068827,1.099513904333785,1.020525143643688,0.9802145202762246,1.066708253575557,1.020525143643688,0.9802145202762246,1.066708253575557,34.75367182073504,0.11938844811294357,0.11419342070694712,0.12527766593176384,3.89620180332198,1.0649312213156963,1.050655184680814,1.0821965703108714
power,ideal,nv_charge_readout_master_v1_4,thin_all_counts,1,P2.000,2.0,2.0,1.0,74.73019645888917,0.9241717873829185,7.77506003982318,21.521555298034922,0.11395933423381457,1.348778346121057,4448.469993053612,0.0,0.1,off,2.0,mean,0.1457226752688756,0.66,4.504756516332619,4.483612284840103,4.483612284840103,4.072750255400818,1.1060723672802975,1.040930846880069,1.1090915132066783,1.0047158920417825,1.0029333562269298,1.1063257855155308,1.0047158920417825,1.0029333562269298,1.1063257855155308,34.75367182073504,0.12961958493389902,0.12381696168156785,0.13587625772587708,4.203983731898971,1.0715447070243032,1.053239170590425,1.091009766808103
power,ideal,nv_charge_readout_master_v1_4,thin_all_counts,1,P2.000,2.0,2.0,1.0,74.73019645888917,0.9241717873829185,7.77506003982318,21.521555298034922,0.11395933423381457,1.348778346121057,4448.469993053612,0.0,0.1,off,2.0,mean,0.1457226752688756,0.67,4.878787392232086,4.716635827222254,4.716635827222254,4.568530062586409,1.067911850287799,1.043837097398664,1.1082437965879735,1.0343786484582862,1.0163521354105358,1.0555634262268672,1.0343786484582862,1.0163521354105358,1.0555634262268672,34.75367182073504,0.14038192618603426,0.13391885098048312,0.14689174316445006,4.511765660475961,1.0813476938687918,1.0631645818471847,1.1019173017117319
power,ideal,nv_charge_readout_master_v1_4,thin_all_counts,1,P2.000,2.0,2.0,1.0,74.73019645888917,0.9241717873829185,7.77506003982318,21.521555298034922,0.11395933423381457,1.348778346121057,4448.469993053612,0.0,0.1,off,2.0,mean,0.1457226752688756,0.68,5.2783667629071775,4.961770133839736,4.961770133839736,4.717394455306986,1.1189157092786903,1.0915081423020268,1.1258655261086732,1.0638071939101377,1.043004184605184,1.0834118109505637,1.0638071939101377,1.043004184605184,1.0834118109505637,34.75367182073504,0.15187939824412888,0.14501370811144237,0.158327466624443,4.81954758905295,1.0951996355210565,1.0741629170563824,1.1134641709088222
power,ideal,nv_charge_readout_master_v1_4,thin_all_counts,1,P2.000,2.0,2.0,1.0,74.73019645888917,0.9241717873829185,7.77506003982318,21.521555298034922,0.11395933423381457,1.348778346121057,4448.469993053612,0.0,0.1,off,2.0,mean,0.1457226752688756,0.69,5.6694287809979045,5.219644628693503,5.219644628693503,5.001599660152219,1.133523105850771,1.124438812218789,1.1456753096019323,1.0861714128643627,1.0663813848296717,1.1101532093532693,1.0861714128643627,1.0663813848296717,1.1101532093532693,34.75367182073504,0.16313179252660606,0.1560987306876682,0.17040401044803016,5.127329517629938,1.105727408683994,1.0886930471392153,1.1221797672916585
power,ideal,nv_charge_readout_master_v1_4,thin_all_counts,1,P2.000,2.0,2.0,1.0,74.73019645888917,0.9241717873829185,7.77506003982318,21.521555298034922,0.11395933423381457,1.348778346121057,4448.469993053612,0.0,0.1,off,2.0,mean,0.1457226752688756,0.7,6.085111443287354,5.4909214483834345,5.4909214483834345,5.309025808973248,1.1461823058012595,1.1315038283583536,1.159738217155563,1.108213166130587,1.0855621247720872,1.1307383713763033,1.108213166130587,1.0855621247720872,1.1307383713763033,34.75367182073504,0.17509261970002263,0.16750863886414688,0.18190693874099967,5.435111446206928,1.1195927633708505,1.1037054700985394,1.1331237896286872
power,ideal,nv_charge_readout_master_v1_4,thin_all_counts,1,P2.000,2.0,2.0,1.0,74.73019645888917,0.9241717873829185,7.77506003982318,21.521555298034922,0.11395933423381457,1.348778346121057,4448.469993053612,0.0,0.1,off,2.0,mean,0.1457226752688756,0.71,6.494021201999773,5.776297142256589,5.776297142256589,5.635348079715407,1.1523726857929475,1.1393046270842768,1.164389837242103,1.1242533135099064,1.1029837869040184,1.1456454435846346,1.1242533135099064,1.1029837869040184,1.1456454435846346,34.75367182073504,0.1868585637654912,0.17912913314555132,0.19372004678181232,5.742893374783918,1.1307925775731675,1.1196362154049468,1.1391025165026487
power,ideal,nv_charge_readout_master_v1_4,thin_all_counts,1,P2.000,2.0,2.0,1.0,74.73019645888917,0.9241717873829185,7.77506003982318,21.521555298034922,0.11395933423381457,1.348778346121057,4448.469993053612,0.0,0.1,off,2.0,mean,0.1457226752688756,0.72,6.930409042638644,6.076504460916063,6.076504460916063,5.981727933188158,1.1585964992133728,1.1462747547947028,1.1707634316285818,1.1405256241009736,1.1165741939116336,1.1620750103878525,1.1405256241009736,1.1165741939116336,1.1620750103878525,34.75367182073504,0.1994151604580602,0.1914537675834418,0.20653947934629663,6.050675303360908,1.145394306448584,1.1370854986858268,1.1504223289266762
power,ideal,nv_charge_readout_master_v1_4,thin_all_counts,1,P2.000,2.0,2.0,1.0,74.73019645888917,0.9241717873829185,7.77506003982318,21.521555298034922,0.11395933423381457,1.348778346121057,4448.469993053612,0.0,0.1,off,2.0,mean,0.1457226752688756,0.73,7.39031245663411,6.392314237682724,6.392314237682724,6.3493982200457895,1.163939038081126,1.1537673002405506,1.1735925706793087,1.1561247119342446,1.130577471738455,1.179041835625415,1.1561247119342446,1.130577471738455,1.179041835625415,34.75367182073504,0.21264839280161574,0.2044387273628921,0.22047774587537025,6.4335253811825615,1.1487189400464726,1.1397770239444922,1.1586353787067016
power,ideal,nv_charge_readout_master_v1_4,thin_all_counts,1,P2.000,2.0,2.0,1.0,74.73019645888917,0.9241717873829185,7.77506003982318,21.521555298034922,0.11395933423381457,1.348778346121057,4448.469993053612,0.0,0.1,off,2.0,mean,0.1457226752688756,0.74,7.880418783245937,6.72453736784078,6.72453736784078,6.709916670736147,1.1744436138252927,1.165845434908999,1.1831462146061682,1.171890102199894,1.1480545470335306,1.1962706861078014,1.171890102199894,1.1480545470335306,1.1962706861078014,34.75367182073504,0.22675068188174155,0.21794768420855906,0.23590186853297124,6.827099480324881,1.1542850380248058,1.1414907597794064,1.1708358404450003
power,ideal,nv_charge_readout_master_v1_4,thin_all_counts,1,P2.000,2.0,2.0,1.0,74.73019645888917,0.9241717873829185,7.77506003982318,21.521555298034922,0.11395933423381457,1.348778346121057,4448.469993053612,0.0,0.1,off,2.0,mean,0.1457226752688756,0.75,8.405661770854953,7.07402689074927,7.07402689074927,7.090492641248532,1.185483463018564,1.1771408155942809,1.193838766976316,1.1882428354700019,1.1648574739821422,1.2127900629373471,1.1882428354700019,1.1648574739821422,1.2127900629373471,34.75367182073504,0.24186399106870465,0.23174758391530323,0.2512594374978996,7.220673579467201,1.1641104778309603,1.1475886209883428,1.1819684539580455
power,ideal,nv_charge_readout_master_v1_4,thin_all_counts,1,P2.000,2.0,2.0,1.0,74.73019645888917,0.9241717873829185,7.77506003982318,21.521555298034922,0.11395933423381457,1.348778346121057,4448.469993053612,0.0,0.1,off,2.0,mean,0.1457226752688756,0.76,8.96678169004875,7.441680180165614,7.441680180165614,7.500544763377164,1.1954840578821377,1.1850396386077728,1.2077792312535305,1.2049404802356334,1.1802264098329363,1.2282542982552507,1.2049404802356334,1.1802264098329363,1.2282542982552507,34.75367182073504,0.25800962086253315,0.24728415362303774,0.2675010222953989,7.6142476786095195,1.177631995770096,1.1605780686811877,1.1977697720621177
power,ideal,nv_charge_readout_master_v1_4,thin_all_counts,1,P2.000,2.0,2.0,1.0,74.73019645888917,0.9241717873829185,7.77506003982318,21.521555298034922,0.11395933423381457,1.348778346121057,4448.469993053612,0.0,0.1,off,2.0,mean,0.1457226752688756,0.77,9.506847253670388,7.8284412484052766,7.8284412484052766,7.874287349019763,1.20732795645994,1.1972489251282057,1.2166379267591885,1.2143984928809446,1.1944819390128678,1.2306524092060138,1.2143984928809446,1.1944819390128678,1.2306524092060138,34.75367182073504,0.27354943393343345,0.2637307299253971,0.28204684132454544,8.00782177775184,1.1871951596229697,1.171637140892627,1.2016147699131305
power,ideal,nv_charge_readout_master_v1_4,thin_all_counts,1,P2.000,2.0,2.0,1.0,74.73019645888917,0.9241717873829185,7.77506003982318,21.521555298034922,0.11395933423381457,1.348778346121057,4448.469993053612,0.0,0.1,off,2.0,mean,0.1457226752688756,0.78,10.036603675135693,8.235303170253859,8.235303170253859,8.26665305134648,1.21410728293489,1.2041580290674336,1.2230590103882297,1.2187291065844643,1.2029653044298534,1.2338927380806937,1.2187291065844643,1.2029653044298534,1.2338927380806937,34.75367182073504,0.2887926123865728,0.2795898752808227,0.29781610817791276,8.401395876894158,1.1946352513561165,1.1812677986886992,1.2078593496875776
power,ideal,nv_charge_readout_master_v1_4,thin_all_counts,1,P2.000,2.0,2.0,1.0,74.73019645888917,0.9241717873829185,7.77506003982318,21.521555298034922,0.11395933423381457,1.348778346121057,4448.469993053612,0.0,0.1,off,2.0,mean,0.1457226752688756,0.79,10.59588006874269,8.663310632855401,8.663310632855401,8.678569836525348,1.2209246763387203,1.2103723043204868,1.2337486710478012,1.2230751635013601,1.2086165447707164,1.2397558347455429,1.2230751635013601,1.2086165447707164,1.2397558347455429,34.75367182073504,0.3048851966893721,0.2954551167862211,0.3160499196411482,8.794969976036478,1.2047659170654506,1.1908341430391134,1.2193193915827143
power,ideal,nv_charge_readout_master_v1_4,thin_all_counts,1,P2.000,2.0,2.0,1.0,74.73019645888917,0.9241717873829185,7.77506003982318,21.521555298034922,0.11395933423381457,1.348778346121057,4448.469993053612,0.0,0.1,off,2.0,mean,0.1457226752688756,0.8,11.300882036577176,9.113562618124218,9.113562618124218,9.560266883561557,1.1820676320248473,1.163762585378001,1.242258839992796,1.2400070653053963,1.225573570455647,1.2514402089330656,1.2400070653053963,1.225573570455647,1.2514402089330656,34.75367182073504,0.3251708796373782,0.31293297296641054,0.33749101802125,9.188544075178797,1.2298882112460539,1.2138878099976407,1.2410379924119153
power,ideal,nv_charge_readout_master_v1_4,thin_all_counts,1,P2.000,2.0,2.0,1.0,74.73019645888917,0.9241717873829185,7.77506003982318,21.521555298034922,0.11395933423381457,1.348778346121057,4448.469993053612,0.0,0.1,off,2.0,mean,0.1457226752688756,0.81,12.05279164883817,12.037884553937134,12.037884553937134,9.69787541936957,1.2428280553867628,1.206536826643251,1.2628293473941565,1.001238348385403,0.9978273464708464,1.2608889576755997,1.001238348385403,0.9978436395010933,1.2608889576755997,34.75367182073504,0.34680628024021126,0.33388321862967496,0.36111905501893415,9.726027503467192,1.2392306771229589,1.2276825104860638,1.2529251108149582
power,ideal,nv_charge_readout_master_v1_4,thin_all_counts,1,P2.000,2.0,2.0,1.0,74.73019645888917,0.9241717873829185,7.77506003982318,21.521555298034922,0.11395933423381457,1.348778346121057,4448.469993053612,0.0,0.1,off,2.0,mean,0.1457226752688756,0.82,12.918723103593017,12.668437553726507,12.668437553726507,10.831645046602855,1.1926833872427103,1.1750621603492548,1.2629041147530056,1.019756623404035,1.0057845511594463,1.0367903141736683,1.019756623404035,1.0059115870177606,1.0366071561731505,34.75367182073504,0.3717225382753754,0.35564457724741283,0.3876235658463389,10.296720776943133,1.254644404121474,1.2385489641654648,1.2719172892025785
power,ideal,nv_charge_readout_master_v1_4,thin_all_counts,1,P2.000,2.0,2.0,1.0,74.73019645888917,0.9241717873829185,7.77506003982318,21.521555298034922,0.11395933423381457,1.348778346121057,4448.469993053612,0.0,0.1,off,2.0,mean,0.1457226752688756,0.83,13.862026371410641,13.33201937047803,13.33201937047803,11.081750621994315,1.250887774346611,1.2036655834371333,1.2760073967869792,1.0397544427595298,1.0230028813004737,1.0582400743112959,1.0397544427595298,1.0229758875052333,1.0584490107175821,34.75367182073504,0.39886508806646886,0.38201733842317726,0.4151772471479611,10.867414050419082,1.2755588686598425,1.2548920105293042,1.2949078130485068
power,ideal,nv_charge_readout_master_v1_4,thin_all_counts,1,P2.000,2.0,2.0,1.0,74.73019645888917,0.9241717873829185,7.77506003982318,21.521555298034922,0.11395933423381457,1.348778346121057,4448.469993053612,0.0,0.1,off,2.0,mean,0.1457226752688756,0.84,14.802422741757441,14.030360077239132,14.030360077239132,12.006996221686304,1.2328164737007419,1.2259619090612297,1.3075342334232865,1.0550280007261392,1.037913291061321,1.0725042932197448,1.0550280007261392,1.037795589944477,1.072058680006165,34.75367182073504,0.42592399496981753,0.4095170286697436,0.44184673622314213,11.43810732389503,1.294132177867759,1.2755515584354553,1.308841174917418
power,ideal,nv_charge_readout_master_v1_4,thin_all_counts,1,P2.000,2.0,2.0,1.0,74.73019645888917,0.9241717873829185,7.77506003982318,21.521555298034922,0.11395933423381457,1.348778346121057,4448.469993053612,0.0,0.1,off,2.0,mean,0.1457226752688756,0.85,15.790558414968379,14.76528036952046,14.76528036952046,12.053277573229733,1.3100634511262834,1.2681163667284387,1.3295867190546808,1.0694384407061022,1.0502700827673295,1.0935214995732783,1.0694384407061022,1.0500862459370461,1.0930077500986644,34.75367182073504,0.4543565496163567,0.43751859779532953,0.4730008820575315,12.00880059737098,1.3149155310668843,1.2986788870845198,1.3333024052007343
power,ideal,nv_charge_readout_master_v1_4,thin_all_counts,1,P2.000,2.0,2.0,1.0,74.73019645888917,0.9241717873829185,7.77506003982318,21.521555298034922,0.11395933423381457,1.348778346121057,4448.469993053612,0.0,0.1,off,2.0,mean,0.1457226752688756,0.86,16.97385603446835,15.538696312165243,15.538696312165243,12.894614049610212,1.316352390941197,1.3070042874700383,1.339110673516992,1.0923603688154664,1.0648609572980656,1.1209482667429473,1.0923603688154664,1.06416914444833,1.121218776592278,34.75367182073504,0.48840468201524706,0.46758055681817745,0.5099948105058689,12.579493870846928,1.3493274219724682,1.3247360682844254,1.3594494267265953
power,ideal,nv_charge_readout_master_v1_4,thin_all_counts,1,P2.000,2.0,2.0,1.0,74.73019645888917,0.9241717873829185,7.77506003982318,21.521555298034922,0.11395933423381457,1.348778346121057,4448.469993053612,0.0,0.1,off,2.0,mean,0.1457226752688756,0.87,18.320132680242253,16.35262433486317,16.35262433486317,13.55187813211519,1.3518519353289689,1.3304203047886607,1.3772412502522897,1.1203175897084867,1.0924162966804278,1.1510405173781062,1.1203175897084867,1.0932003856367745,1.150806133501594,34.75367182073504,0.5271423628196873,0.5055649708302791,0.5508827981756942,13.593250906627201,1.3477374033690885,1.332199657719989,1.367730026615215
power,ideal,nv_charge_readout_master_v1_4,thin_all_counts,1,P2.000,2.0,2.0,1.0,74.73019645888917,0.9241717873829185,7.77506003982318,21.521555298034922,0.11395933423381457,1.348778346121057,4448.469993053612,0.0,0.1,off,2.0,mean,0.1457226752688756,0.88,19.826365009377906,17.209186489332772,17.209186489332772,14.256132905006034,1.3907253209189632,1.3684111552386484,1.4034436497928553,1.1520803160374495,1.1238967713976373,1.181414343769016,1.1520803160374495,1.1249028821369356,1.1817376105255433,34.75367182073504,0.5704825985480165,0.5472969096570811,0.5939238447571221,14.607007942407474,1.3573186985007004,1.3408573714342376,1.3762416661791463
power,ideal,nv_charge_readout_master_v1_4,thin_all_counts,1,P2.000,2.0,2.0,1.0,74.73019645888917,0.9241717873829185,7.77506003982318,21.521555298034922,0.11395933423381457,1.348778346121057,4448.469993053612,0.0,0.1,off,2.0,mean,0.1457226752688756,0.89,21.509396415613118,18.110615981878833,18.110615981878833,15.432915604043181,1.393735115740411,1.3746414008333367,1.4187337715785042,1.1876678538783576,1.1585268300617162,1.2316587516086543,1.1876678538783576,1.1599433732109727,1.230031256791209,34.75367182073504,0.6189100399682083,0.5938092096336771,0.6544786619644252,15.620764978187747,1.3769745877137283,1.3559151420825928,1.4123604943573862
power,ideal,nv_charge_readout_master_v1_4,thin_all_counts,1,P2.000,2.0,2.0,1.0,74.73019645888917,0.9241717873829185,7.77506003982318,21.521555298034922,0.11395933423381457,1.348778346121057,4448.469993053612,0.0,0.1,off,2.0,mean,0.1457226752688756,0.9,24.19354031623256,19.059262995749076,19.059262995749076,16.80462226958573,1.4396955747121938,1.414505949303159,1.4984355093718609,1.269384882386513,1.2189364765696702,1.3234255956369905,1.269384882386513,1.2199742585659847,1.3251984510637957,34.75367182073504,0.6961434302834728,0.6559915674354461,0.7418814264101676,16.63452201396802,1.4544175237447297,1.412758511513711,1.498033525333254
power,ideal,nv_charge_readout_master_v1_4,thin_all_counts,1,P2.000,2.0,2.0,1.0,74.73019645888917,0.9241717873829185,7.77506003982318,21.521555298034922,0.11395933423381457,1.348778346121057,4448.469993053612,0.0,0.1,off,2.0,mean,0.1457226752688756,0.91,27.86937572959566,20.05760081847007,20.05760081847007,18.53046442860436,1.5039761057782979,1.487627589598388,1.6613751534697363,1.3894670644722427,1.3189584080429415,1.5399321136400417,1.3894670644722427,1.318600627725779,1.534509726935556,34.75367182073504,0.8019116907517089,0.7442113211988921,0.9096779329394119,18.403105534549447,1.5143843889431878,1.4679175276450878,1.6585549429572743
power,ideal,nv_charge_readout_master_v1_4,thin_all_counts,1,P2.000,2.0,2.0,1.0,74.73019645888917,0.9241717873829185,7.77506003982318,21.521555298034922,0.11395933423381457,1.348778346121057,4448.469993053612,0.0,0.1,off,2.0,mean,0.1457226752688756,0.92,39.233947074204906,44.300500143962545,44.20164811394304,23.06287747824693,1.7011731129912409,1.62580162620232,1.7518595595242274,0.8856321474183598,0.8689032999177457,0.906430542946715,0.8876127644170102,0.8679462635383396,1.4900146439218145,35.152765208065844,1.11609845888319,1.0833785420278883,1.1400364372011498,20.29343526235687,1.9333319650902858,1.8863140252983746,1.9804285980370173
power,ideal,nv_charge_readout_master_v1_4,thin_all_counts,1,P2.000,2.0,2.0,1.0,74.73019645888917,0.9241717873829185,7.77506003982318,21.521555298034922,0.11395933423381457,1.348778346121057,4448.469993053612,0.0,0.1,off,2.0,mean,0.1457226752688756,0.93,42.976464025492824,46.5057636891313,46.28030084302619,26.210733346044048,1.6396513389419989,1.5834618994130605,1.6861959486431273,0.9241104890303458,0.9016546128658282,0.9506554186950924,0.9286124602184558,0.9060963910130483,0.954606233980864,36.30452881300008,1.1837769399751479,1.1508454999589037,1.2164535820189164,22.18376499016429,1.9372935137271552,1.8782898511612123,2.0017717492903913
power,ideal,nv_charge_readout_master_v1_4,thin_all_counts,1,P2.000,2.0,2.0,1.0,74.73019645888917,0.9241717873829185,7.77506003982318,21.521555298034922,0.11395933423381457,1.348778346121057,4448.469993053612,0.0,0.1,off,2.0,mean,0.1457226752688756,0.94,46.75536799858025,48.82080448936141,48.45670551920835,27.54285108680398,1.697550041251218,1.6487219680242167,1.7397888762392388,0.9576935179093322,0.9351136982427177,0.9798938088789658,0.9648895338137735,0.9413776240596062,0.9862697592928855,37.494029403738956,1.2470083568536845,1.2154991007399063,1.2747880457619842,24.468833898450583,1.9108130854384888,1.8299680345941332,1.9986522397673676
power,ideal,nv_charge_readout_master_v1_4,thin_all_counts,1,P2.000,2.0,2.0,1.0,74.73019645888917,0.9241717873829185,7.77506003982318,21.521555298034922,0.11395933423381457,1.348778346121057,4448.469993053612,0.0,0.1,off,2.0,mean,0.1457226752688756,0.95,51.820577626314815,51.251087218367395,50.73545908310789,29.488355674646932,1.7573234058238234,1.7141757880986215,1.8869156616661482,1.0111117722346254,0.9702868210706339,1.050834440196222,1.0213877742079642,0.9818270918270524,1.0616482093384088,38.73974507279135,1.3376592315965115,1.283526611557172,1.390919410164467,28.0816618683478,1.8453529520175689,1.7841581089142087,1.9154299856783175
power,ideal,nv_charge_readout_master_v1_4,thin_all_counts,1,P2.000,2.0,2.0,1.0,74.73019645888917,0.9241717873829185,7.77506003982318,21.521555298034922,0.11395933423381457,1.348778346121057,4448.469993053612,0.0,0.1,off,2.0,mean,0.1457226752688756,0.96,62.321882355791175,53.80234857942754,53.12137465377916,49.88526811617003,1.249304347942151,1.168264457327976,1.5532373118522402,1.1583487338621732,1.0857651386557179,1.2555360191073628,1.173197846666746,1.100478853072058,1.2860549666062182,44.271130061269375,1.407731907216742,1.3449491798424764,1.5142289746018693,31.694489838245016,1.9663317716693072,1.8568559590451172,2.098101716378323
power,ideal,nv_charge_readout_master_v1_4,thin_all_counts,1,P2.000,2.0,2.0,1.0,74.73019645888917,0.9241717873829185,7.77506003982318,21.521555298034922,0.11395933423381457,1.348778346121057,4448.469993053612,0.0,0.1,off,2.0,mean,0.1457226752688756,0.97,93.80251151590515,nan,60.118333403165394,57.987362353055985,1.6176371490185857,1.149341975812921,1.8464108592257384,nan,1.3834712231001756,1.4562536271048323,1.5602979358533946,0.7077653263454446,1.6257564342243738,54.58394172895467,1.7185001402371523,1.6198328681968888,1.8102825745926783,39.11119273241019,2.3983546642947053,2.232103448594918,2.5333573250898627
power,ideal,nv_charge_readout_master_v1_4,thin_all_counts,1,P2.000,2.0,2.0,1.0,74.73019645888917,0.9241717873829185,7.77506003982318,21.521555298034922,0.11395933423381457,1.348778346121057,4448.469993053612,0.0,0.1,off,2.0,mean,0.1457226752688756,0.98,nan,nan,nan,nan,nan,nan,nan,nan,nan,nan,nan,nan,nan,nan,nan,nan,nan,nan,nan,nan,nan
power,ideal,nv_charge_readout_master_v1_4,thin_all_counts,1,P2.000,2.0,2.0,1.0,74.73019645888917,0.9241717873829185,7.77506003982318,21.521555298034922,0.11395933423381457,1.348778346121057,4448.469993053612,0.0,0.1,off,2.0,mean,0.1457226752688756,0.99,nan,nan,nan,nan,nan,nan,nan,nan,nan,nan,nan,nan,nan,nan,nan,nan,nan,nan,nan,nan,nan
power,ideal,nv_charge_readout_master_v1_4,thin_all_counts,2,P4.000,4.0,4.0,1.0,37.306330022850005,0.9253066922092468,7.6135460406413324,15.13912743536896,0.1160962041976319,5.219059896625113,1149.6323320374,0.0,0.1,off,2.0,mean,-0.02917187584257297,0.55,0.5929823879140883,2.1047443960215673,2.1047443960215673,0.5789668827867026,1.0242077838026344,1.0181354100827136,1.1106965366810904,0.2817360573735016,0.2758227554952171,0.30002480400815174,0.2817360573735016,0.2758227554952171,0.30002480400815174,8.981502594041087,0.06602262613691293,0.06469507080862726,0.07052699270238498,0.5846962546280364,1.0141716886682013,0.9976180751072726,1.08371939637118
power,ideal,nv_charge_readout_master_v1_4,thin_all_counts,2,P4.000,4.0,4.0,1.0,37.306330022850005,0.9253066922092468,7.6135460406413324,15.13912743536896,0.1160962041976319,5.219059896625113,1149.6323320374,0.0,0.1,off,2.0,mean,-0.02917187584257297,0.56,0.7226974651006008,2.1047443960215673,2.1047443960215673,0.6936780767245196,1.0418340860837176,1.0164679080393388,1.0656926853039528,0.34336590536440387,0.3165045670372731,0.36867045840471935,0.34336590536440387,0.3165045670372731,0.36867045840471935,8.981502594041087,0.08046509562665888,0.07403605742947844,0.08639915012587458,0.7131720527235854,1.0133564016433876,0.9854902040100345,1.041114687868771
power,ideal,nv_charge_readout_master_v1_4,thin_all_counts,2,P4.000,4.0,4.0,1.0,37.306330022850005,0.9253066922092468,7.6135460406413324,15.13912743536896,0.1160962041976319,5.219059896625113,1149.6323320374,0.0,0.1,off,2.0,mean,-0.02917187584257297,0.57,0.8661843027598016,2.1047443960215673,2.1047443960215673,0.8311170957001051,1.0421928597560097,1.0250467040718791,1.0580194737011077,0.4115389519017519,0.3832099530142697,0.4368205062896866,0.4115389519017519,0.3832099530142697,0.4368205062896866,8.981502594041087,0.09644091216256895,0.08952728569573,0.10275781637017797,0.8416478508191331,1.029152871853458,1.0077032577937803,1.0485576201382523
power,ideal,nv_charge_readout_master_v1_4,thin_all_counts,2,P4.000,4.0,4.0,1.0,37.306330022850005,0.9253066922092468,7.6135460406413324,15.13912743536896,0.1160962041976319,5.219059896625113,1149.6323320374,0.0,0.1,off,2.0,mean,-0.02917187584257297,0.58,1.015784760176507,2.1047443960215673,2.1047443960215673,0.9593473159884461,1.0588290009754304,1.0396308868067394,1.0804419385057236,0.48261668357286763,0.4519121225986857,0.5161499814852625,0.48261668357286763,0.4519121225986857,0.5161499814852625,8.981502594041087,0.1130974187827374,0.10552435603330843,0.12132703259538767,0.9732270996479377,1.0437283965314617,1.0344929639907259,1.060337320578043
power,ideal,nv_charge_readout_master_v1_4,thin_all_counts,2,P4.000,4.0,4.0,1.0,37.306330022850005,0.9253066922092468,7.6135460406413324,15.13912743536896,0.1160962041976319,5.219059896625113,1149.6323320374,0.0,0.1,off,2.0,mean,-0.02917187584257297,0.59,1.1784172302574416,2.1047443960215673,2.1047443960215673,1.0931780333859349,1.0779737556631033,1.0576898577975913,1.0965989240593235,0.5598861469758091,0.5272813288160575,0.5915821435671978,0.5598861469758091,0.5272813288160575,0.5915821435671978,8.981502594041087,0.1312049089691607,0.12330436884374703,0.13914830399584036,1.1141167006765098,1.0577143575191785,1.039347547008732,1.077933623582644
power,ideal,nv_charge_readout_master_v1_4,thin_all_counts,2,P4.000,4.0,4.0,1.0,37.306330022850005,0.9253066922092468,7.6135460406413324,15.13912743536896,0.1160962041976319,5.219059896625113,1149.6323320374,0.0,0.1,off,2.0,mean,-0.02917187584257297,0.6,1.3425751681003784,2.1047443960215673,2.1047443960215673,1.2456783823346125,1.0777863589349321,1.0627468884245268,1.0936017504342388,0.6378803861590712,0.6000836146601493,0.6777281490423199,0.6378803861590712,0.6000836146601493,0.6777281490423199,8.981502594041087,0.14948224465148294,0.14045129266965234,0.15905943957531118,1.2550063017050817,1.0697756387966526,1.0525531325079216,1.097317030160381
power,ideal,nv_charge_readout_master_v1_4,thin_all_counts,2,P4.000,4.0,4.0,1.0,37.306330022850005,0.9253066922092468,7.6135460406413324,15.13912743536896,0.1160962041976319,5.219059896625113,1149.6323320374,0.0,0.1,off,2.0,mean,-0.02917187584257297,0.61,1.5047765643467221,2.1047443960215673,2.1047443960215673,1.4073144813658889,1.0692539473382239,1.0597758122796404,1.0852181774006096,0.71494503902283,0.6783505816942031,0.7550002947571367,0.71494503902283,0.6783505816942031,0.7550002947571367,8.981502594041087,0.16754173910110418,0.158407126947993,0.17754133978372605,1.3958959027336535,1.0780005596404734,1.064104274130551,1.1010065290352216
power,ideal,nv_charge_readout_master_v1_4,thin_all_counts,2,P4.000,4.0,4.0,1.0,37.306330022850005,0.9253066922092468,7.6135460406413324,15.13912743536896,0.1160962041976319,5.219059896625113,1149.6323320374,0.0,0.1,off,2.0,mean,-0.02917187584257297,0.62,1.662842882129552,2.1047443960215673,2.1047443960215673,1.529145532251338,1.0874327178534624,1.0731142026303944,1.1031307747069716,0.7900450455041919,0.7525301674319708,0.8267056196019407,0.7900450455041919,0.7525301674319708,0.8267056196019407,8.981502594041087,0.18514083414425445,0.17592855034179644,0.19426172860288501,1.5367855037622253,1.0820266576296587,1.0678758349617687,1.0988907102008056
power,ideal,nv_charge_readout_master_v1_4,thin_all_counts,2,P4.000,4.0,4.0,1.0,37.306330022850005,0.9253066922092468,7.6135460406413324,15.13912743536896,0.1160962041976319,5.219059896625113,1149.6323320374,0.0,0.1,off,2.0,mean,-0.02917187584257297,0.63,1.8177349162768217,2.1047443960215673,2.1047443960215673,1.6615234830347028,1.0940169879253259,1.0792180496009498,1.110465262150511,0.8636368956310053,0.8262851267455066,0.9006852914748031,0.8636368956310053,0.8262851267455066,0.9006852914748031,8.981502594041087,0.20238650462371688,0.19303311545223803,0.2117935851652484,1.6776751047907974,1.0834844667397563,1.0711740646370989,1.0953498257362417
power,ideal,nv_charge_readout_master_v1_4,thin_all_counts,2,P4.000,4.0,4.0,1.0,37.306330022850005,0.9253066922092468,7.6135460406413324,15.13912743536896,0.1160962041976319,5.219059896625113,1149.6323320374,0.0,0.1,off,2.0,mean,-0.02917187584257297,0.64,1.976898112215295,2.1047443960215673,2.1047443960215673,1.8053613776128237,1.0950151790824778,1.0857547154988074,1.105015217189541,0.9392580476527554,0.8974937460700194,0.9781714123358323,0.9392580476527554,0.8974937460700194,0.9781714123358323,8.981502594041087,0.2201077260197974,0.2096495514503769,0.2297513572492075,1.821310499149434,1.0854261879775697,1.0720822668544507,1.095995738270237
power,ideal,nv_charge_readout_master_v1_4,thin_all_counts,2,P4.000,4.0,4.0,1.0,37.306330022850005,0.9253066922092468,7.6135460406413324,15.13912743536896,0.1160962041976319,5.219059896625113,1149.6323320374,0.0,0.1,off,2.0,mean,-0.02917187584257297,0.65,2.147739991880137,2.1047443960215673,2.1047443960215673,2.1047443960215673,1.020427941720544,1.0034459703162477,1.09927352621844,1.020427941720544,0.9761146935085929,1.0609851277463949,1.020427941720544,0.9761146935085929,1.0609851277463949,8.981502594041087,0.23912925141335342,0.22786949776001506,0.2494515103607925,1.9885597161466262,1.0800480239245547,1.0658205218143304,1.094531653329498
power,ideal,nv_charge_readout_master_v1_4,thin_all_counts,2,P4.000,4.0,4.0,1.0,37.306330022850005,0.9253066922092468,7.6135460406413324,15.13912743536896,0.1160962041976319,5.219059896625113,1149.6323320374,0.0,0.1,off,2.0,mean,-0.02917187584257297,0.66,2.334650097394975,2.3250957252805993,2.3250957252805993,2.1690601173214987,1.0763418121752928,1.0508780764727321,1.1095749195285225,1.0041092381747951,1.000935787520134,1.1095749195285225,1.0041092381747951,1.000935787520134,1.1095749195285225,8.981502594041087,0.25993981218064044,0.24750781296204993,0.2703199003997942,2.1558089331438186,1.0829577990431425,1.064614978185804,1.101023316614991
power,ideal,nv_charge_readout_master_v1_4,thin_all_counts,2,P4.000,4.0,4.0,1.0,37.306330022850005,0.9253066922092468,7.6135460406413324,15.13912743536896,0.1160962041976319,5.219059896625113,1149.6323320374,0.0,0.1,off,2.0,mean,-0.02917187584257297,0.67,2.5221486543431753,2.45230813386744,2.45230813386744,2.362250166258823,1.0676890578179485,1.045876232796255,1.1129825623808105,1.028479504476296,1.0139497041271812,1.0432719447802306,1.028479504476296,1.0139497041271812,1.0432719447802306,8.981502594041087,0.28081589109783617,0.26949729955887275,0.291351173823883,2.323058150141011,1.08570190298081,1.0675984802716718,1.1033861064902422
power,ideal,nv_charge_readout_master_v1_4,thin_all_counts,2,P4.000,4.0,4.0,1.0,37.306330022850005,0.9253066922092468,7.6135460406413324,15.13912743536896,0.1160962041976319,5.219059896625113,1149.6323320374,0.0,0.1,off,2.0,mean,-0.02917187584257297,0.68,2.7177619352799596,2.5864806846637003,2.5864806846637003,2.438015423368961,1.1147435365787934,1.0889077704416545,1.1260982908652677,1.05075671022586,1.0322111644303824,1.0680676137794318,1.05075671022586,1.0322111644303824,1.0680676137794318,8.981502594041087,0.3025954629332401,0.29002440734965934,0.31313279445306336,2.490307367138203,1.0913359415561388,1.0727008601562507,1.1096830823773383
power,ideal,nv_charge_readout_master_v1_4,thin_all_counts,2,P4.000,4.0,4.0,1.0,37.306330022850005,0.9253066922092468,7.6135460406413324,15.13912743536896,0.1160962041976319,5.219059896625113,1149.6323320374,0.0,0.1,off,2.0,mean,-0.02917187584257297,0.69,2.9170424219725613,2.727994186272198,2.727994186272198,2.580698918001645,1.1303303929120732,1.1211337833076924,1.139554833897995,1.0692993543210947,1.0498278761914805,1.0880154836173574,1.0692993543210947,1.0498278761914805,1.0880154836173574,8.981502594041087,0.324783341253825,0.31135219342448783,0.336365451294256,2.6575565841353934,1.0976407574484772,1.0816273571356192,1.11286884145518
power,ideal,nv_charge_readout_master_v1_4,thin_all_counts,2,P4.000,4.0,4.0,1.0,37.306330022850005,0.9253066922092468,7.6135460406413324,15.13912743536896,0.1160962041976319,5.219059896625113,1149.6323320374,0.0,0.1,off,2.0,mean,-0.02917187584257297,0.7,3.1330029554395558,2.8772502823861346,2.8772502823861346,2.748470431663526,1.1399078263117022,1.1268447678659939,1.152582988397938,1.0888878783396356,1.0650239846248142,1.111416233570367,1.0888878783396356,1.0650239846248142,1.111416233570367,8.981502594041087,0.3488283750558836,0.3340791990892508,0.3630048721540161,2.8248058011325856,1.1091038379287528,1.092159136279749,1.1244232280455015
power,ideal,nv_charge_readout_master_v1_4,thin_all_counts,2,P4.000,4.0,4.0,1.0,37.306330022850005,0.9253066922092468,7.6135460406413324,15.13912743536896,0.1160962041976319,5.219059896625113,1149.6323320374,0.0,0.1,off,2.0,mean,-0.02917187584257297,0.71,3.3770141089781984,3.034672591734424,3.034672591734424,2.9271487894365356,1.15368720618683,1.1368569744317605,1.1680822793080459,1.1128100336676234,1.0866477103325827,1.1364728122123167,1.1128100336676234,1.0866477103325827,1.1364728122123167,8.981502594041087,0.37599656333882586,0.35909560907725063,0.391958428093029,2.992055018129778,1.1286604318823803,1.1125380841270154,1.1410284362385497
power,ideal,nv_charge_readout_master_v1_4,thin_all_counts,2,P4.000,4.0,4.0,1.0,37.306330022850005,0.9253066922092468,7.6135460406413324,15.13912743536896,0.1160962041976319,5.219059896625113,1149.6323320374,0.0,0.1,off,2.0,mean,-0.02917187584257297,0.72,3.625535240551901,3.2007079103965914,3.2007079103965914,3.117443046427036,1.1629836332398116,1.1500487436130296,1.1729789054908208,1.1327291780594468,1.108669212694698,1.1528219188626556,1.1327291780594468,1.108669212694698,1.1528219188626556,8.981502594041087,0.40366689232571357,0.38715621305828696,0.41922733644453786,3.161883806864945,1.1466377204248606,1.1348783376002902,1.1539175840094218
power,ideal,nv_charge_readout_master_v1_4,thin_all_counts,2,P4.000,4.0,4.0,1.0,37.306330022850005,0.9253066922092468,7.6135460406413324,15.13912743536896,0.1160962041976319,5.219059896625113,1149.6323320374,0.0,0.1,off,2.0,mean,-0.02917187584257297,0.73,3.873515964531792,3.375827479899635,3.375827479899635,3.320108353489965,1.166683599485573,1.1596495457989489,1.1740108172876187,1.1474271086409171,1.125533885842552,1.167555064534236,1.1474271086409171,1.125533885842552,1.167555064534236,8.981502594041087,0.4312770523611199,0.41426469152510537,0.44785404173183246,3.3910427455735475,1.14227871930781,1.1299226476918158,1.1548983455784787
power,ideal,nv_charge_readout_master_v1_4,thin_all_counts,2,P4.000,4.0,4.0,1.0,37.306330022850005,0.9253066922092468,7.6135460406413324,15.13912743536896,0.1160962041976319,5.219059896625113,1149.6323320374,0.0,0.1,off,2.0,mean,-0.02917187584257297,0.74,4.135547240172306,3.560528324695971,3.560528324695971,3.535801414214043,1.169620902222411,1.1615360787886508,1.1768915937134103,1.161498199996888,1.1405341089720193,1.181659843046492,1.161498199996888,1.1405341089720193,1.181659843046492,8.981502594041087,0.46045160003807123,0.44231990940303273,0.4781736184077364,3.6202016842821503,1.142352719774601,1.1274745456911786,1.1578013363883222
power,ideal,nv_charge_readout_master_v1_4,thin_all_counts,2,P4.000,4.0,4.0,1.0,37.306330022850005,0.9253066922092468,7.6135460406413324,15.13912743536896,0.1160962041976319,5.219059896625113,1149.6323320374,0.0,0.1,off,2.0,mean,-0.02917187584257297,0.75,4.412283515467411,3.755334662818494,3.755334662818494,3.72406835239065,1.1848019686950602,1.1727095100593554,1.1947481434834792,1.174937498687762,1.1555368779318027,1.1942652394497764,1.174937498687762,1.1555368779318027,1.1942652394497764,8.981502594041087,0.491263401559869,0.47282346067084957,0.5095861065894005,3.8493606229907527,1.1462380243395582,1.1309263567427763,1.1643254478986216
power,ideal,nv_charge_readout_master_v1_4,thin_all_counts,2,P4.000,4.0,4.0,1.0,37.306330022850005,0.9253066922092468,7.6135460406413324,15.13912743536896,0.1160962041976319,5.219059896625113,1149.6323320374,0.0,0.1,off,2.0,mean,-0.02917187584257297,0.76,4.716336578884636,3.960799393716462,3.960799393716462,4.563661195793306,1.0334545831824815,1.0176366090424847,1.2063176358234946,1.190753711578219,1.172437549765297,1.209133627170528,1.190753711578219,1.172437549765297,1.209133627170528,8.981502594041087,0.525116652754046,0.5031999054815728,0.5455711927322875,4.0785195616993555,1.1563844447811176,1.1393672885089727,1.1752255215542644
power,ideal,nv_charge_readout_master_v1_4,thin_all_counts,2,P4.000,4.0,4.0,1.0,37.306330022850005,0.9253066922092468,7.6135460406413324,15.13912743536896,0.1160962041976319,5.219059896625113,1149.6323320374,0.0,0.1,off,2.0,mean,-0.02917187584257297,0.77,5.050010136537564,4.1775056674950015,4.1775056674950015,4.563661195793306,1.1065699051438274,1.06614000276749,1.1473299301885687,1.2088577583105353,1.19276409284401,1.2268658994872175,1.2088577583105353,1.19276409284401,1.2268658994872175,8.981502594041087,0.5622678481313437,0.5391102211207,0.585594844026019,4.307678500407958,1.1723275393136474,1.1565265879331366,1.1927276256080042
power,ideal,nv_charge_readout_master_v1_4,thin_all_counts,2,P4.000,4.0,4.0,1.0,37.306330022850005,0.9253066922092468,7.6135460406413324,15.13912743536896,0.1160962041976319,5.219059896625113,1149.6323320374,0.0,0.1,off,2.0,mean,-0.02917187584257297,0.78,5.412640093527783,4.406068540012038,4.406068540012038,4.563661195793306,1.1860302203233337,1.1387565567298368,1.2261511931508713,1.2284511791804753,1.2113049790950796,1.2405600557314107,1.2284511791804753,1.2113049790950796,1.2405600557314107,8.981502594041087,0.6026430474026563,0.5771676671181748,0.6252599313500176,4.53683743911656,1.1930425469645578,1.1756722886755973,1.2118047002060657
power,ideal,nv_charge_readout_master_v1_4,thin_all_counts,2,P4.000,4.0,4.0,1.0,37.306330022850005,0.9253066922092468,7.6135460406413324,15.13912743536896,0.1160962041976319,5.219059896625113,1149.6323320374,0.0,0.1,off,2.0,mean,-0.02917187584257297,0.79,5.804552962869861,5.72435016039901,5.72435016039901,4.678113002857638,1.2407893865163442,1.1492703153619348,1.2470339131710146,1.014010813493852,1.004614364617363,1.2476340677332936,1.014010813493852,1.004614364617363,1.2476340677332936,8.981502594041087,0.6462786045088913,0.6202310167580625,0.6696738862772406,4.765996377825163,1.2179096463179893,1.2026353949839892,1.2343326971090482
power,ideal,nv_charge_readout_master_v1_4,thin_all_counts,2,P4.000,4.0,4.0,1.0,37.306330022850005,0.9253066922092468,7.6135460406413324,15.13912743536896,0.1160962041976319,5.219059896625113,1149.6323320374,0.0,0.1,off,2.0,mean,-0.02917187584257297,0.8,6.218410883564017,5.9837349339137225,5.9837349339137225,5.114819634248071,1.2157634732467326,1.1665797859251956,1.2488148424596766,1.0392189748112393,1.0215505401113836,1.0576809751838876,1.0392189748112393,1.0215505401113836,1.0576809751838876,8.981502594041087,0.6923575224138682,0.6638861650653062,0.7178617455925682,4.996510251673087,1.2445508105345677,1.2293679634364123,1.2545688279895828
power,ideal,nv_charge_readout_master_v1_4,thin_all_counts,2,P4.000,4.0,4.0,1.0,37.306330022850005,0.9253066922092468,7.6135460406413324,15.13912743536896,0.1160962041976319,5.219059896625113,1149.6323320374,0.0,0.1,off,2.0,mean,-0.02917187584257297,0.81,6.660039845789498,6.25487308708657,6.25487308708657,5.623695260287653,1.1842817822686993,1.1633076771041089,1.265045339722237,1.0647761758011383,1.0432377198734997,1.0853763170913204,1.0647761758011383,1.0432377198734997,1.0853763170913204,8.981502594041087,0.7415284665405766,0.7112020600497438,0.7693511432095282,5.323224520412827,1.2511288637648892,1.2377572478151202,1.265966191761621
power,ideal,nv_charge_readout_master_v1_4,thin_all_counts,2,P4.000,4.0,4.0,1.0,37.306330022850005,0.9253066922092468,7.6135460406413324,15.13912743536896,0.1160962041976319,5.219059896625113,1149.6323320374,0.0,0.1,off,2.0,mean,-0.02917187584257297,0.82,7.113824131982642,6.538297195255402,6.538297195255402,5.895924184637435,1.206566419310241,1.1939426185540265,1.2434706526782144,1.0880239792625026,1.0647140123910144,1.1090646358849698,1.0880239792625026,1.0647140123910144,1.1090646358849698,8.981502594041087,0.7920527837627542,0.7591064434757799,0.8205787033627302,5.6499387891525625,1.2590975579488797,1.2445893718190033,1.2742574403917453
power,ideal,nv_charge_readout_master_v1_4,thin_all_counts,2,P4.000,4.0,4.0,1.0,37.306330022850005,0.9253066922092468,7.6135460406413324,15.13912743536896,0.1160962041976319,5.219059896625113,1149.6323320374,0.0,0.1,off,2.0,mean,-0.02917187584257297,0.83,7.596832694526732,6.834563966092669,6.834563966092669,5.91959024490795,1.283337592675701,1.2355347195863045,1.3084102089944607,1.1115314352482173,1.0877439035171539,1.136425455250551,1.1115314352482173,1.0877439035171539,1.136425455250551,8.981502594041087,0.8458309302907695,0.8104558987782671,0.8794108478783365,5.976653057892303,1.271084772855427,1.2532747961721207,1.2918413441073886
power,ideal,nv_charge_readout_master_v1_4,thin_all_counts,2,P4.000,4.0,4.0,1.0,37.306330022850005,0.9253066922092468,7.6135460406413324,15.13912743536896,0.1160962041976319,5.219059896625113,1149.6323320374,0.0,0.1,off,2.0,mean,-0.02917187584257297,0.84,8.156281542676387,7.144255333102473,7.144255333102473,6.244031293563774,1.306252508869346,1.264613736313726,1.324705068709854,1.1416559406667273,1.1115818416575547,1.1679360321106274,1.1416559406667273,1.1115818416575547,1.1679360321106274,8.981502594041087,0.908119933972718,0.8668587038737194,0.9457822942032714,6.303367326632043,1.2939562491012842,1.2737121159171978,1.3111311828513041
power,ideal,nv_charge_readout_master_v1_4,thin_all_counts,2,P4.000,4.0,4.0,1.0,37.306330022850005,0.9253066922092468,7.6135460406413324,15.13912743536896,0.1160962041976319,5.219059896625113,1149.6323320374,0.0,0.1,off,2.0,mean,-0.02917187584257297,0.85,8.770177745559975,7.467979598666776,7.467979598666776,6.719475271087148,1.3051878891937707,1.2556167276132209,1.3318669938772811,1.1743708763111342,1.1415434349177636,1.2062595821839486,1.1743708763111342,1.1415434349177636,1.2062595821839486,8.981502594041087,0.9764711031068098,0.9325970853909892,1.0033029599558738,6.630081595371783,1.3227857937196603,1.302550336475533,1.3452800240473806
power,ideal,nv_charge_readout_master_v1_4,thin_all_counts,2,P4.000,4.0,4.0,1.0,37.306330022850005,0.9253066922092468,7.6135460406413324,15.13912743536896,0.1160962041976319,5.219059896625113,1149.6323320374,0.0,0.1,off,2.0,mean,-0.02917187584257297,0.86,9.49593178092688,7.806372628885887,7.806372628885887,7.396509524071526,1.2838395935302864,1.2459661675715443,1.3318910562712933,1.2164333208728884,1.1843150291948223,1.2500464056478104,1.2164333208728884,1.1843150291948223,1.2500464056478104,9.435356274569317,1.0064200550138025,0.9947385092077101,1.0194542894451541,7.028445757754329,1.3510713617516685,1.3350561617070493,1.3669356285676801
power,ideal,nv_charge_readout_master_v1_4,thin_all_counts,2,P4.000,4.0,4.0,1.0,37.306330022850005,0.9253066922092468,7.6135460406413324,15.13912743536896,0.1160962041976319,5.219059896625113,1149.6323320374,0.0,0.1,off,2.0,mean,-0.02917187584257297,0.87,10.293454218617224,8.160099102560213,8.160099102560213,7.47560494027688,1.3769392980036177,1.328125130738463,1.4086349445102273,1.261437402811404,1.2257400731451762,1.292084194606745,1.261437402811404,1.2257400731451762,1.292084194606745,10.122375866953053,1.0169010076204241,1.0010742203902496,1.0373655289563015,7.6197134799444335,1.3508978055028245,1.3332312352994988,1.3712794245780566
power,ideal,nv_charge_readout_master_v1_4,thin_all_counts,2,P4.000,4.0,4.0,1.0,37.306330022850005,0.9253066922092468,7.6135460406413324,15.13912743536896,0.1160962041976319,5.219059896625113,1149.6323320374,0.0,0.1,off,2.0,mean,-0.02917187584257297,0.88,11.168709468019873,8.529853816766526,8.529853816766526,7.975447013646904,1.4003866427686036,1.3219108374352573,1.4310918522828604,1.3093670428520519,1.2749403960366923,1.357024383615583,1.3093670428520519,1.2749403960366923,1.357024383615583,10.859419635063068,1.0284812488466848,1.0081315678798162,1.0695361629645994,8.210981202134537,1.3602161779540356,1.338396156248515,1.4036826647224483
power,ideal,nv_charge_readout_master_v1_4,thin_all_counts,2,P4.000,4.0,4.0,1.0,37.306330022850005,0.9253066922092468,7.6135460406413324,15.13912743536896,0.1160962041976319,5.219059896625113,1149.6323320374,0.0,0.1,off,2.0,mean,-0.02917187584257297,0.89,12.524800169680274,8.916363051593168,8.916363051593168,8.858500046024124,1.413873692454476,1.3539178460439292,1.4892088499374811,1.4046983167023863,1.3402636725510477,1.4731578472382536,1.4046983167023863,1.3402636725510477,1.4731578472382536,11.650130005090457,1.0750781462702679,1.0333355302618819,1.1292768093548753,8.802248924324642,1.4229091084970933,1.3778083635517118,1.4837576389509721
power,ideal,nv_charge_readout_master_v1_4,thin_all_counts,2,P4.000,4.0,4.0,1.0,37.306330022850005,0.9253066922092468,7.6135460406413324,15.13912743536896,0.1160962041976319,5.219059896625113,1149.6323320374,0.0,0.1,off,2.0,mean,-0.02917187584257297,0.9,14.681776282122222,18.060878474021745,14.944281875625848,10.128907126324572,1.449492635189136,1.4000383535952305,1.6228270302967582,0.8129048818550034,0.781957750835329,1.5283831374310708,0.9824343788688988,0.9401727335948593,1.5283831374310708,12.49841462036113,1.1746910890765445,1.106186167044257,1.2840470759453508,9.393516646514747,1.562969102478736,1.4805122037953033,1.6682586831312767
power,ideal,nv_charge_readout_master_v1_4,thin_all_counts,2,P4.000,4.0,4.0,1.0,37.306330022850005,0.9253066922092468,7.6135460406413324,15.13912743536896,0.1160962041976319,5.219059896625113,1149.6323320374,0.0,0.1,off,2.0,mean,-0.02917187584257297,0.91,19.7164842449254,18.856696117291342,18.23389337933152,10.362116993920134,1.9027467318207125,1.4990429378188004,1.9362348413953123,1.0455959051514674,0.9504311930464879,1.086962509601951,1.081309615820965,1.0047530585706055,1.1247364161403615,13.40846565267526,1.4704504419557927,1.3497383484745529,1.518868682902392,10.523883755166455,1.8734988625511995,1.74340685861014,1.942582828591719
power,ideal,nv_charge_readout_master_v1_4,thin_all_counts,2,P4.000,4.0,4.0,1.0,37.306330022850005,0.9253066922092468,7.6135460406413324,15.13912743536896,0.1160962041976319,5.219059896625113,1149.6323320374,0.0,0.1,off,2.0,mean,-0.02917187584257297,0.92,21.985474363986242,19.687579924272192,19.227615139948064,13.767086273799462,1.5969591478356193,1.5520671276413454,1.7005430544615683,1.1167179738979014,1.0893094962735683,1.1425660182899617,1.1434322043563447,1.1136294673150695,1.1723758773001371,14.384780519769427,1.5283844153041444,1.4875027753727652,1.5784570121031074,11.66184381292325,1.8852485693233778,1.8270707484093396,1.9557420395321463
power,ideal,nv_charge_readout_master_v1_4,thin_all_counts,2,P4.000,4.0,4.0,1.0,37.306330022850005,0.9253066922092468,7.6135460406413324,15.13912743536896,0.1160962041976319,5.219059896625113,1149.6323320374,0.0,0.1,off,2.0,mean,-0.02917187584257297,0.93,23.788724991423127,20.55507501757854,20.275493350697303,14.585662098919334,1.6309664127750263,1.582203907564162,1.6811410522267263,1.1573163790975802,1.1325157675793711,1.184331099179933,1.173274779555734,1.1494210930148894,1.2021594847342518,15.626563673023865,1.5223260525594375,1.4737116950324507,1.5883998768403582,12.799803870680044,1.85852261735939,1.80038604352004,1.9204471374893541
power,ideal,nv_charge_readout_master_v1_4,thin_all_counts,2,P4.000,4.0,4.0,1.0,37.306330022850005,0.9253066922092468,7.6135460406413324,15.13912743536896,0.1160962041976319,5.219059896625113,1149.6323320374,0.0,0.1,off,2.0,mean,-0.02917187584257297,0.94,26.378810205962758,21.460794602661174,21.380479462586166,15.247396878526649,1.7300533603288573,1.4565959149582588,1.7656673588825622,1.229162791702584,1.1935436614633947,1.2621578707371892,1.2337801054519475,1.1988982840350983,1.2643042048019364,17.608418171595098,1.4980794952107372,1.4472467536734526,1.5608762112995718,14.919954907780442,1.7680221132710505,1.705544798884541,1.8641753669921517
power,ideal,nv_charge_readout_master_v1_4,thin_all_counts,2,P4.000,4.0,4.0,1.0,37.306330022850005,0.9253066922092468,7.6135460406413324,15.13912743536896,0.1160962041976319,5.219059896625113,1149.6323320374,0.0,0.1,off,2.0,mean,-0.02917187584257297,0.95,32.21410334392441,22.40642296774588,45.328196541001006,24.641844341248003,1.3072927049539549,0.6774640137922832,1.6327243905455737,1.4377173630211622,1.3273208722356669,1.5389208299350394,0.710685749758113,0.6945530052807112,1.4476149567961465,21.068648286201796,1.529006650370729,1.4416997511230092,2.204730501443862,17.75289200127337,1.8145834121907445,1.7043359651183534,2.54492382534969
power,ideal,nv_charge_readout_master_v1_4,thin_all_counts,2,P4.000,4.0,4.0,1.0,37.306330022850005,0.9253066922092468,7.6135460406413324,15.13912743536896,0.1160962041976319,5.219059896625113,1149.6323320374,0.0,0.1,off,2.0,mean,-0.02917187584257297,0.96,nan,nan,nan,nan,nan,nan,nan,nan,nan,nan,nan,nan,nan,nan,nan,nan,nan,nan,nan,nan,nan
power,ideal,nv_charge_readout_master_v1_4,thin_all_counts,2,P4.000,4.0,4.0,1.0,37.306330022850005,0.9253066922092468,7.6135460406413324,15.13912743536896,0.1160962041976319,5.219059896625113,1149.6323320374,0.0,0.1,off,2.0,mean,-0.02917187584257297,0.97,nan,nan,nan,nan,nan,nan,nan,nan,nan,nan,nan,nan,nan,nan,nan,nan,nan,nan,nan,nan,nan
power,ideal,nv_charge_readout_master_v1_4,thin_all_counts,2,P4.000,4.0,4.0,1.0,37.306330022850005,0.9253066922092468,7.6135460406413324,15.13912743536896,0.1160962041976319,5.219059896625113,1149.6323320374,0.0,0.1,off,2.0,mean,-0.02917187584257297,0.98,nan,nan,nan,nan,nan,nan,nan,nan,nan,nan,nan,nan,nan,nan,nan,nan,nan,nan,nan,nan,nan
power,ideal,nv_charge_readout_master_v1_4,thin_all_counts,2,P4.000,4.0,4.0,1.0,37.306330022850005,0.9253066922092468,7.6135460406413324,15.13912743536896,0.1160962041976319,5.219059896625113,1149.6323320374,0.0,0.1,off,2.0,mean,-0.02917187584257297,0.99,nan,nan,nan,nan,nan,nan,nan,nan,nan,nan,nan,nan,nan,nan,nan,nan,nan,nan,nan,nan,nan
power,ideal,nv_charge_readout_master_v1_4,thin_all_counts,3,P8.000,8.0,8.0,1.0,18.635386829381762,0.9238337714024277,7.322187453881922,10.530951629190495,0.12016071562213435,19.60191622940256,306.09252329117174,0.0,0.1,off,2.0,mean,-0.02117914753140515,0.55,0.32666000166184417,1.12437412760768,1.12437412760768,0.31534816585917574,1.0358709421120271,1.0272051149593626,1.0613556156368809,0.2905260745877135,0.2771179292099633,0.31050149289177825,0.2905260745877135,0.2771179292099633,0.31050149289177825,2.3913478382124924,0.1366007890788565,0.1301118817696603,0.14623711237888046,0.3194214777802914,1.0226613561863604,1.012735915254347,1.0593818473730423
power,ideal,nv_charge_readout_master_v1_4,thin_all_counts,3,P8.000,8.0,8.0,1.0,18.635386829381762,0.9238337714024277,7.322187453881922,10.530951629190495,0.12016071562213435,19.60191622940256,306.09252329117174,0.0,0.1,off,2.0,mean,-0.02117914753140515,0.56,0.3981056434912405,1.12437412760768,1.12437412760768,0.37556932949580246,1.0600057358935373,1.0350498930585488,1.0801768122385047,0.35406866248184315,0.3336746586354524,0.373319381556592,0.35406866248184315,0.3336746586354524,0.373319381556592,2.3913478382124924,0.1664775141155627,0.1564815561347059,0.17590952235893667,0.3840733472438738,1.0365354595627712,1.0226885116037843,1.0649892146606517
power,ideal,nv_charge_readout_master_v1_4,thin_all_counts,3,P8.000,8.0,8.0,1.0,18.635386829381762,0.9238337714024277,7.322187453881922,10.530951629190495,0.12016071562213435,19.60191622940256,306.09252329117174,0.0,0.1,off,2.0,mean,-0.02117914753140515,0.57,0.4685726506274565,1.12437412760768,1.12437412760768,0.4472907615416915,1.0475795409062598,1.0305862593307291,1.061070514784712,0.4167408686505746,0.3915871042171726,0.4442550365331843,0.4167408686505746,0.3915871042171726,0.4442550365331843,2.3913478382124924,0.19594499935973753,0.1837035968820855,0.20951389647859064,0.4504697028609195,1.0401868264426348,1.016253065862095,1.0744151887427436
power,ideal,nv_charge_readout_master_v1_4,thin_all_counts,3,P8.000,8.0,8.0,1.0,18.635386829381762,0.9238337714024277,7.322187453881922,10.530951629190495,0.12016071562213435,19.60191622940256,306.09252329117174,0.0,0.1,off,2.0,mean,-0.02117914753140515,0.58,0.5387367608824364,1.12437412760768,1.12437412760768,0.5087737241209034,1.0588926576609383,1.0450168495217522,1.075067474810679,0.47914368327622536,0.4575051522375359,0.5011436255526839,0.47914368327622536,0.4575051522375359,0.5011436255526839,2.3913478382124924,0.22528582093901342,0.21466071155056432,0.23619917816974867,0.5168660584779659,1.042314061923265,1.0308588091235513,1.0629043930615794
power,ideal,nv_charge_readout_master_v1_4,thin_all_counts,3,P8.000,8.0,8.0,1.0,18.635386829381762,0.9238337714024277,7.322187453881922,10.530951629190495,0.12016071562213435,19.60191622940256,306.09252329117174,0.0,0.1,off,2.0,mean,-0.02117914753140515,0.59,0.6082590517399172,1.12437412760768,1.12437412760768,0.5692488113773302,1.0685293312570991,1.0471256223117396,1.0874134143440441,0.5409756742038383,0.5141174911767074,0.5671756966406765,0.5409756742038383,0.5141174911767074,0.5671756966406765,2.3913478382124924,0.25435825019692015,0.2409345055735138,0.2678816985274481,0.5839186237731339,1.0416846234660264,1.0318466876951808,1.05715997145588
power,ideal,nv_charge_readout_master_v1_4,thin_all_counts,3,P8.000,8.0,8.0,1.0,18.635386829381762,0.9238337714024277,7.322187453881922,10.530951629190495,0.12016071562213435,19.60191622940256,306.09252329117174,0.0,0.1,off,2.0,mean,-0.02117914753140515,0.6,0.68209544789214,1.12437412760768,1.12437412760768,0.636912234047485,1.0709410361888048,1.0540836429240803,1.0895175160019417,0.6066445599770496,0.5798455421658993,0.6369099921496327,0.6066445599770496,0.5798455421658993,0.6369099921496327,2.3913478382124924,0.2852347270407969,0.27150899891612645,0.30026838293853886,0.6539493714536232,1.0430401460222414,1.0301491387259982,1.0626300689431012
power,ideal,nv_charge_readout_master_v1_4,thin_all_counts,3,P8.000,8.0,8.0,1.0,18.635386829381762,0.9238337714024277,7.322187453881922,10.530951629190495,0.12016071562213435,19.60191622940256,306.09252329117174,0.0,0.1,off,2.0,mean,-0.02117914753140515,0.61,0.7634394134438551,1.12437412760768,1.12437412760768,0.7126184293610509,1.071315843078001,1.0629420267589293,1.08134471529433,0.6789905554552539,0.6478175217076456,0.7144314637753559,0.6789905554552539,0.6478175217076456,0.7144314637753559,2.3913478382124924,0.3192506758090526,0.30379567682944036,0.33682346783077255,0.7239801191341124,1.0545032843677205,1.0405346889848524,1.0733465986053383
power,ideal,nv_charge_readout_master_v1_4,thin_all_counts,3,P8.000,8.0,8.0,1.0,18.635386829381762,0.9238337714024277,7.322187453881922,10.530951629190495,0.12016071562213435,19.60191622940256,306.09252329117174,0.0,0.1,off,2.0,mean,-0.02117914753140515,0.62,0.846025357550844,1.12437412760768,1.12437412760768,0.7858949913458534,1.0765119600800823,1.0677462762447152,1.08858157617761,0.7524411463921924,0.7206508304000981,0.7865390513453329,0.7524411463921924,0.7206508304000981,0.7865390513453329,2.3913478382124924,0.35378598798209093,0.33778305621751004,0.37105256648186735,0.7940108668146018,1.0655085376160065,1.0555254237551914,1.0770281945036844
power,ideal,nv_charge_readout_master_v1_4,thin_all_counts,3,P8.000,8.0,8.0,1.0,18.635386829381762,0.9238337714024277,7.322187453881922,10.530951629190495,0.12016071562213435,19.60191622940256,306.09252329117174,0.0,0.1,off,2.0,mean,-0.02117914753140515,0.63,0.9305385648234754,1.12437412760768,1.12437412760768,0.8583084657858914,1.0841540097958233,1.0702771161438653,1.098468362770771,0.8276058137369039,0.7940150359912902,0.8655828627866586,0.8276058137369039,0.7940150359912902,0.8655828627866586,2.3913478382124924,0.38912723191246124,0.3720309347542356,0.4081177310614282,0.8666371407609305,1.073734924407276,1.0675634657287933,1.0817202162405064
power,ideal,nv_charge_readout_master_v1_4,thin_all_counts,3,P8.000,8.0,8.0,1.0,18.635386829381762,0.9238337714024277,7.322187453881922,10.530951629190495,0.12016071562213435,19.60191622940256,306.09252329117174,0.0,0.1,off,2.0,mean,-0.02117914753140515,0.64,1.0214465304144917,1.12437412760768,1.12437412760768,0.9373942200320369,1.0896659149227337,1.0753881556385658,1.103725876717775,0.9084578747714639,0.8686914469933084,0.9553119746080381,0.9084578747714639,0.8686914469933084,0.9553119746080381,2.3913478382124924,0.4271425988692688,0.4070391398767693,0.4505252231390736,0.9501648050231803,1.075020380690245,1.0653761092429437,1.089225852210656
power,ideal,nv_charge_readout_master_v1_4,thin_all_counts,3,P8.000,8.0,8.0,1.0,18.635386829381762,0.9238337714024277,7.322187453881922,10.530951629190495,0.12016071562213435,19.60191622940256,306.09252329117174,0.0,0.1,off,2.0,mean,-0.02117914753140515,0.65,1.1244928854157508,1.12437412760768,1.12437412760768,1.023767047369038,1.0983874586563092,1.009970296640702,1.1042316037636843,1.0001056212564439,0.9530776552664992,1.046168633733895,1.0001056212564439,0.9530776552664992,1.046168633733895,2.3913478382124924,0.47023392726350405,0.4461915925552289,0.4933123386011311,1.0392443073609319,1.0820293914058572,1.0632405140742318,1.0997691234237896
power,ideal,nv_charge_readout_master_v1_4,thin_all_counts,3,P8.000,8.0,8.0,1.0,18.635386829381762,0.9238337714024277,7.322187453881922,10.530951629190495,0.12016071562213435,19.60191622940256,306.09252329117174,0.0,0.1,off,2.0,mean,-0.02117914753140515,0.66,1.220644887715452,1.12437412760768,1.12437412760768,1.12437412760768,1.0856216429602543,1.0416896509966742,1.1073038770518602,1.0856216429602543,1.0018467174563388,1.1072578517157288,1.0856216429602543,1.0018467174563388,1.1072578517157288,2.3913478382124924,0.5104422151433525,0.4881928547453128,0.5352479184973913,1.1283238096986836,1.0818214392209118,1.062414518566366,1.1019420383618328
power,ideal,nv_charge_readout_master_v1_4,thin_all_counts,3,P8.000,8.0,8.0,1.0,18.635386829381762,0.9238337714024277,7.322187453881922,10.530951629190495,0.12016071562213435,19.60191622940256,306.09252329117174,0.0,0.1,off,2.0,mean,-0.02117914753140515,0.67,1.3223858788564038,1.294438337551007,1.294438337551007,1.2533913839487725,1.0550462495523674,1.0438747053584367,1.1142744015751833,1.0215904771163313,1.0042178993695652,1.0405484540523908,1.0215904771163313,1.0042178993695652,1.0405484540523908,2.3913478382124924,0.5529876740327636,0.5284883273865483,0.5795591466387672,1.2174033120364354,1.086234829314171,1.0643660428272055,1.1072172054216198
power,ideal,nv_charge_readout_master_v1_4,thin_all_counts,3,P8.000,8.0,8.0,1.0,18.635386829381762,0.9238337714024277,7.322187453881922,10.530951629190495,0.12016071562213435,19.60191622940256,306.09252329117174,0.0,0.1,off,2.0,mean,-0.02117914753140515,0.68,1.4294912947577925,1.3647178161299192,1.3647178161299192,1.295189849392996,1.1036924783094448,1.0745517625370598,1.1233444987591736,1.0474629098135164,1.0276537122021614,1.0647278796499329,1.0474629098135164,1.0276537122021614,1.0647278796499329,2.3913478382124924,0.597776397023999,0.5718480547452202,0.6224006848495283,1.306482814374187,1.0941523907013866,1.07219177465487,1.1144533153082992
power,ideal,nv_charge_readout_master_v1_4,thin_all_counts,3,P8.000,8.0,8.0,1.0,18.635386829381762,0.9238337714024277,7.322187453881922,10.530951629190495,0.12016071562213435,19.60191622940256,306.09252329117174,0.0,0.1,off,2.0,mean,-0.02117914753140515,0.69,1.5341699837613465,1.4388130076447347,1.4388130076447347,1.3551061373573285,1.1321400895971299,1.1206420332090548,1.1422329099962127,1.06627475259812,1.0469588408799466,1.0863434661936633,1.06627475259812,1.0469588408799466,1.0863434661936633,2.3913478382124924,0.6415503254048238,0.6165955902112503,0.6694207542424864,1.3955623167119375,1.0993202993442674,1.0782001421955176,1.1171718788270462
power,ideal,nv_charge_readout_master_v1_4,thin_all_counts,3,P8.000,8.0,8.0,1.0,18.635386829381762,0.9238337714024277,7.322187453881922,10.530951629190495,0.12016071562213435,19.60191622940256,306.09252329117174,0.0,0.1,off,2.0,mean,-0.02117914753140515,0.7,1.6478311827971492,1.5169310801835465,1.5169310801835465,1.444142124966086,1.1410450220305337,1.1275697518792507,1.1540494583962175,1.0862927158152524,1.0635591447480797,1.1062739909729786,1.0862927158152524,1.0635591447480797,1.1062739909729786,2.3913478382124924,0.6890805078481957,0.6593392575744237,0.7179950526440679,1.4846418190496893,1.1099183396651973,1.0881988968701355,1.1297758760421204
power,ideal,nv_charge_readout_master_v1_4,thin_all_counts,3,P8.000,8.0,8.0,1.0,18.635386829381762,0.9238337714024277,7.322187453881922,10.530951629190495,0.12016071562213435,19.60191622940256,306.09252329117174,0.0,0.1,off,2.0,mean,-0.02117914753140515,0.71,1.7717336808997655,1.5992904496975422,1.5992904496975422,1.5390281392782326,1.1512029154519983,1.1366714609674122,1.1664646264456693,1.1078248364672194,1.084921146942034,1.1291617363038624,1.1078248364672194,1.084921146942034,1.1291617363038624,2.3913478382124924,0.7408933374678432,0.7096563964150328,0.7715332655365584,1.5737213213874408,1.1258242846565432,1.108700741616409,1.141792018815536
power,ideal,nv_charge_readout_master_v1_4,thin_all_counts,3,P8.000,8.0,8.0,1.0,18.635386829381762,0.9238337714024277,7.322187453881922,10.530951629190495,0.12016071562213435,19.60191622940256,306.09252329117174,0.0,0.1,off,2.0,mean,-0.02117914753140515,0.72,1.9016127889093082,1.6861213906859138,1.6861213906859138,1.6401485508539144,1.1594149736737365,1.145439646956492,1.1720014298804924,1.1278030154968455,1.1050073434052337,1.1475279469045203,1.1278030154968455,1.1050073434052337,1.1475279469045203,2.3913478382124924,0.7952054312310934,0.7624679318985558,0.8310215884783753,1.6628008237251923,1.1436203072410698,1.1304664061277163,1.1530050861875247
power,ideal,nv_charge_readout_master_v1_4,thin_all_counts,3,P8.000,8.0,8.0,1.0,18.635386829381762,0.9238337714024277,7.322187453881922,10.530951629190495,0.12016071562213435,19.60191622940256,306.09252329117174,0.0,0.1,off,2.0,mean,-0.02117914753140515,0.73,2.040260575812594,1.7776666800369307,1.7776666800369307,1.7479129849632136,1.167255231447081,1.1538541972865208,1.1771040537327386,1.1477182976564582,1.1249342403410276,1.1673383616938424,1.1477182976564582,1.1249342403410276,1.1673383616938424,2.3913478382124924,0.853184360388854,0.8182762655343405,0.889958388929907,1.757000864662564,1.1612177414633376,1.1529106816591819,1.1661789170645516
power,ideal,nv_charge_readout_master_v1_4,thin_all_counts,3,P8.000,8.0,8.0,1.0,18.635386829381762,0.9238337714024277,7.322187453881922,10.530951629190495,0.12016071562213435,19.60191622940256,306.09252329117174,0.0,0.1,off,2.0,mean,-0.02117914753140515,0.74,2.189017260239788,1.8741822758253464,1.8741822758253464,1.8575053785426636,1.1784715595048332,1.1696168661354422,1.1892915486032118,1.1679852533424455,1.1472216095138652,1.185644442882038,1.1679852533424455,1.1472216095138652,1.185644442882038,2.3913478382124924,0.9153905698118998,0.8788399880193991,0.9550928458194355,1.884888659544805,1.1613509631748908,1.1488982787292905,1.176238042665623
power,ideal,nv_charge_readout_master_v1_4,thin_all_counts,3,P8.000,8.0,8.0,1.0,18.635386829381762,0.9238337714024277,7.322187453881922,10.530951629190495,0.12016071562213435,19.60191622940256,306.09252329117174,0.0,0.1,off,2.0,mean,-0.02117914753140515,0.75,2.3436768646713717,1.9759380329640321,1.9759380329640321,1.9642999548119517,1.193135935746503,1.1852387727992242,1.2002526840627823,1.18610848395671,1.1665158875439718,1.20015346877469,1.18610848395671,1.1665158875439718,1.20015346877469,2.3913478382124924,0.9800652281615567,0.9421044749642773,1.0071988914796985,2.0127764544270454,1.1643999806916063,1.1485215321998212,1.1816479676559977
power,ideal,nv_charge_readout_master_v1_4,thin_all_counts,3,P8.000,8.0,8.0,1.0,18.635386829381762,0.9238337714024277,7.322187453881922,10.530951629190495,0.12016071562213435,19.60191622940256,306.09252329117174,0.0,0.1,off,2.0,mean,-0.02117914753140515,0.76,2.5041269789397784,2.0832184577107857,2.0832184577107857,2.2378372822845387,1.1189942176597365,1.118912015803831,1.2058770981459874,1.2020472311346175,1.1869516997265357,1.215443010703335,1.2020472311346175,1.1869516997265357,1.215443010703335,2.4806534960069637,1.0094626206242021,0.9995566099421485,1.0201747710573106,2.1406642493092862,1.169789694833166,1.1519043077973372,1.1882018987712957
power,ideal,nv_charge_readout_master_v1_4,thin_all_counts,3,P8.000,8.0,8.0,1.0,18.635386829381762,0.9238337714024277,7.322187453881922,10.530951629190495,0.12016071562213435,19.60191622940256,306.09252329117174,0.0,0.1,off,2.0,mean,-0.02117914753140515,0.77,2.6677715434558467,2.196323503139889,2.196323503139889,2.2378372822845387,1.1921204301022286,1.0891771277081326,1.2160665149141854,1.2146532783726853,0.9947975968235643,1.223584144162502,1.2146532783726853,0.9947975968235643,1.223584144162502,2.62555802041303,1.0160779242791884,1.005381944606824,1.0281991644274835,2.268552044191527,1.1759798723976793,1.157603236588292,1.193252855103294
power,ideal,nv_charge_readout_master_v1_4,thin_all_counts,3,P8.000,8.0,8.0,1.0,18.635386829381762,0.9238337714024277,7.322187453881922,10.530951629190495,0.12016071562213435,19.60191622940256,306.09252329117174,0.0,0.1,off,2.0,mean,-0.02117914753140515,0.78,2.8392460863529245,2.8109460468549736,2.8109460468549736,2.516314355535685,1.128335209830527,1.0988587460463493,1.175292859073415,1.0100677988926947,0.9984688754638448,1.0306994799345668,1.0100677988926947,0.9984688754638448,1.0306994799345668,2.7789269761583166,1.0217058996915402,1.0064401465839903,1.0399365034657426,2.396439839073768,1.184776700862352,1.166966333094852,1.2061425877987892
power,ideal,nv_charge_readout_master_v1_4,thin_all_counts,3,P8.000,8.0,8.0,1.0,18.635386829381762,0.9238337714024277,7.322187453881922,10.530951629190495,0.12016071562213435,19.60191622940256,306.09252329117174,0.0,0.1,off,2.0,mean,-0.02117914753140515,0.79,3.052854342427316,2.9368029531168256,2.9368029531168256,2.536807103326978,1.2034239175787353,1.1616806238450532,1.2427833688671175,1.0395162328433798,1.0197909907124343,1.0638987255264851,1.0395162328433798,1.0197909907124343,1.0638987255264851,2.941254803276288,1.037942832775561,1.018856115336967,1.0611740915950154,2.5243276339560086,1.2093732609673273,1.1881005952987538,1.2304260404158078
power,ideal,nv_charge_readout_master_v1_4,thin_all_counts,3,P8.000,8.0,8.0,1.0,18.635386829381762,0.9238337714024277,7.322187453881922,10.530951629190495,0.12016071562213435,19.60191622940256,306.09252329117174,0.0,0.1,off,2.0,mean,-0.02117914753140515,0.8,3.2824322503761763,3.0682949589465,3.0682949589465,2.748226047110195,1.1943821920426478,1.1711586453653924,1.2527593000592356,1.0697903214308968,1.0479406005878007,1.0936451559389317,1.0697903214308968,1.0479406005878007,1.0936451559389317,3.113064823946991,1.054405364490434,1.033919027018645,1.0747315992839823,2.6522154288382493,1.2376190164212946,1.2196119230637659,1.2531048804164069
power,ideal,nv_charge_readout_master_v1_4,thin_all_counts,3,P8.000,8.0,8.0,1.0,18.635386829381762,0.9238337714024277,7.322187453881922,10.530951629190495,0.12016071562213435,19.60191622940256,306.09252329117174,0.0,0.1,off,2.0,mean,-0.02117914753140515,0.81,3.515692027746791,3.2056743695061245,3.2056743695061245,2.7875492130589996,1.2612125415675595,1.2246311365288076,1.275620966458445,1.096709029834627,1.0754367997827932,1.1259589964155505,1.096709029834627,1.0754367997827932,1.1259589964155505,3.2949109296144745,1.0670066969482994,1.0491339897372682,1.0901541190806392,2.7915208199453794,1.2594181646890175,1.2464718343781367,1.2703338463336122
power,ideal,nv_charge_readout_master_v1_4,thin_all_counts,3,P8.000,8.0,8.0,1.0,18.635386829381762,0.9238337714024277,7.322187453881922,10.530951629190495,0.12016071562213435,19.60191622940256,306.09252329117174,0.0,0.1,off,2.0,mean,-0.02117914753140515,0.82,3.780612079911764,3.3492047866339654,3.3492047866339654,3.138349013939005,1.2046499809677451,1.1735825369775224,1.2630161992093085,1.1288088727806262,1.102109099443809,1.1593964681118416,1.1288088727806262,1.102109099443809,1.1593964681118416,3.487379366655223,1.0840839732150458,1.0641058745855307,1.1051444567108635,2.994141971935983,1.2626696113101332,1.2494387882366504,1.2781583867951174
power,ideal,nv_charge_readout_master_v1_4,thin_all_counts,3,P8.000,8.0,8.0,1.0,18.635386829381762,0.9238337714024277,7.322187453881922,10.530951629190495,0.12016071562213435,19.60191622940256,306.09252329117174,0.0,0.1,off,2.0,mean,-0.02117914753140515,0.83,4.078410122462096,3.4991616146402356,3.4991616146402356,3.237326964697786,1.2598079115690521,1.21578461595189,1.3078851114863508,1.1655392267102862,1.1380531651029369,1.2006202313234031,1.1655392267102862,1.1380531651029369,1.2006202313234031,3.6910906263543835,1.1049336186281236,1.0839289633481277,1.1300225606542138,3.196763123926589,1.2757936588847345,1.2593836415692357,1.2994958708096356
power,ideal,nv_charge_readout_master_v1_4,thin_all_counts,3,P8.000,8.0,8.0,1.0,18.635386829381762,0.9238337714024277,7.322187453881922,10.530951629190495,0.12016071562213435,19.60191622940256,306.09252329117174,0.0,0.1,off,2.0,mean,-0.02117914753140515,0.84,4.440002961688499,3.65583258874932,3.65583258874932,3.445246420346422,1.2887330599829936,1.255348375456305,1.3405246277357317,1.2144984361024715,1.181822568433246,1.2500371431134283,1.2144984361024715,1.181822568433246,1.2500371431134283,3.9067014452827475,1.1365094118081895,1.1158792532460409,1.1562418017941682,3.399384275917195,1.3061197561992408,1.2836277610410063,1.3331082471917846
power,ideal,nv_charge_readout_master_v1_4,thin_all_counts,3,P8.000,8.0,8.0,1.0,18.635386829381762,0.9238337714024277,7.322187453881922,10.530951629190495,0.12016071562213435,19.60191622940256,306.09252329117174,0.0,0.1,off,2.0,mean,-0.02117914753140515,0.85,4.829570781329125,3.8195183272024087,3.8195183272024087,3.624933928221809,1.3323196717404016,1.2737491895787594,1.3524114861360497,1.26444498169656,1.2314814434714838,1.2976749141431132,1.26444498169656,1.2314814434714838,1.2976749141431132,4.149827587245939,1.1638003458679358,1.148820780406361,1.1771967783248558,3.602005427907801,1.340800528480699,1.3221466401031827,1.36112490606589
power,ideal,nv_charge_readout_master_v1_4,thin_all_counts,3,P8.000,8.0,8.0,1.0,18.635386829381762,0.9238337714024277,7.322187453881922,10.530951629190495,0.12016071562213435,19.60191622940256,306.09252329117174,0.0,0.1,off,2.0,mean,-0.02117914753140515,0.86,5.265002292744046,3.9905329080798984,3.9905329080798984,4.112611427685047,1.2802090314930799,1.2546972469150648,1.3446852153872881,1.3193732300975753,1.2820782388827514,1.358390053012527,1.3193732300975753,1.2820782388827514,1.358390053012527,4.484314108313728,1.1740931089066564,1.1557541147910677,1.196445054841137,3.8570436631948293,1.3650356989692436,1.3476394383315198,1.3756141070711703
power,ideal,nv_charge_readout_master_v1_4,thin_all_counts,3,P8.000,8.0,8.0,1.0,18.635386829381762,0.9238337714024277,7.322187453881922,10.530951629190495,0.12016071562213435,19.60191622940256,306.09252329117174,0.0,0.1,off,2.0,mean,-0.02117914753140515,0.87,5.784907270899904,4.169204471950352,4.169204471950352,4.161971878153091,1.3899438632120225,1.3161766211771528,1.4249069539848485,1.3875326359788074,0.9692414488270927,1.416356216524264,1.3875326359788074,0.9865598492777464,1.416356216524264,4.845761082659117,1.1938077780189338,1.1703184852970492,1.2383338013710057,4.253204815049151,1.3601290138746944,1.3414205009090112,1.4032137320495646
power,ideal,nv_charge_readout_master_v1_4,thin_all_counts,3,P8.000,8.0,8.0,1.0,18.635386829381762,0.9238337714024277,7.322187453881922,10.530951629190495,0.12016071562213435,19.60191622940256,306.09252329117174,0.0,0.1,off,2.0,mean,-0.02117914753140515,0.88,6.626730311340646,7.071828311909477,6.571738702070065,4.750225241915957,1.3950349665246229,1.3104821582878126,1.4963546209292236,0.9370604063139862,0.872516487642452,0.9899007304943276,1.0083678934546285,0.9827070047725516,1.0639321409690479,5.236341590496557,1.2655267416792493,1.2140950883794366,1.3677475150354443,4.649365966903472,1.4252976338092223,1.3780299119093242,1.5342479245421743
power,ideal,nv_charge_readout_master_v1_4,thin_all_counts,3,P8.000,8.0,8.0,1.0,18.635386829381762,0.9238337714024277,7.322187453881922,10.530951629190495,0.12016071562213435,19.60191622940256,306.09252329117174,0.0,0.1,off,2.0,mean,-0.02117914753140515,0.89,8.19059996888961,8.056900123588347,7.428946502225219,5.273871833430231,1.5530525252757763,1.392693852043357,1.9761870900740248,1.0165944523638597,0.9202169649192811,1.2677225245152266,1.1025250977963363,1.0339303751226265,1.3442599406017164,5.658403867760986,1.4475106691404491,1.334603426403881,1.813615762640458,5.045527118757794,1.6233388060564287,1.5014130361022116,2.0303015120187413
power,ideal,nv_charge_readout_master_v1_4,thin_all_counts,3,P8.000,8.0,8.0,1.0,18.635386829381762,0.9238337714024277,7.322187453881922,10.530951629190495,0.12016071562213435,19.60191622940256,306.09252329117174,0.0,0.1,off,2.0,mean,-0.02117914753140515,0.9,11.399418477403366,8.719501421199105,8.28914061562646,6.095291215992057,1.8702007949177242,1.7910848602326674,2.0480565578099266,1.3073475106832104,1.258423158263912,1.3495078435975691,1.3752231993644184,1.3324509666596818,1.443088410025879,6.292030603839065,1.8117233044683605,1.7389960910821303,1.9119739584986415,5.690302310281796,2.003306301812081,1.9206895845385838,2.116618980946496
power,ideal,nv_charge_readout_master_v1_4,thin_all_counts,3,P8.000,8.0,8.0,1.0,18.635386829381762,0.9238337714024277,7.322187453881922,10.530951629190495,0.12016071562213435,19.60191622940256,306.09252329117174,0.0,0.1,off,2.0,mean,-0.02117914753140515,0.91,12.69234785426334,9.436595200143973,9.208811018973345,8.528467097079101,1.4882331971017768,1.4267666860471728,1.9697280455664654,1.3450134911021399,1.3253990929275397,1.357645281984074,1.3782830191772535,1.338802359199529,1.41580009564249,7.100671878742827,1.7874854761646188,1.710207356134136,1.8733484966613765,6.434040371965575,1.9726870085500996,1.8912077648403969,2.062323950332639
power,ideal,nv_charge_readout_master_v1_4,thin_all_counts,3,P8.000,8.0,8.0,1.0,18.635386829381762,0.9238337714024277,7.322187453881922,10.530951629190495,0.12016071562213435,19.60191622940256,306.09252329117174,0.0,0.1,off,2.0,mean,-0.02117914753140515,0.92,14.687595937433894,nan,15.628166379392649,10.769292066024269,1.363840431421799,1.2899596182433535,1.6360149357921452,nan,nan,nan,0.9398156879620251,0.9004265933539509,1.0653801110577084,8.29754366910081,1.7701137255991763,1.6639357731580375,2.0519606796329137,7.554411726422201,1.9442408581018655,1.8277625111391695,2.254052771802065
power,ideal,nv_charge_readout_master_v1_4,thin_all_counts,3,P8.000,8.0,8.0,1.0,18.635386829381762,0.9238337714024277,7.322187453881922,10.530951629190495,0.12016071562213435,19.60191622940256,306.09252329117174,0.0,0.1,off,2.0,mean,-0.02117914753140515,0.93,nan,nan,nan,nan,nan,nan,nan,nan,nan,nan,nan,nan,nan,nan,nan,nan,nan,nan,nan,nan,nan
power,ideal,nv_charge_readout_master_v1_4,thin_all_counts,3,P8.000,8.0,8.0,1.0,18.635386829381762,0.9238337714024277,7.322187453881922,10.530951629190495,0.12016071562213435,19.60191622940256,306.09252329117174,0.0,0.1,off,2.0,mean,-0.02117914753140515,0.94,nan,nan,nan,nan,nan,nan,nan,nan,nan,nan,nan,nan,nan,nan,nan,nan,nan,nan,nan,nan,nan
power,ideal,nv_charge_readout_master_v1_4,thin_all_counts,3,P8.000,8.0,8.0,1.0,18.635386829381762,0.9238337714024277,7.322187453881922,10.530951629190495,0.12016071562213435,19.60191622940256,306.09252329117174,0.0,0.1,off,2.0,mean,-0.02117914753140515,0.95,nan,nan,nan,nan,nan,nan,nan,nan,nan,nan,nan,nan,nan,nan,nan,nan,nan,nan,nan,nan,nan
power,ideal,nv_charge_readout_master_v1_4,thin_all_counts,3,P8.000,8.0,8.0,1.0,18.635386829381762,0.9238337714024277,7.322187453881922,10.530951629190495,0.12016071562213435,19.60191622940256,306.09252329117174,0.0,0.1,off,2.0,mean,-0.02117914753140515,0.96,nan,nan,nan,nan,nan,nan,nan,nan,nan,nan,nan,nan,nan,nan,nan,nan,nan,nan,nan,nan,nan
power,ideal,nv_charge_readout_master_v1_4,thin_all_counts,3,P8.000,8.0,8.0,1.0,18.635386829381762,0.9238337714024277,7.322187453881922,10.530951629190495,0.12016071562213435,19.60191622940256,306.09252329117174,0.0,0.1,off,2.0,mean,-0.02117914753140515,0.97,nan,nan,nan,nan,nan,nan,nan,nan,nan,nan,nan,nan,nan,nan,nan,nan,nan,nan,nan,nan,nan
power,ideal,nv_charge_readout_master_v1_4,thin_all_counts,3,P8.000,8.0,8.0,1.0,18.635386829381762,0.9238337714024277,7.322187453881922,10.530951629190495,0.12016071562213435,19.60191622940256,306.09252329117174,0.0,0.1,off,2.0,mean,-0.02117914753140515,0.98,nan,nan,nan,nan,nan,nan,nan,nan,nan,nan,nan,nan,nan,nan,nan,nan,nan,nan,nan,nan,nan
power,ideal,nv_charge_readout_master_v1_4,thin_all_counts,3,P8.000,8.0,8.0,1.0,18.635386829381762,0.9238337714024277,7.322187453881922,10.530951629190495,0.12016071562213435,19.60191622940256,306.09252329117174,0.0,0.1,off,2.0,mean,-0.02117914753140515,0.99,nan,nan,nan,nan,nan,nan,nan,nan,nan,nan,nan,nan,nan,nan,nan,nan,nan,nan,nan,nan,nan
power,ideal,nv_charge_readout_master_v1_4,thin_all_counts,4,P15.000,15.0,15.0,1.0,9.932170229495307,0.9199668888580719,6.89454823783182,7.478904304027249,0.1266696927897476,62.300701647345946,96.30710154699524,0.0,0.1,off,2.0,mean,-0.028409906424225362,0.55,0.21044883662344485,0.6725431412521558,0.6725431412521558,0.201442687606161,1.0447082449321352,1.0243143489694642,1.0677145255442593,0.31291499937331385,0.2911907413287899,0.3385623904060568,0.31291499937331385,0.2911907413287899,0.3385623904060568,0.7523992308360086,0.27970368389346995,0.25915274234717517,0.30363659809698973,0.20539458840592048,1.0246075043006277,0.9977982711281639,1.0713695501175164
power,ideal,nv_charge_readout_master_v1_4,thin_all_counts,4,P15.000,15.0,15.0,1.0,9.932170229495307,0.9199668888580719,6.89454823783182,7.478904304027249,0.1266696927897476,62.300701647345946,96.30710154699524,0.0,0.1,off,2.0,mean,-0.028409906424225362,0.56,0.25402106532763524,0.6725431412521558,0.6725431412521558,0.24167240594189374,1.0510966874253345,1.0310263462125535,1.0741047335782659,0.3777022613816166,0.3535374644412024,0.4077274152953253,0.3777022613816166,0.3535374644412024,0.4077274152953253,0.7523992308360086,0.3376147328664683,0.3153355846192913,0.36528650169667504,0.24647350608710458,1.0306221928691326,1.0180920297219693,1.0714591800090765
power,ideal,nv_charge_readout_master_v1_4,thin_all_counts,4,P15.000,15.0,15.0,1.0,9.932170229495307,0.9199668888580719,6.89454823783182,7.478904304027249,0.1266696927897476,62.300701647345946,96.30710154699524,0.0,0.1,off,2.0,mean,-0.028409906424225362,0.57,0.29926300554989627,0.6725431412521558,0.6725431412521558,0.2869467694398823,1.0429216754524024,1.033169454599968,1.059409693803966,0.44497220653045655,0.42235647116747277,0.470104955393541,0.44497220653045655,0.42235647116747277,0.470104955393541,0.7523992308360086,0.39774496475412136,0.37677557687503443,0.42057273394231953,0.2880468341995966,1.0389387072469183,1.0267135096336548,1.0650135428349423
power,ideal,nv_charge_readout_master_v1_4,thin_all_counts,4,P15.000,15.0,15.0,1.0,9.932170229495307,0.9199668888580719,6.89454823783182,7.478904304027249,0.1266696927897476,62.300701647345946,96.30710154699524,0.0,0.1,off,2.0,mean,-0.028409906424225362,0.58,0.34430919159641193,0.6725431412521558,0.6725431412521558,0.3234962052279711,1.064337652287988,1.0415343506012207,1.084043684985843,0.511951086075117,0.48229034977577995,0.5411880438345142,0.511951086075117,0.48229034977577995,0.5411880438345142,0.7523992308360086,0.4576150233617887,0.42993566947743894,0.48608670206410826,0.3298237430779219,1.0439187560704744,1.0251089549423489,1.0635456425927012
power,ideal,nv_charge_readout_master_v1_4,thin_all_counts,4,P15.000,15.0,15.0,1.0,9.932170229495307,0.9199668888580719,6.89454823783182,7.478904304027249,0.1266696927897476,62.300701647345946,96.30710154699524,0.0,0.1,off,2.0,mean,-0.028409906424225362,0.59,0.3912606768224084,0.6725431412521558,0.6725431412521558,0.3647010733076839,1.0728256796006663,1.0515152484533854,1.090878812541695,0.581762942513919,0.5515275607477889,0.6148600934340073,0.581762942513919,0.5515275607477889,0.6148600934340073,0.7523992308360086,0.5200173801183574,0.49124419886204307,0.5511103259670764,0.3716006519562472,1.052906325009559,1.0419737889401584,1.0631021859674474
power,ideal,nv_charge_readout_master_v1_4,thin_all_counts,4,P15.000,15.0,15.0,1.0,9.932170229495307,0.9199668888580719,6.89454823783182,7.478904304027249,0.1266696927897476,62.300701647345946,96.30710154699524,0.0,0.1,off,2.0,mean,-0.028409906424225362,0.6,0.44068902548959443,0.6725431412521558,0.6725431412521558,0.41115435273203693,1.071833540278257,1.0572187400466426,1.0894873903766313,0.6552576310110156,0.6212900362200712,0.6927187602489151,0.6552576310110156,0.6212900362200712,0.6927187602489151,0.7523992308360086,0.5857116905873687,0.553469916270532,0.6208562159093359,0.41881802489359277,1.052220772020398,1.038735916577961,1.066131111293368
power,ideal,nv_charge_readout_master_v1_4,thin_all_counts,4,P15.000,15.0,15.0,1.0,9.932170229495307,0.9199668888580719,6.89454823783182,7.478904304027249,0.1266696927897476,62.300701647345946,96.30710154699524,0.0,0.1,off,2.0,mean,-0.028409906424225362,0.61,0.4917514515140657,0.6725431412521558,0.6725431412521558,0.4601088161747004,1.0687720691866742,1.0642098232048596,1.0763579108810184,0.7311820184479346,0.6958288341117114,0.7672179459722218,0.7311820184479346,0.6958288341117114,0.7672179459722218,0.7523992308360086,0.653577823262351,0.6195000057379924,0.688368622414794,0.4675898161335155,1.0516727151595,1.0350430124001302,1.0650579251343142
power,ideal,nv_charge_readout_master_v1_4,thin_all_counts,4,P15.000,15.0,15.0,1.0,9.932170229495307,0.9199668888580719,6.89454823783182,7.478904304027249,0.1266696927897476,62.300701647345946,96.30710154699524,0.0,0.1,off,2.0,mean,-0.028409906424225362,0.62,0.5435637563660806,0.6725431412521558,0.6725431412521558,0.5039957985549957,1.0785085072624216,1.0633638216036032,1.0962706843255412,0.8082213958112211,0.766888406606957,0.8531600373828123,0.8082213958112211,0.766888406606957,0.8531600373828123,0.7523992308360086,0.7224406061156043,0.6832275547016058,0.7659795341741665,0.5163616073734383,1.0526804251210904,1.039776084919542,1.0648641334013575
power,ideal,nv_charge_readout_master_v1_4,thin_all_counts,4,P15.000,15.0,15.0,1.0,9.932170229495307,0.9199668888580719,6.89454823783182,7.478904304027249,0.1266696927897476,62.300701647345946,96.30710154699524,0.0,0.1,off,2.0,mean,-0.028409906424225362,0.63,0.6034384925234687,0.6725431412521558,0.6725431412521558,0.5520688933390078,1.0930492549105035,1.0783543453353353,1.107336386287096,0.8972487495745975,0.8520108242874561,0.9395726529272876,0.8972487495745975,0.8520108242874561,0.9395726529272876,0.7523992308360086,0.8020190183514329,0.7601200071902765,0.842442624602735,0.567529180160425,1.0632730679203017,1.0498433962968237,1.07432543425118
power,ideal,nv_charge_readout_master_v1_4,thin_all_counts,4,P15.000,15.0,15.0,1.0,9.932170229495307,0.9199668888580719,6.89454823783182,7.478904304027249,0.1266696927897476,62.300701647345946,96.30710154699524,0.0,0.1,off,2.0,mean,-0.028409906424225362,0.64,0.6568484792320887,0.6725431412521558,0.6725431412521558,0.6047273883361536,1.0861894002177428,1.0197590982673403,1.0985974127988074,0.9766637096456795,0.9356360333433503,1.0326486300681594,0.9766637096456795,0.9356360333433503,1.0326486300681594,0.7523992308360086,0.8730052508191014,0.8341801753953761,0.926506606945759,0.6205601385951279,1.058476750890112,1.0432213209075238,1.0834918965014972
power,ideal,nv_charge_readout_master_v1_4,thin_all_counts,4,P15.000,15.0,15.0,1.0,9.932170229495307,0.9199668888580719,6.89454823783182,7.478904304027249,0.1266696927897476,62.300701647345946,96.30710154699524,0.0,0.1,off,2.0,mean,-0.028409906424225362,0.65,0.7283475469114037,0.6725431412521558,0.6725431412521558,0.6725431412521558,1.0829752059553386,1.031156886004861,1.1001270810446253,1.0829752059553386,0.9993071897524418,1.0982260449179246,1.0829752059553386,0.9993071897524418,1.0982260449179246,0.7523992308360086,0.968033348601539,0.9126450560641701,1.0015974112189796,0.673591097029831,1.0812903408655767,1.0582675108692772,1.1013391557804262
power,ideal,nv_charge_readout_master_v1_4,thin_all_counts,4,P15.000,15.0,15.0,1.0,9.932170229495307,0.9199668888580719,6.89454823783182,7.478904304027249,0.1266696927897476,62.300701647345946,96.30710154699524,0.0,0.1,off,2.0,mean,-0.028409906424225362,0.66,0.7864614753945066,0.7730484770332083,0.7730484770332083,0.7083762866071747,1.110231229169637,1.067391771914804,1.115259056781557,1.017350785571397,1.0043679164357837,1.0355180210529469,1.017350785571397,1.0043679164357837,1.0355180210529469,0.7824676762776008,1.0051041074768805,0.9942896259536393,1.019902779797356,0.726622055464534,1.0823528813637744,1.0653179152089816,1.1005962819418742
power,ideal,nv_charge_readout_master_v1_4,thin_all_counts,4,P15.000,15.0,15.0,1.0,9.932170229495307,0.9199668888580719,6.89454823783182,7.478904304027249,0.1266696927897476,62.300701647345946,96.30710154699524,0.0,0.1,off,2.0,mean,-0.028409906424225362,0.67,0.848712156489474,0.8151268596935183,0.8151268596935183,0.7732235755166808,1.097628400585627,1.0783892152499341,1.114552084474466,1.041202539698647,1.0210462950636587,1.060946415190445,1.041202539698647,1.0210462950636587,1.060946415190445,0.8319617773495523,1.020133592186512,1.0039630353753861,1.03677862450592,0.779653013899237,1.0885767660216628,1.069263247653541,1.1076608767100207
power,ideal,nv_charge_readout_master_v1_4,thin_all_counts,4,P15.000,15.0,15.0,1.0,9.932170229495307,0.9199668888580719,6.89454823783182,7.478904304027249,0.1266696927897476,62.300701647345946,96.30710154699524,0.0,0.1,off,2.0,mean,-0.028409906424225362,0.68,0.916708667658622,0.8594956424256356,0.8594956424256356,0.8135308818908379,1.1268271285878841,1.1138899712868713,1.1346439127398564,1.066565811865575,1.0464266950079724,1.0850648040192195,1.066565811865575,1.0464266950079724,1.0850648040192195,0.8845865713755875,1.0363131177009421,1.0172787448663885,1.0540774040305756,0.8326839723339401,1.1009082654601459,1.083120423223769,1.1184845655135558
power,ideal,nv_charge_readout_master_v1_4,thin_all_counts,4,P15.000,15.0,15.0,1.0,9.932170229495307,0.9199668888580719,6.89454823783182,7.478904304027249,0.1266696927897476,62.300701647345946,96.30710154699524,0.0,0.1,off,2.0,mean,-0.028409906424225362,0.69,0.9851536051772446,0.9062794957172846,0.9062794957172846,0.8644427462265862,1.1396400854510935,1.1278484823561352,1.152576866160911,1.0870306675067543,1.064769600825441,1.1097728520249472,1.0870306675067543,1.064769600825441,1.1097728520249472,0.9405400867704152,1.0474339361334628,1.028206455911722,1.0675641705892207,0.8857149307686425,1.1122693893421296,1.0948999109875148,1.129211287341003
power,ideal,nv_charge_readout_master_v1_4,thin_all_counts,4,P15.000,15.0,15.0,1.0,9.932170229495307,0.9199668888580719,6.89454823783182,7.478904304027249,0.1266696927897476,62.300701647345946,96.30710154699524,0.0,0.1,off,2.0,mean,-0.028409906424225362,0.7,1.058949798096893,0.9556098760892086,0.9556098760892086,0.9185407439812869,1.1528609972237296,1.1372960238662622,1.1677153341663478,1.1081402825498188,1.0865952976930286,1.1299231740544764,1.1081402825498188,1.0865952976930286,1.1299231740544764,1.0000328780104226,1.0589149830790425,1.0381106474391701,1.0791721712382971,0.9387458892033456,1.1280473345087634,1.1117021821422663,1.1411414603615209
power,ideal,nv_charge_readout_master_v1_4,thin_all_counts,4,P15.000,15.0,15.0,1.0,9.932170229495307,0.9199668888580719,6.89454823783182,7.478904304027249,0.1266696927897476,62.300701647345946,96.30710154699524,0.0,0.1,off,2.0,mean,-0.028409906424225362,0.71,1.1367107120539552,1.0076253954708292,1.0076253954708292,0.976024267699208,1.1646336568388151,1.1493832101175956,1.1773495791719322,1.128108439072051,1.1080197613896263,1.1471904346417894,1.128108439072051,1.1080197613896263,1.1471904346417894,1.0632888179554263,1.0690516940070058,1.0505062557191795,1.0866962336229489,0.9917768476380485,1.1461355593862388,1.133956593756997,1.1532573111303892
power,ideal,nv_charge_readout_master_v1_4,thin_all_counts,4,P15.000,15.0,15.0,1.0,9.932170229495307,0.9199668888580719,6.89454823783182,7.478904304027249,0.1266696927897476,62.300701647345946,96.30710154699524,0.0,0.1,off,2.0,mean,-0.028409906424225362,0.72,1.2130029082374851,1.0624722106816769,1.0624722106816769,1.0371051881800712,1.169604512697581,1.1581951965659483,1.1796444236046064,1.1416796562229412,1.125501009949277,1.1584438434097273,1.1416796562229412,1.125501009949277,1.1584438434097273,1.1305459402878393,1.072935530535497,1.0573717991731686,1.0884656064661655,1.061479691899165,1.1427471646369605,1.1302159733356523,1.156022239034737
power,ideal,nv_charge_readout_master_v1_4,thin_all_counts,4,P15.000,15.0,15.0,1.0,9.932170229495307,0.9199668888580719,6.89454823783182,7.478904304027249,0.1266696927897476,62.300701647345946,96.30710154699524,0.0,0.1,off,2.0,mean,-0.028409906424225362,0.73,1.2972225240617088,1.1203044341129746,1.1203044341129746,1.1020086353851772,1.1771437014268948,1.167728726276934,1.1858509338871754,1.1579196551951638,1.1399050538691406,1.1724796078471336,1.1579196551951638,1.1399050538691406,1.1724796078471336,1.202057335239366,1.0791685937371636,1.0622438845151363,1.0941007873903923,1.1375947999396707,1.1403203707774539,1.1271588393969554,1.1558168445950068
power,ideal,nv_charge_readout_master_v1_4,thin_all_counts,4,P15.000,15.0,15.0,1.0,9.932170229495307,0.9199668888580719,6.89454823783182,7.478904304027249,0.1266696927897476,62.300701647345946,96.30710154699524,0.0,0.1,off,2.0,mean,-0.028409906424225362,0.74,1.38946015620005,1.1812845667633396,1.1812845667633396,1.1783898483341753,1.1791175544869579,1.1331323786649659,1.1889816395307882,1.1762281462857853,1.1611931721914623,1.1875721705226607,1.1762281462857853,1.1611931721914623,1.1875721705226607,1.2780921019758649,1.0871361727781712,1.0733483889299795,1.0982733794553508,1.2137099079801767,1.1448041637168078,1.1281826060378761,1.16190065303125
power,ideal,nv_charge_readout_master_v1_4,thin_all_counts,4,P15.000,15.0,15.0,1.0,9.932170229495307,0.9199668888580719,6.89454823783182,7.478904304027249,0.1266696927897476,62.300701647345946,96.30710154699524,0.0,0.1,off,2.0,mean,-0.028409906424225362,0.75,1.4843848205490255,1.487484470023219,1.4874930587366788,1.2604829994842106,1.177631765883741,1.044927011704365,1.1956888524607703,0.9979161802784098,0.993263640324452,1.1977947579162496,0.9979104183583263,0.993258373565425,1.1977947579162496,1.3589363612242353,1.0923137115941004,1.083064030275761,1.1007689409072867,1.2898250160206826,1.1508420150886756,1.1346053370474416,1.171318056575004
power,ideal,nv_charge_readout_master_v1_4,thin_all_counts,4,P15.000,15.0,15.0,1.0,9.932170229495307,0.9199668888580719,6.89454823783182,7.478904304027249,0.1266696927897476,62.300701647345946,96.30710154699524,0.0,0.1,off,2.0,mean,-0.028409906424225362,0.76,1.5914349000143737,1.55449906125931,1.5546696075614879,1.4958924857864717,1.0638698403366003,1.0402731762694741,1.2039730542834597,1.0237606053780064,1.0027039282948458,1.0484202063999617,1.0236482994676614,1.002661420980366,1.048472754120685,1.442995075474244,1.102869252337084,1.0905466511434012,1.1190740788536604,1.3659401240611886,1.1650839388792154,1.143226702092922,1.1917214993796672
power,ideal,nv_charge_readout_master_v1_4,thin_all_counts,4,P15.000,15.0,15.0,1.0,9.932170229495307,0.9199668888580719,6.89454823783182,7.478904304027249,0.1266696927897476,62.300701647345946,96.30710154699524,0.0,0.1,off,2.0,mean,-0.028409906424225362,0.77,1.7144678141236485,1.6245328137229933,1.6248799108535914,1.5242469760538073,1.1247965986209876,1.0857583868579712,1.1621102433290582,1.0553605317423833,1.030965034333044,1.0825577620709699,1.0551350919361138,1.031043443359346,1.0823773636752991,1.5318093376591342,1.1192436107901311,1.1024756273793022,1.137884787368069,1.4420552321016946,1.188905789430084,1.165938023370685,1.213447506749108
power,ideal,nv_charge_readout_master_v1_4,thin_all_counts,4,P15.000,15.0,15.0,1.0,9.932170229495307,0.9199668888580719,6.89454823783182,7.478904304027249,0.1266696927897476,62.300701647345946,96.30710154699524,0.0,0.1,off,2.0,mean,-0.028409906424225362,0.78,1.8497514920175266,1.6977217475607786,1.6982609757431388,1.5531389228067924,1.190976199781732,1.1466975735964093,1.227231827867537,1.0895492707654706,1.0619038184486582,1.1184694486022806,1.0892033194180284,1.0617229487066664,1.1179794819477256,1.626089989370582,1.1375455873346334,1.118082926241716,1.157892615525637,1.5181703401422004,1.2184083979958853,1.1967879505436299,1.2409280278815673
power,ideal,nv_charge_readout_master_v1_4,thin_all_counts,4,P15.000,15.0,15.0,1.0,9.932170229495307,0.9199668888580719,6.89454823783182,7.478904304027249,0.1266696927897476,62.300701647345946,96.30710154699524,0.0,0.1,off,2.0,mean,-0.028409906424225362,0.79,1.9845444991135879,1.774208010939133,1.7749559967277526,1.583053676652779,1.2536179463666224,1.2163140612096341,1.263061804652618,1.1185523269411453,1.093028937458572,1.1409725653596612,1.1180809568080703,1.0922364463028367,1.1411035940093313,1.726173478986595,1.149678478595719,1.1320786293501468,1.1626486822253361,1.5942854481827062,1.2447861839143863,1.2267328944369607,1.2593118775220258
power,ideal,nv_charge_readout_master_v1_4,thin_all_counts,4,P15.000,15.0,15.0,1.0,9.932170229495307,0.9199668888580719,6.89454823783182,7.478904304027249,0.1266696927897476,62.300701647345946,96.30710154699524,0.0,0.1,off,2.0,mean,-0.028409906424225362,0.8,2.1218417031529873,1.8541401561258506,1.8551146350997094,1.684320374267158,1.2597613468139595,1.2498954801630446,1.2765419996360061,1.1443804267669215,1.1192815718241114,1.1768009892051257,1.1437792915902159,1.118062974134523,1.1760313709155656,1.8324169627967766,1.1579469881759161,1.1456754513196317,1.176325655291751,1.7041527237821426,1.2451006729278578,1.2324436577142388,1.2629977832321468
power,ideal,nv_charge_readout_master_v1_4,thin_all_counts,4,P15.000,15.0,15.0,1.0,9.932170229495307,0.9199668888580719,6.89454823783182,7.478904304027249,0.1266696927897476,62.300701647345946,96.30710154699524,0.0,0.1,off,2.0,mean,-0.028409906424225362,0.81,2.3064357629047203,1.9376734280095267,1.9388933109923103,1.8480114501593503,1.24806356730411,1.2208775778122867,1.2822066596396373,1.1903119119892172,1.1565108344403345,1.2248401799906163,1.1895630099029557,1.1557442507172238,1.2245078784187924,1.9505187408957885,1.182473008101155,1.165468573338911,1.2001829879636032,1.8354986514645337,1.2565717556177056,1.2376942870922105,1.2789250624345403
power,ideal,nv_charge_readout_master_v1_4,thin_all_counts,4,P15.000,15.0,15.0,1.0,9.932170229495307,0.9199668888580719,6.89454823783182,7.478904304027249,0.1266696927897476,62.300701647345946,96.30710154699524,0.0,0.1,off,2.0,mean,-0.028409906424225362,0.82,2.5180181018112986,2.024970065617491,2.026455508615329,1.9846552014650845,1.2687433565046877,1.2301140862025264,1.312380763951736,1.2434841109828743,1.2019507063344397,1.2802265495902974,1.2425726057671274,1.2018386905771976,1.277934338676855,2.0879667186004554,1.205966589112638,1.1854735857352712,1.230531104502792,1.9668445791469233,1.2802323724548865,1.2537866172886505,1.305130062186532
power,ideal,nv_charge_readout_master_v1_4,thin_all_counts,4,P15.000,15.0,15.0,1.0,9.932170229495307,0.9199668888580719,6.89454823783182,7.478904304027249,0.1266696927897476,62.300701647345946,96.30710154699524,0.0,0.1,off,2.0,mean,-0.028409906424225362,0.83,2.7625516047232828,2.116199617217823,2.117972095275179,2.0861591791948007,1.3242285786598273,1.2960871916483283,1.35222131146331,1.3054305379542699,1.256744473759542,1.3405221155132718,1.3043380556741266,1.256380139162737,1.3381471637414022,2.2351002974629095,1.235985520586745,1.2071465653214217,1.258882856436027,2.0981905068293147,1.3166352605883813,1.2835014022901299,1.3421905026444316
power,ideal,nv_charge_readout_master_v1_4,thin_all_counts,4,P15.000,15.0,15.0,1.0,9.932170229495307,0.9199668888580719,6.89454823783182,7.478904304027249,0.1266696927897476,62.300701647345946,96.30710154699524,0.0,0.1,off,2.0,mean,-0.028409906424225362,0.84,3.0399219729248608,3.0203053072651533,3.0224113694977417,2.5268216947945343,1.2030615295045772,1.146200596548763,1.3723506600364341,1.0064949280499957,0.9987757134372419,1.3675287351388004,1.005793587068867,0.9976275805560684,1.3657703224954627,2.395610397914076,1.2689550753210141,1.247814408380779,1.283340111727312,2.2405027521765164,1.356803498666429,1.327312354006305,1.369209738002891
power,ideal,nv_charge_readout_master_v1_4,thin_all_counts,4,P15.000,15.0,15.0,1.0,9.932170229495307,0.9199668888580719,6.89454823783182,7.478904304027249,0.1266696927897476,62.300701647345946,96.30710154699524,0.0,0.1,off,2.0,mean,-0.028409906424225362,0.85,3.360241971707545,3.257666186798823,3.2470678353034055,2.7016359102174192,1.2437804661239948,1.1861956415636492,1.3074315294308843,1.0314875064008688,1.0059333441959373,1.0621463178002755,1.0348542568694332,1.0106277977309428,1.062971226367664,2.6165033300026432,1.2842490713375665,1.2633611501349598,1.3056879515864204,2.503444491836633,1.3422474445368384,1.3230655670555802,1.3687791370504103
power,ideal,nv_charge_readout_master_v1_4,thin_all_counts,4,P15.000,15.0,15.0,1.0,9.932170229495307,0.9199668888580719,6.89454823783182,7.478904304027249,0.1266696927897476,62.300701647345946,96.30710154699524,0.0,0.1,off,2.0,mean,-0.028409906424225362,0.86,3.895940434632757,3.5136808716274333,3.4884230629446162,2.7322999139968998,1.4258831597054238,1.291203809866361,1.4525476193201392,1.1087917705025592,1.0282802722843793,1.193924043891317,1.1168199396503675,1.0408952664297324,1.201981400045814,2.867995313999793,1.3584193863968907,1.29040139986316,1.4342562360366284,2.76638623149675,1.4083139911106566,1.3333171059435533,1.5007335651801348
power,ideal,nv_charge_readout_master_v1_4,thin_all_counts,4,P15.000,15.0,15.0,1.0,9.932170229495307,0.9199668888580719,6.89454823783182,7.478904304027249,0.1266696927897476,62.300701647345946,96.30710154699524,0.0,0.1,off,2.0,mean,-0.028409906424225362,0.87,6.8727182678365315,6.519348072776189,3.8568190534684677,3.2066006544078243,2.1433034570080394,1.3625273204070552,2.273011661516303,1.05420330240319,0.6994502798226672,1.3275823337438992,1.781965441613301,1.1130185668943804,1.8388078685221063,3.2033226167472906,2.1454967513747363,1.4041122628139404,2.2870943621924513,3.097270363151097,2.2189597490754323,1.4601629184767082,2.3576847190395607
power,ideal,nv_charge_readout_master_v1_4,thin_all_counts,4,P15.000,15.0,15.0,1.0,9.932170229495307,0.9199668888580719,6.89454823783182,7.478904304027249,0.1266696927897476,62.300701647345946,96.30710154699524,0.0,0.1,off,2.0,mean,-0.028409906424225362,0.88,8.327205736819364,7.9643014103019265,6.965385067134015,3.9907962384329476,2.086602582368169,1.8916610207753364,2.478708294269353,1.0455663727201505,0.9995987855526547,1.1295918273308867,1.1955126179758624,1.128113804340779,1.386986644132559,3.734643491103459,2.2297190499323833,2.0724237338852283,2.5694306838375303,3.5988390405470487,2.313858898105532,2.16368286874494,2.695446046377907
power,ideal,nv_charge_readout_master_v1_4,thin_all_counts,4,P15.000,15.0,15.0,1.0,9.932170229495307,0.9199668888580719,6.89454823783182,7.478904304027249,0.1266696927897476,62.300701647345946,96.30710154699524,0.0,0.1,off,2.0,mean,-0.028409906424225362,0.89,nan,nan,7.954187987016202,6.988199117547863,nan,nan,nan,nan,nan,nan,nan,nan,nan,4.93484826265565,nan,nan,nan,4.408313077368752,nan,nan,nan
power,ideal,nv_charge_readout_master_v1_4,thin_all_counts,4,P15.000,15.0,15.0,1.0,9.932170229495307,0.9199668888580719,6.89454823783182,7.478904304027249,0.1266696927897476,62.300701647345946,96.30710154699524,0.0,0.1,off,2.0,mean,-0.028409906424225362,0.9,nan,nan,nan,nan,nan,nan,nan,nan,nan,nan,nan,nan,nan,nan,nan,nan,nan,nan,nan,nan,nan
power,ideal,nv_charge_readout_master_v1_4,thin_all_counts,4,P15.000,15.0,15.0,1.0,9.932170229495307,0.9199668888580719,6.89454823783182,7.478904304027249,0.1266696927897476,62.300701647345946,96.30710154699524,0.0,0.1,off,2.0,mean,-0.028409906424225362,0.91,nan,nan,nan,nan,nan,nan,nan,nan,nan,nan,nan,nan,nan,nan,nan,nan,nan,nan,nan,nan,nan
power,ideal,nv_charge_readout_master_v1_4,thin_all_counts,4,P15.000,15.0,15.0,1.0,9.932170229495307,0.9199668888580719,6.89454823783182,7.478904304027249,0.1266696927897476,62.300701647345946,96.30710154699524,0.0,0.1,off,2.0,mean,-0.028409906424225362,0.92,nan,nan,nan,nan,nan,nan,nan,nan,nan,nan,nan,nan,nan,nan,nan,nan,nan,nan,nan,nan,nan
power,ideal,nv_charge_readout_master_v1_4,thin_all_counts,4,P15.000,15.0,15.0,1.0,9.932170229495307,0.9199668888580719,6.89454823783182,7.478904304027249,0.1266696927897476,62.300701647345946,96.30710154699524,0.0,0.1,off,2.0,mean,-0.028409906424225362,0.93,nan,nan,nan,nan,nan,nan,nan,nan,nan,nan,nan,nan,nan,nan,nan,nan,nan,nan,nan,nan,nan
power,ideal,nv_charge_readout_master_v1_4,thin_all_counts,4,P15.000,15.0,15.0,1.0,9.932170229495307,0.9199668888580719,6.89454823783182,7.478904304027249,0.1266696927897476,62.300701647345946,96.30710154699524,0.0,0.1,off,2.0,mean,-0.028409906424225362,0.94,nan,nan,nan,nan,nan,nan,nan,nan,nan,nan,nan,nan,nan,nan,nan,nan,nan,nan,nan,nan,nan
power,ideal,nv_charge_readout_master_v1_4,thin_all_counts,4,P15.000,15.0,15.0,1.0,9.932170229495307,0.9199668888580719,6.89454823783182,7.478904304027249,0.1266696927897476,62.300701647345946,96.30710154699524,0.0,0.1,off,2.0,mean,-0.028409906424225362,0.95,nan,nan,nan,nan,nan,nan,nan,nan,nan,nan,nan,nan,nan,nan,nan,nan,nan,nan,nan,nan,nan
power,ideal,nv_charge_readout_master_v1_4,thin_all_counts,4,P15.000,15.0,15.0,1.0,9.932170229495307,0.9199668888580719,6.89454823783182,7.478904304027249,0.1266696927897476,62.300701647345946,96.30710154699524,0.0,0.1,off,2.0,mean,-0.028409906424225362,0.96,nan,nan,nan,nan,nan,nan,nan,nan,nan,nan,nan,nan,nan,nan,nan,nan,nan,nan,nan,nan,nan
power,ideal,nv_charge_readout_master_v1_4,thin_all_counts,4,P15.000,15.0,15.0,1.0,9.932170229495307,0.9199668888580719,6.89454823783182,7.478904304027249,0.1266696927897476,62.300701647345946,96.30710154699524,0.0,0.1,off,2.0,mean,-0.028409906424225362,0.97,nan,nan,nan,nan,nan,nan,nan,nan,nan,nan,nan,nan,nan,nan,nan,nan,nan,nan,nan,nan,nan
power,ideal,nv_charge_readout_master_v1_4,thin_all_counts,4,P15.000,15.0,15.0,1.0,9.932170229495307,0.9199668888580719,6.89454823783182,7.478904304027249,0.1266696927897476,62.300701647345946,96.30710154699524,0.0,0.1,off,2.0,mean,-0.028409906424225362,0.98,nan,nan,nan,nan,nan,nan,nan,nan,nan,nan,nan,nan,nan,nan,nan,nan,nan,nan,nan,nan,nan
power,ideal,nv_charge_readout_master_v1_4,thin_all_counts,4,P15.000,15.0,15.0,1.0,9.932170229495307,0.9199668888580719,6.89454823783182,7.478904304027249,0.1266696927897476,62.300701647345946,96.30710154699524,0.0,0.1,off,2.0,mean,-0.028409906424225362,0.99,nan,nan,nan,nan,nan,nan,nan,nan,nan,nan,nan,nan,nan,nan,nan,nan,nan,nan,nan,nan,nan
