experiment,detector,physics_layer,efficiency_model,point_index,point,sweep_value,power_uw,detection_efficiency,photons_per_bright_dwell,contrast,switching_ratio,snr_per_bright_dwell,p_bright_stationary,gamma_tot_khz,horizon_us,noise_sigma,noise_tau_c_ms,noise_kind,noise_photon_order,noise_renormalise,q_excess_finest_bin,target_fidelity,t_threshold_us,t_adaptive_count_us,t_fixed_count_mmpp_us,t_adaptive_mmpp_us,speedup_mmpp,speedup_mmpp_ci_low,speedup_mmpp_ci_high,speedup_count,speedup_count_ci_low,speedup_count_ci_high,speedup_fixed_count_mmpp,speedup_fixed_count_mmpp_ci_low,speedup_fixed_count_mmpp_ci_high,t_learned_us,speedup_learned,speedup_learned_ci_low,speedup_learned_ci_high,t_optimal_us,speedup_optimal,speedup_optimal_ci_low,speedup_optimal_ci_high
contrast,ideal,nv_charge_readout_master_v1_4,thin_all_counts,0,contrast0.5,0.5,5.437,1.0,27.43339830432224,0.4999999999999999,7.504300359171423,5.441829145374569,0.11758756837904422,9.422120008455401,636.7993609310438,0.0,0.1,off,2.0,mean,-0.016526969935357516,0.55,0.7290819206336785,1.5425443416414075,1.5425443416414075,0.6698903590717901,1.0883600737946209,1.0351266467438227,1.1191434557782136,0.4726489222720619,0.41136962309307357,0.5196240868828914,0.4726489222720619,0.41136962309307357,0.5196240868828914,4.976031464566619,0.14651875210704218,0.1275792227430869,0.1615379707614162,0.68662561469401,1.0618332684232716,1.0145545631640784,1.121017500749131
contrast,ideal,nv_charge_readout_master_v1_4,thin_all_counts,0,contrast0.5,0.5,5.437,1.0,27.43339830432224,0.4999999999999999,7.504300359171423,5.441829145374569,0.11758756837904422,9.422120008455401,636.7993609310438,0.0,0.1,off,2.0,mean,-0.016526969935357516,0.56,0.8810262843825366,1.5425443416414075,1.5425443416414075,0.8108095900719211,1.086600720033895,1.0529992221649513,1.112379545994316,0.571151350790373,0.5165298985566655,0.6292208225579471,0.571151350790373,0.5165298985566655,0.6292208225579471,4.976031464566619,0.17705400190014042,0.15977460723359,0.19550466389997434,0.82772955412113,1.064389062823782,1.0400583664472176,1.1114216797519958
contrast,ideal,nv_charge_readout_master_v1_4,thin_all_counts,0,contrast0.5,0.5,5.437,1.0,27.43339830432224,0.4999999999999999,7.504300359171423,5.441829145374569,0.11758756837904422,9.422120008455401,636.7993609310438,0.0,0.1,off,2.0,mean,-0.016526969935357516,0.57,1.0432107082881672,1.5425443416414075,1.5425443416414075,0.9636020436524898,1.082615707552803,1.065011603019944,1.1055532397569139,0.6762922012200285,0.6207788056041952,0.734933818716053,0.6762922012200285,0.6207788056041952,0.734933818716053,4.976031464566619,0.20964712858362608,0.1920383894234584,0.2283760438738425,0.9692608076514317,1.0762951519889883,1.0561329615237225,1.0983073584420997
contrast,ideal,nv_charge_readout_master_v1_4,thin_all_counts,0,contrast0.5,0.5,5.437,1.0,27.43339830432224,0.4999999999999999,7.504300359171423,5.441829145374569,0.11758756837904422,9.422120008455401,636.7993609310438,0.0,0.1,off,2.0,mean,-0.016526969935357516,0.58,1.2087966415432134,1.5425443416414075,1.5425443416414075,1.1040885874686217,1.0948366419715099,1.063153376667804,1.1322372655005255,0.7836381807066524,0.713128175338906,0.8653074129655441,0.7836381807066524,0.713128175338906,0.8653074129655441,4.976031464566619,0.2429238340132747,0.22089939563066643,0.2685972168216503,1.1234635478215607,1.0759553737966103,1.0605519249711626,1.0978147945514354
contrast,ideal,nv_charge_readout_master_v1_4,thin_all_counts,0,contrast0.5,0.5,5.437,1.0,27.43339830432224,0.4999999999999999,7.504300359171423,5.441829145374569,0.11758756837904422,9.422120008455401,636.7993609310438,0.0,0.1,off,2.0,mean,-0.016526969935357516,0.59,1.4233320505256635,1.5425443416414075,1.5425443416414075,1.2650571021599832,1.1251128886557282,1.0794271984697368,1.1553106287909776,0.9227171058247238,0.8255518178129336,1.0103740184984753,0.9227171058247238,0.8255518178129336,1.0103740184984753,4.976031464566619,0.28603759052991173,0.2553731020389633,0.313548229150925,1.2960369563662661,1.09821872249407,1.0827810127186879,1.1394304451648214
contrast,ideal,nv_charge_readout_master_v1_4,thin_all_counts,0,contrast0.5,0.5,5.437,1.0,27.43339830432224,0.4999999999999999,7.504300359171423,5.441829145374569,0.11758756837904422,9.422120008455401,636.7993609310438,0.0,0.1,off,2.0,mean,-0.016526969935357516,0.6,1.6459697231343373,1.5425443416414075,1.5425443416414075,1.5425443416414075,1.067048563014322,1.0125416111140992,1.1533939874412902,1.067048563014322,0.9747014952252095,1.1368051350335593,1.067048563014322,0.9747014952252095,1.11023094290165,4.976031464566619,0.3307796051642714,0.3009799141005618,0.35739728649208014,1.4799222365461424,1.112200143012729,1.087396495595674,1.147703649682033
contrast,ideal,nv_charge_readout_master_v1_4,thin_all_counts,0,contrast0.5,0.5,5.437,1.0,27.43339830432224,0.4999999999999999,7.504300359171423,5.441829145374569,0.11758756837904422,9.422120008455401,636.7993609310438,0.0,0.1,off,2.0,mean,-0.016526969935357516,0.61,1.8574884069919961,1.8244354612643159,1.8624827420174679,1.8072252765082903,1.0278123215390271,1.0071817242134384,1.1448768459363265,1.0181168073244833,1.0010827386030432,1.1441613473422036,0.9973184529913754,0.9800839110939094,1.0864411557047584,4.976031464566619,0.37328711046520113,0.34496358297803464,0.40954967560734223,1.6638075167260187,1.1164082313121748,1.0922050426179768,1.1503460335686944
contrast,ideal,nv_charge_readout_master_v1_4,thin_all_counts,0,contrast0.5,0.5,5.437,1.0,27.43339830432224,0.4999999999999999,7.504300359171423,5.441829145374569,0.11758756837904422,9.422120008455401,636.7993609310438,0.0,0.1,off,2.0,mean,-0.016526969935357516,0.62,2.170365227097507,2.0060077104139284,2.042323091353082,1.9423946554168112,1.117365732573938,1.040870340611173,1.1527461884395918,1.0819326445408648,1.0181661355377145,1.1193457259870032,1.062694358344445,0.9940659987445329,1.0999659585175667,4.976031464566619,0.43616388733718187,0.3868099572386175,0.46582007054327706,1.8641058863521394,1.164292888610896,1.1172365851040724,1.1826787510706274
contrast,ideal,nv_charge_readout_master_v1_4,thin_all_counts,0,contrast0.5,0.5,5.437,1.0,27.43339830432224,0.4999999999999999,7.504300359171423,5.441829145374569,0.11758756837904422,9.422120008455401,636.7993609310438,0.0,0.1,off,2.0,mean,-0.016526969935357516,0.63,2.414190904183462,2.205650470886755,2.239528729783468,2.087673875766802,1.1564023156139416,1.1165151564411937,1.203447502044735,1.0945482686623806,1.058480522552571,1.159631405128172,1.0779905933231237,1.041854306822413,1.1422911840123346,4.976031464566619,0.48516391453198393,0.4516190842762507,0.5318102192280899,2.1175054277161087,1.1401108458018694,1.1146833940623249,1.185671474736761
contrast,ideal,nv_charge_readout_master_v1_4,thin_all_counts,0,contrast0.5,0.5,5.437,1.0,27.43339830432224,0.4999999999999999,7.504300359171423,5.441829145374569,0.11758756837904422,9.422120008455401,636.7993609310438,0.0,0.1,off,2.0,mean,-0.016526969935357516,0.64,2.821531682553641,2.425162163867814,2.4557764404468863,2.737465125184555,1.0307096359313137,0.9887082475058355,1.223126699063991,1.1634404183733718,1.0764999255630172,1.2232655885368344,1.1489367012740772,1.0599633753755324,1.207837912464065,4.976031464566619,0.5670244858066585,0.49864154043332476,0.6202934397892045,2.3709049690800783,1.1900652785963024,1.1198479262565781,1.2307259442817802
contrast,ideal,nv_charge_readout_master_v1_4,thin_all_counts,0,contrast0.5,0.5,5.437,1.0,27.43339830432224,0.4999999999999999,7.504300359171423,5.441829145374569,0.11758756837904422,9.422120008455401,636.7993609310438,0.0,0.1,off,2.0,mean,-0.016526969935357516,0.65,3.2255751483666177,2.6665201937873086,2.692904915775329,2.8683082626929384,1.124556656033287,1.0464912540810596,1.2341984469294487,1.2096571238732203,1.1390230403400785,1.2892826227625076,1.1978050652553118,1.1313694569350896,1.2743520839886562,4.976031464566619,0.6482224180725805,0.579256834190314,0.728951251232627,2.624304510444048,1.2291161850805306,1.1763743390787724,1.2813019698724026
contrast,ideal,nv_charge_readout_master_v1_4,thin_all_counts,0,contrast0.5,0.5,5.437,1.0,27.43339830432224,0.4999999999999999,7.504300359171423,5.441829145374569,0.11758756837904422,9.422120008455401,636.7993609310438,0.0,0.1,off,2.0,mean,-0.016526969935357516,0.66,3.784902370502323,2.9318987611679823,2.952930391370359,3.005405334352129,1.2593650271530608,1.1564392725816846,1.320818952241736,1.29093897123328,0.99617385209326,1.3251068024863748,1.2817445279317514,0.9947852249071412,1.3113915080888126,4.976031464566619,0.7606266956818699,0.6818171430335818,0.8536232033881666,2.981723611025484,1.2693672735148671,1.232830730808859,1.3224670818158863
contrast,ideal,nv_charge_readout_master_v1_4,thin_all_counts,0,contrast0.5,0.5,5.437,1.0,27.43339830432224,0.4999999999999999,7.504300359171423,5.441829145374569,0.11758756837904422,9.422120008455401,636.7993609310438,0.0,0.1,off,2.0,mean,-0.016526969935357516,0.67,4.4649178232132405,4.589143616074534,4.385933455544885,3.3374869682665076,1.337808316756461,1.266220960422204,1.4063831642935682,0.9729305065925233,0.6644471812793504,1.322908117587394,1.0180085649882582,0.9910098104058606,1.3070205963136252,4.976031464566619,0.8972848855573117,0.796807098354105,1.0134406320706302,3.3834282665212863,1.3196431168330638,1.251264253685588,1.4054490769489132
contrast,ideal,nv_charge_readout_master_v1_4,thin_all_counts,0,contrast0.5,0.5,5.437,1.0,27.43339830432224,0.4999999999999999,7.504300359171423,5.441829145374569,0.11758756837904422,9.422120008455401,636.7993609310438,0.0,0.1,off,2.0,mean,-0.016526969935357516,0.68,5.360531305291675,7.547827020689512,5.024428101039871,3.8377134252255556,1.3968034377076028,1.1783938322019203,1.5559429947618033,0.7102085528189513,0.6259746639116628,1.0096229387368192,1.066893823036744,0.8403657518787767,1.1338597612271584,5.184321078674195,1.033989065095201,0.9424305326089198,1.2504825505734432,3.785132922017088,1.4162068851296936,1.3204087208648732,1.7170592278816854
contrast,ideal,nv_charge_readout_master_v1_4,thin_all_counts,0,contrast0.5,0.5,5.437,1.0,27.43339830432224,0.4999999999999999,7.504300359171423,5.441829145374569,0.11758756837904422,9.422120008455401,636.7993609310438,0.0,0.1,off,2.0,mean,-0.016526969935357516,0.69,7.268390050731048,7.602680390361258,7.564035498861471,4.45498874643744,1.6315170395308911,1.3010429812391935,1.7191844693887213,0.9560299364873964,0.7498579551658409,1.0155078395838986,0.9609143230257284,0.8524629394830837,1.0901330571501253,5.693740336749395,1.2765580481108898,1.0575501380712469,1.3684503238099923,4.188592061928694,1.735282391616867,1.44013527245876,1.8593172772240985
contrast,ideal,nv_charge_readout_master_v1_4,thin_all_counts,0,contrast0.5,0.5,5.437,1.0,27.43339830432224,0.4999999999999999,7.504300359171423,5.441829145374569,0.11758756837904422,9.422120008455401,636.7993609310438,0.0,0.1,off,2.0,mean,-0.016526969935357516,0.7,7.885922150937068,7.657932403530813,7.629955885523568,4.694946009701056,1.6796619459824615,1.256887180523574,1.7644435569380403,1.0297717106122715,0.9937607719565147,1.0706061564987706,1.0335475419850262,0.9966939854990817,1.0740132563045222,6.253215904331621,1.2610986525308467,1.2015110926359198,1.332517770631686,4.842942473300931,1.6283328151040486,1.515742939199039,1.77818917356539
contrast,ideal,nv_charge_readout_master_v1_4,thin_all_counts,0,contrast0.5,0.5,5.437,1.0,27.43339830432224,0.4999999999999999,7.504300359171423,5.441829145374569,0.11758756837904422,9.422120008455401,636.7993609310438,0.0,0.1,off,2.0,mean,-0.016526969935357516,0.71,8.39512937550328,7.713585957315323,7.696450766763109,6.5598234506214546,1.2797797743638901,1.2442616632878087,1.6695936308116357,1.088356235602924,1.051120730556891,1.14409874991806,1.0907793254206724,1.0535131002491294,1.145763882563204,6.867666390369678,1.222413684403121,1.1694461393892759,1.2914207505789497,5.497292884673168,1.5271388211658652,1.4413371198030338,1.6362673880834073
contrast,ideal,nv_charge_readout_master_v1_4,thin_all_counts,0,contrast0.5,0.5,5.437,1.0,27.43339830432224,0.4999999999999999,7.504300359171423,5.441829145374569,0.11758756837904422,9.422120008455401,636.7993609310438,0.0,0.1,off,2.0,mean,-0.016526969935357516,0.72,9.059639287848588,7.769643969886573,7.763525149286461,6.795510993652951,1.3331799913664104,1.1517999499594715,1.358665500814741,1.1660301711329055,0.7285384102381357,1.2045902460738795,1.1669491775500016,0.9908921794847965,1.2051638503102031,7.542493713793256,1.2011464154462428,1.155582503747861,1.2626652232705866,6.151643296045405,1.4727185650820478,1.4028803439797024,1.5611942342078882
contrast,ideal,nv_charge_readout_master_v1_4,thin_all_counts,0,contrast0.5,0.5,5.437,1.0,27.43339830432224,0.4999999999999999,7.504300359171423,5.441829145374569,0.11758756837904422,9.422120008455401,636.7993609310438,0.0,0.1,off,2.0,mean,-0.016526969935357516,0.73,9.823876356023945,13.227154063768692,9.996445824181428,8.149291946168663,1.2054883321050458,1.1241326341277242,1.2664438644672875,0.7427052190261492,0.726230296643217,1.2113276749215371,0.9827369175812429,0.9576948737256434,1.2116191669593663,8.142337548936265,1.2065179436471976,1.163450340016889,1.2583537815732384,6.805993707417642,1.443415433269826,1.381388865288401,1.5234532892769141
contrast,ideal,nv_charge_readout_master_v1_4,thin_all_counts,0,contrast0.5,0.5,5.437,1.0,27.43339830432224,0.4999999999999999,7.504300359171423,5.441829145374569,0.11758756837904422,9.422120008455401,636.7993609310438,0.0,0.1,off,2.0,mean,-0.016526969935357516,0.74,10.71802146069,13.702295258197067,11.32400863369192,8.673248141539503,1.2357563493839518,1.1700333062562676,1.3420279351123516,0.7822062843287663,0.753241809199476,0.839272801971055,0.9464865143957107,0.9177495395697169,0.9770535606634296,8.787756490782332,1.2196538982312908,1.1799548833429965,1.2913409826386266,7.4603441187898785,1.4366658280139148,1.386364003741815,1.5292403565989101
contrast,ideal,nv_charge_readout_master_v1_4,thin_all_counts,0,contrast0.5,0.5,5.437,1.0,27.43339830432224,0.4999999999999999,7.504300359171423,5.441829145374569,0.11758756837904422,9.422120008455401,636.7993609310438,0.0,0.1,off,2.0,mean,-0.016526969935357516,0.75,12.171308227475574,14.194504308156155,12.827876406405636,8.729889627249737,1.3942110092072288,1.271469788645003,1.6148132701132605,0.8574662392741638,0.7944372230912136,0.9979559998927963,0.9488170794503288,0.9227464041349751,1.0710923270817707,9.484335877401179,1.2833063257994461,1.2140592529541807,1.4725890297768318,8.114694530162115,1.4999096000761494,1.4094648925882027,1.7330041764065538
contrast,ideal,nv_charge_readout_master_v1_4,thin_all_counts,0,contrast0.5,0.5,5.437,1.0,27.43339830432224,0.4999999999999999,7.504300359171423,5.441829145374569,0.11758756837904422,9.422120008455401,636.7993609310438,0.0,0.1,off,2.0,mean,-0.016526969935357516,0.76,14.672721455135024,14.70439431917296,13.684518537491737,9.038742503535724,1.6233144654132399,1.4898967495193636,1.655697659691277,0.9978460272928998,0.9528526338540082,1.035244005301827,1.0722132031854748,1.039764269402503,1.1020788534653243,10.236131045473604,1.4334245419438305,1.3778514705085008,1.4769083682127564,8.769044941534354,1.673240535652641,1.5808583964799405,1.7352169552627228
contrast,ideal,nv_charge_readout_master_v1_4,thin_all_counts,0,contrast0.5,0.5,5.437,1.0,27.43339830432224,0.4999999999999999,7.504300359171423,5.441829145374569,0.11758756837904422,9.422120008455401,636.7993609310438,0.0,0.1,off,2.0,mean,-0.016526969935357516,0.77,15.86213968879581,15.232600420536468,14.481490976823265,10.088684386738239,1.5722703853880973,1.1063723745377836,1.6633670810424541,1.0413284173994746,1.0088622777187013,1.0773138556155806,1.0953388511018782,1.0640844175655244,1.126222061220761,11.047518786188228,1.4358101575375364,1.3857604789292939,1.4946084488772833,9.684561662263029,1.6378789502269784,1.5412898986177175,1.7442403132300912
contrast,ideal,nv_charge_readout_master_v1_4,thin_all_counts,0,contrast0.5,0.5,5.437,1.0,27.43339830432224,0.4999999999999999,7.504300359171423,5.441829145374569,0.11758756837904422,9.422120008455401,636.7993609310438,0.0,0.1,off,2.0,mean,-0.016526969935357516,0.78,17.07076502283085,15.779780556427445,15.324878280317815,14.312682798491997,1.1927019737089017,1.148440644563928,1.388291910670996,1.0818125741221136,1.0516630673147151,1.2590898288989314,1.1139249989838633,1.0851862589362489,1.2772001820834709,11.97413693827421,1.4256363620049932,1.3729345694902857,1.6113328791941361,10.965711216090725,1.5567403414547132,1.486615233022237,1.7447133188102313
contrast,ideal,nv_charge_readout_master_v1_4,thin_all_counts,0,contrast0.5,0.5,5.437,1.0,27.43339830432224,0.4999999999999999,7.504300359171423,5.441829145374569,0.11758756837904422,9.422120008455401,636.7993609310438,0.0,0.1,off,2.0,mean,-0.016526969935357516,0.79,20.92548432743819,16.346616305467055,16.217383602449686,15.201293261996163,1.3765594786433555,1.1705516416138233,1.4394151927193302,1.2801110600754575,0.5990693201673739,1.3250050527716037,1.2903119788248292,0.8083859895909848,1.3308470731877253,13.089552901924552,1.598640112785023,1.4083837082648523,1.6670003072565995,12.246860769918422,1.7086406647846277,1.510612730138272,1.7888239234122238
contrast,ideal,nv_charge_readout_master_v1_4,thin_all_counts,0,contrast0.5,0.5,5.437,1.0,27.43339830432224,0.4999999999999999,7.504300359171423,5.441829145374569,0.11758756837904422,9.422120008455401,636.7993609310438,0.0,0.1,off,2.0,mean,-0.016526969935357516,0.8,22.84961370397808,36.54768961595419,27.680385637224244,20.246663112891625,1.1285619549539045,1.101081762625169,1.471385674336841,0.6251999495476595,0.6066983543966774,1.1608475020909108,0.8254803239897857,0.8122383124461516,1.1350976457972008,14.30887220143781,1.5968843233977632,1.528150879722778,1.6722221842284195,13.528010323746118,1.6890594519926907,1.6117888990867295,1.7691637470693131
contrast,ideal,nv_charge_readout_master_v1_4,thin_all_counts,0,contrast0.5,0.5,5.437,1.0,27.43339830432224,0.4999999999999999,7.504300359171423,5.441829145374569,0.11758756837904422,9.422120008455401,636.7993609310438,0.0,0.1,off,2.0,mean,-0.016526969935357516,0.81,24.76284067376868,37.51683632101414,29.232710488453815,20.335637045613254,1.217706660392547,1.1662496587356037,1.3081512979118892,0.6600460780297293,0.6370891884006044,0.7038450415977907,0.8470935558147911,0.8331609636739002,0.884692824087777,15.717879371864097,1.5754568468120185,1.502249906476752,1.6814851087082288,14.809159877573814,1.6721300113228015,1.6116084285712133,1.77320635220165
contrast,ideal,nv_charge_readout_master_v1_4,thin_all_counts,0,contrast0.5,0.5,5.437,1.0,27.43339830432224,0.4999999999999999,7.504300359171423,5.441829145374569,0.11758756837904422,9.422120008455401,636.7993609310438,0.0,0.1,off,2.0,mean,-0.016526969935357516,0.82,30.119033325865907,38.51265354928227,31.30044804799234,20.42500197415773,1.4746159321782848,1.2579587533439849,1.5268963186819833,0.7820555207218957,0.6705386596852724,0.8105618991191129,0.9622556609951719,0.8580556487569545,0.9835307828054878,17.549829040171346,1.7162009531217544,1.5297850583082888,1.7907210490069851,16.090309431401497,1.871874090071025,1.6451143130626305,1.937044104787409
contrast,ideal,nv_charge_readout_master_v1_4,thin_all_counts,0,contrast0.5,0.5,5.437,1.0,27.43339830432224,0.4999999999999999,7.504300359171423,5.441829145374569,0.11758756837904422,9.422120008455401,636.7993609310438,0.0,0.1,off,2.0,mean,-0.016526969935357516,0.83,32.86039378578709,39.677752479506495,34.45093889952671,22.06807528442228,1.4890466595871656,1.4134645136513158,1.7585522906414681,0.8281818332013497,0.7934635513731075,0.9745541931290104,0.9538315887883836,0.9084089442602487,1.0656921341764491,19.595296035327348,1.6769531690945,1.6029283315601335,1.9347281483808116,18.499116921929954,1.7763222928134708,1.696121479478466,2.045913890430731
contrast,ideal,nv_charge_readout_master_v1_4,thin_all_counts,0,contrast0.5,0.5,5.437,1.0,27.43339830432224,0.4999999999999999,7.504300359171423,5.441829145374569,0.11758756837904422,9.422120008455401,636.7993609310438,0.0,0.1,off,2.0,mean,-0.016526969935357516,0.84,43.01934133315905,40.8780984101866,38.17249397904178,30.119704724465798,1.4282789863545728,1.3137173862823759,1.9482403352745592,1.0523811773602183,0.9399329050505177,1.3530102342817225,1.1269722475240518,1.0322816229119047,1.51826137401584,22.125544355762255,1.9443291718133628,1.7880014600255583,2.6289687870093608,20.923806918609127,2.0559997279892066,1.8865091540759438,2.776475448121086
contrast,ideal,nv_charge_readout_master_v1_4,thin_all_counts,0,contrast0.5,0.5,5.437,1.0,27.43339830432224,0.4999999999999999,7.504300359171423,5.441829145374569,0.11758756837904422,9.422120008455401,636.7993609310438,0.0,0.1,off,2.0,mean,-0.016526969935357516,0.85,nan,nan,72.93436532191532,67.18216326157776,nan,nan,nan,nan,nan,nan,nan,nan,nan,25.832728256285574,nan,nan,nan,23.3484969152883,nan,nan,nan
contrast,ideal,nv_charge_readout_master_v1_4,thin_all_counts,0,contrast0.5,0.5,5.437,1.0,27.43339830432224,0.4999999999999999,7.504300359171423,5.441829145374569,0.11758756837904422,9.422120008455401,636.7993609310438,0.0,0.1,off,2.0,mean,-0.016526969935357516,0.86,nan,nan,80.22178041354154,72.95352547847799,nan,nan,nan,nan,nan,nan,nan,nan,nan,34.256453285907305,nan,nan,nan,29.70058193442236,nan,nan,nan
contrast,ideal,nv_charge_readout_master_v1_4,thin_all_counts,0,contrast0.5,0.5,5.437,1.0,27.43339830432224,0.4999999999999999,7.504300359171423,5.441829145374569,0.11758756837904422,9.422120008455401,636.7993609310438,0.0,0.1,off,2.0,mean,-0.016526969935357516,0.87,nan,nan,nan,nan,nan,nan,nan,nan,nan,nan,nan,nan,nan,nan,nan,nan,nan,nan,nan,nan,nan
contrast,ideal,nv_charge_readout_master_v1_4,thin_all_counts,0,contrast0.5,0.5,5.437,1.0,27.43339830432224,0.4999999999999999,7.504300359171423,5.441829145374569,0.11758756837904422,9.422120008455401,636.7993609310438,0.0,0.1,off,2.0,mean,-0.016526969935357516,0.88,nan,nan,nan,nan,nan,nan,nan,nan,nan,nan,nan,nan,nan,nan,nan,nan,nan,nan,nan,nan,nan
contrast,ideal,nv_charge_readout_master_v1_4,thin_all_counts,0,contrast0.5,0.5,5.437,1.0,27.43339830432224,0.4999999999999999,7.504300359171423,5.441829145374569,0.11758756837904422,9.422120008455401,636.7993609310438,0.0,0.1,off,2.0,mean,-0.016526969935357516,0.89,nan,nan,nan,nan,nan,nan,nan,nan,nan,nan,nan,nan,nan,nan,nan,nan,nan,nan,nan,nan,nan
contrast,ideal,nv_charge_readout_master_v1_4,thin_all_counts,0,contrast0.5,0.5,5.437,1.0,27.43339830432224,0.4999999999999999,7.504300359171423,5.441829145374569,0.11758756837904422,9.422120008455401,636.7993609310438,0.0,0.1,off,2.0,mean,-0.016526969935357516,0.9,nan,nan,nan,nan,nan,nan,nan,nan,nan,nan,nan,nan,nan,nan,nan,nan,nan,nan,nan,nan,nan
contrast,ideal,nv_charge_readout_master_v1_4,thin_all_counts,0,contrast0.5,0.5,5.437,1.0,27.43339830432224,0.4999999999999999,7.504300359171423,5.441829145374569,0.11758756837904422,9.422120008455401,636.7993609310438,0.0,0.1,off,2.0,mean,-0.016526969935357516,0.91,nan,nan,nan,nan,nan,nan,nan,nan,nan,nan,nan,nan,nan,nan,nan,nan,nan,nan,nan,nan,nan
contrast,ideal,nv_charge_readout_master_v1_4,thin_all_counts,0,contrast0.5,0.5,5.437,1.0,27.43339830432224,0.4999999999999999,7.504300359171423,5.441829145374569,0.11758756837904422,9.422120008455401,636.7993609310438,0.0,0.1,off,2.0,mean,-0.016526969935357516,0.92,nan,nan,nan,nan,nan,nan,nan,nan,nan,nan,nan,nan,nan,nan,nan,nan,nan,nan,nan,nan,nan
contrast,ideal,nv_charge_readout_master_v1_4,thin_all_counts,0,contrast0.5,0.5,5.437,1.0,27.43339830432224,0.4999999999999999,7.504300359171423,5.441829145374569,0.11758756837904422,9.422120008455401,636.7993609310438,0.0,0.1,off,2.0,mean,-0.016526969935357516,0.93,nan,nan,nan,nan,nan,nan,nan,nan,nan,nan,nan,nan,nan,nan,nan,nan,nan,nan,nan,nan,nan
contrast,ideal,nv_charge_readout_master_v1_4,thin_all_counts,0,contrast0.5,0.5,5.437,1.0,27.43339830432224,0.4999999999999999,7.504300359171423,5.441829145374569,0.11758756837904422,9.422120008455401,636.7993609310438,0.0,0.1,off,2.0,mean,-0.016526969935357516,0.94,nan,nan,nan,nan,nan,nan,nan,nan,nan,nan,nan,nan,nan,nan,nan,nan,nan,nan,nan,nan,nan
contrast,ideal,nv_charge_readout_master_v1_4,thin_all_counts,0,contrast0.5,0.5,5.437,1.0,27.43339830432224,0.4999999999999999,7.504300359171423,5.441829145374569,0.11758756837904422,9.422120008455401,636.7993609310438,0.0,0.1,off,2.0,mean,-0.016526969935357516,0.95,nan,nan,nan,nan,nan,nan,nan,nan,nan,nan,nan,nan,nan,nan,nan,nan,nan,nan,nan,nan,nan
contrast,ideal,nv_charge_readout_master_v1_4,thin_all_counts,0,contrast0.5,0.5,5.437,1.0,27.43339830432224,0.4999999999999999,7.504300359171423,5.441829145374569,0.11758756837904422,9.422120008455401,636.7993609310438,0.0,0.1,off,2.0,mean,-0.016526969935357516,0.96,nan,nan,nan,nan,nan,nan,nan,nan,nan,nan,nan,nan,nan,nan,nan,nan,nan,nan,nan,nan,nan
contrast,ideal,nv_charge_readout_master_v1_4,thin_all_counts,0,contrast0.5,0.5,5.437,1.0,27.43339830432224,0.4999999999999999,7.504300359171423,5.441829145374569,0.11758756837904422,9.422120008455401,636.7993609310438,0.0,0.1,off,2.0,mean,-0.016526969935357516,0.97,nan,nan,nan,nan,nan,nan,nan,nan,nan,nan,nan,nan,nan,nan,nan,nan,nan,nan,nan,nan,nan
contrast,ideal,nv_charge_readout_master_v1_4,thin_all_counts,0,contrast0.5,0.5,5.437,1.0,27.43339830432224,0.4999999999999999,7.504300359171423,5.441829145374569,0.11758756837904422,9.422120008455401,636.7993609310438,0.0,0.1,off,2.0,mean,-0.016526969935357516,0.98,nan,nan,nan,nan,nan,nan,nan,nan,nan,nan,nan,nan,nan,nan,nan,nan,nan,nan,nan,nan,nan
contrast,ideal,nv_charge_readout_master_v1_4,thin_all_counts,0,contrast0.5,0.5,5.437,1.0,27.43339830432224,0.4999999999999999,7.504300359171423,5.441829145374569,0.11758756837904422,9.422120008455401,636.7993609310438,0.0,0.1,off,2.0,mean,-0.016526969935357516,0.99,nan,nan,nan,nan,nan,nan,nan,nan,nan,nan,nan,nan,nan,nan,nan,nan,nan,nan,nan,nan,nan
contrast,ideal,nv_charge_readout_master_v1_4,thin_all_counts,1,contrast0.7,0.7,5.437,1.0,27.43339830432224,0.7,7.504300359171423,8.250745973333988,0.11758756837904422,9.422120008455401,636.7993609310438,0.0,0.1,off,2.0,mean,0.04482160589572759,0.55,0.5679462864954833,1.5671303334972628,1.5671303334972628,0.536895376795749,1.057834190871692,1.0344361408876384,1.074722979252213,0.36241164780981205,0.33618325302731505,0.38350652448466316,0.36241164780981205,0.33618325302731505,0.38350652448466316,4.974995007273436,0.11416017215397133,0.10555743512286796,0.12108163624323394,0.53864083665551,1.054406290510639,1.0334766090158989,1.0967480933961304
contrast,ideal,nv_charge_readout_master_v1_4,thin_all_counts,1,contrast0.7,0.7,5.437,1.0,27.43339830432224,0.7,7.504300359171423,8.250745973333988,0.11758756837904422,9.422120008455401,636.7993609310438,0.0,0.1,off,2.0,mean,0.04482160589572759,0.56,0.6673123011109041,1.5671303334972628,1.5671303334972628,0.6289488503695618,1.060996137792128,1.0345977656233458,1.0868915149566756,0.4258179979336541,0.39909459610355486,0.45349627929655933,0.4258179979336541,0.39909459610355486,0.45349627929655933,4.974995007273436,0.13413326046263252,0.12554359857818229,0.14335046786193623,0.6466166702082352,1.0320060274598304,1.0236885077301778,1.0655407973255735
contrast,ideal,nv_charge_readout_master_v1_4,thin_all_counts,1,contrast0.7,0.7,5.437,1.0,27.43339830432224,0.7,7.504300359171423,8.250745973333988,0.11758756837904422,9.422120008455401,636.7993609310438,0.0,0.1,off,2.0,mean,0.04482160589572759,0.57,0.7759396757854333,1.5671303334972628,1.5671303334972628,0.7367853654133474,1.0531420848052808,1.0401568388477818,1.0708895232190943,0.4951341054408788,0.46741259481068387,0.5276612593269661,0.4951341054408788,0.46741259481068387,0.5276612593269661,4.974995007273436,0.1559679305508871,0.1466740310124553,0.16659755400047432,0.755087836204206,1.027615117846486,1.0177943589034704,1.0485604685726697
contrast,ideal,nv_charge_readout_master_v1_4,thin_all_counts,1,contrast0.7,0.7,5.437,1.0,27.43339830432224,0.7,7.504300359171423,8.250745973333988,0.11758756837904422,9.422120008455401,636.7993609310438,0.0,0.1,off,2.0,mean,0.04482160589572759,0.58,0.9193267243374894,1.5671303334972628,1.5671303334972628,0.8496382292400855,1.0820213741556017,1.0530149978920602,1.1064315681614167,0.586630674352329,0.5394227817011055,0.6274893070214589,0.586630674352329,0.5394227817011055,0.6274893070214589,4.974995007273436,0.1847894767720239,0.16975955298264916,0.1980323184527096,0.874336216362616,1.0514567590051815,1.0297734054823844,1.0715542400053273
contrast,ideal,nv_charge_readout_master_v1_4,thin_all_counts,1,contrast0.7,0.7,5.437,1.0,27.43339830432224,0.7,7.504300359171423,8.250745973333988,0.11758756837904422,9.422120008455401,636.7993609310438,0.0,0.1,off,2.0,mean,0.04482160589572759,0.59,1.0662864963574052,1.5671303334972628,1.5671303334972628,0.9757286208119562,1.0928105147413745,1.0608787594810187,1.1205552793429854,0.6804070303315762,0.6365364911980671,0.7296670173278232,0.6804070303315762,0.6365364911980671,0.7296670173278232,4.974995007273436,0.21432915908427966,0.1995920467410597,0.23066390931654895,1.0019668742029224,1.0641933618869885,1.041534663320448,1.0897418946039341
contrast,ideal,nv_charge_readout_master_v1_4,thin_all_counts,1,contrast0.7,0.7,5.437,1.0,27.43339830432224,0.7,7.504300359171423,8.250745973333988,0.11758756837904422,9.422120008455401,636.7993609310438,0.0,0.1,off,2.0,mean,0.04482160589572759,0.6,1.2286212839670942,1.5671303334972628,1.5671303334972628,1.1205314317402013,1.0964630256368872,0.8703026956194714,1.115038446904173,0.7839943224283459,0.7306398472121973,0.8343045399432708,0.7839943224283459,0.7306398472121973,0.8343045399432708,4.974995007273436,0.24695929989293489,0.2301318342623395,0.263418965760225,1.135228052411297,1.082268255578625,1.069131744650624,1.1027477300441786
contrast,ideal,nv_charge_readout_master_v1_4,thin_all_counts,1,contrast0.7,0.7,5.437,1.0,27.43339830432224,0.7,7.504300359171423,8.250745973333988,0.11758756837904422,9.422120008455401,636.7993609310438,0.0,0.1,off,2.0,mean,0.04482160589572759,0.61,1.3822279083925522,1.5671303334972628,1.5671303334972628,1.5671303334972628,0.8820120948765787,0.846065897594197,1.0927338530727102,0.8820120948765787,0.8321749774256569,0.9299903525678277,0.8820120948765787,0.8321749774256569,0.9299903525678277,4.974995007273436,0.2778350342807856,0.26160713990014184,0.2938734789727306,1.2776004363061824,1.081893735406721,1.0617425573320494,1.1080747142158227
contrast,ideal,nv_charge_readout_master_v1_4,thin_all_counts,1,contrast0.7,0.7,5.437,1.0,27.43339830432224,0.7,7.504300359171423,8.250745973333988,0.11758756837904422,9.422120008455401,636.7993609310438,0.0,0.1,off,2.0,mean,0.04482160589572759,0.62,1.5301577873814707,1.5671303334972628,1.5671303334972628,1.5671303334972628,0.9764074848622942,0.9260921677923459,1.0262117401866044,0.9764074848622942,0.9260921677923459,1.0262117401866044,0.9764074848622942,0.9260921677923459,1.0262117401866044,4.974995007273436,0.3075697131644116,0.29169849281658133,0.3247552641272913,1.4199728202010677,1.0775965325623633,1.053349568189569,1.1059548896598872
contrast,ideal,nv_charge_readout_master_v1_4,thin_all_counts,1,contrast0.7,0.7,5.437,1.0,27.43339830432224,0.7,7.504300359171423,8.250745973333988,0.11758756837904422,9.422120008455401,636.7993609310438,0.0,0.1,off,2.0,mean,0.04482160589572759,0.63,1.6898638409764375,1.5671303334972628,1.5671303334972628,1.5671303334972628,1.0783173580753034,1.0191979822313482,1.1190368917066833,1.0783173580753034,1.0035961068818182,1.1190368917066833,1.0783173580753034,0.9930613889096034,1.1112198656717518,4.974995007273436,0.33967146469611703,0.32103654713854235,0.35789471088164526,1.5623452040959531,1.0816200136475427,1.0556180584335686,1.1124741087574856
contrast,ideal,nv_charge_readout_master_v1_4,thin_all_counts,1,contrast0.7,0.7,5.437,1.0,27.43339830432224,0.7,7.504300359171423,8.250745973333988,0.11758756837904422,9.422120008455401,636.7993609310438,0.0,0.1,off,2.0,mean,0.04482160589572759,0.64,1.8691359439404054,1.8229139784354733,1.8335715989414891,1.7567765341582788,1.0639577132307048,1.0574723438295874,1.128990348085274,1.0253560870407075,1.0063708715266155,1.0900695412196975,1.0193962128446183,0.9988579932654921,1.0632982558913149,4.974995007273436,0.37570609441973934,0.35354639012964184,0.39848713653496565,1.7047175879908387,1.0964490289229363,1.0707998239540841,1.1283555841837107
contrast,ideal,nv_charge_readout_master_v1_4,thin_all_counts,1,contrast0.7,0.7,5.437,1.0,27.43339830432224,0.7,7.504300359171423,8.250745973333988,0.11758756837904422,9.422120008455401,636.7993609310438,0.0,0.1,off,2.0,mean,0.04482160589572759,0.65,2.0774061870890974,1.9449414193404435,1.9549885565778844,1.8471430174476624,1.1246590910754746,1.0826823149948785,1.140601901529704,1.06810733034498,1.0367864036753784,1.1115919218410573,1.0626180803459533,1.0300208800838193,1.106181773835609,4.974995007273436,0.41756950188933506,0.38899612871828415,0.4445592649748671,1.8470899718857239,1.1246913895419182,1.0943226422721102,1.1574795644259805
contrast,ideal,nv_charge_readout_master_v1_4,thin_all_counts,1,contrast0.7,0.7,5.437,1.0,27.43339830432224,0.7,7.504300359171423,8.250745973333988,0.11758756837904422,9.422120008455401,636.7993609310438,0.0,0.1,off,2.0,mean,0.04482160589572759,0.66,2.281109398768807,2.0751374828518387,2.0844456025370857,2.1721737800579577,1.0501505080813298,0.9810253285017646,1.1339236947782851,1.0992569974852477,1.0701507453862953,1.1309107395523534,1.094348250677471,1.0658464405037729,1.1261539272421441,4.974995007273436,0.4585149121624903,0.43370431608201127,0.48374973404805777,1.9894623557806093,1.1465959092620095,1.1297925647100369,1.1624936801431476
contrast,ideal,nv_charge_readout_master_v1_4,thin_all_counts,1,contrast0.7,0.7,5.437,1.0,27.43339830432224,0.7,7.504300359171423,8.250745973333988,0.11758756837904422,9.422120008455401,636.7993609310438,0.0,0.1,off,2.0,mean,0.04482160589572759,0.67,2.476314868124746,2.214048983643402,2.2224751420242383,2.5615633788756567,0.966720124337377,0.9577694672642872,1.0141699812109195,1.1184553216387128,1.0905247461770293,1.1513792430052794,1.114214877503336,1.0861678110884792,1.1471943369055102,4.974995007273436,0.4977522318121681,0.4724490039831894,0.5250990526023973,2.146756165686633,1.1535147343260126,1.1415434003317728,1.1679716797614632
contrast,ideal,nv_charge_readout_master_v1_4,thin_all_counts,1,contrast0.7,0.7,5.437,1.0,27.43339830432224,0.7,7.504300359171423,8.250745973333988,0.11758756837904422,9.422120008455401,636.7993609310438,0.0,0.1,off,2.0,mean,0.04482160589572759,0.68,2.7017029671499166,2.3622593406368426,2.3696448354918282,2.6255349486341295,1.0290104759623984,0.9866450894751095,1.070988969607663,1.1436944795492112,1.1114871097904655,1.17774111275578,1.1401299159623508,1.1076099407578315,1.175468185367183,4.974995007273436,0.5430564177853506,0.513178846243091,0.5743120252606102,2.3338928276149327,1.1575951282693897,1.141666543893242,1.1804929500304602
contrast,ideal,nv_charge_readout_master_v1_4,thin_all_counts,1,contrast0.7,0.7,5.437,1.0,27.43339830432224,0.7,7.504300359171423,8.250745973333988,0.11758756837904422,9.422120008455401,636.7993609310438,0.0,0.1,off,2.0,mean,0.04482160589572759,0.69,2.9387032439988907,2.5203910273219017,2.526559933200752,2.6911041215482023,1.0920065189853165,1.0464053080863438,1.1332745564918785,1.1659711577062215,1.1311442892532515,1.1971363080816788,1.1631242961555313,1.12754687928991,1.1936206511634029,4.974995007273436,0.5906947121961953,0.5578437247537291,0.6214645612167368,2.52102948954323,1.1656758701903707,1.1441042036793923,1.1889985644951797
contrast,ideal,nv_charge_readout_master_v1_4,thin_all_counts,1,contrast0.7,0.7,5.437,1.0,27.43339830432224,0.7,7.504300359171423,8.250745973333988,0.11758756837904422,9.422120008455401,636.7993609310438,0.0,0.1,off,2.0,mean,0.04482160589572759,0.7,3.1935023679287773,2.6891081861029775,2.6938657643732813,2.758310795588998,1.1577746688428743,1.1149047249397792,1.205015838067897,1.1875693155197158,1.153645474251662,1.218792080469042,1.1854719749451712,1.1517722355035838,1.2166258593039414,4.974995007273436,0.6419106679021549,0.6079524831674094,0.6802779181191565,2.7081661514715294,1.1792121270674372,1.1534746065061172,1.2061229109640503
contrast,ideal,nv_charge_readout_master_v1_4,thin_all_counts,1,contrast0.7,0.7,5.437,1.0,27.43339830432224,0.7,7.504300359171423,8.250745973333988,0.11758756837904422,9.422120008455401,636.7993609310438,0.0,0.1,off,2.0,mean,0.04482160589572759,0.71,3.4918013064852995,2.8691194176523593,2.872250391174803,2.8271958651253297,1.2350758394769044,1.1864792255239804,1.2554712434427955,1.2170289200936941,1.1856427902781788,1.2470698960355069,1.215702265099906,1.184176760680795,1.2458859547401688,4.974995007273436,0.7018703137149466,0.6611228084592723,0.7460357502153474,2.895302813399829,1.2060228347531732,1.178924975398076,1.2351114553545979
contrast,ideal,nv_charge_readout_master_v1_4,thin_all_counts,1,contrast0.7,0.7,5.437,1.0,27.43339830432224,0.7,7.504300359171423,8.250745973333988,0.11758756837904422,9.422120008455401,636.7993609310438,0.0,0.1,off,2.0,mean,0.04482160589572759,0.72,3.8285895958127734,3.061180756985202,3.062447438439124,3.1848270640401504,1.2021342191672946,1.0657473969733298,1.2681879208559166,1.250690468727287,0.9987013308273566,1.2688219416517554,1.2501731614254705,0.9988032654608257,1.2687751934015299,4.974995007273436,0.7695665202106495,0.7210532633722344,0.8177329011892258,3.082439475328129,1.2420648082328416,1.208736978596458,1.2658325163513082
contrast,ideal,nv_charge_readout_master_v1_4,thin_all_counts,1,contrast0.7,0.7,5.437,1.0,27.43339830432224,0.7,7.504300359171423,8.250745973333988,0.11758756837904422,9.422120008455401,636.7993609310438,0.0,0.1,off,2.0,mean,0.04482160589572759,0.73,4.243901310726831,4.189625119206592,4.190137342091903,3.8379754253925995,1.1057656290992817,1.059863760481986,1.2681691617570303,1.012954904072782,0.9958949303721024,1.2754403259769183,1.0128310755103045,0.9958966619372484,1.2753994069286254,4.974995007273436,0.8530463456791922,0.7890917390900405,0.9141198444169707,3.326036780809148,1.2759634334814505,1.2535073101277614,1.301048259560306
contrast,ideal,nv_charge_readout_master_v1_4,thin_all_counts,1,contrast0.7,0.7,5.437,1.0,27.43339830432224,0.7,7.504300359171423,8.250745973333988,0.11758756837904422,9.422120008455401,636.7993609310438,0.0,0.1,off,2.0,mean,0.04482160589572759,0.74,4.7500161392722156,4.511327267247972,4.513297413114411,3.844663286398779,1.2354830021334489,1.1474652975963604,1.3101136385611785,1.0529087911127872,1.0181309410317783,1.0877484936461497,1.0524491750687568,1.0180630874932604,1.0876779498329845,4.974995007273436,0.9547780716016194,0.8837502378989611,1.0026139736948407,3.655810858028532,1.2993057692907437,1.2692105035321244,1.3258967589563222
contrast,ideal,nv_charge_readout_master_v1_4,thin_all_counts,1,contrast0.7,0.7,5.437,1.0,27.43339830432224,0.7,7.504300359171423,8.250745973333988,0.11758756837904422,9.422120008455401,636.7993609310438,0.0,0.1,off,2.0,mean,0.04482160589572759,0.75,5.28465029341654,4.857731451655328,4.861380875180499,4.309951990580154,1.2261506172149226,1.1975802351786837,1.3440979860163034,1.087884405716939,1.043311229867608,1.1336765869289889,1.0870677342721733,1.0432946294171794,1.1324421045228918,5.197936969850821,1.0166822576088697,0.9819814459705339,1.0478243304363921,3.985584935247916,1.3259409545333949,1.2921673868800516,1.3582942212798952
contrast,ideal,nv_charge_readout_master_v1_4,thin_all_counts,1,contrast0.7,0.7,5.437,1.0,27.43339830432224,0.7,7.504300359171423,8.250745973333988,0.11758756837904422,9.422120008455401,636.7993609310438,0.0,0.1,off,2.0,mean,0.04482160589572759,0.76,5.962965569794414,5.23073442880514,5.236309919417143,4.633140527215872,1.2870245430215033,1.2263967107079432,1.408749109953614,1.1399862965622856,1.0767099491692698,1.2390369301387292,1.138772467932562,1.0763051697424466,1.2373907612499326,5.589111539526848,1.0668897064629372,1.0195866294193452,1.1612609582756184,4.315359012467299,1.3818005761669174,1.3300780142070743,1.4833100517180329
contrast,ideal,nv_charge_readout_master_v1_4,thin_all_counts,1,contrast0.7,0.7,5.437,1.0,27.43339830432224,0.7,7.504300359171423,8.250745973333988,0.11758756837904422,9.422120008455401,636.7993609310438,0.0,0.1,off,2.0,mean,0.04482160589572759,0.77,7.068247353989693,5.632378598319592,5.640154983982471,4.835111253578834,1.461858266189417,1.3423453966726981,1.6155104214597302,1.2549311504199112,1.1502330838015384,1.3903864887501531,1.253200909206019,1.1497686125876914,1.3848093568702846,6.009724239147267,1.1761350559060963,1.0909263211647886,1.3640266980425295,4.79119806974581,1.4752567627338122,1.4018410162210417,1.6800104938235514
contrast,ideal,nv_charge_readout_master_v1_4,thin_all_counts,1,contrast0.7,0.7,5.437,1.0,27.43339830432224,0.7,7.504300359171423,8.250745973333988,0.11758756837904422,9.422120008455401,636.7993609310438,0.0,0.1,off,2.0,mean,0.04482160589572759,0.78,9.251116353049973,14.470559141118667,7.4316648686529065,5.465225166247648,1.6927237344553305,1.443896600275484,1.785015616489016,0.6393060739969999,0.6295322121929997,1.4529262338464515,1.2448242105307512,0.6376877548640686,1.451441672262418,6.461990456832375,1.4316202437700303,1.1868013416165484,1.5110627471002247,5.335598240113299,1.7338480029286332,1.4747763143249495,1.835431756557825
contrast,ideal,nv_charge_readout_master_v1_4,thin_all_counts,1,contrast0.7,0.7,5.437,1.0,27.43339830432224,0.7,7.504300359171423,8.250745973333988,0.11758756837904422,9.422120008455401,636.7993609310438,0.0,0.1,off,2.0,mean,0.04482160589572759,0.79,10.076754870719796,14.47508117908249,14.473707215129245,5.706174856094059,1.7659386760568794,1.540861873884323,1.8105630179870744,0.6961449643046849,0.6761662130936557,0.7639335523791505,0.69621104814022,0.6788275615275596,0.7747695874362349,6.94829230136485,1.4502491308174275,1.4082517145040363,1.4966736326696024,5.879998410480789,1.7137342848185992,1.6467981083585832,1.8014329365512263
contrast,ideal,nv_charge_readout_master_v1_4,thin_all_counts,1,contrast0.7,0.7,5.437,1.0,27.43339830432224,0.7,7.504300359171423,8.250745973333988,0.11758756837904422,9.422120008455401,636.7993609310438,0.0,0.1,off,2.0,mean,0.04482160589572759,0.8,10.70024979694519,14.479604630179493,14.477651070808518,6.608412531872057,1.6191861124496085,1.2370111508357051,1.7795922562053144,0.7389877051368458,0.717956927216606,0.8003126411525615,0.7390874213373084,0.718036029304248,0.8060980534007166,7.471191148875818,1.4322013161924314,1.3936658159743192,1.4792946957072772,6.424398580848278,1.665564435687975,1.6090357928103862,1.7347944342895278
contrast,ideal,nv_charge_readout_master_v1_4,thin_all_counts,1,contrast0.7,0.7,5.437,1.0,27.43339830432224,0.7,7.504300359171423,8.250745973333988,0.11758756837904422,9.422120008455401,636.7993609310438,0.0,0.1,off,2.0,mean,0.04482160589572759,0.81,11.353591993163452,14.484129494851292,14.48159600112592,8.520351655730273,1.3325262209720783,1.2006691418406066,1.376110801078185,0.7838642976230874,0.7605564105704286,0.8367672439976319,0.7840014313533349,0.760588682208532,0.844034099280702,8.03344113374101,1.4132912414678163,1.3772289413881007,1.454674457863638,6.968798751215768,1.6292035971311005,1.5781764332098873,1.6853700499635318
contrast,ideal,nv_charge_readout_master_v1_4,thin_all_counts,1,contrast0.7,0.7,5.437,1.0,27.43339830432224,0.7,7.504300359171423,8.250745973333988,0.11758756837904422,9.422120008455401,636.7993609310438,0.0,0.1,off,2.0,mean,0.04482160589572759,0.82,12.04407345759924,14.488655773539614,14.485542006374272,9.671769326438268,1.245281297670754,1.2130797539481848,1.295818436547639,0.831276113246829,0.8058633864196356,0.8767571929596641,0.8314548017809289,0.806005731918499,0.8854913010980748,8.638003654744217,1.394312151162881,1.3618887326271563,1.4384742379727513,7.5131989215832515,1.6030553141618669,1.5510105971451247,1.6571016382892994
contrast,ideal,nv_charge_readout_master_v1_4,thin_all_counts,1,contrast0.7,0.7,5.437,1.0,27.43339830432224,0.7,7.504300359171423,8.250745973333988,0.11758756837904422,9.422120008455401,636.7993609310438,0.0,0.1,off,2.0,mean,0.04482160589572759,0.83,13.026790079295667,14.493183466686352,14.489489086846474,9.789976473189466,1.3306252691179026,1.2698343156232694,1.3930951786714731,0.898821857132955,0.8564422055393349,0.9507619576417204,0.8990510294197577,0.8572200335021533,0.9551914919925472,9.288062972912805,1.402530335688537,1.3596814342096573,1.452525482102475,8.057599091950742,1.6167086412016916,1.5490045935813963,1.6766412891736995
contrast,ideal,nv_charge_readout_master_v1_4,thin_all_counts,1,contrast0.7,0.7,5.437,1.0,27.43339830432224,0.7,7.504300359171423,8.250745973333988,0.11758756837904422,9.422120008455401,636.7993609310438,0.0,0.1,off,2.0,mean,0.04482160589572759,0.84,14.263826839766502,14.497712574733509,14.493437242835508,9.858672202418528,1.446830419644879,1.336972765182357,1.498264529629759,0.9838674043397286,0.9332122361799872,1.0283488381539183,0.9841576294689854,0.9348380451758309,1.0473372867983435,9.987042983179702,1.4282332481986721,1.3830831729270046,1.483263205468748,8.965071272461554,1.5910444441843306,1.5295316879132412,1.6669626904728894
contrast,ideal,nv_charge_readout_master_v1_4,thin_all_counts,1,contrast0.7,0.7,5.437,1.0,27.43339830432224,0.7,7.504300359171423,8.250745973333988,0.11758756837904422,9.422120008455401,636.7993609310438,0.0,0.1,off,2.0,mean,0.04482160589572759,0.85,15.882464664955355,15.03845918977094,14.497386474634443,10.662755681157998,1.489527204775125,1.3972238396219554,1.7045738135680084,1.056123134992347,0.9982460447560686,1.184490251026011,1.0955398542174712,1.0289558361290363,1.239102951855806,10.73862524820925,1.4790035314440162,1.4137968998350794,1.6665980462888872,9.976278313013317,1.59202301365609,1.520494539391578,1.7802411071298019
contrast,ideal,nv_charge_readout_master_v1_4,thin_all_counts,1,contrast0.7,0.7,5.437,1.0,27.43339830432224,0.7,7.504300359171423,8.250745973333988,0.11758756837904422,9.422120008455401,636.7993609310438,0.0,0.1,off,2.0,mean,0.04482160589572759,0.86,19.050848641478176,15.736686953993539,15.147680214166044,10.932450250805356,1.7425964174933946,1.5600381817750524,1.7844206743477289,1.2106009795564747,1.1644712179720682,1.2466076536054072,1.2576743350880821,1.2211731499250966,1.2893465566973605,11.546768389371834,1.6498857514985261,1.593827929577852,1.7020662413727876,10.98748535356508,1.7338679441603804,1.682619996536853,1.7870338693116405
contrast,ideal,nv_charge_readout_master_v1_4,thin_all_counts,1,contrast0.7,0.7,5.437,1.0,27.43339830432224,0.7,7.504300359171423,8.250745973333988,0.11758756837904422,9.422120008455401,636.7993609310438,0.0,0.1,off,2.0,mean,0.04482160589572759,0.87,20.752199084975732,16.467333066703787,16.133749099072002,13.040013101560007,1.5914247112599218,1.5255516101462658,1.680194782095191,1.2602040051607235,1.2296573808396616,1.2771333506383098,1.2862601840119963,1.2587767644809205,1.3063336564583121,12.368889910702814,1.6777737723268789,1.6058287173075145,1.729623619065894,11.998692394116844,1.7295383866287692,1.6860519429687584,1.7849925378603866
contrast,ideal,nv_charge_readout_master_v1_4,thin_all_counts,1,contrast0.7,0.7,5.437,1.0,27.43339830432224,0.7,7.504300359171423,8.250745973333988,0.11758756837904422,9.422120008455401,636.7993609310438,0.0,0.1,off,2.0,mean,0.04482160589572759,0.88,22.281007278729227,34.42783300701341,29.509634868733624,24.27993202127189,0.9176717323264585,0.9175317580778126,1.6231749188908544,0.6471800671912835,0.6419040468743906,1.2962090378968887,0.7550417813653346,0.7486122529020282,1.3099163497789734,14.006611819320797,1.590749252292027,1.5310437412200646,1.6807198316891485,13.00989943466861,1.7126194856937242,1.6738395632375962,1.7751718192269426
contrast,ideal,nv_charge_readout_master_v1_4,thin_all_counts,1,contrast0.7,0.7,5.437,1.0,27.43339830432224,0.7,7.504300359171423,8.250745973333988,0.11758756837904422,9.422120008455401,636.7993609310438,0.0,0.1,off,2.0,mean,0.04482160589572759,0.89,30.028070520051564,36.1805715937626,30.061602533805015,24.290626859869995,1.2361999010268554,1.00703896111653,1.3455004049708148,0.8299501416729496,0.6676670180603737,0.8697860154464362,0.9988845566793805,0.8011490454836675,1.0341771226122598,15.861178818268707,1.8931802524958365,1.5665922972284598,1.9844904185784844,14.420789649647253,2.082276439056587,1.7212504790797363,2.196707788416336
contrast,ideal,nv_charge_readout_master_v1_4,thin_all_counts,1,contrast0.7,0.7,5.437,1.0,27.43339830432224,0.7,7.504300359171423,8.250745973333988,0.11758756837904422,9.422120008455401,636.7993609310438,0.0,0.1,off,2.0,mean,0.04482160589572759,0.9,nan,nan,33.20280144291516,25.100940239099884,nan,1.321843379493877,1.9078721311597175,nan,0.8426723819451128,1.01521785157654,nan,1.0009182850550649,1.402836190943636,18.07695248879603,nan,1.8547142861516053,2.6061257373793234,16.53881163476576,nan,2.019539547149037,2.841247983057321
contrast,ideal,nv_charge_readout_master_v1_4,thin_all_counts,1,contrast0.7,0.7,5.437,1.0,27.43339830432224,0.7,7.504300359171423,8.250745973333988,0.11758756837904422,9.422120008455401,636.7993609310438,0.0,0.1,off,2.0,mean,0.04482160589572759,0.91,nan,nan,39.00783924845118,26.339363718309087,nan,nan,nan,nan,nan,nan,nan,nan,nan,21.52524846954917,nan,nan,nan,19.620510828873,nan,nan,nan
contrast,ideal,nv_charge_readout_master_v1_4,thin_all_counts,1,contrast0.7,0.7,5.437,1.0,27.43339830432224,0.7,7.504300359171423,8.250745973333988,0.11758756837904422,9.422120008455401,636.7993609310438,0.0,0.1,off,2.0,mean,0.04482160589572759,0.92,nan,nan,nan,nan,nan,nan,nan,nan,nan,nan,nan,nan,nan,nan,nan,nan,nan,nan,nan,nan,nan
contrast,ideal,nv_charge_readout_master_v1_4,thin_all_counts,1,contrast0.7,0.7,5.437,1.0,27.43339830432224,0.7,7.504300359171423,8.250745973333988,0.11758756837904422,9.422120008455401,636.7993609310438,0.0,0.1,off,2.0,mean,0.04482160589572759,0.93,nan,nan,nan,nan,nan,nan,nan,nan,nan,nan,nan,nan,nan,nan,nan,nan,nan,nan,nan,nan,nan
contrast,ideal,nv_charge_readout_master_v1_4,thin_all_counts,1,contrast0.7,0.7,5.437,1.0,27.43339830432224,0.7,7.504300359171423,8.250745973333988,0.11758756837904422,9.422120008455401,636.7993609310438,0.0,0.1,off,2.0,mean,0.04482160589572759,0.94,nan,nan,nan,nan,nan,nan,nan,nan,nan,nan,nan,nan,nan,nan,nan,nan,nan,nan,nan,nan,nan
contrast,ideal,nv_charge_readout_master_v1_4,thin_all_counts,1,contrast0.7,0.7,5.437,1.0,27.43339830432224,0.7,7.504300359171423,8.250745973333988,0.11758756837904422,9.422120008455401,636.7993609310438,0.0,0.1,off,2.0,mean,0.04482160589572759,0.95,nan,nan,nan,nan,nan,nan,nan,nan,nan,nan,nan,nan,nan,nan,nan,nan,nan,nan,nan,nan,nan
contrast,ideal,nv_charge_readout_master_v1_4,thin_all_counts,1,contrast0.7,0.7,5.437,1.0,27.43339830432224,0.7,7.504300359171423,8.250745973333988,0.11758756837904422,9.422120008455401,636.7993609310438,0.0,0.1,off,2.0,mean,0.04482160589572759,0.96,nan,nan,nan,nan,nan,nan,nan,nan,nan,nan,nan,nan,nan,nan,nan,nan,nan,nan,nan,nan,nan
contrast,ideal,nv_charge_readout_master_v1_4,thin_all_counts,1,contrast0.7,0.7,5.437,1.0,27.43339830432224,0.7,7.504300359171423,8.250745973333988,0.11758756837904422,9.422120008455401,636.7993609310438,0.0,0.1,off,2.0,mean,0.04482160589572759,0.97,nan,nan,nan,nan,nan,nan,nan,nan,nan,nan,nan,nan,nan,nan,nan,nan,nan,nan,nan,nan,nan
contrast,ideal,nv_charge_readout_master_v1_4,thin_all_counts,1,contrast0.7,0.7,5.437,1.0,27.43339830432224,0.7,7.504300359171423,8.250745973333988,0.11758756837904422,9.422120008455401,636.7993609310438,0.0,0.1,off,2.0,mean,0.04482160589572759,0.98,nan,nan,nan,nan,nan,nan,nan,nan,nan,nan,nan,nan,nan,nan,nan,nan,nan,nan,nan,nan,nan
contrast,ideal,nv_charge_readout_master_v1_4,thin_all_counts,1,contrast0.7,0.7,5.437,1.0,27.43339830432224,0.7,7.504300359171423,8.250745973333988,0.11758756837904422,9.422120008455401,636.7993609310438,0.0,0.1,off,2.0,mean,0.04482160589572759,0.99,nan,nan,nan,nan,nan,nan,nan,nan,nan,nan,nan,nan,nan,nan,nan,nan,nan,nan,nan,nan,nan
contrast,ideal,nv_charge_readout_master_v1_4,thin_all_counts,2,contrast0.85,0.85,5.437,1.0,27.43339830432224,0.8500000000000001,7.504300359171423,11.067042915945,0.11758756837904422,9.422120008455401,636.7993609310438,0.0,0.1,off,2.0,mean,-0.011523088446041552,0.55,0.5198135716872524,1.5900479508730805,1.5900479508730805,0.4950681702839346,1.0499838262458392,1.0225508726328825,1.0777818415799605,0.3269169155570608,0.3023522052242052,0.35228760364785583,0.3269169155570608,0.3023522052242052,0.35228760364785583,4.974995007273436,0.10448524489517792,0.09658618247671855,0.11298497055688453,0.507121347367348,1.025027982722073,1.0020334403220266,1.0666920623188363
contrast,ideal,nv_charge_readout_master_v1_4,thin_all_counts,2,contrast0.85,0.85,5.437,1.0,27.43339830432224,0.8500000000000001,7.504300359171423,11.067042915945,0.11758756837904422,9.422120008455401,636.7993609310438,0.0,0.1,off,2.0,mean,-0.011523088446041552,0.56,0.6355460718110355,1.5900479508730805,1.5900479508730805,0.5949004596240446,1.068323383398758,1.042370095004882,1.0865639313650055,0.3997024564335076,0.37189964649009616,0.42148214432645825,0.3997024564335076,0.37189964649009616,0.42148214432645825,4.974995007273436,0.12774808233613663,0.11882278462809355,0.13503295442360758,0.6153821837172333,1.0327664476277192,1.010138206716775,1.0584397982498455
contrast,ideal,nv_charge_readout_master_v1_4,thin_all_counts,2,contrast0.85,0.85,5.437,1.0,27.43339830432224,0.8500000000000001,7.504300359171423,11.067042915945,0.11758756837904422,9.422120008455401,636.7993609310438,0.0,0.1,off,2.0,mean,-0.011523088446041552,0.57,0.7441639400908747,1.5900479508730805,1.5900479508730805,0.7075462777454455,1.0517530280310556,1.0433979708096197,1.0765765383672201,0.46801352102762767,0.438959300561597,0.5049011706331361,0.46801352102762767,0.438959300561597,0.5049011706331361,4.974995007273436,0.14958084158937004,0.1396449355612461,0.16169935399261767,0.7236430200671171,1.028357794457624,1.0103935003626945,1.0571560472311192
contrast,ideal,nv_charge_readout_master_v1_4,thin_all_counts,2,contrast0.85,0.85,5.437,1.0,27.43339830432224,0.8500000000000001,7.504300359171423,11.067042915945,0.11758756837904422,9.422120008455401,636.7993609310438,0.0,0.1,off,2.0,mean,-0.011523088446041552,0.58,0.8654511622760592,1.5900479508730805,1.5900479508730805,0.8078755743841223,1.0712678903998667,1.054949334413738,1.0913150995021108,0.5442924924376326,0.5169678459573632,0.5749777349794658,0.5442924924376326,0.5169678459573632,0.5749777349794658,4.974995007273436,0.17396020719835312,0.16465883051942737,0.18417392164410462,0.834069800650101,1.0376243829970808,1.0264695414829934,1.054208526868633
contrast,ideal,nv_charge_readout_master_v1_4,thin_all_counts,2,contrast0.85,0.85,5.437,1.0,27.43339830432224,0.8500000000000001,7.504300359171423,11.067042915945,0.11758756837904422,9.422120008455401,636.7993609310438,0.0,0.1,off,2.0,mean,-0.011523088446041552,0.59,0.9936838224670583,1.5900479508730805,1.5900479508730805,0.9224314567326217,1.0772440762014146,1.052110965640718,1.100242857949082,0.6249395321200445,0.585138527560051,0.6660309528373487,0.6249395321200445,0.585138527560051,0.6660309528373487,4.974995007273436,0.19973564214924716,0.18663978497358794,0.21329380666697959,0.9515040478695802,1.0443295797762697,1.0293042209303584,1.0738365936700638
contrast,ideal,nv_charge_readout_master_v1_4,thin_all_counts,2,contrast0.85,0.85,5.437,1.0,27.43339830432224,0.8500000000000001,7.504300359171423,11.067042915945,0.11758756837904422,9.422120008455401,636.7993609310438,0.0,0.1,off,2.0,mean,-0.011523088446041552,0.6,1.1331399793517734,1.5900479508730805,1.5900479508730805,1.053231239251822,1.0758700816325157,1.0670845813065795,1.0890968378250538,0.7126451618830594,0.6772286546378609,0.7516960991126639,0.7126451618830594,0.6772286546378609,0.7516960991126639,4.974995007273436,0.22776705859907884,0.21571276929585423,0.24070123218102843,1.0689382950890596,1.0600611696275366,1.0490392563040303,1.0833222927674937
contrast,ideal,nv_charge_readout_master_v1_4,thin_all_counts,2,contrast0.85,0.85,5.437,1.0,27.43339830432224,0.8500000000000001,7.504300359171423,11.067042915945,0.11758756837904422,9.422120008455401,636.7993609310438,0.0,0.1,off,2.0,mean,-0.011523088446041552,0.61,1.2626572866718595,1.5900479508730805,1.5900479508730805,1.1669653285442683,1.0820006865559255,1.072393590163419,1.0985659013197664,0.7941001313693378,0.7580908558514285,0.8368062224573279,0.7941001313693378,0.7580908558514285,0.8368062224573279,4.974995007273436,0.25380071433757345,0.2416635229861249,0.2682222092284525,1.186372542308539,1.0643008343862035,1.0550770659999331,1.0849021768263856
contrast,ideal,nv_charge_readout_master_v1_4,thin_all_counts,2,contrast0.85,0.85,5.437,1.0,27.43339830432224,0.8500000000000001,7.504300359171423,11.067042915945,0.11758756837904422,9.422120008455401,636.7993609310438,0.0,0.1,off,2.0,mean,-0.011523088446041552,0.62,1.3916032825355737,1.5900479508730805,1.5900479508730805,1.2765385420999862,1.090138085643931,1.0749686385929853,1.1047599917079096,0.8751957963100782,0.8372432594979136,0.9175413613952977,0.8751957963100782,0.8372432594979136,0.9175413613952977,4.974995007273436,0.2797195334871797,0.2669849215323686,0.29375605605715494,1.3053593114887785,1.066069143022723,1.0582274330151054,1.0846017948117157
contrast,ideal,nv_charge_readout_master_v1_4,thin_all_counts,2,contrast0.85,0.85,5.437,1.0,27.43339830432224,0.8500000000000001,7.504300359171423,11.067042915945,0.11758756837904422,9.422120008455401,636.7993609310438,0.0,0.1,off,2.0,mean,-0.011523088446041552,0.63,1.5273320523365552,1.5900479508730805,1.5900479508730805,1.3964002268169715,1.0937638242998833,1.0776485746911602,1.1085883751801868,0.9605572281627806,0.9179133624787942,1.0082915541089974,0.9605572281627806,0.9179133624787942,1.0082915541089974,4.974995007273436,0.3070017256506987,0.2929652259298001,0.32308639709822556,1.428676799822718,1.0690535833759458,1.0543422391023838,1.0912079267515846
contrast,ideal,nv_charge_readout_master_v1_4,thin_all_counts,2,contrast0.85,0.85,5.437,1.0,27.43339830432224,0.8500000000000001,7.504300359171423,11.067042915945,0.11758756837904422,9.422120008455401,636.7993609310438,0.0,0.1,off,2.0,mean,-0.011523088446041552,0.64,1.681320939479909,1.5900479508730805,1.5900479508730805,1.5900479508730805,1.0574026642131837,1.025531817091696,1.1081072944313297,1.0574026642131837,0.9976598608530266,1.0940412538356583,1.0574026642131837,0.9976598608530266,1.0940412538356583,4.974995007273436,0.3379542968428752,0.32107151159443753,0.35429136022674085,1.551994288156657,1.0833293345923691,1.059841800249021,1.105512874254566
contrast,ideal,nv_charge_readout_master_v1_4,thin_all_counts,2,contrast0.85,0.85,5.437,1.0,27.43339830432224,0.8500000000000001,7.504300359171423,11.067042915945,0.11758756837904422,9.422120008455401,636.7993609310438,0.0,0.1,off,2.0,mean,-0.011523088446041552,0.65,1.8216524466701682,1.8024099005524872,1.8024099005524872,1.718414491637005,1.0600774467019398,1.0287081180370063,1.105672812148676,1.0106760099973833,0.9994739523669751,1.0983595755010989,1.0106760099973833,0.9994739523669751,1.0983595755010989,4.974995007273436,0.36616166327944344,0.35016195065500216,0.3833564085218525,1.6753117764905965,1.087351305132065,1.0646947954639057,1.1101616134355747
contrast,ideal,nv_charge_readout_master_v1_4,thin_all_counts,2,contrast0.85,0.85,5.437,1.0,27.43339830432224,0.8500000000000001,7.504300359171423,11.067042915945,0.11758756837904422,9.422120008455401,636.7993609310438,0.0,0.1,off,2.0,mean,-0.011523088446041552,0.66,1.967587753217702,1.9038837499491492,1.9038837499491492,1.7867627421774983,1.1012025865391817,1.0938201977368769,1.117159870756045,1.0334600278353414,1.0155520257337278,1.0520157679827586,1.0334600278353414,1.0155520257337278,1.0520157679827586,4.974995007273436,0.3954954226770261,0.37779145563730265,0.41321636772442444,1.7986292648245357,1.093937362021989,1.0721527189385724,1.1151938542950512
contrast,ideal,nv_charge_readout_master_v1_4,thin_all_counts,2,contrast0.85,0.85,5.437,1.0,27.43339830432224,0.8500000000000001,7.504300359171423,11.067042915945,0.11758756837904422,9.422120008455401,636.7993609310438,0.0,0.1,off,2.0,mean,-0.011523088446041552,0.67,2.122146081674997,2.011070474152047,2.011070474152047,1.8942816659007888,1.1202906726470647,1.1097699738596833,1.1273376608519563,1.055232081098393,1.0346956645155776,1.077868926433572,1.055232081098393,1.0346956645155776,1.077868926433572,4.974995007273436,0.42656245454968744,0.40847999926448636,0.4441880326954202,1.9219467531584749,1.1041648673083788,1.0836988958492926,1.1258184471771984
contrast,ideal,nv_charge_readout_master_v1_4,thin_all_counts,2,contrast0.85,0.85,5.437,1.0,27.43339830432224,0.8500000000000001,7.504300359171423,11.067042915945,0.11758756837904422,9.422120008455401,636.7993609310438,0.0,0.1,off,2.0,mean,-0.011523088446041552,0.68,2.279008609382076,2.1242917022187733,2.1242917022187733,2.0138037426654436,1.1316935017538556,1.1250132673863866,1.141438481248224,1.0728322325044648,1.0515519509837454,1.09232340589523,1.0728322325044648,1.0515519509837454,1.09232340589523,4.974995007273436,0.4580926425152525,0.43937280677361407,0.4765094230619462,2.045264241492414,1.1142856571525939,1.0962215745260402,1.1310513987193704
contrast,ideal,nv_charge_readout_master_v1_4,thin_all_counts,2,contrast0.85,0.85,5.437,1.0,27.43339830432224,0.8500000000000001,7.504300359171423,11.067042915945,0.11758756837904422,9.422120008455401,636.7993609310438,0.0,0.1,off,2.0,mean,-0.011523088446041552,0.69,2.4415151883591197,2.243887170596665,2.243887170596665,2.144099867667848,1.1387133711335808,1.1250313772590002,1.1544234675008602,1.0880739550330885,1.0665162624940496,1.111015421246965,1.0880739550330885,1.0665162624940496,1.111015421246965,4.974995007273436,0.49075731428667324,0.4705126227567168,0.5109452060843767,2.168581729826352,1.125858045735091,1.1105656444047305,1.1408324256683235
contrast,ideal,nv_charge_readout_master_v1_4,thin_all_counts,2,contrast0.85,0.85,5.437,1.0,27.43339830432224,0.8500000000000001,7.504300359171423,11.067042915945,0.11758756837904422,9.422120008455401,636.7993609310438,0.0,0.1,off,2.0,mean,-0.011523088446041552,0.7,2.618014229627877,2.370215742550488,2.370215742550488,2.282826347540968,1.146830214417303,1.1340617329744738,1.1612543793899237,1.1045468067015467,1.0821877106458435,1.125906462256342,1.1045468067015467,1.0821877106458435,1.125906462256342,4.974995007273436,0.5262345441151889,0.5034624658605342,0.5475254433571826,2.2918992181602915,1.1422902930825023,1.1285134654571254,1.1539240352426796
contrast,ideal,nv_charge_readout_master_v1_4,thin_all_counts,2,contrast0.85,0.85,5.437,1.0,27.43339830432224,0.8500000000000001,7.504300359171423,11.067042915945,0.11758756837904422,9.422120008455401,636.7993609310438,0.0,0.1,off,2.0,mean,-0.011523088446041552,0.71,2.8093681456785813,2.5036564849828515,2.5036564849828515,2.4305286388994554,1.1558671231912185,1.1412835789184566,1.171227539392608,1.122106072669879,1.099618921837231,1.1483896648416039,1.122106072669879,1.099618921837231,1.1483896648416039,4.974995007273436,0.5646976814190343,0.5405257903098456,0.589307103153759,2.4344948495941394,1.1539840169088622,1.144662930492418,1.1648089484777797
contrast,ideal,nv_charge_readout_master_v1_4,thin_all_counts,2,contrast0.85,0.85,5.437,1.0,27.43339830432224,0.8500000000000001,7.504300359171423,11.067042915945,0.11758756837904422,9.422120008455401,636.7993609310438,0.0,0.1,off,2.0,mean,-0.011523088446041552,0.72,3.034020405214164,2.6446098058785314,2.6446098058785314,2.587787490219697,1.1724380060885846,1.1613084276411896,1.1830664762468406,1.147246901403011,1.1221421299371068,1.1741014080591765,1.147246901403011,1.1221421299371068,1.1741014080591765,4.974995007273436,0.6098539598086893,0.581267412046086,0.637940086050534,2.6181613076321417,1.158836316299443,1.1441461406608129,1.1776486447282069
contrast,ideal,nv_charge_readout_master_v1_4,thin_all_counts,2,contrast0.85,0.85,5.437,1.0,27.43339830432224,0.8500000000000001,7.504300359171423,11.067042915945,0.11758756837904422,9.422120008455401,636.7993609310438,0.0,0.1,off,2.0,mean,-0.011523088446041552,0.73,3.2636054573716566,2.7934986557857555,2.7934986557857555,2.7480536166428573,1.1876061797362674,1.1789411437941684,1.19786143521215,1.1682860310715522,1.1468328366549698,1.1892064054449523,1.1682860310715522,1.1468328366549698,1.1892064054449523,4.974995007273436,0.6560017552983007,0.6258510084788997,0.6827612555563509,2.801827765670144,1.164813018615748,1.1465482501710822,1.1841997166392504
contrast,ideal,nv_charge_readout_master_v1_4,thin_all_counts,2,contrast0.85,0.85,5.437,1.0,27.43339830432224,0.8500000000000001,7.504300359171423,11.067042915945,0.11758756837904422,9.422120008455401,636.7993609310438,0.0,0.1,off,2.0,mean,-0.011523088446041552,0.74,3.495389837131135,2.950769796939658,2.950769796939658,2.9171412040122493,1.1982244233921757,1.1249450686680635,1.2070073546154696,1.1845687998963255,1.1665712211622883,1.2026126775958823,1.1845687998963255,1.1665712211622883,1.2026126775958823,4.974995007273436,0.7025916271314604,0.6721989394993373,0.7321333840320081,2.9854942237081463,1.1707910232663825,1.150725377261777,1.1922494189342494
contrast,ideal,nv_charge_readout_master_v1_4,thin_all_counts,2,contrast0.85,0.85,5.437,1.0,27.43339830432224,0.8500000000000001,7.504300359171423,11.067042915945,0.11758756837904422,9.422120008455401,636.7993609310438,0.0,0.1,off,2.0,mean,-0.011523088446041552,0.75,3.7615310592310114,3.1168951438361057,3.1168951438361057,3.2998954043491135,1.139894026420802,1.1108146773319851,1.2128611622886487,1.2068198914774921,1.1879005305573407,1.2231441737609747,1.2068198914774921,1.1879005305573407,1.2231441737609747,4.974995007273436,0.7560874038530004,0.7192508874244952,0.7912035275269313,3.169160681746149,1.1869171168558348,1.1646522456653405,1.211916184335784
contrast,ideal,nv_charge_readout_master_v1_4,thin_all_counts,2,contrast0.85,0.85,5.437,1.0,27.43339830432224,0.8500000000000001,7.504300359171423,11.067042915945,0.11758756837904422,9.422120008455401,636.7993609310438,0.0,0.1,off,2.0,mean,-0.011523088446041552,0.76,4.056636294333823,3.292373179278467,3.292373179278467,3.2998954043491135,1.229322689739608,1.1201314657842214,1.2308026577024695,1.232131375588124,0.9995177708285878,1.2353289782525616,1.232131375588124,0.9995177708285878,1.2353289782525616,4.974995007273436,0.8154050985785969,0.7740552099002619,0.8520178293377403,3.352827139784151,1.2099151328735016,1.1874370293597052,1.2312805736953782
contrast,ideal,nv_charge_readout_master_v1_4,thin_all_counts,2,contrast0.85,0.85,5.437,1.0,27.43339830432224,0.8500000000000001,7.504300359171423,11.067042915945,0.11758756837904422,9.422120008455401,636.7993609310438,0.0,0.1,off,2.0,mean,-0.011523088446041552,0.77,4.3670645854732895,4.273837728534978,4.273837728534978,3.659588049907379,1.1933213591031964,1.1404565886732352,1.243138372917273,1.0218133824585496,1.0053968782564824,1.0413060837646446,1.0218133824585496,1.0053968782564824,1.0413060837646446,4.974995007273436,0.8778028076588312,0.8334802488279462,0.9182464670722822,3.5364935978221537,1.2348572009751746,1.214925507073015,1.2507411054304347
contrast,ideal,nv_charge_readout_master_v1_4,thin_all_counts,2,contrast0.85,0.85,5.437,1.0,27.43339830432224,0.8500000000000001,7.504300359171423,11.067042915945,0.11758756837904422,9.422120008455401,636.7993609310438,0.0,0.1,off,2.0,mean,-0.011523088446041552,0.78,4.694599332449337,4.496499947616768,4.496499947616768,3.9791854021486026,1.179789041725585,1.1669639158237852,1.262701683653648,1.044056352082816,1.0224936607007309,1.063158888244209,1.044056352082816,1.0224936607007309,1.063158888244209,4.974995007273436,0.9436390037750468,0.8980633522814969,0.9816781655651216,3.7453719627663493,1.2534400799491978,1.2428688356677375,1.2619124539085682
contrast,ideal,nv_charge_readout_master_v1_4,thin_all_counts,2,contrast0.85,0.85,5.437,1.0,27.43339830432224,0.8500000000000001,7.504300359171423,11.067042915945,0.11758756837904422,9.422120008455401,636.7993609310438,0.0,0.1,off,2.0,mean,-0.011523088446041552,0.79,5.034809875442635,4.730762622063396,4.730762622063396,4.004804507595471,1.2571924212264711,1.2060386643657393,1.2894405207624031,1.0642702409039124,1.0428601864686673,1.0905652771692018,1.0642702409039124,1.0428601864686673,1.0905652771692018,5.054730327651826,0.9960590474826686,0.9646339308057204,1.0068211857760196,4.015479244482728,1.2538503050066734,1.2396468413539,1.2717582444516629
contrast,ideal,nv_charge_readout_master_v1_4,thin_all_counts,2,contrast0.85,0.85,5.437,1.0,27.43339830432224,0.8500000000000001,7.504300359171423,11.067042915945,0.11758756837904422,9.422120008455401,636.7993609310438,0.0,0.1,off,2.0,mean,-0.011523088446041552,0.8,5.429512904767577,4.9772301227700515,4.9772301227700515,4.208254725272224,1.2902053842323797,1.2770287051525182,1.3052540916131228,1.0908703778690887,1.0606347042309932,1.119315807124558,1.0908703778690887,1.0606347042309932,1.119315807124558,5.40684777879785,1.004191929733736,0.9911801340994525,1.0193706109458718,4.285586526199108,1.2669241121548465,1.2456494058413203,1.288144548201439
contrast,ideal,nv_charge_readout_master_v1_4,thin_all_counts,2,contrast0.85,0.85,5.437,1.0,27.43339830432224,0.8500000000000001,7.504300359171423,11.067042915945,0.11758756837904422,9.422120008455401,636.7993609310438,0.0,0.1,off,2.0,mean,-0.011523088446041552,0.81,5.88060705974268,5.236538307687171,5.236538307687171,4.467461071531623,1.3163197094690235,1.2963419065331765,1.3424267651373631,1.1229951380495056,1.0894205002694977,1.164476284603851,1.1229951380495056,1.0894205002694977,1.164476284603851,5.783494075473635,1.0167914037780166,0.996923608603263,1.0460426022002476,4.555693807915486,1.2908257902506892,1.262692252720009,1.3225827996489616
contrast,ideal,nv_charge_readout_master_v1_4,thin_all_counts,2,contrast0.85,0.85,5.437,1.0,27.43339830432224,0.8500000000000001,7.504300359171423,11.067042915945,0.11758756837904422,9.422120008455401,636.7993609310438,0.0,0.1,off,2.0,mean,-0.011523088446041552,0.82,6.4735024523818785,5.509356162261191,5.509356162261191,4.771096850940855,1.3568163997981537,1.2832451135018659,1.375662689326937,1.1750016266374357,1.129552934773208,1.2189076055890784,1.1750016266374357,1.129552934773208,1.2189076055890784,6.186377921014,1.0464123813698107,1.015537264263145,1.0822101163073838,4.825801089631862,1.3414358221871328,1.3089014890286115,1.3634517146074434
contrast,ideal,nv_charge_readout_master_v1_4,thin_all_counts,2,contrast0.85,0.85,5.437,1.0,27.43339830432224,0.8500000000000001,7.504300359171423,11.067042915945,0.11758756837904422,9.422120008455401,636.7993609310438,0.0,0.1,off,2.0,mean,-0.011523088446041552,0.83,7.156117448516004,5.796387525340462,5.796387525340462,5.4749471424611915,1.30706603412048,1.2750608617681856,1.375381144416033,1.2345823009988752,1.181982180473045,1.2858603871321663,1.2345823009988752,1.181982180473045,1.2858603871321663,6.617327048696827,1.0814211532623708,1.0401809032417468,1.1244109240565752,5.280643226938316,1.3551601842764667,1.333277672899467,1.3870088276078607
contrast,ideal,nv_charge_readout_master_v1_4,thin_all_counts,2,contrast0.85,0.85,5.437,1.0,27.43339830432224,0.8500000000000001,7.504300359171423,11.067042915945,0.11758756837904422,9.422120008455401,636.7993609310438,0.0,0.1,off,2.0,mean,-0.011523088446041552,0.84,8.079897959661514,6.098372904998929,6.098372904998929,5.742725921393732,1.4069795547025794,1.326295542605286,1.4451080846951363,1.3249268428695626,1.2422705242765248,1.4286231374025462,1.3249268428695626,1.2422705242765248,1.4286231374025462,7.078296513485112,1.1415031772500934,1.08032293526612,1.2334949665955834,5.827852792039805,1.3864279431865112,1.3404473410230615,1.4820270724224829
contrast,ideal,nv_charge_readout_master_v1_4,thin_all_counts,2,contrast0.85,0.85,5.437,1.0,27.43339830432224,0.8500000000000001,7.504300359171423,11.067042915945,0.11758756837904422,9.422120008455401,636.7993609310438,0.0,0.1,off,2.0,mean,-0.011523088446041552,0.85,10.27426854864084,11.461366860377499,10.455861116442675,6.725429912919539,1.52767461436242,1.4000267548019512,1.8422734531526823,0.8964261133774092,0.841196370362627,1.490977622383814,0.9826324617571416,0.9542855275947958,1.490977622383814,7.571377561379904,1.3569880071821867,1.1784185174383701,1.638647971025667,6.375062357141295,1.6116342041943614,1.4356591710443003,1.9431396703919313
contrast,ideal,nv_charge_readout_master_v1_4,thin_all_counts,2,contrast0.85,0.85,5.437,1.0,27.43339830432224,0.8500000000000001,7.504300359171423,11.067042915945,0.11758756837904422,9.422120008455401,636.7993609310438,0.0,0.1,off,2.0,mean,-0.011523088446041552,0.86,12.855967540434916,11.990469581595093,11.78552407268224,7.027317245958315,1.8294275169985936,1.7172002244288525,1.8579519729353173,1.0721821570831829,1.0551165820321682,1.0858490926028725,1.0908269722373964,1.0800046945852468,1.1017845701876026,8.098807116621044,1.5873902607275128,1.5533569577242377,1.6213128687681952,6.922271922242784,1.857189039212092,1.8081946048886233,1.9126842280042355
contrast,ideal,nv_charge_readout_master_v1_4,thin_all_counts,2,contrast0.85,0.85,5.437,1.0,27.43339830432224,0.8500000000000001,7.504300359171423,11.067042915945,0.11758756837904422,9.422120008455401,636.7993609310438,0.0,0.1,off,2.0,mean,-0.011523088446041552,0.87,13.604523849975488,12.543997809212597,12.39316238370468,7.764037781942212,1.7522485376896568,1.6896910062051003,1.8882116105838955,1.0845445014335076,1.0675761929152219,1.1084841039863114,1.0977443390771335,1.0802973669029312,1.1254241303020907,8.662977929775511,1.5704211600511406,1.5296107667339942,1.619376824326052,7.469481487344273,1.8213478235438387,1.75935340716617,1.8808496020316474
contrast,ideal,nv_charge_readout_master_v1_4,thin_all_counts,2,contrast0.85,0.85,5.437,1.0,27.43339830432224,0.8500000000000001,7.504300359171423,11.067042915945,0.11758756837904422,9.422120008455401,636.7993609310438,0.0,0.1,off,2.0,mean,-0.011523088446041552,0.88,14.558065799281582,13.123079122694193,13.032129324217435,8.823963722182333,1.6498329160946617,1.5621191836329462,1.8419640396791492,1.109348321622615,1.083603155084284,1.1360558519551385,1.1170903416549527,1.0888706190750528,1.1466231876634554,9.486938674094771,1.5345377786655388,1.470581451198872,1.6196177672711325,8.308556231347461,1.7521775617712334,1.6759359254588035,1.8492016777339189
contrast,ideal,nv_charge_readout_master_v1_4,thin_all_counts,2,contrast0.85,0.85,5.437,1.0,27.43339830432224,0.8500000000000001,7.504300359171423,11.067042915945,0.11758756837904422,9.422120008455401,636.7993609310438,0.0,0.1,off,2.0,mean,-0.011523088446041552,0.89,15.676916757952766,13.728893155100325,13.70404013639324,11.858489602272112,1.3219994521856337,1.2737672880247968,1.6437641942606636,1.1418922545936447,1.1151901639952375,1.1736755022870264,1.1439631380179804,1.1165294243995132,1.1756803902951884,10.663954239096034,1.4700847740398473,1.4238750049353102,1.5310067221311239,9.312598250382045,1.6834095422627757,1.6275124411551802,1.7576405899098033
contrast,ideal,nv_charge_readout_master_v1_4,thin_all_counts,2,contrast0.85,0.85,5.437,1.0,27.43339830432224,0.8500000000000001,7.504300359171423,11.067042915945,0.11758756837904422,9.422120008455401,636.7993609310438,0.0,0.1,off,2.0,mean,-0.011523088446041552,0.9,17.141519848769928,14.362673996090692,14.410593341096558,12.940077468626825,1.3246844843339993,1.2820989274364307,1.3807414543539271,1.1934769147747555,1.1631436284947214,1.2324693783624947,1.1895082626393483,1.1581309277841996,1.2276248030188432,11.78426307300941,1.454611098086459,1.4154683604127252,1.5053196952413737,10.316640269416629,1.661540908776809,1.6109133837725047,1.721582510575724
contrast,ideal,nv_charge_readout_master_v1_4,thin_all_counts,2,contrast0.85,0.85,5.437,1.0,27.43339830432224,0.8500000000000001,7.504300359171423,11.067042915945,0.11758756837904422,9.422120008455401,636.7993609310438,0.0,0.1,off,2.0,mean,-0.011523088446041552,0.91,19.76243807390638,15.025712705859595,15.153575031568154,13.72213354925698,1.4401869798867004,1.3834664138825423,1.5713493092031523,1.3152413107299463,0.7301264992923459,1.4410240519207131,1.3041436118366112,0.7514279817958205,1.362249233120202,13.007466538708288,1.5193149269380246,1.4350018121638313,1.7036834243098686,11.320682288451213,1.7456931985510291,1.6465578408529746,1.9551136529826676
contrast,ideal,nv_charge_readout_master_v1_4,thin_all_counts,2,contrast0.85,0.85,5.437,1.0,27.43339830432224,0.8500000000000001,7.504300359171423,11.067042915945,0.11758756837904422,9.422120008455401,636.7993609310438,0.0,0.1,off,2.0,mean,-0.011523088446041552,0.92,27.739777533879945,nan,30.37869929889072,18.058186037585806,1.5361331130459694,1.4716161583058074,1.6415380381687006,nan,0.7507351596605724,0.8050573224033729,0.9131324965875963,0.8837184822806596,0.9612270857285696,14.357638208462676,1.9320571483358293,1.8693112659396294,2.018416173892179,13.21057514128623,2.0998160365619856,2.02064616673182,2.1980130669658524
contrast,ideal,nv_charge_readout_master_v1_4,thin_all_counts,2,contrast0.85,0.85,5.437,1.0,27.43339830432224,0.8500000000000001,7.504300359171423,11.067042915945,0.11758756837904422,9.422120008455401,636.7993609310438,0.0,0.1,off,2.0,mean,-0.011523088446041552,0.93,nan,nan,32.66137819310646,19.659877828867945,nan,nan,nan,nan,nan,nan,nan,nan,nan,17.278951507308633,nan,nan,nan,15.592975711674558,nan,nan,nan
contrast,ideal,nv_charge_readout_master_v1_4,thin_all_counts,2,contrast0.85,0.85,5.437,1.0,27.43339830432224,0.8500000000000001,7.504300359171423,11.067042915945,0.11758756837904422,9.422120008455401,636.7993609310438,0.0,0.1,off,2.0,mean,-0.011523088446041552,0.94,nan,nan,nan,nan,nan,nan,nan,nan,nan,nan,nan,nan,nan,nan,nan,nan,nan,nan,nan,nan,nan
contrast,ideal,nv_charge_readout_master_v1_4,thin_all_counts,2,contrast0.85,0.85,5.437,1.0,27.43339830432224,0.8500000000000001,7.504300359171423,11.067042915945,0.11758756837904422,9.422120008455401,636.7993609310438,0.0,0.1,off,2.0,mean,-0.011523088446041552,0.95,nan,nan,nan,nan,nan,nan,nan,nan,nan,nan,nan,nan,nan,nan,nan,nan,nan,nan,nan,nan,nan
contrast,ideal,nv_charge_readout_master_v1_4,thin_all_counts,2,contrast0.85,0.85,5.437,1.0,27.43339830432224,0.8500000000000001,7.504300359171423,11.067042915945,0.11758756837904422,9.422120008455401,636.7993609310438,0.0,0.1,off,2.0,mean,-0.011523088446041552,0.96,nan,nan,nan,nan,nan,nan,nan,nan,nan,nan,nan,nan,nan,nan,nan,nan,nan,nan,nan,nan,nan
contrast,ideal,nv_charge_readout_master_v1_4,thin_all_counts,2,contrast0.85,0.85,5.437,1.0,27.43339830432224,0.8500000000000001,7.504300359171423,11.067042915945,0.11758756837904422,9.422120008455401,636.7993609310438,0.0,0.1,off,2.0,mean,-0.011523088446041552,0.97,nan,nan,nan,nan,nan,nan,nan,nan,nan,nan,nan,nan,nan,nan,nan,nan,nan,nan,nan,nan,nan
contrast,ideal,nv_charge_readout_master_v1_4,thin_all_counts,2,contrast0.85,0.85,5.437,1.0,27.43339830432224,0.8500000000000001,7.504300359171423,11.067042915945,0.11758756837904422,9.422120008455401,636.7993609310438,0.0,0.1,off,2.0,mean,-0.011523088446041552,0.98,nan,nan,nan,nan,nan,nan,nan,nan,nan,nan,nan,nan,nan,nan,nan,nan,nan,nan,nan,nan,nan
contrast,ideal,nv_charge_readout_master_v1_4,thin_all_counts,2,contrast0.85,0.85,5.437,1.0,27.43339830432224,0.8500000000000001,7.504300359171423,11.067042915945,0.11758756837904422,9.422120008455401,636.7993609310438,0.0,0.1,off,2.0,mean,-0.011523088446041552,0.99,nan,nan,nan,nan,nan,nan,nan,nan,nan,nan,nan,nan,nan,nan,nan,nan,nan,nan,nan,nan,nan
contrast,ideal,nv_charge_readout_master_v1_4,thin_all_counts,3,contrast0.95,0.95,5.437,1.0,27.43339830432224,0.9500000000000001,7.504300359171423,13.628995098846458,0.11758756837904422,9.422120008455401,636.7993609310438,0.0,0.1,off,2.0,mean,0.034005650033896107,0.55,0.4555899426284512,1.591433402649765,1.591433402649765,0.44161881598214014,1.0316361670759882,1.0253189717986557,1.0778361312363827,0.28627647369339226,0.27563942466063857,0.30579416956256356,0.28627647369339226,0.27563942466063857,0.30579416956256356,4.974995007273436,0.091575959767272,0.08812669685752093,0.09830867480014822,0.4475102068185287,1.0180548637479434,1.0019036981983351,1.0584743137042942
contrast,ideal,nv_charge_readout_master_v1_4,thin_all_counts,3,contrast0.95,0.95,5.437,1.0,27.43339830432224,0.9500000000000001,7.504300359171423,13.628995098846458,0.11758756837904422,9.422120008455401,636.7993609310438,0.0,0.1,off,2.0,mean,0.034005650033896107,0.56,0.5523929746883337,1.591433402649765,1.591433402649765,0.5254101097087801,1.0513558161157375,1.0278887442722904,1.0756526763385095,0.3471040470613408,0.32315318135268567,0.37113662459341595,0.3471040470613408,0.32315318135268567,0.37113662459341595,4.974995007273436,0.11103387518595213,0.10295164987264567,0.11930642365592019,0.541704504852408,1.0197311813732062,1.0072188798050152,1.0494258464578878
contrast,ideal,nv_charge_readout_master_v1_4,thin_all_counts,3,contrast0.95,0.95,5.437,1.0,27.43339830432224,0.9500000000000001,7.504300359171423,13.628995098846458,0.11758756837904422,9.422120008455401,636.7993609310438,0.0,0.1,off,2.0,mean,0.034005650033896107,0.57,0.6589552243949737,1.591433402649765,1.591433402649765,0.6250996864122655,1.0541602223111335,1.038299290708521,1.0727043518765798,0.4140639647865889,0.38923695963497135,0.43982836689127064,0.4140639647865889,0.38923695963497135,0.43982836689127064,4.974995007273436,0.1324534443615686,0.12423970966887193,0.14121931620552672,0.6381846391060508,1.0325463573018894,1.0115185800334985,1.0601368327509568
contrast,ideal,nv_charge_readout_master_v1_4,thin_all_counts,3,contrast0.95,0.95,5.437,1.0,27.43339830432224,0.9500000000000001,7.504300359171423,13.628995098846458,0.11758756837904422,9.422120008455401,636.7993609310438,0.0,0.1,off,2.0,mean,0.034005650033896107,0.58,0.7614949990228698,1.591433402649765,1.591433402649765,0.7169431656566209,1.0621413739615546,1.0457154008104033,1.077852109021713,0.4784963026130827,0.45259662706028336,0.5054958513738687,0.4784963026130827,0.45259662706028336,0.5054958513738687,4.974995007273436,0.15306447502149553,0.1442020550705873,0.1622619968311286,0.7346647733596947,1.0365203649828993,1.0230321398617956,1.0534297441463834
contrast,ideal,nv_charge_readout_master_v1_4,thin_all_counts,3,contrast0.95,0.95,5.437,1.0,27.43339830432224,0.9500000000000001,7.504300359171423,13.628995098846458,0.11758756837904422,9.422120008455401,636.7993609310438,0.0,0.1,off,2.0,mean,0.034005650033896107,0.59,0.871264345282584,1.591433402649765,1.591433402649765,0.8133707855995967,1.0711773286033497,1.050123096878712,1.0922616081549328,0.547471445447804,0.5174058857694328,0.5786136348127595,0.547471445447804,0.5174058857694328,0.5786136348127595,4.974995007273436,0.17512868736728313,0.165026826014589,0.18584510916566643,0.8341734337503232,1.0444642684981054,1.0347016181065376,1.0566884583287708
contrast,ideal,nv_charge_readout_master_v1_4,thin_all_counts,3,contrast0.95,0.95,5.437,1.0,27.43339830432224,0.9500000000000001,7.504300359171423,13.628995098846458,0.11758756837904422,9.422120008455401,636.7993609310438,0.0,0.1,off,2.0,mean,0.034005650033896107,0.6,0.9880151064662918,1.591433402649765,1.591433402649765,0.9227677542068438,1.0707083141581282,1.0537096688613086,1.0871420273597427,0.6208334604647792,0.5905458332416897,0.6543174425847982,0.6208334604647792,0.5905458332416897,0.6543174425847982,4.974995007273436,0.19859620060358152,0.18823660441020879,0.20981688633610857,0.942130088102014,1.048703484735018,1.0417717377310507,1.0631313884677003
contrast,ideal,nv_charge_readout_master_v1_4,thin_all_counts,3,contrast0.95,0.95,5.437,1.0,27.43339830432224,0.9500000000000001,7.504300359171423,13.628995098846458,0.11758756837904422,9.422120008455401,636.7993609310438,0.0,0.1,off,2.0,mean,0.034005650033896107,0.61,1.1152538075445602,1.591433402649765,1.591433402649765,1.0436758975673763,1.068582507408688,1.0574668304669972,1.087975662496976,0.7007857229134707,0.6641101816591298,0.7393540810729516,0.7007857229134707,0.6641101816591298,0.7393540810729516,4.974995007273436,0.2241718445775444,0.21163332866927273,0.23727077197948945,1.054089057609017,1.0580261691306072,1.0512942373969916,1.0809128499951801
contrast,ideal,nv_charge_readout_master_v1_4,thin_all_counts,3,contrast0.95,0.95,5.437,1.0,27.43339830432224,0.9500000000000001,7.504300359171423,13.628995098846458,0.11758756837904422,9.422120008455401,636.7993609310438,0.0,0.1,off,2.0,mean,0.034005650033896107,0.62,1.2492661093421487,1.591433402649765,1.591433402649765,1.1413066321234036,1.094592876427859,1.0806583117865172,1.1100245394717991,0.784994274508816,0.746128656534647,0.8273361480654228,0.784994274508816,0.746128656534647,0.8273361480654228,4.974995007273436,0.2511090177006657,0.23775331382115497,0.26553113381577953,1.1699406898013238,1.067802940980107,1.0602261471758432,1.0852513968971533
contrast,ideal,nv_charge_readout_master_v1_4,thin_all_counts,3,contrast0.95,0.95,5.437,1.0,27.43339830432224,0.9500000000000001,7.504300359171423,13.628995098846458,0.11758756837904422,9.422120008455401,636.7993609310438,0.0,0.1,off,2.0,mean,0.034005650033896107,0.63,1.380492281308046,1.591433402649765,1.591433402649765,1.2480702405458928,1.1061014328041612,1.0917949517084458,1.1194990887369558,0.8674521214708085,0.8275161683675206,0.9069219755339596,0.8674521214708085,0.8275161683675206,0.9069219755339596,4.974995007273436,0.27748616416494254,0.26382427936601666,0.29106984821215365,1.2857923219936307,1.0736510536690578,1.067388473950774,1.091376303911438
contrast,ideal,nv_charge_readout_master_v1_4,thin_all_counts,3,contrast0.95,0.95,5.437,1.0,27.43339830432224,0.9500000000000001,7.504300359171423,13.628995098846458,0.11758756837904422,9.422120008455401,636.7993609310438,0.0,0.1,off,2.0,mean,0.034005650033896107,0.64,1.51041436828888,1.591433402649765,1.591433402649765,1.364821058157015,1.1066757501005053,1.090730500038784,1.118005388657002,0.9490905279316201,0.9054587898647193,0.9886155753816362,0.9490905279316201,0.9054587898647193,0.9886155753816362,4.974995007273436,0.3036011827309688,0.28857139707136514,0.3169440100073307,1.4032706401837924,1.0763528609784456,1.0671529422132302,1.0925581228051242
contrast,ideal,nv_charge_readout_master_v1_4,thin_all_counts,3,contrast0.95,0.95,5.437,1.0,27.43339830432224,0.9500000000000001,7.504300359171423,13.628995098846458,0.11758756837904422,9.422120008455401,636.7993609310438,0.0,0.1,off,2.0,mean,0.034005650033896107,0.65,1.6405605565563977,1.591433402649765,1.591433402649765,1.591433402649765,1.0308697516495726,1.001824067157218,1.1108453518925498,1.0308697516495726,0.9896212310019008,1.0762637910932016,1.0308697516495726,0.9896212310019008,1.0762637910932016,4.974995007273436,0.32976124682696173,0.31531459582841637,0.34477138545991415,1.5240023303696635,1.0764816587639086,1.0658336818191076,1.094064621598189
contrast,ideal,nv_charge_readout_master_v1_4,thin_all_counts,3,contrast0.95,0.95,5.437,1.0,27.43339830432224,0.9500000000000001,7.504300359171423,13.628995098846458,0.11758756837904422,9.422120008455401,636.7993609310438,0.0,0.1,off,2.0,mean,0.034005650033896107,0.66,1.775768429966167,1.762930354361146,1.762930354361146,1.6178304916421582,1.0976232918961095,1.0315830122208611,1.110402384748824,1.0072822364044398,1.0022041779486754,1.1079164382082805,1.0072822364044398,1.0022041779486754,1.1079164382082805,4.974995007273436,0.35693873609320126,0.3411040428400879,0.37403895995112774,1.6447340205555347,1.0796690575941108,1.0651377870757188,1.098980303959511
contrast,ideal,nv_charge_readout_master_v1_4,thin_all_counts,3,contrast0.95,0.95,5.437,1.0,27.43339830432224,0.9500000000000001,7.504300359171423,13.628995098846458,0.11758756837904422,9.422120008455401,636.7993609310438,0.0,0.1,off,2.0,mean,0.034005650033896107,0.67,1.916502519080539,1.8538533385406022,1.8538533385406022,1.790799630024661,1.0701937206979135,1.0429193733512057,1.0983509324991438,1.033794032805883,1.0165948559938005,1.0512709329569212,1.033794032805883,1.0165948559938005,1.0512709329569212,4.974995007273436,0.38522702360075034,0.36901980030873016,0.4028816976595647,1.765465710741406,1.0855506892148616,1.0690408541438554,1.1076500079735232
contrast,ideal,nv_charge_readout_master_v1_4,thin_all_counts,3,contrast0.95,0.95,5.437,1.0,27.43339830432224,0.9500000000000001,7.504300359171423,13.628995098846458,0.11758756837904422,9.422120008455401,636.7993609310438,0.0,0.1,off,2.0,mean,0.034005650033896107,0.68,2.059048867266968,1.9494656679523565,1.9494656679523565,1.8464570979155075,1.1151349628385399,1.0921372768964763,1.125510748234321,1.056211915457692,1.0379997516971202,1.0752540436889881,1.056211915457692,1.0379997516971202,1.0752540436889881,4.974995007273436,0.4138795846541838,0.3973157559094339,0.43216365177033106,1.8861974009272773,1.0916401784111858,1.0760982780208699,1.112160841033065
contrast,ideal,nv_charge_readout_master_v1_4,thin_all_counts,3,contrast0.95,0.95,5.437,1.0,27.43339830432224,0.9500000000000001,7.504300359171423,13.628995098846458,0.11758756837904422,9.422120008455401,636.7993609310438,0.0,0.1,off,2.0,mean,0.034005650033896107,0.69,2.2076858139893702,2.050009195180836,2.050009195180836,1.9558087383071527,1.1287841038588617,1.118888129627524,1.1387871102411653,1.076915078809988,1.0570546312511346,1.0932989668676683,1.076915078809988,1.0570546312511346,1.0932989668676683,4.974995007273436,0.44375638784797505,0.42603041331475605,0.4610707563551755,2.006929091113147,1.1000317967212647,1.0830427276762873,1.1177814325032436
contrast,ideal,nv_charge_readout_master_v1_4,thin_all_counts,3,contrast0.95,0.95,5.437,1.0,27.43339830432224,0.9500000000000001,7.504300359171423,13.628995098846458,0.11758756837904422,9.422120008455401,636.7993609310438,0.0,0.1,off,2.0,mean,0.034005650033896107,0.7,2.350759496882443,2.155738246337092,2.155738246337092,2.071636446444886,1.1347355376550536,1.1248729082144482,1.1471450359652962,1.0904661087108882,1.0731768622510156,1.110416388695389,1.0904661087108882,1.0731768622510156,1.110416388695389,4.974995007273436,0.47251494593374177,0.4555850670558813,0.4907884618655512,2.127660781299018,1.1048563368485904,1.0920809165940533,1.1208673168450123
contrast,ideal,nv_charge_readout_master_v1_4,thin_all_counts,3,contrast0.95,0.95,5.437,1.0,27.43339830432224,0.9500000000000001,7.504300359171423,13.628995098846458,0.11758756837904422,9.422120008455401,636.7993609310438,0.0,0.1,off,2.0,mean,0.034005650033896107,0.71,2.5058460470047037,2.266920264379878,2.266920264379878,2.1943237506717814,1.1419673356028486,1.1290497740207328,1.1564107240249297,1.1053966415930314,1.0840304423667724,1.1268285975113561,1.1053966415930314,1.0840304423667724,1.1268285975113561,4.974995007273436,0.5036881531219951,0.4849001041417916,0.5254288611427633,2.2483924714848897,1.1145056206978783,1.1006694063530371,1.1290719085645522
contrast,ideal,nv_charge_readout_master_v1_4,thin_all_counts,3,contrast0.95,0.95,5.437,1.0,27.43339830432224,0.9500000000000001,7.504300359171423,13.628995098846458,0.11758756837904422,9.422120008455401,636.7993609310438,0.0,0.1,off,2.0,mean,0.034005650033896107,0.72,2.681014439088443,2.3838364856159644,2.3838364856159644,2.32427689280392,1.1534832391910796,1.1415685390808243,1.1675589078239894,1.1246637322927333,1.102066987933946,1.1489851175142543,1.1246637322927333,1.102066987933946,1.1489851175142543,4.974995007273436,0.5388979155092224,0.5190242579352478,0.5618635121949147,2.3691241616707606,1.1316479239305595,1.120965403294143,1.1427842702190374
contrast,ideal,nv_charge_readout_master_v1_4,thin_all_counts,3,contrast0.95,0.95,5.437,1.0,27.43339830432224,0.9500000000000001,7.504300359171423,13.628995098846458,0.11758756837904422,9.422120008455401,636.7993609310438,0.0,0.1,off,2.0,mean,0.034005650033896107,0.73,2.866404592724898,2.5067826510908984,2.5067826510908984,2.4619261732770146,1.1642934803806448,1.1524428194120973,1.1743906741664678,1.1434595621912014,1.1204999618606963,1.164502496477869,1.1434595621912014,1.1204999618606963,1.164502496477869,4.974995007273436,0.5761623053961297,0.5543756623747903,0.5999502148288619,2.4996234162484323,1.1467345737330905,1.136567788334298,1.1535658162661517
contrast,ideal,nv_charge_readout_master_v1_4,thin_all_counts,3,contrast0.95,0.95,5.437,1.0,27.43339830432224,0.9500000000000001,7.504300359171423,13.628995098846458,0.11758756837904422,9.422120008455401,636.7993609310438,0.0,0.1,off,2.0,mean,0.034005650033896107,0.74,3.0614098007349546,2.636069754669683,2.636069754669683,2.605913691050373,1.1747932447835536,1.1674329911595236,1.1822474068868567,1.1613538660393186,1.1390088514374292,1.1817842600409598,1.1613538660393186,1.1390088514374292,1.1817842600409598,4.974995007273436,0.6153593714685498,0.5921513250763765,0.6403831782648308,2.6744523861427334,1.1446865970010092,1.1331685238035798,1.1566780796015592
contrast,ideal,nv_charge_readout_master_v1_4,thin_all_counts,3,contrast0.95,0.95,5.437,1.0,27.43339830432224,0.9500000000000001,7.504300359171423,13.628995098846458,0.11758756837904422,9.422120008455401,636.7993609310438,0.0,0.1,off,2.0,mean,0.034005650033896107,0.75,3.2629607544041095,2.772024829699649,2.772024829699649,2.7517119137054458,1.1857930105808998,1.1790691993335325,1.1931957582826278,1.1771037255671528,1.1576868586456703,1.1933703323922698,1.1771037255671528,1.1576868586456703,1.1933703323922698,4.974995007273436,0.65587216663206,0.6342618219962505,0.6807281857270501,2.849281356037035,1.1451872759040007,1.13057497256192,1.161121748198255
contrast,ideal,nv_charge_readout_master_v1_4,thin_all_counts,3,contrast0.95,0.95,5.437,1.0,27.43339830432224,0.9500000000000001,7.504300359171423,13.628995098846458,0.11758756837904422,9.422120008455401,636.7993609310438,0.0,0.1,off,2.0,mean,0.034005650033896107,0.76,3.471384339735938,2.914991776245405,2.914991776245405,2.893949284480273,1.1995318502478065,1.0426933300441799,1.2045939891592528,1.1908727729610211,1.1742404346984883,1.2058426594893799,1.1908727729610211,1.1742404346984883,1.2058426594893799,4.974995007273436,0.6977663966819623,0.6747068850193944,0.7231808539104887,3.024110325931336,1.1479026773491985,1.1323096901838867,1.164209175502076
contrast,ideal,nv_charge_readout_master_v1_4,thin_all_counts,3,contrast0.95,0.95,5.437,1.0,27.43339830432224,0.9500000000000001,7.504300359171423,13.628995098846458,0.11758756837904422,9.422120008455401,636.7993609310438,0.0,0.1,off,2.0,mean,0.034005650033896107,0.77,3.6914407168949324,3.0653322309883553,3.0653322309883553,3.3309995835070936,1.1082080992061676,1.0760588972576335,1.14272508681788,1.2042546904303097,1.1904666496456342,1.2153342789889898,1.2042546904303097,1.1904666496456342,1.2153342789889898,4.974995007273436,0.7419988786919487,0.717844846802626,0.7688883808893696,3.198939295825637,1.1539577264601335,1.1393705970689054,1.168457728970049
contrast,ideal,nv_charge_readout_master_v1_4,thin_all_counts,3,contrast0.95,0.95,5.437,1.0,27.43339830432224,0.9500000000000001,7.504300359171423,13.628995098846458,0.11758756837904422,9.422120008455401,636.7993609310438,0.0,0.1,off,2.0,mean,0.034005650033896107,0.78,3.923892620573263,3.2234264819912144,3.2234264819912144,3.3309995835070936,1.1779925281293289,1.1425521418621667,1.2117218584699934,1.217304828416421,1.2065225542551774,1.2245839668746565,1.217304828416421,1.2065225542551774,1.2245839668746565,4.974995007273436,0.788722926321843,0.7624247436471795,0.8172242933081306,3.3737682657199386,1.1630593186980291,1.147900592167867,1.1785039063106415
contrast,ideal,nv_charge_readout_master_v1_4,thin_all_counts,3,contrast0.95,0.95,5.437,1.0,27.43339830432224,0.9500000000000001,7.504300359171423,13.628995098846458,0.11758756837904422,9.422120008455401,636.7993609310438,0.0,0.1,off,2.0,mean,0.034005650033896107,0.79,4.188916122277292,4.132720719906106,4.132720719906106,3.4619794193171987,1.209977187878103,1.1938745537748567,1.23223424600654,1.0135976772155226,1.0049621940975186,1.231126900873046,1.0135976772155226,1.0049621940975186,1.231126900873046,4.974995007273436,0.8419940354016642,0.8098892339351056,0.8761525252588225,3.5485972356142397,1.180442818428848,1.1615002083948398,1.1970384395521059
contrast,ideal,nv_charge_readout_master_v1_4,thin_all_counts,3,contrast0.95,0.95,5.437,1.0,27.43339830432224,0.9500000000000001,7.504300359171423,13.628995098846458,0.11758756837904422,9.422120008455401,636.7993609310438,0.0,0.1,off,2.0,mean,0.034005650033896107,0.8,4.490025709076627,4.316344483544755,4.316344483544755,3.6611798857667455,1.2263876261672129,1.1405161447372059,1.2462740905140803,1.0402380361887236,1.0227291533167502,1.061586593642755,1.0402380361887236,1.0227291533167502,1.061586593642755,4.974995007273436,0.9025186362020897,0.869377546234682,0.9413397287848321,3.7234262055085408,1.2058855100804624,1.1899489745516152,1.22296055015346
contrast,ideal,nv_charge_readout_master_v1_4,thin_all_counts,3,contrast0.95,0.95,5.437,1.0,27.43339830432224,0.9500000000000001,7.504300359171423,13.628995098846458,0.11758756837904422,9.422120008455401,636.7993609310438,0.0,0.1,off,2.0,mean,0.034005650033896107,0.81,4.813744298868717,4.5081269612262895,4.5081269612262895,3.8697862883079295,1.2439302690726972,1.1864091606508518,1.2511185972323826,1.0677925311933305,1.0478323120298123,1.0910679935139351,1.0677925311933305,1.0478323120298123,1.0910679935139351,4.974995007273436,0.96758776477786,0.9303032206910711,0.9912265720436775,3.8982551754028423,1.2348458687985373,1.2188248594466848,1.246530231904636
contrast,ideal,nv_charge_readout_master_v1_4,thin_all_counts,3,contrast0.95,0.95,5.437,1.0,27.43339830432224,0.9500000000000001,7.504300359171423,13.628995098846458,0.11758756837904422,9.422120008455401,636.7993609310438,0.0,0.1,off,2.0,mean,0.034005650033896107,0.82,5.1611728602841875,4.708430658399427,4.708430658399427,4.066565706485578,1.2691723761042077,1.2287569462440973,1.27698592122382,1.0961556481833512,1.072483147965821,1.117081927408463,1.0961556481833512,1.072483147965821,1.117081927408463,5.190199217123837,0.9944074676856557,0.9838689912585941,1.004034149709585,4.137945399573448,1.2472791112266046,1.2347597848121097,1.2607211464088246
contrast,ideal,nv_charge_readout_master_v1_4,thin_all_counts,3,contrast0.95,0.95,5.437,1.0,27.43339830432224,0.9500000000000001,7.504300359171423,13.628995098846458,0.11758756837904422,9.422120008455401,636.7993609310438,0.0,0.1,off,2.0,mean,0.034005650033896107,0.83,5.506670634082049,4.9176341872424185,4.9176341872424185,4.283501440602973,1.285553585177946,1.2775502179893583,1.2919678065580562,1.1197804522279715,1.0985630977364023,1.1401137937078374,1.1197804522279715,1.0985630977364023,1.1401137937078374,5.494586844777268,1.0021992170924128,0.9909577707039434,1.0153802654515094,4.389964622490792,1.2543769956300141,1.24108370226587,1.2688200603758075
contrast,ideal,nv_charge_readout_master_v1_4,thin_all_counts,3,contrast0.95,0.95,5.437,1.0,27.43339830432224,0.9500000000000001,7.504300359171423,13.628995098846458,0.11758756837904422,9.422120008455401,636.7993609310438,0.0,0.1,off,2.0,mean,0.034005650033896107,0.84,5.875739987122443,5.136132982312233,5.136132982312233,4.5183494069109,1.300417355535937,1.2921773088140887,1.3099791786987276,1.1440007506342342,1.1210177405510164,1.16914038045864,1.1440007506342342,1.1210177405510164,1.16914038045864,5.816825777167289,1.0101282404204728,0.9942842373831896,1.0289505170719775,4.641983845408136,1.2657820842988805,1.248507140135929,1.2852369783365016
contrast,ideal,nv_charge_readout_master_v1_4,thin_all_counts,3,contrast0.95,0.95,5.437,1.0,27.43339830432224,0.9500000000000001,7.504300359171423,13.628995098846458,0.11758756837904422,9.422120008455401,636.7993609310438,0.0,0.1,off,2.0,mean,0.034005650033896107,0.85,6.296401714193713,5.364340047991279,5.364340047991279,4.774343951812712,1.3187993529044153,1.307205656031363,1.3309959541484802,1.173751413568842,1.1472364010046268,1.1989656693273636,1.173751413568842,1.1472364010046268,1.1989656693273636,6.15796293293266,1.0224812625163242,1.0047901326428375,1.0428125325485722,4.89400306832548,1.286554508914126,1.2674035641422305,1.3057867126937017
contrast,ideal,nv_charge_readout_master_v1_4,thin_all_counts,3,contrast0.95,0.95,5.437,1.0,27.43339830432224,0.9500000000000001,7.504300359171423,13.628995098846458,0.11758756837904422,9.422120008455401,636.7993609310438,0.0,0.1,off,2.0,mean,0.034005650033896107,0.86,6.765174348499029,5.60268673914443,5.60268673914443,5.134242769295047,1.31765766686329,1.2949074705084793,1.3466634897254148,1.2074875258030433,1.1764555647088335,1.2388644879595274,1.2074875258030433,1.1764555647088335,1.2388644879595274,6.519106628948986,1.037745619692328,1.0149422066868763,1.062050504778996,5.146022291242824,1.3146414775566704,1.29280171869827,1.335649539312934
contrast,ideal,nv_charge_readout_master_v1_4,thin_all_counts,3,contrast0.95,0.95,5.437,1.0,27.43339830432224,0.9500000000000001,7.504300359171423,13.628995098846458,0.11758756837904422,9.422120008455401,636.7993609310438,0.0,0.1,off,2.0,mean,0.034005650033896107,0.87,7.3211577729884745,5.85162357646196,5.85162357646196,5.4415876707331305,1.3454084021037402,1.3209543623445106,1.3685686338626957,1.2511327287759395,1.224152831503056,1.2867670569124616,1.2511327287759395,1.224152831503056,1.2867670569124616,6.901430181127619,1.0608174799780814,1.0382329914812845,1.0871789873284572,5.398041514160168,1.3562618504847692,1.3361622143211414,1.3663745245558094
contrast,ideal,nv_charge_readout_master_v1_4,thin_all_counts,3,contrast0.95,0.95,5.437,1.0,27.43339830432224,0.9500000000000001,7.504300359171423,13.628995098846458,0.11758756837904422,9.422120008455401,636.7993609310438,0.0,0.1,off,2.0,mean,0.034005650033896107,0.88,7.986083218717421,6.111621098029544,6.111621098029544,5.772714468413726,1.3834190591643627,1.2998230213767428,1.3974899004265002,1.306704569969533,1.272613175668297,1.3423110792551365,1.306704569969533,1.272613175668297,1.3423110792551365,7.306175716389238,1.0930592869266766,1.0658524829955438,1.1203800840670328,5.88446362420776,1.3571471809025937,1.3422563049245597,1.3746629432769197
contrast,ideal,nv_charge_readout_master_v1_4,thin_all_counts,3,contrast0.95,0.95,5.437,1.0,27.43339830432224,0.9500000000000001,7.504300359171423,13.628995098846458,0.11758756837904422,9.422120008455401,636.7993609310438,0.0,0.1,off,2.0,mean,0.034005650033896107,0.89,8.790211275523815,6.383170748734965,6.383170748734965,6.465291372552202,1.3596001740682324,1.3147430875986992,1.4133648090634463,1.3770916714496293,1.3339686666377173,1.4165452363297268,1.3770916714496293,1.3339686666377173,1.4165452363297268,7.734658208196792,1.1364705509816067,1.1044392460698509,1.1648467516978283,6.388378487026267,1.3759690809452305,1.3489814295678644,1.401699149724635
contrast,ideal,nv_charge_readout_master_v1_4,thin_all_counts,3,contrast0.95,0.95,5.437,1.0,27.43339830432224,0.9500000000000001,7.504300359171423,13.628995098846458,0.11758756837904422,9.422120008455401,636.7993609310438,0.0,0.1,off,2.0,mean,0.034005650033896107,0.9,9.821653395552351,9.970117707881647,9.823066571502032,6.881388526474995,1.4272778462900586,1.3180007185058997,1.462140646994971,0.9851090712588146,0.9624588439008921,1.4396024877542846,0.999856136987427,0.9898871933334049,1.4396024877542846,8.18826974875878,1.1994784853101803,1.1678728186610698,1.2269926338328656,6.892293349844774,1.4250196410710743,1.394804082838929,1.4631254079182474
contrast,ideal,nv_charge_readout_master_v1_4,thin_all_counts,3,contrast0.95,0.95,5.437,1.0,27.43339830432224,0.9500000000000001,7.504300359171423,13.628995098846458,0.11758756837904422,9.422120008455401,636.7993609310438,0.0,0.1,off,2.0,mean,0.034005650033896107,0.91,11.294562788212234,11.793363121668264,11.091317967117048,7.815168747629158,1.4452103534729945,1.366697459045555,1.5429140369462464,0.9577049965891773,0.9057861986386773,1.0112911158996285,1.0183246771662084,0.9823719538315487,1.0695374283086347,9.008839914759644,1.2537200011410763,1.215252582007445,1.3180925515804771,7.604728722713563,1.4852025890782916,1.4402914807338798,1.549042703107986
contrast,ideal,nv_charge_readout_master_v1_4,thin_all_counts,3,contrast0.95,0.95,5.437,1.0,27.43339830432224,0.9500000000000001,7.504300359171423,13.628995098846458,0.11758756837904422,9.422120008455401,636.7993609310438,0.0,0.1,off,2.0,mean,0.034005650033896107,0.92,14.769181342251969,13.224185757020734,12.52331268980528,9.795030016313456,1.5078240002995549,1.3415605336159335,1.7570024392179773,1.116831055886446,0.9848618882077336,1.2911476427130066,1.1793350296423533,1.0521293138755146,1.3381990963251515,9.974724917423234,1.480660515905965,1.3262957842051453,1.6907357776353886,8.550216430344438,1.7273459055184412,1.5513155909181942,1.985340777015811
contrast,ideal,nv_charge_readout_master_v1_4,thin_all_counts,3,contrast0.95,0.95,5.437,1.0,27.43339830432224,0.9500000000000001,7.504300359171423,13.628995098846458,0.11758756837904422,9.422120008455401,636.7993609310438,0.0,0.1,off,2.0,mean,0.034005650033896107,0.93,19.11339959982183,14.303738954845691,13.968648332169781,11.005531139079233,1.7367085112278309,1.682057361757561,1.8407140487090683,1.3362519869916085,1.2937589558733944,1.3696900685378803,1.368307021933088,1.3238844274091752,1.4037843160564403,11.044167519866347,1.730632894280214,1.66129404809523,1.7900902134069345,9.553023790941342,2.0007696011336344,1.8864618169737042,2.079088205321464
contrast,ideal,nv_charge_readout_master_v1_4,thin_all_counts,3,contrast0.95,0.95,5.437,1.0,27.43339830432224,0.9500000000000001,7.504300359171423,13.628995098846458,0.11758756837904422,9.422120008455401,636.7993609310438,0.0,0.1,off,2.0,mean,0.034005650033896107,0.94,21.923308429886276,nan,24.776226580778733,13.203239865069973,1.660449151415162,1.455021487685966,1.794669431054123,nan,1.3637569620933925,1.4247495694951793,0.8848525968395149,0.8405295611256052,1.4301779267934045,12.617497049334961,1.7375322810986353,1.6172281197158571,1.8339671578941836,11.415625946028694,1.920464855237573,1.8000583587547003,2.017774167479803
contrast,ideal,nv_charge_readout_master_v1_4,thin_all_counts,3,contrast0.95,0.95,5.437,1.0,27.43339830432224,0.9500000000000001,7.504300359171423,13.628995098846458,0.11758756837904422,9.422120008455401,636.7993609310438,0.0,0.1,off,2.0,mean,0.034005650033896107,0.95,nan,nan,nan,38.08001160417735,nan,0.7123537883927068,1.8596597296356159,nan,nan,nan,nan,0.8128231660385359,0.9777831543680622,nan,nan,1.2815474176908734,1.9704556183153152,nan,nan,1.7252487059021064,2.1377215298290593
contrast,ideal,nv_charge_readout_master_v1_4,thin_all_counts,3,contrast0.95,0.95,5.437,1.0,27.43339830432224,0.9500000000000001,7.504300359171423,13.628995098846458,0.11758756837904422,9.422120008455401,636.7993609310438,0.0,0.1,off,2.0,mean,0.034005650033896107,0.96,nan,nan,nan,nan,nan,nan,nan,nan,nan,nan,nan,nan,nan,nan,nan,nan,nan,nan,nan,nan,nan
contrast,ideal,nv_charge_readout_master_v1_4,thin_all_counts,3,contrast0.95,0.95,5.437,1.0,27.43339830432224,0.9500000000000001,7.504300359171423,13.628995098846458,0.11758756837904422,9.422120008455401,636.7993609310438,0.0,0.1,off,2.0,mean,0.034005650033896107,0.97,nan,nan,nan,nan,nan,nan,nan,nan,nan,nan,nan,nan,nan,nan,nan,nan,nan,nan,nan,nan,nan
contrast,ideal,nv_charge_readout_master_v1_4,thin_all_counts,3,contrast0.95,0.95,5.437,1.0,27.43339830432224,0.9500000000000001,7.504300359171423,13.628995098846458,0.11758756837904422,9.422120008455401,636.7993609310438,0.0,0.1,off,2.0,mean,0.034005650033896107,0.98,nan,nan,nan,nan,nan,nan,nan,nan,nan,nan,nan,nan,nan,nan,nan,nan,nan,nan,nan,nan,nan
contrast,ideal,nv_charge_readout_master_v1_4,thin_all_counts,3,contrast0.95,0.95,5.437,1.0,27.43339830432224,0.9500000000000001,7.504300359171423,13.628995098846458,0.11758756837904422,9.422120008455401,636.7993609310438,0.0,0.1,off,2.0,mean,0.034005650033896107,0.99,nan,nan,nan,nan,nan,nan,nan,nan,nan,nan,nan,nan,nan,nan,nan,nan,nan,nan,nan,nan,nan
contrast,ideal,nv_charge_readout_master_v1_4,thin_all_counts,4,contrast0.99,0.99,5.437,1.0,27.43339830432224,0.99,7.504300359171423,14.918776292748513,0.11758756837904422,9.422120008455401,636.7993609310438,0.0,0.1,off,2.0,mean,-0.0194021628187504,0.55,0.4521670180390789,1.5979315619089767,1.5979315619089767,0.43697147207716025,1.0347746865251546,1.022842494322111,1.0877307449571711,0.28297020274065765,0.2745294098463284,0.3000249316081802,0.28297020274065765,0.2745294098463284,0.3000249316081802,4.974995007273436,0.09088793403370482,0.08812669685752093,0.09661248499693623,0.437092776837252,1.0344875092901378,1.0160223973526594,1.083566211002402
contrast,ideal,nv_charge_readout_master_v1_4,thin_all_counts,4,contrast0.99,0.99,5.437,1.0,27.43339830432224,0.99,7.504300359171423,14.918776292748513,0.11758756837904422,9.422120008455401,636.7993609310438,0.0,0.1,off,2.0,mean,-0.0194021628187504,0.56,0.5468898965505977,1.5979315619089767,1.5979315619089767,0.5219896855028225,1.0477024963123347,1.0246946183551748,1.0711931867494946,0.3422486354154323,0.31892465154996086,0.3640058217414844,0.3422486354154323,0.31892465154996086,0.3640058217414844,4.974995007273436,0.1099277277165194,0.10216657441166166,0.11723136429377784,0.5313206436814407,1.02930293233344,1.0181017804973518,1.0564861063335398
contrast,ideal,nv_charge_readout_master_v1_4,thin_all_counts,4,contrast0.99,0.99,5.437,1.0,27.43339830432224,0.99,7.504300359171423,14.918776292748513,0.11758756837904422,9.422120008455401,636.7993609310438,0.0,0.1,off,2.0,mean,-0.0194021628187504,0.57,0.6510190865642735,1.5979315619089767,1.5979315619089767,0.6235492456203681,1.0440540039729753,1.0318927433281742,1.0584337477615249,0.4074136227627486,0.38110929912357894,0.43098321009909607,0.4074136227627486,0.38110929912357894,0.43098321009909607,4.974995007273436,0.13085823917661918,0.12206133046685164,0.13879903919888772,0.6281521924546184,1.0364034295897282,1.0174952662245773,1.0590445122856433
contrast,ideal,nv_charge_readout_master_v1_4,thin_all_counts,4,contrast0.99,0.99,5.437,1.0,27.43339830432224,0.99,7.504300359171423,14.918776292748513,0.11758756837904422,9.422120008455401,636.7993609310438,0.0,0.1,off,2.0,mean,-0.0194021628187504,0.58,0.7537926705701471,1.5979315619089767,1.5979315619089767,0.7115236887475779,1.059406288913544,1.0458431423826806,1.0740120445049295,0.4717302596299087,0.44652624609469965,0.4967832818781566,0.4717302596299087,0.44652624609469965,0.4967832818781566,4.974995007273436,0.1515162667436054,0.1429517769018643,0.1601385129061889,0.7249837412277971,1.0397373454107546,1.0251758539475089,1.0571912942097237
contrast,ideal,nv_charge_readout_master_v1_4,thin_all_counts,4,contrast0.99,0.99,5.437,1.0,27.43339830432224,0.99,7.504300359171423,14.918776292748513,0.11758756837904422,9.422120008455401,636.7993609310438,0.0,0.1,off,2.0,mean,-0.0194021628187504,0.59,0.858064158608519,1.5979315619089767,1.5979315619089767,0.8062777105540335,1.064229045869196,1.046456680204751,1.0830516045342071,0.5369842983659628,0.5086478768101546,0.5665998722976758,0.5369842983659628,0.5086478768101546,0.5665998722976758,4.974995007273436,0.17247538085043912,0.16290475550419067,0.1827471913442997,0.8230136948096285,1.0425879472236461,1.0326217183820219,1.0601800145511766
contrast,ideal,nv_charge_readout_master_v1_4,thin_all_counts,4,contrast0.99,0.99,5.437,1.0,27.43339830432224,0.99,7.504300359171423,14.918776292748513,0.11758756837904422,9.422120008455401,636.7993609310438,0.0,0.1,off,2.0,mean,-0.0194021628187504,0.6,0.9787399733866337,1.5979315619089767,1.5979315619089767,0.9136501803341637,1.0712414821925211,1.0554040822204338,1.087692027602704,0.6125043128989687,0.5785319080014714,0.6519095963644062,0.6125043128989687,0.5785319080014714,0.6519095963644062,4.974995007273436,0.19673185037486815,0.18516042809114064,0.20989996786814474,0.927689347784897,1.0550298715013098,1.0381439352956687,1.081048973963091
contrast,ideal,nv_charge_readout_master_v1_4,thin_all_counts,4,contrast0.99,0.99,5.437,1.0,27.43339830432224,0.99,7.504300359171423,14.918776292748513,0.11758756837904422,9.422120008455401,636.7993609310438,0.0,0.1,off,2.0,mean,-0.0194021628187504,0.61,1.1049858281480227,1.5979315619089767,1.5979315619089767,1.0305635548638776,1.0722151224278207,1.0624082305499845,1.085576700399666,0.6915101087483033,0.6590372687158882,0.7273233138335048,0.6915101087483033,0.6590372687158882,0.7273233138335048,4.974995007273436,0.22210792704968244,0.21089774667796593,0.2342083136625607,1.0323650007601655,1.0703441392670074,1.0568479070848646,1.087473930046943
contrast,ideal,nv_charge_readout_master_v1_4,thin_all_counts,4,contrast0.99,0.99,5.437,1.0,27.43339830432224,0.99,7.504300359171423,14.918776292748513,0.11758756837904422,9.422120008455401,636.7993609310438,0.0,0.1,off,2.0,mean,-0.0194021628187504,0.62,1.220637204203139,1.5979315619089767,1.5979315619089767,1.1277393363070005,1.082375301548273,1.0683695785565896,1.0941866341610476,0.7638857841601795,0.7352157237260987,0.7933946363765789,0.7638857841601795,0.7352157237260987,0.7933946363765789,4.974995007273436,0.24535445812881604,0.2353189226471128,0.2555779185091043,1.137040653735434,1.0735211623199852,1.0619189116588768,1.0876342836779
contrast,ideal,nv_charge_readout_master_v1_4,thin_all_counts,4,contrast0.99,0.99,5.437,1.0,27.43339830432224,0.99,7.504300359171423,14.918776292748513,0.11758756837904422,9.422120008455401,636.7993609310438,0.0,0.1,off,2.0,mean,-0.0194021628187504,0.63,1.3273661087313615,1.5979315619089767,1.5979315619089767,1.2340781940635772,1.075593195890291,1.0613295246169574,1.0907456715197459,0.8306776963248771,0.7995054706848038,0.8699743040608829,0.8306776963248771,0.7995054706848038,0.8699743040608829,4.974995007273436,0.26680752579464984,0.25585977206337934,0.28043923260537973,1.2417163067107024,1.0689769487263518,1.0623534842270157,1.0798037818556174
contrast,ideal,nv_charge_readout_master_v1_4,thin_all_counts,4,contrast0.99,0.99,5.437,1.0,27.43339830432224,0.99,7.504300359171423,14.918776292748513,0.11758756837904422,9.422120008455401,636.7993609310438,0.0,0.1,off,2.0,mean,-0.0194021628187504,0.64,1.4651199675472095,1.5979315619089767,1.5979315619089767,1.3504441496653026,1.08491711257391,1.0679338664138045,1.0935080663970067,0.916885305023262,0.8732492095781992,0.9572463922069055,0.916885305023262,0.8732492095781992,0.9572463922069055,4.974995007273436,0.2944967714349876,0.27943110240155283,0.30843136573152596,1.3549778707302107,1.0812870078517534,1.0734669523698706,1.0946404530945801
contrast,ideal,nv_charge_readout_master_v1_4,thin_all_counts,4,contrast0.99,0.99,5.437,1.0,27.43339830432224,0.99,7.504300359171423,14.918776292748513,0.11758756837904422,9.422120008455401,636.7993609310438,0.0,0.1,off,2.0,mean,-0.0194021628187504,0.65,1.5888181612433696,1.5979315619089767,1.5979315619089767,1.5979315619089767,0.994296751573816,0.9679952265814838,1.0858596086427972,0.994296751573816,0.9600884675107907,1.034735389771356,0.994296751573816,0.9600884675107907,1.034735389771356,4.974995007273436,0.31936075491945615,0.3073940853785242,0.33335086089930793,1.4727355012489551,1.0788211188607666,1.071198498635397,1.0933448067717744
contrast,ideal,nv_charge_readout_master_v1_4,thin_all_counts,4,contrast0.99,0.99,5.437,1.0,27.43339830432224,0.99,7.504300359171423,14.918776292748513,0.11758756837904422,9.422120008455401,636.7993609310438,0.0,0.1,off,2.0,mean,-0.0194021628187504,0.66,1.7111062494104174,1.5979315619089767,1.5979315619089767,1.5979315619089767,1.0708257413516735,1.010847978126292,1.0977485560067646,1.0708257413516735,0.9969363191139999,1.0929526346160705,1.0708257413516735,0.9969363191139999,1.0929526346160705,4.974995007273436,0.34394129982216715,0.33104019900942067,0.35902632346333396,1.5919149086075146,1.074872934576109,1.0640069150681426,1.0941675438060607
contrast,ideal,nv_charge_readout_master_v1_4,thin_all_counts,4,contrast0.99,0.99,5.437,1.0,27.43339830432224,0.99,7.504300359171423,14.918776292748513,0.11758756837904422,9.422120008455401,636.7993609310438,0.0,0.1,off,2.0,mean,-0.0194021628187504,0.67,1.8461138887262776,1.8175598733712492,1.8175598733712492,1.771794789426648,1.0419456585735187,1.0120030795838344,1.078191137894484,1.0157100823875835,1.0006863260160195,1.033438953512099,1.0157100823875835,1.0006863260160195,1.033438953512099,4.974995007273436,0.371078540988938,0.35603199694477,0.3883098587190207,1.711094315966074,1.0789083170345126,1.0665503350871306,1.0979156471379423
contrast,ideal,nv_charge_readout_master_v1_4,thin_all_counts,4,contrast0.99,0.99,5.437,1.0,27.43339830432224,0.99,7.504300359171423,14.918776292748513,0.11758756837904422,9.422120008455401,636.7993609310438,0.0,0.1,off,2.0,mean,-0.0194021628187504,0.68,1.9833180736003784,1.912619162493655,1.912619162493655,1.8039887591842596,1.0994071129895562,1.0710446974438812,1.1138262476501608,1.0369644477547464,1.0212001699849766,1.0513334925761855,1.0369644477547464,1.0212001699849766,1.0513334925761855,4.974995007273436,0.3986572992939229,0.3845451000277948,0.4144594742990368,1.8302737233246336,1.083618285246288,1.0688370721233629,1.1023741146620663
contrast,ideal,nv_charge_readout_master_v1_4,thin_all_counts,4,contrast0.99,0.99,5.437,1.0,27.43339830432224,0.99,7.504300359171423,14.918776292748513,0.11758756837904422,9.422120008455401,636.7993609310438,0.0,0.1,off,2.0,mean,-0.0194021628187504,0.69,2.118764105691355,2.012650099912683,2.012650099912683,1.8953726558146762,1.1178614924043313,1.1087172718134608,1.1282032203197103,1.0527235239663744,1.0375674358702138,1.069702780702473,1.0527235239663744,1.0375674358702138,1.069702780702473,4.974995007273436,0.42588265969990413,0.4112377285684371,0.44391607029455077,1.949453130683192,1.0868504978874909,1.0723552372328944,1.105735563866612
contrast,ideal,nv_charge_readout_master_v1_4,thin_all_counts,4,contrast0.99,0.99,5.437,1.0,27.43339830432224,0.99,7.504300359171423,14.918776292748513,0.11758756837904422,9.422120008455401,636.7993609310438,0.0,0.1,off,2.0,mean,-0.0194021628187504,0.7,2.267390807466658,2.117912705317242,2.117912705317242,2.008618437708489,1.1288310238023043,1.116607593542014,1.1401298950534826,1.0705780279678836,1.0514766267768751,1.09117201056394,1.0705780279678836,1.0514766267768751,1.09117201056394,4.974995007273436,0.4557574036057797,0.4383615338404395,0.47582910374415466,2.068632538041751,1.0960819603142564,1.0785550652202323,1.1146598167475734
contrast,ideal,nv_charge_readout_master_v1_4,thin_all_counts,4,contrast0.99,0.99,5.437,1.0,27.43339830432224,0.99,7.504300359171423,14.918776292748513,0.11758756837904422,9.422120008455401,636.7993609310438,0.0,0.1,off,2.0,mean,-0.0194021628187504,0.71,2.4297200689897833,2.2286805975558295,2.2286805975558295,2.128630491700507,1.1414475544079723,1.1273221904035073,1.1542297340909042,1.0902056004141785,1.0691326678177162,1.1108275484165306,1.0902056004141785,1.0691326678177162,1.1108275484165306,4.974995007273436,0.48838643364215156,0.47043096770436205,0.5085154941485859,2.187811945400311,1.1105708029879184,1.094526748411003,1.1277021220670504
contrast,ideal,nv_charge_readout_master_v1_4,thin_all_counts,4,contrast0.99,0.99,5.437,1.0,27.43339830432224,0.99,7.504300359171423,14.918776292748513,0.11758756837904422,9.422120008455401,636.7993609310438,0.0,0.1,off,2.0,mean,-0.0194021628187504,0.72,2.5899502442096924,2.345241705879375,2.345241705879375,2.2558130927874807,1.1481227112700736,1.137628009953921,1.1583456244718984,1.1043425663618587,1.0856038753653572,1.1213616347455742,1.1043425663618587,1.0856038753653572,1.1213616347455742,4.974995007273436,0.520593536359974,0.5023737209415199,0.5404955507668882,2.30699135275887,1.1226527750580595,1.1106523061835967,1.1354500229624507
contrast,ideal,nv_charge_readout_master_v1_4,thin_all_counts,4,contrast0.99,0.99,5.437,1.0,27.43339830432224,0.99,7.504300359171423,14.918776292748513,0.11758756837904422,9.422120008455401,636.7993609310438,0.0,0.1,off,2.0,mean,-0.0194021628187504,0.73,2.756582395260954,2.4678990183824303,2.4678990183824303,2.3905946708140005,1.15309484661502,1.144337656034628,1.1620327898438407,1.116975360307789,1.0983777499087362,1.134984865091061,1.116975360307789,1.0983777499087362,1.134984865091061,4.974995007273436,0.5540874696820468,0.5358239569335073,0.574636550930521,2.4261707601174294,1.136186471527475,1.125570810225885,1.1482983268409
contrast,ideal,nv_charge_readout_master_v1_4,thin_all_counts,4,contrast0.99,0.99,5.437,1.0,27.43339830432224,0.99,7.504300359171423,14.918776292748513,0.11758756837904422,9.422120008455401,636.7993609310438,0.0,0.1,off,2.0,mean,-0.0194021628187504,0.74,2.9387032439988934,2.5969713695882155,2.5969713695882155,2.533167515362571,1.1600903715119204,1.15384249042832,1.1676692470683938,1.1315886183469417,1.1128656794281364,1.148949382249502,1.1315886183469417,1.1128656794281364,1.148949382249502,4.974995007273436,0.5906947121961958,0.5695496736389305,0.6115377595738763,2.5453501674759895,1.1545379027015992,1.142983707389733,1.1631795701039638
contrast,ideal,nv_charge_readout_master_v1_4,thin_all_counts,4,contrast0.99,0.99,5.437,1.0,27.43339830432224,0.99,7.504300359171423,14.918776292748513,0.11758756837904422,9.422120008455401,636.7993609310438,0.0,0.1,off,2.0,mean,-0.0194021628187504,0.75,3.1341394699366356,2.7327942692247498,2.7327942692247498,2.6829830773650953,1.1681547663784044,1.16356667005865,1.1734782686374816,1.14686257404431,1.1286087370921727,1.1643131396211852,1.14686257404431,1.1286087370921727,1.1643131396211852,4.974995007273436,0.6299784151249455,0.6079992678582676,0.6522589330148467,2.706921250955916,1.1578243987814025,1.1475376199625935,1.169323868421157
contrast,ideal,nv_charge_readout_master_v1_4,thin_all_counts,4,contrast0.99,0.99,5.437,1.0,27.43339830432224,0.99,7.504300359171423,14.918776292748513,0.11758756837904422,9.422120008455401,636.7993609310438,0.0,0.1,off,2.0,mean,-0.0194021628187504,0.76,3.3418878753277284,2.8757207743463935,2.8757207743463935,2.8357101816475536,1.1785012082532653,1.0045245357183081,1.1855750068572264,1.1621044383515597,1.1443302161349205,1.178100159878897,1.1621044383515597,1.1443302161349205,1.178100159878897,4.974995007273436,0.6717369304776976,0.6472442918868994,0.6954766340853538,2.8769706696601167,1.161599563933871,1.1493660231052227,1.175569150672803
contrast,ideal,nv_charge_readout_master_v1_4,thin_all_counts,4,contrast0.99,0.99,5.437,1.0,27.43339830432224,0.99,7.504300359171423,14.918776292748513,0.11758756837904422,9.422120008455401,636.7993609310438,0.0,0.1,off,2.0,mean,-0.0194021628187504,0.77,3.563309232339571,3.026122407067774,3.026122407067774,3.3604391207809194,1.0603701195787494,1.0273858681569077,1.094897801595278,1.1775165551853255,1.161526732561643,1.1923842675746534,1.1775165551853255,1.161526732561643,1.1923842675746534,4.974995007273436,0.7162437805726474,0.6907761572736124,0.7422039613683606,3.047020088364317,1.1694406761369287,1.1540060792435023,1.1860295039973912
contrast,ideal,nv_charge_readout_master_v1_4,thin_all_counts,4,contrast0.99,0.99,5.437,1.0,27.43339830432224,0.99,7.504300359171423,14.918776292748513,0.11758756837904422,9.422120008455401,636.7993609310438,0.0,0.1,off,2.0,mean,-0.0194021628187504,0.78,3.801959579336297,3.184390120295667,3.184390120295667,3.3604391207809194,1.1313877272244033,1.0940250582969435,1.168265967751327,1.1939364951249407,1.181061119108779,1.2029102180850884,1.1939364951249407,1.181061119108779,1.2029102180850884,4.974995007273436,0.7642137477078544,0.7367303330894799,0.7940239892184954,3.217069507068518,1.1818083417167902,1.1655801074753465,1.1986491448874317
contrast,ideal,nv_charge_readout_master_v1_4,thin_all_counts,4,contrast0.99,0.99,5.437,1.0,27.43339830432224,0.99,7.504300359171423,14.918776292748513,0.11758756837904422,9.422120008455401,636.7993609310438,0.0,0.1,off,2.0,mean,-0.0194021628187504,0.79,4.054973499822992,3.350935313969123,3.350935313969123,3.3604391207809194,1.2066796493193641,1.1642305061474536,1.2094220357826972,1.210101992395654,0.9983211322224371,1.2132095724291185,1.210101992395654,0.9983211322224371,1.2132095724291185,4.974995007273436,0.8150708681907473,0.785242659697114,0.8421999353074548,3.387118925772718,1.197174822817275,1.1782012970703486,1.2123725522423805
contrast,ideal,nv_charge_readout_master_v1_4,thin_all_counts,4,contrast0.99,0.99,5.437,1.0,27.43339830432224,0.99,7.504300359171423,14.918776292748513,0.11758756837904422,9.422120008455401,636.7993609310438,0.0,0.1,off,2.0,mean,-0.0194021628187504,0.8,4.293423132211139,4.217729211690765,4.217729211690765,3.7784014370111487,1.1363067698829246,1.1346384733114583,1.2262663581300883,1.017946605085638,1.0055467107305331,1.031741650742276,1.017946605085638,1.0055467107305331,1.031741650742276,4.974995007273436,0.8630004906405253,0.8345702039685153,0.8905214997751794,3.557168344476919,1.2069777745766166,1.192720830580061,1.2215105074218062
contrast,ideal,nv_charge_readout_master_v1_4,thin_all_counts,4,contrast0.99,0.99,5.437,1.0,27.43339830432224,0.99,7.504300359171423,14.918776292748513,0.11758756837904422,9.422120008455401,636.7993609310438,0.0,0.1,off,2.0,mean,-0.0194021628187504,0.81,4.545894613863783,4.379077949368945,4.379077949368945,3.8142693500871623,1.1918126898300723,1.1601621459386997,1.216650037407655,1.0380940157776541,1.0235147861523395,1.0523994002626473,1.0380940157776541,1.0235147861523395,1.0523994002626473,4.974995007273436,0.9137485780825289,0.8836523039915355,0.9414483108242295,3.727217763181119,1.2196482477546298,1.2061385375093219,1.2340674243687888
contrast,ideal,nv_charge_readout_master_v1_4,thin_all_counts,4,contrast0.99,0.99,5.437,1.0,27.43339830432224,0.99,7.504300359171423,14.918776292748513,0.11758756837904422,9.422120008455401,636.7993609310438,0.0,0.1,off,2.0,mean,-0.0194021628187504,0.82,4.805543242148057,4.546599064135292,4.546599064135292,4.031255142469616,1.1920712215709817,1.187148000361864,1.2460577381100348,1.0569533786375362,1.0411452044534097,1.07156535442639,1.0569533786375362,1.0411452044534097,1.07156535442639,4.974995007273436,0.9659393095113381,0.9346341593923679,0.9947257744473379,3.8972671818853177,1.2330546041299015,1.2224514202100978,1.2420048776738664
contrast,ideal,nv_charge_readout_master_v1_4,thin_all_counts,4,contrast0.99,0.99,5.437,1.0,27.43339830432224,0.99,7.504300359171423,14.918776292748513,0.11758756837904422,9.422120008455401,636.7993609310438,0.0,0.1,off,2.0,mean,-0.0194021628187504,0.83,5.079080395204848,4.720528679553383,4.720528679553383,4.037245877018225,1.2580557513519803,1.2257649074508474,1.2621796381777282,1.07595583884587,1.0579314941694087,1.0937274268661077,1.07595583884587,1.0579314941694087,1.0937274268661077,5.056129886815517,1.0045391453350865,0.9876142045936811,1.012827327347959,4.0673166005895185,1.248754619807242,1.2415308673539533,1.254622973883257
contrast,ideal,nv_charge_readout_master_v1_4,thin_all_counts,4,contrast0.99,0.99,5.437,1.0,27.43339830432224,0.99,7.504300359171423,14.918776292748513,0.11758756837904422,9.422120008455401,636.7993609310438,0.0,0.1,off,2.0,mean,-0.0194021628187504,0.84,5.384221389042348,4.901111952066096,4.901111952066096,4.256818398260627,1.2648463912020271,1.2551124256966864,1.2720586685952033,1.0985713939410409,1.0762235059119436,1.1189996790959413,1.0985713939410409,1.0762235059119436,1.1189996790959413,5.318771332951504,1.0123054841040748,1.0019974595822172,1.0242973264089212,4.29548886603554,1.2534595146120442,1.2451893723887377,1.260968549861758
contrast,ideal,nv_charge_readout_master_v1_4,thin_all_counts,4,contrast0.99,0.99,5.437,1.0,27.43339830432224,0.99,7.504300359171423,14.918776292748513,0.11758756837904422,9.422120008455401,636.7993609310438,0.0,0.1,off,2.0,mean,-0.0194021628187504,0.85,5.716212203428529,5.08860341654736,5.08860341654736,4.461752187828642,1.2811586037929155,1.2721248469531892,1.2872465112018192,1.1233361564079214,1.1033053651197713,1.1464817406434458,1.1233361564079214,1.1033053651197713,1.1464817406434458,5.5950557294808885,1.0216542032475664,1.0084462125174218,1.0370335707255063,4.544497623709761,1.2578314869405245,1.2454557768675176,1.272658959029015
contrast,ideal,nv_charge_readout_master_v1_4,thin_all_counts,4,contrast0.99,0.99,5.437,1.0,27.43339830432224,0.99,7.504300359171423,14.918776292748513,0.11758756837904422,9.422120008455401,636.7993609310438,0.0,0.1,off,2.0,mean,-0.0194021628187504,0.86,6.0924588795594,5.2832673450729315,5.2832673450729315,4.713980139681307,1.2924235357451648,1.2832729412853274,1.3022068499351815,1.15316119394206,1.1298527566740546,1.178755620330443,1.15316119394206,1.1298527566740546,1.178755620330443,5.885691761564277,1.035130470023148,1.0180090092838234,1.0519288503451931,4.793506381383983,1.270981697911161,1.2553821377727328,1.2858387419180375
contrast,ideal,nv_charge_readout_master_v1_4,thin_all_counts,4,contrast0.99,0.99,5.437,1.0,27.43339830432224,0.99,7.504300359171423,14.918776292748513,0.11758756837904422,9.422120008455401,636.7993609310438,0.0,0.1,off,2.0,mean,-0.0194021628187504,0.87,6.51013353871577,5.485378119415921,5.485378119415921,4.96223993261803,1.3119344544231029,1.3031820891328323,1.3205513791359385,1.1868158214422173,1.1638246020086547,1.2120374606374447,1.1868158214422173,1.1638246020086547,1.2120374606374447,6.191424927122154,1.0514758097441321,1.0347390228680322,1.0705000120358312,5.042515139058205,1.2910488831832587,1.27483292300162,1.3083447812154911
contrast,ideal,nv_charge_readout_master_v1_4,thin_all_counts,4,contrast0.99,0.99,5.437,1.0,27.43339830432224,0.99,7.504300359171423,14.918776292748513,0.11758756837904422,9.422120008455401,636.7993609310438,0.0,0.1,off,2.0,mean,-0.0194021628187504,0.88,6.942942033229985,5.6952206177920734,5.6952206177920734,5.221510664416381,1.3296807149212273,1.3220085949399658,1.3374574908267356,1.2190821917486367,1.1955148309628958,1.241387429940898,1.2190821917486367,1.1955148309628958,1.241387429940898,6.513039449079368,1.0660064456098735,1.0493954860183121,1.0845654204472048,5.291523896732426,1.3120874380851475,1.2971579983365893,1.3243892726924136
contrast,ideal,nv_charge_readout_master_v1_4,thin_all_counts,4,contrast0.99,0.99,5.437,1.0,27.43339830432224,0.99,7.504300359171423,14.918776292748513,0.11758756837904422,9.422120008455401,636.7993609310438,0.0,0.1,off,2.0,mean,-0.0194021628187504,0.89,7.399552447100201,5.9130906163999555,5.9130906163999555,5.494528573219288,1.3467128887391961,1.337685855286167,1.3581181848319341,1.2513849232375274,1.2317281393693458,1.2765924404972582,1.2513849232375274,1.2317281393693458,1.2765924404972582,6.851360286941448,1.080012163599628,1.0632365253870981,1.0995299348612266,5.540532654406648,1.3355308791863156,1.3240633190483948,1.3478685039994287
contrast,ideal,nv_charge_readout_master_v1_4,thin_all_counts,4,contrast0.99,0.99,5.437,1.0,27.43339830432224,0.99,7.504300359171423,14.918776292748513,0.11758756837904422,9.422120008455401,636.7993609310438,0.0,0.1,off,2.0,mean,-0.0194021628187504,0.9,7.919196433593902,6.139295206322021,6.139295206322021,5.783946788744155,1.3691682726066996,1.3578723331695108,1.3793567740317827,1.2899194724239686,1.268753459536761,1.3118374535900204,1.2899194724239686,1.268753459536761,1.3118374535900204,7.20725525286257,1.098781180318064,1.0806902876823457,1.1164514150451215,5.870457615144765,1.348991331299922,1.335195579042905,1.3632469823193307
contrast,ideal,nv_charge_readout_master_v1_4,thin_all_counts,4,contrast0.99,0.99,5.437,1.0,27.43339830432224,0.99,7.504300359171423,14.918776292748513,0.11758756837904422,9.422120008455401,636.7993609310438,0.0,0.1,off,2.0,mean,-0.0194021628187504,0.91,8.48623521332814,6.374153226374159,6.374153226374159,6.149457200956244,1.3799974430277402,1.3694194246381313,1.395554702315023,1.3313509907817838,1.311912144931483,1.3602683998545733,1.3313509907817838,1.311912144931483,1.3602683998545733,7.581637237632984,1.11931433110582,1.103589246255472,1.1424352588143334,6.307400779935131,1.3454409366730327,1.3324014356678215,1.3665261178569887
contrast,ideal,nv_charge_readout_master_v1_4,thin_all_counts,4,contrast0.99,0.99,5.437,1.0,27.43339830432224,0.99,7.504300359171423,14.918776292748513,0.11758756837904422,9.422120008455401,636.7993609310438,0.0,0.1,off,2.0,mean,-0.0194021628187504,0.92,9.274776098906049,6.617995712513873,6.617995712513873,6.570665191879747,1.4115429455100124,1.3925966481494343,1.4218612195304376,1.4014478857048076,1.0021042352692893,1.4180509280124687,1.4014478857048076,1.0020769115237622,1.4180509280124687,7.975466552295727,1.1629132964310804,1.1421607268877723,1.1837329904591685,6.744343944725498,1.3751932248591072,1.3561345144111763,1.3958021864595958
contrast,ideal,nv_charge_readout_master_v1_4,thin_all_counts,4,contrast0.99,0.99,5.437,1.0,27.43339830432224,0.99,7.504300359171423,14.918776292748513,0.11758756837904422,9.422120008455401,636.7993609310438,0.0,0.1,off,2.0,mean,-0.0194021628187504,0.93,10.21000008730062,10.106983170785384,10.114832713123766,7.803429400726452,1.3083991105692747,1.262535653676136,1.3574535331569841,1.0101926474769454,1.000978987878136,1.0246287325124999,1.009408694822345,0.9999880017747009,1.022089825938319,8.508402822295722,1.199990209742535,1.1867996376622767,1.2135538426605006,7.181287109515863,1.4217507156581213,1.3999768857849706,1.4423211677850845
contrast,ideal,nv_charge_readout_master_v1_4,thin_all_counts,4,contrast0.99,0.99,5.437,1.0,27.43339830432224,0.99,7.504300359171423,14.918776292748513,0.11758756837904422,9.422120008455401,636.7993609310438,0.0,0.1,off,2.0,mean,-0.0194021628187504,0.94,11.420040963361496,11.05560401855614,11.0756490562457,7.8438509819614,1.4559227335685372,1.2915439804267392,1.4814076785552734,1.0329640012606882,1.005942717458898,1.0588405999516288,1.0310945124179056,1.0047754438322534,1.0549537776260507,9.4531640770079,1.208065455156698,1.1817703130233237,1.2311769329636757,7.859184059889404,1.4530822635450786,1.4399287482024665,1.4669703611703673
contrast,ideal,nv_charge_readout_master_v1_4,thin_all_counts,4,contrast0.99,0.99,5.437,1.0,27.43339830432224,0.99,7.504300359171423,14.918776292748513,0.11758756837904422,9.422120008455401,636.7993609310438,0.0,0.1,off,2.0,mean,-0.0194021628187504,0.95,13.337365829734637,12.093260486315522,12.127734140175635,9.954268240165623,1.3398640169166995,1.3073248411304372,1.441719340529438,1.102875923728503,1.0513626748868699,1.1638029317687777,1.0997409471198618,1.0504285328410754,1.1595892051937322,10.502830311778903,1.2698830157026157,1.2212024560232078,1.3237566985200302,8.813998047425713,1.5132027211680692,1.466575217220995,1.5558877879225335
contrast,ideal,nv_charge_readout_master_v1_4,thin_all_counts,4,contrast0.99,0.99,5.437,1.0,27.43339830432224,0.99,7.504300359171423,14.918776292748513,0.11758756837904422,9.422120008455401,636.7993609310438,0.0,0.1,off,2.0,mean,-0.0194021628187504,0.96,nan,nan,27.49158071415086,13.13234788794273,nan,1.4483128388485471,1.9160733029019246,nan,1.2466079565516937,1.6228677020667392,nan,0.7662995905873684,1.580354057521254,12.53618313139044,nan,1.404496633226888,1.8562463858857308,10.575272656944703,nan,1.6124896295885598,2.1631137133325113
contrast,ideal,nv_charge_readout_master_v1_4,thin_all_counts,4,contrast0.99,0.99,5.437,1.0,27.43339830432224,0.99,7.504300359171423,14.918776292748513,0.11758756837904422,9.422120008455401,636.7993609310438,0.0,0.1,off,2.0,mean,-0.0194021628187504,0.97,nan,nan,nan,nan,nan,nan,nan,nan,nan,nan,nan,nan,nan,nan,nan,nan,nan,nan,nan,nan,nan
contrast,ideal,nv_charge_readout_master_v1_4,thin_all_counts,4,contrast0.99,0.99,5.437,1.0,27.43339830432224,0.99,7.504300359171423,14.918776292748513,0.11758756837904422,9.422120008455401,636.7993609310438,0.0,0.1,off,2.0,mean,-0.0194021628187504,0.98,nan,nan,nan,nan,nan,nan,nan,nan,nan,nan,nan,nan,nan,nan,nan,nan,nan,nan,nan,nan,nan
contrast,ideal,nv_charge_readout_master_v1_4,thin_all_counts,4,contrast0.99,0.99,5.437,1.0,27.43339830432224,0.99,7.504300359171423,14.918776292748513,0.11758756837904422,9.422120008455401,636.7993609310438,0.0,0.1,off,2.0,mean,-0.0194021628187504,0.99,nan,nan,nan,nan,nan,nan,nan,nan,nan,nan,nan,nan,nan,nan,nan,nan,nan,nan,nan,nan,nan
