experiment,detector,physics_layer,efficiency_model,point_index,point,sweep_value,power_uw,detection_efficiency,photons_per_bright_dwell,contrast,switching_ratio,snr_per_bright_dwell,p_bright_stationary,gamma_tot_khz,horizon_us,noise_sigma,noise_tau_c_ms,noise_kind,noise_photon_order,noise_renormalise,q_excess_finest_bin,target_fidelity,t_threshold_us,t_adaptive_count_us,t_fixed_count_mmpp_us,t_adaptive_mmpp_us,speedup_mmpp,speedup_mmpp_ci_low,speedup_mmpp_ci_high,speedup_count,speedup_count_ci_low,speedup_count_ci_high,speedup_fixed_count_mmpp,speedup_fixed_count_mmpp_ci_low,speedup_fixed_count_mmpp_ci_high,t_learned_us,speedup_learned,speedup_learned_ci_low,speedup_learned_ci_high,t_optimal_us,speedup_optimal,speedup_optimal_ci_low,speedup_optimal_ci_high
noise_setpoint,ideal,nv_charge_readout_master_v1_4,thin_all_counts,0,sigma0,0.0,5.437,1.0,27.43339830432224,0.9249776330930897,7.504300359171423,12.911749357161563,0.11758756837904422,9.422120008455401,636.7993609310438,0.0,0.1,off,2.1054086423165375,none,0.030417556651362254,0.55,0.45049609642541066,1.5861166916547633,1.5861166916547633,0.4371863632243957,1.0304440721866328,1.0216902340938008,1.1013180217906053,0.2840245606112481,0.2763327649882138,0.3032124872993333,0.2840245606112481,0.2763327649882138,0.3032124872993333,4.974995007273436,0.09055207005570579,0.08812669685752093,0.096812215529997,0.44058787882439776,1.0224886295724944,1.0058506627323143,1.0693460784914135
noise_setpoint,ideal,nv_charge_readout_master_v1_4,thin_all_counts,0,sigma0,0.0,5.437,1.0,27.43339830432224,0.9249776330930897,7.504300359171423,12.911749357161563,0.11758756837904422,9.422120008455401,636.7993609310438,0.0,0.1,off,2.1054086423165375,none,0.030417556651362254,0.56,0.5419305763207105,1.5861166916547633,1.5861166916547633,0.516570495342312,1.049093165806137,1.0251464116026283,1.0726018245942324,0.3416713153401881,0.3182266956150241,0.36488007144951473,0.3416713153401881,0.3182266956150241,0.36488007144951473,4.974995007273436,0.10893087842870369,0.10132062406751406,0.11669404354507794,0.5304372771060424,1.0216675933436903,1.0076340140820839,1.0425885239478627
noise_setpoint,ideal,nv_charge_readout_master_v1_4,thin_all_counts,0,sigma0,0.0,5.437,1.0,27.43339830432224,0.9249776330930897,7.504300359171423,12.911749357161563,0.11758756837904422,9.422120008455401,636.7993609310438,0.0,0.1,off,2.1054086423165375,none,0.030417556651362254,0.57,0.6434303173457581,1.5861166916547633,1.5861166916547633,0.6103691677163245,1.0541658251728716,1.0361526504842558,1.072188548470836,0.4056639216591815,0.37959985751063124,0.428378648193639,0.4056639216591815,0.37959985751063124,0.428378648193639,4.974995007273436,0.12933285689836146,0.12073859011929616,0.13685912121081428,0.627349236824216,1.025633378631252,1.006420447911915,1.04619077511888
noise_setpoint,ideal,nv_charge_readout_master_v1_4,thin_all_counts,0,sigma0,0.0,5.437,1.0,27.43339830432224,0.9249776330930897,7.504300359171423,12.911749357161563,0.11758756837904422,9.422120008455401,636.7993609310438,0.0,0.1,off,2.1054086423165375,none,0.030417556651362254,0.58,0.742009644444095,1.5861166916547633,1.5861166916547633,0.7040720652321227,1.0538830910717425,1.0375906591125401,1.0789961892466062,0.467815292751236,0.4409639699090836,0.4991319548031978,0.467815292751236,0.4409639699090836,0.4991319548031978,4.974995007273436,0.14914781690419346,0.1400910479382843,0.15958291453448326,0.7242611965423905,1.0245055899535074,1.0063405111591184,1.0468107550833647
noise_setpoint,ideal,nv_charge_readout_master_v1_4,thin_all_counts,0,sigma0,0.0,5.437,1.0,27.43339830432224,0.9249776330930897,7.504300359171423,12.911749357161563,0.11758756837904422,9.422120008455401,636.7993609310438,0.0,0.1,off,2.1054086423165375,none,0.030417556651362254,0.59,0.8593422554469733,1.5861166916547633,1.5861166916547633,0.7962565721346176,1.07922783374112,1.0565211756956687,1.0988587980431759,0.5417900586812683,0.5124362106236,0.5718899071947747,0.5417900586812683,0.5124362106236,0.5718899071947747,4.974995007273436,0.17273228499538515,0.16298790881059746,0.18296534912896364,0.8224804734794093,1.0448178201868117,1.0358261945923868,1.0584874597342206
noise_setpoint,ideal,nv_charge_readout_master_v1_4,thin_all_counts,0,sigma0,0.0,5.437,1.0,27.43339830432224,0.9249776330930897,7.504300359171423,12.911749357161563,0.11758756837904422,9.422120008455401,636.7993609310438,0.0,0.1,off,2.1054086423165375,none,0.030417556651362254,0.6,0.9761166513915961,1.5861166916547633,1.5861166916547633,0.9005108425350499,1.083958799034231,1.0655420654071979,1.1001966322545984,0.6154128864082714,0.5820513995644374,0.6495508209727247,0.6154128864082714,0.5820513995644374,0.6495508209727247,4.974995007273436,0.19620454894216274,0.18495784696183243,0.2076866000372275,0.9269225803781267,1.053072470187749,1.0411441249836069,1.0742403486720753
noise_setpoint,ideal,nv_charge_readout_master_v1_4,thin_all_counts,0,sigma0,0.0,5.437,1.0,27.43339830432224,0.9249776330930897,7.504300359171423,12.911749357161563,0.11758756837904422,9.422120008455401,636.7993609310438,0.0,0.1,off,2.1054086423165375,none,0.030417556651362254,0.61,1.096911652865467,1.5861166916547633,1.5861166916547633,1.0184151765922114,1.0770770880849576,1.064849631194853,1.0932173771369607,0.6915705878620326,0.658407865145043,0.7258848730787245,0.6915705878620326,0.658407865145043,0.7258848730787245,4.974995007273436,0.2204849756154094,0.20943231371297277,0.23222614538108663,1.0318098262567785,1.0630947922301401,1.0566642724663142,1.0838198269264832
noise_setpoint,ideal,nv_charge_readout_master_v1_4,thin_all_counts,0,sigma0,0.0,5.437,1.0,27.43339830432224,0.9249776330930897,7.504300359171423,12.911749357161563,0.11758756837904422,9.422120008455401,636.7993609310438,0.0,0.1,off,2.1054086423165375,none,0.030417556651362254,0.62,1.2182954781651276,1.5861166916547633,1.5861166916547633,1.1179900044058293,1.0897194727716792,1.0765763190999074,1.1052018627041278,0.7680995254479699,0.7343948772703841,0.8036423011283597,0.7680995254479699,0.7343948772703841,0.8036423011283597,4.974995007273436,0.24488375895533188,0.23341388683879002,0.25706417636683854,1.1374846257153146,1.071043467861374,1.059223356172289,1.0892349023801386
noise_setpoint,ideal,nv_charge_readout_master_v1_4,thin_all_counts,0,sigma0,0.0,5.437,1.0,27.43339830432224,0.9249776330930897,7.504300359171423,12.911749357161563,0.11758756837904422,9.422120008455401,636.7993609310438,0.0,0.1,off,2.1054086423165375,none,0.030417556651362254,0.63,1.3454342156264851,1.5861166916547633,1.5861166916547633,1.21649141362539,1.1059956532013815,1.0914351140356764,1.1192834609184155,0.8482567661669463,0.8138601273399003,0.8785013920342964,0.8482567661669463,0.8138601273399003,0.8785013920342964,4.974995007273436,0.2704393097198012,0.25853759798382847,0.2809527575348524,1.2431594251738507,1.08227005191899,1.0725192605882488,1.094055110212271
noise_setpoint,ideal,nv_charge_readout_master_v1_4,thin_all_counts,0,sigma0,0.0,5.437,1.0,27.43339830432224,0.9249776330930897,7.504300359171423,12.911749357161563,0.11758756837904422,9.422120008455401,636.7993609310438,0.0,0.1,off,2.1054086423165375,none,0.030417556651362254,0.64,1.4580891191521501,1.5861166916547633,1.5861166916547633,1.3236713687890136,1.1015491862501425,1.0899611952147632,1.114146162827033,0.919282374886904,0.8890302538033443,0.9574931650713177,0.919282374886904,0.8890302538033443,0.9574931650713177,4.974995007273436,0.2930835341584114,0.28273378906672075,0.30634276935645394,1.3488342246323868,1.0809994975843231,1.0710316365203014,1.0880114278030988
noise_setpoint,ideal,nv_charge_readout_master_v1_4,thin_all_counts,0,sigma0,0.0,5.437,1.0,27.43339830432224,0.9249776330930897,7.504300359171423,12.911749357161563,0.11758756837904422,9.422120008455401,636.7993609310438,0.0,0.1,off,2.1054086423165375,none,0.030417556651362254,0.65,1.5830294431723424,1.5861166916547633,1.5861166916547633,1.440294500172551,1.0991012206064048,1.0077806559999236,1.110236286007515,0.9980535804845481,0.9617935175979939,1.0380522491418553,0.9980535804845481,0.9617935175979939,1.0380522491418553,4.974995007273436,0.3181971923304356,0.30552530992815985,0.3320477791145522,1.4764735457409215,1.0721691883601945,1.0605934129335834,1.0842167303570736
noise_setpoint,ideal,nv_charge_readout_master_v1_4,thin_all_counts,0,sigma0,0.0,5.437,1.0,27.43339830432224,0.9249776330930897,7.504300359171423,12.911749357161563,0.11758756837904422,9.422120008455401,636.7993609310438,0.0,0.1,off,2.1054086423165375,none,0.030417556651362254,0.66,1.7200076775238327,1.5861166916547633,1.5861166916547633,1.5861166916547633,1.0844143350697506,1.0457578825394747,1.1044819775093784,1.0844143350697506,0.9983592785855285,1.1024582244074335,1.0844143350697506,0.9983592785855285,1.1024582244074335,4.974995007273436,0.345730533399367,0.33231531799815217,0.36115943739751694,1.6066668809948053,1.0705440548191607,1.054159316679435,1.087312652233338
noise_setpoint,ideal,nv_charge_readout_master_v1_4,thin_all_counts,0,sigma0,0.0,5.437,1.0,27.43339830432224,0.9249776330930897,7.504300359171423,12.911749357161563,0.11758756837904422,9.422120008455401,636.7993609310438,0.0,0.1,off,2.1054086423165375,none,0.030417556651362254,0.67,1.862682302584016,1.8255985089568545,1.8255985089568545,1.7642214965500342,1.0558097757149676,1.0458423771406893,1.1137158519684474,1.0203132251944877,1.0043124974803115,1.041834583078984,1.0203132251944877,1.0043124974803115,1.041834583078984,4.974995007273436,0.37440887877490875,0.3593627882864701,0.39196830767029167,1.7368602162486888,1.0724422640107911,1.0551892584075944,1.0926436065754934
noise_setpoint,ideal,nv_charge_readout_master_v1_4,thin_all_counts,0,sigma0,0.0,5.437,1.0,27.43339830432224,0.9249776330930897,7.504300359171423,12.911749357161563,0.11758756837904422,9.422120008455401,636.7993609310438,0.0,0.1,off,2.1054086423165375,none,0.030417556651362254,0.68,2.0180203444004023,1.9250945395329078,1.9250945395329078,1.8285673857726472,1.1036073158155466,1.0783432314547567,1.1231383415224165,1.0482707747381805,1.0285271574151411,1.0705957593094675,1.0482707747381805,1.0285271574151411,1.0705957593094675,4.974995007273436,0.4056326371081899,0.38894480197908854,0.4255228883074433,1.8670535515025724,1.0808583089522712,1.061170956028802,1.1013101767904874
noise_setpoint,ideal,nv_charge_readout_master_v1_4,thin_all_counts,0,sigma0,0.0,5.437,1.0,27.43339830432224,0.9249776330930897,7.504300359171423,12.911749357161563,0.11758756837904422,9.422120008455401,636.7993609310438,0.0,0.1,off,2.1054086423165375,none,0.030417556651362254,0.69,2.186096039251012,2.0300131534709758,2.0300131534709758,1.930078947319378,1.1326459170425165,1.1202646481563738,1.1395834045854334,1.0768876228773006,1.0527944393206217,1.0947796274293755,1.0768876228773006,1.0527944393206217,1.0947796274293755,4.974995007273436,0.4394167302791143,0.4215571881341146,0.45800705409452236,1.9972468867564546,1.0945547361955086,1.0735655324534505,1.1109392361309802
noise_setpoint,ideal,nv_charge_readout_master_v1_4,thin_all_counts,0,sigma0,0.0,5.437,1.0,27.43339830432224,0.9249776330930897,7.504300359171423,12.911749357161563,0.11758756837904422,9.422120008455401,636.7993609310438,0.0,0.1,off,2.1054086423165375,none,0.030417556651362254,0.7,2.341354669980072,2.1406498842727273,2.1406498842727273,2.0596001952239034,1.1368005671244066,1.1253362891727527,1.1464600888983374,1.093758809967905,1.0732045730924884,1.1130024046667484,1.093758809967905,1.0732045730924884,1.1130024046667484,4.974995007273436,0.47062452656877335,0.45354728930676824,0.49030710322661447,2.127440222010338,1.1005501568300677,1.0862687466462162,1.1162796650644728
noise_setpoint,ideal,nv_charge_readout_master_v1_4,thin_all_counts,0,sigma0,0.0,5.437,1.0,27.43339830432224,0.9249776330930897,7.504300359171423,12.911749357161563,0.11758756837904422,9.422120008455401,636.7993609310438,0.0,0.1,off,2.1054086423165375,none,0.030417556651362254,0.71,2.5139954759642444,2.2573163721632787,2.2573163721632787,2.197813187930912,1.1438622216708945,1.1275720606948652,1.1582263885090842,1.1137098489898336,1.088281265065419,1.1404187138354192,1.1137098489898336,1.088281265065419,1.1404187138354192,4.974995007273436,0.5053262309386817,0.4847568665882804,0.529060599652335,2.2576335572642217,1.11355337887991,1.096164320496505,1.1301144820592792
noise_setpoint,ideal,nv_charge_readout_master_v1_4,thin_all_counts,0,sigma0,0.0,5.437,1.0,27.43339830432224,0.9249776330930897,7.504300359171423,12.911749357161563,0.11758756837904422,9.422120008455401,636.7993609310438,0.0,0.1,off,2.1054086423165375,none,0.030417556651362254,0.72,2.72156300555194,2.3803412419156733,2.3803412419156733,2.3453011998369506,1.1604321891538485,1.1456160336988068,1.1758541104053502,1.1433499355586743,1.1157110135778041,1.1697094783369808,1.1433499355586743,1.1157110135778041,1.1697094783369808,4.974995007273436,0.5470483893095407,0.5231311890222985,0.5720589614267556,2.387826892518105,1.139765622909913,1.1224333803401354,1.1517687446796268
noise_setpoint,ideal,nv_charge_readout_master_v1_4,thin_all_counts,0,sigma0,0.0,5.437,1.0,27.43339830432224,0.9249776330930897,7.504300359171423,12.911749357161563,0.11758756837904422,9.422120008455401,636.7993609310438,0.0,0.1,off,2.1054086423165375,none,0.030417556651362254,0.73,2.920761245829603,2.510071028517224,2.510071028517224,2.5026866469642575,1.167050317454831,1.156631909225539,1.17778602612628,1.1636169704548107,1.1393670964551725,1.185276840260008,1.1636169704548107,1.1393670964551725,1.185276840260008,4.974995007273436,0.587088276784088,0.5650668709134963,0.6115765759505212,2.5357022343727076,1.1518549797516557,1.1423021520694094,1.160580707080699
noise_setpoint,ideal,nv_charge_readout_master_v1_4,thin_all_counts,0,sigma0,0.0,5.437,1.0,27.43339830432224,0.9249776330930897,7.504300359171423,12.911749357161563,0.11758756837904422,9.422120008455401,636.7993609310438,0.0,0.1,off,2.1054086423165375,none,0.030417556651362254,0.74,3.1217721582872153,2.646871153285138,2.646871153285138,2.6529995560387527,1.1766953187690679,1.1685323822475,1.1853879747854306,1.1794197667735578,1.1564008141151447,1.2035345675169402,1.1794197667735578,1.1564008141151447,1.2035345675169402,4.974995007273436,0.6274925208413654,0.6036971108934992,0.6560991738587345,2.7044744931190676,1.1542989834919384,1.1406918523302385,1.1688217901638172
noise_setpoint,ideal,nv_charge_readout_master_v1_4,thin_all_counts,0,sigma0,0.0,5.437,1.0,27.43339830432224,0.9249776330930897,7.504300359171423,12.911749357161563,0.11758756837904422,9.422120008455401,636.7993609310438,0.0,0.1,off,2.1054086423165375,none,0.030417556651362254,0.75,3.3475585926363824,2.7911269531809273,2.7911269531809273,2.8075820583698152,1.1923279615841744,1.182009691090456,1.199410920471983,1.199357338017647,1.1745859172247983,1.2210163080274108,1.199357338017647,1.1745859172247983,1.2210163080274108,4.974995007273436,0.6728767742967091,0.6441221809721314,0.7037276120957527,2.8732467518654277,1.1650787007635222,1.1473059987704675,1.1808819613142407
noise_setpoint,ideal,nv_charge_readout_master_v1_4,thin_all_counts,0,sigma0,0.0,5.437,1.0,27.43339830432224,0.9249776330930897,7.504300359171423,12.911749357161563,0.11758756837904422,9.422120008455401,636.7993609310438,0.0,0.1,off,2.1054086423165375,none,0.030417556651362254,0.76,3.587801423556298,2.9432447662229726,2.9432447662229726,3.316512644514032,1.0817994104412703,1.0635255536998656,1.2068353387121535,1.2189952615325557,1.19737133156872,1.2319332978584039,1.2189952615325557,1.19737133156872,1.2319332978584039,4.974995007273436,0.7211668390241471,0.6899274573981403,0.7463717430063477,3.0420190106117877,1.1794145306260748,1.1607402088347327,1.1927099728208401
noise_setpoint,ideal,nv_charge_readout_master_v1_4,thin_all_counts,0,sigma0,0.0,5.437,1.0,27.43339830432224,0.9249776330930897,7.504300359171423,12.911749357161563,0.11758756837904422,9.422120008455401,636.7993609310438,0.0,0.1,off,2.1054086423165375,none,0.030417556651362254,0.77,3.7894404496433722,3.103653076054611,3.103653076054611,3.316512644514032,1.1425979201109417,1.10764538213511,1.1772888331772666,1.2209613499910046,1.2109676610375777,1.2307406620116703,1.2209613499910046,1.2109676610375777,1.2307406620116703,4.974995007273436,0.7616973372040003,0.7361227003704436,0.7886455500107505,3.2107912693581473,1.1802201176412503,1.165600771043607,1.1931509242008034
noise_setpoint,ideal,nv_charge_readout_master_v1_4,thin_all_counts,0,sigma0,0.0,5.437,1.0,27.43339830432224,0.9249776330930897,7.504300359171423,12.911749357161563,0.11758756837904422,9.422120008455401,636.7993609310438,0.0,0.1,off,2.1054086423165375,none,0.030417556651362254,0.78,4.002411846740277,3.2728037188917596,3.2728037188917596,3.316512644514032,1.2068133837393376,1.1701422938563528,1.221899253049541,1.222930609506756,0.9978556996801896,1.2296841129055625,1.222930609506756,0.9978556996801896,1.2296841129055625,4.974995007273436,0.8045057011893996,0.7763425920473401,0.8377331142833558,3.3795635281045073,1.184298449624087,1.1684426859937085,1.200561327085756
noise_setpoint,ideal,nv_charge_readout_master_v1_4,thin_all_counts,0,sigma0,0.0,5.437,1.0,27.43339830432224,0.9249776330930897,7.504300359171423,12.911749357161563,0.11758756837904422,9.422120008455401,636.7993609310438,0.0,0.1,off,2.1054086423165375,none,0.030417556651362254,0.79,4.274971631679616,4.20416129585925,4.20416129585925,3.520042738795728,1.2144658314978765,1.137315821820673,1.2332693839162652,1.0168429160627372,1.0049074492651373,1.044833269274057,1.0168429160627372,1.0049074492651373,1.044833269274057,4.974995007273436,0.8592916425905178,0.822746552366259,0.8969102591819783,3.5483357868508674,1.204782153797692,1.1852571024230507,1.2205950586501395
noise_setpoint,ideal,nv_charge_readout_master_v1_4,thin_all_counts,0,sigma0,0.0,5.437,1.0,27.43339830432224,0.9249776330930897,7.504300359171423,12.911749357161563,0.11758756837904422,9.422120008455401,636.7993609310438,0.0,0.1,off,2.1054086423165375,none,0.030417556651362254,0.8,4.577065740894864,4.388787419011474,4.388787419011474,3.8973663441592525,1.1743996680615452,1.1421235666606682,1.2292927396485265,1.0428998499831184,1.024162032150757,1.0612837840861962,1.0428998499831184,1.024162032150757,1.0612837840861962,4.974995007273436,0.92001413754249,0.8803249539862766,0.9582528178016628,3.717108045597227,1.2313512775923272,1.2139892776931471,1.2443875553911776
noise_setpoint,ideal,nv_charge_readout_master_v1_4,thin_all_counts,0,sigma0,0.0,5.437,1.0,27.43339830432224,0.9249776330930897,7.504300359171423,12.911749357161563,0.11758756837904422,9.422120008455401,636.7993609310438,0.0,0.1,off,2.1054086423165375,none,0.030417556651362254,0.81,4.876972100628516,4.581521415042837,4.581521415042837,3.9006380591398417,1.2503011114299523,1.2061085966235945,1.2661374402562138,1.0644874614392512,1.0469410745529908,1.084859069904467,1.0644874614392512,1.0469410745529908,1.084859069904467,4.974995007273436,0.9802968834136294,0.941112797869274,1.0001955280347823,3.909530404194718,1.2474572637664576,1.2359132225949816,1.2581084832952025
noise_setpoint,ideal,nv_charge_readout_master_v1_4,thin_all_counts,0,sigma0,0.0,5.437,1.0,27.43339830432224,0.9249776330930897,7.504300359171423,12.911749357161563,0.11758756837904422,9.422120008455401,636.7993609310438,0.0,0.1,off,2.1054086423165375,none,0.030417556651362254,0.82,5.197290116234713,4.782719341923365,4.782719341923365,4.251236872361642,1.2225359988815492,1.1871797610025323,1.23158224159815,1.0866809747077129,1.0652639025249397,1.1088536639602269,1.0866809747077129,1.0652639025249397,1.1088536639602269,5.204340237575826,0.9986453381179404,0.9896926645784716,1.0081086451917185,4.155702989726594,1.250640416093992,1.2365249361361834,1.2641676367079429
noise_setpoint,ideal,nv_charge_readout_master_v1_4,thin_all_counts,0,sigma0,0.0,5.437,1.0,27.43339830432224,0.9249776330930897,7.504300359171423,12.911749357161563,0.11758756837904422,9.422120008455401,636.7993609310438,0.0,0.1,off,2.1054086423165375,none,0.030417556651362254,0.83,5.549520517277589,4.992752893941021,4.992752893941021,4.478673670284694,1.2390991007221173,1.203408332994363,1.2788301081353965,1.1115151571014532,1.085659933260188,1.134091543790203,1.1115151571014532,1.085659933260188,1.134091543790203,5.529768595146661,1.0035719256223965,0.99164662838794,1.0152801144122021,4.4018755752584715,1.2607172607216934,1.2437804365352634,1.2754616968705437
noise_setpoint,ideal,nv_charge_readout_master_v1_4,thin_all_counts,0,sigma0,0.0,5.437,1.0,27.43339830432224,0.9249776330930897,7.504300359171423,12.911749357161563,0.11758756837904422,9.422120008455401,636.7993609310438,0.0,0.1,off,2.1054086423165375,none,0.030417556651362254,0.84,5.937516343947466,5.212010088371993,5.212010088371993,4.7029574320621155,1.2625069288250033,1.2470628958987955,1.3123134894493695,1.139198935396169,1.109429014278164,1.1693908537332278,1.139198935396169,1.109429014278164,1.1693908537332278,5.875546048102653,1.0105471551643823,0.9905140101074945,1.0290988000637178,4.64804816079035,1.2774214333738434,1.2558276773307018,1.2987502313821544
noise_setpoint,ideal,nv_charge_readout_master_v1_4,thin_all_counts,0,sigma0,0.0,5.437,1.0,27.43339830432224,0.9249776330930897,7.504300359171423,12.911749357161563,0.11758756837904422,9.422120008455401,636.7993609310438,0.0,0.1,off,2.1054086423165375,none,0.030417556651362254,0.85,6.408079363408575,5.440895982306214,5.440895982306214,4.815763181839246,1.3306466953304767,1.2732383542168384,1.3417949900076906,1.1777617848691906,1.1444457717703809,1.207014053064457,1.1777617848691906,1.1444457717703809,1.207014053064457,6.242945029141695,1.026451351645104,1.0054846269599396,1.049487621954442,4.894220746322228,1.3093155571750497,1.2844326930440735,1.3319233945216757
noise_setpoint,ideal,nv_charge_readout_master_v1_4,thin_all_counts,0,sigma0,0.0,5.437,1.0,27.43339830432224,0.9249776330930897,7.504300359171423,12.911749357161563,0.11758756837904422,9.422120008455401,636.7993609310438,0.0,0.1,off,2.1054086423165375,none,0.030417556651362254,0.86,6.942655030386578,5.6798334209523205,5.6798334209523205,5.488538484661493,1.2649369317148493,1.2391581392769835,1.322908255850474,1.2223342686029908,1.1871293921120916,1.2563398659516831,1.2223342686029908,1.1871293921120916,1.2563398659516831,6.633317536413609,1.046633904117338,1.0218963053918904,1.0703694713842762,5.140393331854106,1.350607741894803,1.3221906887727204,1.3742554083335592
noise_setpoint,ideal,nv_charge_readout_master_v1_4,thin_all_counts,0,sigma0,0.0,5.437,1.0,27.43339830432224,0.9249776330930897,7.504300359171423,12.911749357161563,0.11758756837904422,9.422120008455401,636.7993609310438,0.0,0.1,off,2.1054086423165375,none,0.030417556651362254,0.87,7.550696472213594,5.929263818804489,5.929263818804489,5.66485214156176,1.3329026572142657,1.2921689313281635,1.3858767385108621,1.2734627270702272,1.2424813616477852,1.3163198356904873,1.2734627270702272,1.2424813616477852,1.3163198356904873,7.0481001087625685,1.0713094813772823,1.0461547532960256,1.1000970480094527,5.479201347095176,1.3780651583860173,1.3635684610805592,1.3966912626014532
noise_setpoint,ideal,nv_charge_readout_master_v1_4,thin_all_counts,0,sigma0,0.0,5.437,1.0,27.43339830432224,0.9249776330930897,7.504300359171423,12.911749357161563,0.11758756837904422,9.422120008455401,636.7993609310438,0.0,0.1,off,2.1054086423165375,none,0.030417556651362254,0.88,8.295093119339297,6.189647975114289,6.189647975114289,5.905998687454592,1.4045199733890177,1.3646499501454954,1.4244157716580894,1.340155878442527,1.3048179750549347,1.3882967027576918,1.340155878442527,1.3048179750549347,1.3882967027576918,7.488819112072351,1.107663704410645,1.079475049097805,1.1446037293585993,5.9869327929824205,1.3855330277070064,1.3607556742443436,1.4197984104086763
noise_setpoint,ideal,nv_charge_readout_master_v1_4,thin_all_counts,0,sigma0,0.0,5.437,1.0,27.43339830432224,0.9249776330930897,7.504300359171423,12.911749357161563,0.11758756837904422,9.422120008455401,636.7993609310438,0.0,0.1,off,2.1054086423165375,none,0.030417556651362254,0.89,9.321630735681694,6.461466925174053,6.461466925174053,6.481134908086233,1.4382713626361174,1.3379549334911638,1.4588412228080554,1.4426492998616716,0.768821186173085,1.4536731740020372,1.4426492998616716,0.9735257383811828,1.4536731740020372,7.957096356167747,1.1714864717525084,1.135512686057585,1.2272959309826503,6.494664238869666,1.4352752340749235,1.3952084418885256,1.4961405697274557
noise_setpoint,ideal,nv_charge_readout_master_v1_4,thin_all_counts,0,sigma0,0.0,5.437,1.0,27.43339830432224,0.9249776330930897,7.504300359171423,12.911749357161563,0.11758756837904422,9.422120008455401,636.7993609310438,0.0,0.1,off,2.1054086423165375,none,0.030417556651362254,0.9,11.237814908216254,12.813828499201348,11.455354745155148,7.089181601696499,1.5852062395364444,1.4378256446804163,1.944241827826666,0.877006814077204,0.8152537654265422,1.1111188419467588,0.9810097686384702,0.935165169422254,1.1822433597880055,8.528846156368955,1.31762429550032,1.237944866449008,1.671793146127616,7.002395684756909,1.6048528838036349,1.50226731102401,2.01137621262687
noise_setpoint,ideal,nv_charge_readout_master_v1_4,thin_all_counts,0,sigma0,0.0,5.437,1.0,27.43339830432224,0.9249776330930897,7.504300359171423,12.911749357161563,0.11758756837904422,9.422120008455401,636.7993609310438,0.0,0.1,off,2.1054086423165375,none,0.030417556651362254,0.91,16.35344068096715,13.477484972870222,12.82434158513714,8.083941505834854,2.022953860955514,1.5819094873608743,2.059748524310833,1.2133896430889102,1.181265904163714,1.2339981273468097,1.2751875464639904,1.239501074959442,1.29901461627087,9.265721233643584,1.7649398539628247,1.6843674795821293,1.8311819465159218,7.903894266071178,2.0690358613686293,1.970679502504941,2.1704200401595624
noise_setpoint,ideal,nv_charge_readout_master_v1_4,thin_all_counts,0,sigma0,0.0,5.437,1.0,27.43339830432224,0.9249776330930897,7.504300359171423,12.911749357161563,0.11758756837904422,9.422120008455401,636.7993609310438,0.0,0.1,off,2.1054086423165375,none,0.030417556651362254,0.92,17.74235699889646,14.17551368080694,13.726871257906964,11.251545131865017,1.576881822981725,1.540885949042429,1.6595372957735175,1.2516200399085982,1.2258826139879178,1.2851155574705395,1.2925273841026588,1.2658290774112064,1.3267299926284,10.479732680243963,1.6930161808748951,1.626934343289697,1.7679613662086422,8.973036281280113,1.977296919651516,1.9061800650237373,2.063916715559512
noise_setpoint,ideal,nv_charge_readout_master_v1_4,thin_all_counts,0,sigma0,0.0,5.437,1.0,27.43339830432224,0.9249776330930897,7.504300359171423,12.911749357161563,0.11758756837904422,9.422120008455401,636.7993609310438,0.0,0.1,off,2.1054086423165375,none,0.030417556651362254,0.93,19.664561197270434,14.90969483692554,14.692917627017287,11.65048048517805,1.6878755534836558,1.578764721678541,1.7293615092071946,1.3189110449510295,1.2890954296751278,1.3617010232445912,1.3383700702923227,1.3116585025807828,1.3776986147045944,11.85280608816532,1.6590637736750729,1.5623388688529947,1.7280551924380838,10.2169986063887,1.924690601893022,1.8215733974989903,2.0183591459230024
noise_setpoint,ideal,nv_charge_readout_master_v1_4,thin_all_counts,0,sigma0,0.0,5.437,1.0,27.43339830432224,0.9249776330930897,7.504300359171423,12.911749357161563,0.11758756837904422,9.422120008455401,636.7993609310438,0.0,0.1,off,2.1054086423165375,none,0.030417556651362254,0.94,25.012993112115517,nan,26.689899560380574,14.802544655104827,1.6897765684827373,1.4758971620726298,1.7850038981323346,nan,1.384543342976871,1.4407265366701911,0.9371707471408279,0.8607894590303583,1.4478964017222862,15.08915992028586,1.65767963519878,1.4939038336127075,1.770548806290087,12.335062480995497,2.027796223217578,1.8080981005604373,2.1513420321483556
noise_setpoint,ideal,nv_charge_readout_master_v1_4,thin_all_counts,0,sigma0,0.0,5.437,1.0,27.43339830432224,0.9249776330930897,7.504300359171423,12.911749357161563,0.11758756837904422,9.422120008455401,636.7993609310438,0.0,0.1,off,2.1054086423165375,none,0.030417556651362254,0.95,nan,nan,nan,nan,nan,nan,nan,nan,nan,nan,nan,nan,nan,nan,nan,nan,nan,nan,nan,nan,nan
noise_setpoint,ideal,nv_charge_readout_master_v1_4,thin_all_counts,0,sigma0,0.0,5.437,1.0,27.43339830432224,0.9249776330930897,7.504300359171423,12.911749357161563,0.11758756837904422,9.422120008455401,636.7993609310438,0.0,0.1,off,2.1054086423165375,none,0.030417556651362254,0.96,nan,nan,nan,nan,nan,nan,nan,nan,nan,nan,nan,nan,nan,nan,nan,nan,nan,nan,nan,nan,nan
noise_setpoint,ideal,nv_charge_readout_master_v1_4,thin_all_counts,0,sigma0,0.0,5.437,1.0,27.43339830432224,0.9249776330930897,7.504300359171423,12.911749357161563,0.11758756837904422,9.422120008455401,636.7993609310438,0.0,0.1,off,2.1054086423165375,none,0.030417556651362254,0.97,nan,nan,nan,nan,nan,nan,nan,nan,nan,nan,nan,nan,nan,nan,nan,nan,nan,nan,nan,nan,nan
noise_setpoint,ideal,nv_charge_readout_master_v1_4,thin_all_counts,0,sigma0,0.0,5.437,1.0,27.43339830432224,0.9249776330930897,7.504300359171423,12.911749357161563,0.11758756837904422,9.422120008455401,636.7993609310438,0.0,0.1,off,2.1054086423165375,none,0.030417556651362254,0.98,nan,nan,nan,nan,nan,nan,nan,nan,nan,nan,nan,nan,nan,nan,nan,nan,nan,nan,nan,nan,nan
noise_setpoint,ideal,nv_charge_readout_master_v1_4,thin_all_counts,0,sigma0,0.0,5.437,1.0,27.43339830432224,0.9249776330930897,7.504300359171423,12.911749357161563,0.11758756837904422,9.422120008455401,636.7993609310438,0.0,0.1,off,2.1054086423165375,none,0.030417556651362254,0.99,nan,nan,nan,nan,nan,nan,nan,nan,nan,nan,nan,nan,nan,nan,nan,nan,nan,nan,nan,nan,nan
noise_setpoint,ideal,nv_charge_readout_master_v1_4,thin_all_counts,1,sigma0.05,0.05,5.437,1.0,27.43339830432224,0.9249776330930897,7.504300359171423,12.911749357161563,0.11758756837904422,9.422120008455401,636.7993609310438,0.05,0.1,ou,2.1054086423165375,none,0.07514517591568648,0.55,0.46954272687365883,1.5856149564376372,1.5856149564376372,0.44982418098540233,1.043836118025181,1.0276051392416117,1.0691739127434317,0.2961265753500264,0.2777424490268783,0.3170103467650458,0.2961265753500264,0.2777424490268783,0.3170103467650458,4.974995007273436,0.09438054232962807,0.08812669685752093,0.10134298132937213,0.44929950574169014,1.0450550710011395,1.0151856455772288,1.0839060495665476
noise_setpoint,ideal,nv_charge_readout_master_v1_4,thin_all_counts,1,sigma0.05,0.05,5.437,1.0,27.43339830432224,0.9249776330930897,7.504300359171423,12.911749357161563,0.11758756837904422,9.422120008455401,636.7993609310438,0.05,0.1,ou,2.1054086423165375,none,0.07514517591568648,0.56,0.5639191462476001,1.5856149564376372,1.5856149564376372,0.5282743188352507,1.067474087120002,1.0454914884138164,1.084947192664787,0.35564696457867906,0.33654509129412324,0.3727851199030183,0.35564696457867906,0.33654509129412324,0.3727851199030183,4.974995007273436,0.11335069591490063,0.1068340450107721,0.11907133317772624,0.5428714387798308,1.0387710716833374,1.0119774938708528,1.0685142788050228
noise_setpoint,ideal,nv_charge_readout_master_v1_4,thin_all_counts,1,sigma0.05,0.05,5.437,1.0,27.43339830432224,0.9249776330930897,7.504300359171423,12.911749357161563,0.11758756837904422,9.422120008455401,636.7993609310438,0.05,0.1,ou,2.1054086423165375,none,0.07514517591568648,0.57,0.6499388303344931,1.5856149564376372,1.5856149564376372,0.6204063003671741,1.0476019182104384,1.031811927298264,1.0657735437407818,0.40989701042849325,0.3901075350727775,0.4313184166955152,0.40989701042849325,0.3901075350727775,0.4313184166955152,4.974995007273436,0.1306411020280992,0.12391267155887234,0.1377527070766308,0.6364433718179703,1.021204492204819,0.9978961852419851,1.0476453750648491
noise_setpoint,ideal,nv_charge_readout_master_v1_4,thin_all_counts,1,sigma0.05,0.05,5.437,1.0,27.43339830432224,0.9249776330930897,7.504300359171423,12.911749357161563,0.11758756837904422,9.422120008455401,636.7993609310438,0.05,0.1,ou,2.1054086423165375,none,0.07514517591568648,0.58,0.7539655318110301,1.5856149564376372,1.5856149564376372,0.7100156385958938,1.0618998946305611,1.0446052841337468,1.0823736722344095,0.4755035443818884,0.44810028798686696,0.5031872390551925,0.4755035443818884,0.44810028798686696,0.5031872390551925,4.974995007273436,0.15155101275654217,0.14216295523724157,0.16098612968458217,0.7300153048561109,1.0328078422405678,1.012810148578665,1.0586391501063885
noise_setpoint,ideal,nv_charge_readout_master_v1_4,thin_all_counts,1,sigma0.05,0.05,5.437,1.0,27.43339830432224,0.9249776330930897,7.504300359171423,12.911749357161563,0.11758756837904422,9.422120008455401,636.7993609310438,0.05,0.1,ou,2.1054086423165375,none,0.07514517591568648,0.59,0.8622130884359055,1.5856149564376372,1.5856149564376372,0.8000638318544118,1.0776803726240722,1.0605135837082738,1.096508923158715,0.5437720456251364,0.518270862821477,0.5697224622328622,0.5437720456251364,0.518270862821477,0.5697224622328622,4.974995007273436,0.17330933743156549,0.16451432959310436,0.1821651447523793,0.8245457656048772,1.0456825132118603,1.035740661786248,1.0619462064514475
noise_setpoint,ideal,nv_charge_readout_master_v1_4,thin_all_counts,1,sigma0.05,0.05,5.437,1.0,27.43339830432224,0.9249776330930897,7.504300359171423,12.911749357161563,0.11758756837904422,9.422120008455401,636.7993609310438,0.05,0.1,ou,2.1054086423165375,none,0.07514517591568648,0.6,0.9751807548829665,1.5856149564376372,1.5856149564376372,0.9015324455492444,1.081692355829582,1.0632348669627198,1.0999156718506318,0.6150173791712217,0.5829273057349745,0.6528352972058837,0.6150173791712217,0.5829273057349745,0.6528352972058837,4.974995007273436,0.19601642885214027,0.18494612368940813,0.20863857931707572,0.923047269726236,1.0564797566349908,1.0416548323695423,1.0797273157602763
noise_setpoint,ideal,nv_charge_readout_master_v1_4,thin_all_counts,1,sigma0.05,0.05,5.437,1.0,27.43339830432224,0.9249776330930897,7.504300359171423,12.911749357161563,0.11758756837904422,9.422120008455401,636.7993609310438,0.05,0.1,ou,2.1054086423165375,none,0.07514517591568648,0.61,1.0884903902382392,1.5856149564376372,1.5856149564376372,1.015869881899498,1.071486033430732,1.0564016930347366,1.0926517367210595,0.6864783822951093,0.6600924974547847,0.7138788890803626,0.6864783822951093,0.6600924974547847,0.7138788890803626,4.974995007273436,0.2187922578106848,0.20954737788439226,0.22816447700967182,1.0215487738475948,1.0655295352550944,1.0548874076024002,1.0818636489284654
noise_setpoint,ideal,nv_charge_readout_master_v1_4,thin_all_counts,1,sigma0.05,0.05,5.437,1.0,27.43339830432224,0.9249776330930897,7.504300359171423,12.911749357161563,0.11758756837904422,9.422120008455401,636.7993609310438,0.05,0.1,ou,2.1054086423165375,none,0.07514517591568648,0.62,1.1916923363613494,1.5856149564376372,1.5856149564376372,1.1168221356919077,1.067038607381342,1.0560546560178197,1.0797949159141644,0.7515647676777064,0.720083274524378,0.7862848329057472,0.7515647676777064,0.720083274524378,0.7862848329057472,4.974995007273436,0.23953638840221886,0.22851897475917918,0.25099754181530587,1.1200502779689534,1.0639632521874895,1.0508968450432477,1.0757162677889323
noise_setpoint,ideal,nv_charge_readout_master_v1_4,thin_all_counts,1,sigma0.05,0.05,5.437,1.0,27.43339830432224,0.9249776330930897,7.504300359171423,12.911749357161563,0.11758756837904422,9.422120008455401,636.7993609310438,0.05,0.1,ou,2.1054086423165375,none,0.07514517591568648,0.63,1.3118413088217766,1.5856149564376372,1.5856149564376372,1.2169990037249614,1.0779312923071622,1.0633346020866252,1.0964481044828882,0.8273391364629019,0.7888784592936249,0.8662958454561233,0.8273391364629019,0.7888784592936249,0.8662958454561233,4.974995007273436,0.26368695986706847,0.25030305243060724,0.2769491119429756,1.2242959096576072,1.071506731725219,1.0620286518877116,1.0833364740637925
noise_setpoint,ideal,nv_charge_readout_master_v1_4,thin_all_counts,1,sigma0.05,0.05,5.437,1.0,27.43339830432224,0.9249776330930897,7.504300359171423,12.911749357161563,0.11758756837904422,9.422120008455401,636.7993609310438,0.05,0.1,ou,2.1054086423165375,none,0.07514517591568648,0.64,1.4364083207227307,1.5856149564376372,1.5856149564376372,1.3261615504692403,1.083132232430115,1.0700609402238541,1.095649487880428,0.9058998307822944,0.8623904442475353,0.9476959709971725,0.9058998307822944,0.8623904442475353,0.9476959709971725,4.974995007273436,0.2887255803518805,0.273894249268543,0.3027354034990691,1.3373088939489737,1.0741036175128722,1.0652293563629627,1.082749930155837
noise_setpoint,ideal,nv_charge_readout_master_v1_4,thin_all_counts,1,sigma0.05,0.05,5.437,1.0,27.43339830432224,0.9249776330930897,7.504300359171423,12.911749357161563,0.11758756837904422,9.422120008455401,636.7993609310438,0.05,0.1,ou,2.1054086423165375,none,0.07514517591568648,0.65,1.5677878979581672,1.5856149564376372,1.5856149564376372,1.4451157745897731,1.084887401774586,0.9939048463870601,1.0949041850603953,0.9887570066067479,0.9426752249563629,1.0316796525981582,0.9887570066067479,0.9426752249563629,1.0316796525981582,4.974995007273436,0.3151335620771606,0.2999447891359365,0.32968510047413574,1.461920113381689,1.0724169423537013,1.0613900931594553,1.0846959665786813
noise_setpoint,ideal,nv_charge_readout_master_v1_4,thin_all_counts,1,sigma0.05,0.05,5.437,1.0,27.43339830432224,0.9249776330930897,7.504300359171423,12.911749357161563,0.11758756837904422,9.422120008455401,636.7993609310438,0.05,0.1,ou,2.1054086423165375,none,0.07514517591568648,0.66,1.706671232147556,1.5856149564376372,1.5856149564376372,1.5856149564376372,1.0763465778488195,1.0293188437369853,1.1016170508593326,1.0763465778488195,1.002901885006157,1.1016170508593326,1.0763465778488195,1.002901885006157,1.1016170508593326,4.974995007273436,0.343049838171175,0.3274935534866074,0.3578413465572423,1.5894561051543967,1.0737454319204198,1.054868617434197,1.0911465412092554
noise_setpoint,ideal,nv_charge_readout_master_v1_4,thin_all_counts,1,sigma0.05,0.05,5.437,1.0,27.43339830432224,0.9249776330930897,7.504300359171423,12.911749357161563,0.11758756837904422,9.422120008455401,636.7993609310438,0.05,0.1,ou,2.1054086423165375,none,0.07514517591568648,0.67,1.845012507859485,1.8138816113497533,1.8138816113497533,1.759744280847606,1.0484548965096272,1.0413146244586282,1.1131180207512645,1.0171625845451768,1.0030495575893839,1.0364672369630126,1.0171625845451768,1.0030495575893839,1.0364672369630126,4.974995007273436,0.37085715767796334,0.35561265597444,0.3874826635701934,1.7169920969271044,1.0745608620805527,1.0579648054983153,1.0948807278719208
noise_setpoint,ideal,nv_charge_readout_master_v1_4,thin_all_counts,1,sigma0.05,0.05,5.437,1.0,27.43339830432224,0.9249776330930897,7.504300359171423,12.911749357161563,0.11758756837904422,9.422120008455401,636.7993609310438,0.05,0.1,ou,2.1054086423165375,none,0.07514517591568648,0.68,1.9954746569203647,1.9144632160639448,1.9144632160639448,1.81864564122414,1.0972311547054323,1.0701529623432393,1.1237227250757735,1.0423154857072554,1.0227320086448828,1.063380394612712,1.0423154857072554,1.0227320086448828,1.063380394612712,4.974995007273436,0.401100836081842,0.3838318000057554,0.41932632848233964,1.8445280886998119,1.081834789692443,1.0643201038536072,1.1039617340359897
noise_setpoint,ideal,nv_charge_readout_master_v1_4,thin_all_counts,1,sigma0.05,0.05,5.437,1.0,27.43339830432224,0.9249776330930897,7.504300359171423,12.911749357161563,0.11758756837904422,9.422120008455401,636.7993609310438,0.05,0.1,ou,2.1054086423165375,none,0.07514517591568648,0.69,2.159469075406492,2.020622174417744,2.020622174417744,1.9059739916612157,1.1330002848172833,1.1210313761502149,1.1466157631429088,1.0687149249110648,1.0477200976929826,1.0951364757229887,1.0687149249110648,1.0477200976929826,1.0951364757229887,4.974995007273436,0.43406457137129806,0.4156844851682335,0.454816347386007,1.9720640804725182,1.0950298708797892,1.07533971667397,1.1179068044974791
noise_setpoint,ideal,nv_charge_readout_master_v1_4,thin_all_counts,1,sigma0.05,0.05,5.437,1.0,27.43339830432224,0.9249776330930897,7.504300359171423,12.911749357161563,0.11758756837904422,9.422120008455401,636.7993609310438,0.05,0.1,ou,2.1054086423165375,none,0.07514517591568648,0.7,2.331402546248194,2.132667756418425,2.132667756418425,2.0317191626096274,1.1475023660522257,1.1347244024290013,1.1615658235912316,1.0931860057581222,1.0707839654777405,1.1185775349815366,1.0931860057581222,1.0707839654777405,1.1185775349815366,4.974995007273436,0.46862409768043717,0.44993162927608177,0.4899971303416554,2.099600072245226,1.1104031558520038,1.092758160902941,1.129295982328649
noise_setpoint,ideal,nv_charge_readout_master_v1_4,thin_all_counts,1,sigma0.05,0.05,5.437,1.0,27.43339830432224,0.9249776330930897,7.504300359171423,12.911749357161563,0.11758756837904422,9.422120008455401,636.7993609310438,0.05,0.1,ou,2.1054086423165375,none,0.07514517591568648,0.71,2.510553715529198,2.2509263814138896,2.2509263814138896,2.1657602746810674,1.1592020339826878,1.143953960603964,1.1734653821269685,1.115342436900236,1.092530273588964,1.137103045067606,1.115342436900236,1.092530273588964,1.137103045067606,4.974995007273436,0.5046344191016818,0.48451247220662297,0.5234232777876756,2.2271360640179334,1.127256549831067,1.1115634569768833,1.141981100049837
noise_setpoint,ideal,nv_charge_readout_master_v1_4,thin_all_counts,1,sigma0.05,0.05,5.437,1.0,27.43339830432224,0.9249776330930897,7.504300359171423,12.911749357161563,0.11758756837904422,9.422120008455401,636.7993609310438,0.05,0.1,ou,2.1054086423165375,none,0.07514517591568648,0.72,2.686051191966258,2.3757425690412872,2.3757425690412872,2.3086446462226164,1.1634753734669174,1.1511652337980054,1.1762737169309583,1.1306154239809718,1.1085828515940959,1.1564283621138576,1.1306154239809718,1.1085828515940959,1.1564283621138576,4.974995007273436,0.5399103291640002,0.5191758510765349,0.5587565094991881,2.3546720557906413,1.1407326066322843,1.1303840109961656,1.1497977692483525
noise_setpoint,ideal,nv_charge_readout_master_v1_4,thin_all_counts,1,sigma0.05,0.05,5.437,1.0,27.43339830432224,0.9249776330930897,7.504300359171423,12.911749357161563,0.11758756837904422,9.422120008455401,636.7993609310438,0.05,0.1,ou,2.1054086423165375,none,0.07514517591568648,0.73,2.8761036212481534,2.507479942906705,2.507479942906705,2.460955704489144,1.1686937786006137,1.1566352156414315,1.1801063398211997,1.1470096219051447,1.1227042869987667,1.1711582970537822,1.1470096219051447,1.1227042869987667,1.1711582970537822,4.974995007273436,0.5781118608246428,0.5540271657381692,0.5993225946510206,2.4921742758889054,1.1540539716959837,1.145887483093176,1.1612704129300688
noise_setpoint,ideal,nv_charge_readout_master_v1_4,thin_all_counts,1,sigma0.05,0.05,5.437,1.0,27.43339830432224,0.9249776330930897,7.504300359171423,12.911749357161563,0.11758756837904422,9.422120008455401,636.7993609310438,0.05,0.1,ou,2.1054086423165375,none,0.07514517591568648,0.74,3.082845018713972,2.646522289919933,2.646522289919933,2.61758689886004,1.1777431419971396,1.1692540343395057,1.1857590408672571,1.1648664477363004,1.1419180031993963,1.1866030702093942,1.1648664477363004,1.1419180031993963,1.1866030702093942,4.974995007273436,0.6196679623209383,0.5935211925052462,0.642659835622726,2.664558295126621,1.156981637201326,1.145170671942968,1.1721342246008792
noise_setpoint,ideal,nv_charge_readout_master_v1_4,thin_all_counts,1,sigma0.05,0.05,5.437,1.0,27.43339830432224,0.9249776330930897,7.504300359171423,12.911749357161563,0.11758756837904422,9.422120008455401,636.7993609310438,0.05,0.1,ou,2.1054086423165375,none,0.07514517591568648,0.75,3.294625447788566,2.793274678370436,2.793274678370436,2.775853848618006,1.1868872164969482,1.1795364249619829,1.1941246878312386,1.179484951229577,1.1586089829078594,1.1966445555205196,1.179484951229577,1.1586089829078594,1.1966445555205196,4.974995007273436,0.6622369355088454,0.6357606241118069,0.6853094494607391,2.836942314364336,1.161329728527378,1.1448655696669379,1.1769712637026357
noise_setpoint,ideal,nv_charge_readout_master_v1_4,thin_all_counts,1,sigma0.05,0.05,5.437,1.0,27.43339830432224,0.9249776330930897,7.504300359171423,12.911749357161563,0.11758756837904422,9.422120008455401,636.7993609310438,0.05,0.1,ou,2.1054086423165375,none,0.07514517591568648,0.76,3.51538375497939,2.9481646380017885,2.9481646380017885,3.3076567519216864,1.0628018620544644,1.0507231164365933,1.2005950223029538,1.1923973680662734,1.1756296856482615,1.2072089633883276,1.1923973680662734,1.1756296856482615,1.2072089633883276,4.974995007273436,0.7066105091241104,0.679048774894599,0.7327275574483464,3.0093263336020515,1.168163025633583,1.1488526435220154,1.1866991168926535
noise_setpoint,ideal,nv_charge_readout_master_v1_4,thin_all_counts,1,sigma0.05,0.05,5.437,1.0,27.43339830432224,0.9249776330930897,7.504300359171423,12.911749357161563,0.11758756837904422,9.422120008455401,636.7993609310438,0.05,0.1,ou,2.1054086423165375,none,0.07514517591568648,0.77,3.7622661320526958,3.1116434055224524,3.1116434055224524,3.3076567519216864,1.1374415225724042,1.0925619610375128,1.1796372846403207,1.2090929588446855,1.191381981969731,1.2191937780104356,1.2090929588446855,1.191381981969731,1.2191937780104356,4.974995007273436,0.7562351573322723,0.7244359221479768,0.7865499776523993,3.1817103528397666,1.182466571381888,1.1592676043403491,1.2054084308044561
noise_setpoint,ideal,nv_charge_readout_master_v1_4,thin_all_counts,1,sigma0.05,0.05,5.437,1.0,27.43339830432224,0.9249776330930897,7.504300359171423,12.911749357161563,0.11758756837904422,9.422120008455401,636.7993609310438,0.05,0.1,ou,2.1054086423165375,none,0.07514517591568648,0.78,4.030537605800656,3.284187239181413,3.284187239181413,3.3076567519216864,1.2185477236895845,1.17221798006885,1.228457482163349,1.2272557294282866,0.9980427900052795,1.232786197375586,1.2272557294282866,0.9980427900052795,1.232786197375586,4.974995007273436,0.8101591257695767,0.7772966300236994,0.8396304509638067,3.354094372077482,1.2016768637622421,1.1817356522845621,1.2208793532701419
noise_setpoint,ideal,nv_charge_readout_master_v1_4,thin_all_counts,1,sigma0.05,0.05,5.437,1.0,27.43339830432224,0.9249776330930897,7.504300359171423,12.911749357161563,0.11758756837904422,9.422120008455401,636.7993609310438,0.05,0.1,ou,2.1054086423165375,none,0.07514517591568648,0.79,4.285737204820754,4.230852643672953,4.230852643672953,3.506083146383774,1.2223718109027526,1.1822940169164986,1.2439313818341051,1.012972458691011,1.002590391589911,1.0247115827409543,1.012972458691011,1.002590391589911,1.0247115827409543,4.974995007273436,0.861455579061891,0.8299479166179583,0.8911084422464102,3.526478391315197,1.2153022730482101,1.201328448908026,1.2296921189905061
noise_setpoint,ideal,nv_charge_readout_master_v1_4,thin_all_counts,1,sigma0.05,0.05,5.437,1.0,27.43339830432224,0.9249776330930897,7.504300359171423,12.911749357161563,0.11758756837904422,9.422120008455401,636.7993609310438,0.05,0.1,ou,2.1054086423165375,none,0.07514517591568648,0.8,4.555612261289128,4.423040516242014,4.423040516242014,3.883980374994022,1.1729236045112972,1.1509028144890905,1.254759557114197,1.029972989069463,1.0151724943199067,1.0467756298619815,1.029972989069463,1.0151724943199067,1.0467756298619815,4.974995007273436,0.9157018760076803,0.8827923257105379,0.9481303414892512,3.6988624105529126,1.2316252284193905,1.2191012790536502,1.246605073846567
noise_setpoint,ideal,nv_charge_readout_master_v1_4,thin_all_counts,1,sigma0.05,0.05,5.437,1.0,27.43339830432224,0.9249776330930897,7.504300359171423,12.911749357161563,0.11758756837904422,9.422120008455401,636.7993609310438,0.05,0.1,ou,2.1054086423165375,none,0.07514517591568648,0.81,4.872087155387776,4.623958586119614,4.623958586119614,3.8897816335528184,1.2525348758299697,1.1973539608081714,1.260790505790687,1.0536615033735388,1.0323353189185398,1.0742062291842422,1.0536615033735388,1.0323353189185398,1.0742062291842422,4.974995007273436,0.979314983887379,0.9413030340258345,0.994573693232195,3.8982303348468847,1.2498202355657217,1.2360519104837269,1.2628649004582655
noise_setpoint,ideal,nv_charge_readout_master_v1_4,thin_all_counts,1,sigma0.05,0.05,5.437,1.0,27.43339830432224,0.9249776330930897,7.504300359171423,12.911749357161563,0.11758756837904422,9.422120008455401,636.7993609310438,0.05,0.1,ou,2.1054086423165375,none,0.07514517591568648,0.82,5.214373558149088,4.83400342538924,4.83400342538924,4.257866527237039,1.2246446723478515,1.1929388815776247,1.232112125698426,1.0786863597907401,1.056118702273251,1.104933636836822,1.0786863597907401,1.056118702273251,1.104933636836822,5.25644236243256,0.9919967153860308,0.9819529425090319,1.0034217899116413,4.1677564122871225,1.2511224367087275,1.236912540180766,1.2679966730003587
noise_setpoint,ideal,nv_charge_readout_master_v1_4,thin_all_counts,1,sigma0.05,0.05,5.437,1.0,27.43339830432224,0.9249776330930897,7.504300359171423,12.911749357161563,0.11758756837904422,9.422120008455401,636.7993609310438,0.05,0.1,ou,2.1054086423165375,none,0.07514517591568648,0.83,5.595357382605986,5.053589620551684,5.053589620551684,4.469743368441479,1.251829673737396,1.2152527291237365,1.2892178822888825,1.1072045422626062,1.084136980367222,1.1338754530214727,1.1072045422626062,1.084136980367222,1.1338754530214727,5.606237927133617,0.9980592074990305,0.9857212958452469,1.0135727348620234,4.437282489727362,1.2609874164107542,1.2449911049146167,1.2805012032853973
noise_setpoint,ideal,nv_charge_readout_master_v1_4,thin_all_counts,1,sigma0.05,0.05,5.437,1.0,27.43339830432224,0.9249776330930897,7.504300359171423,12.911749357161563,0.11758756837904422,9.422120008455401,636.7993609310438,0.05,0.1,ou,2.1054086423165375,none,0.07514517591568648,0.84,6.033960732407912,5.283150590835857,5.283150590835857,4.699433765911551,1.283976119884201,1.2632793810756442,1.3174406286549305,1.1421140905720932,1.111125039572849,1.1727935657090902,1.1421140905720932,1.111125039572849,1.1727935657090902,5.979311010857617,1.0091398024707292,0.9886958661582718,1.0307126381300296,4.706808567167602,1.281964338744914,1.2570637018242456,1.3041775480030158
noise_setpoint,ideal,nv_charge_readout_master_v1_4,thin_all_counts,1,sigma0.05,0.05,5.437,1.0,27.43339830432224,0.9249776330930897,7.504300359171423,12.911749357161563,0.11758756837904422,9.422120008455401,636.7993609310438,0.05,0.1,ou,2.1054086423165375,none,0.07514517591568648,0.85,6.564159614596348,5.523139443681662,5.523139443681662,5.107451418383592,1.2852123450395492,1.2757160505830576,1.3509114342684263,1.1884834126550232,1.1558878304298463,1.2228277498301594,1.1884834126550232,1.1558878304298463,1.2228277498301594,6.377210640940934,1.02931516366344,1.0050830109734517,1.0536845042400849,4.976334644607843,1.3190751995967571,1.2945992260686554,1.3407962775344293
noise_setpoint,ideal,nv_charge_readout_master_v1_4,thin_all_counts,1,sigma0.05,0.05,5.437,1.0,27.43339830432224,0.9249776330930897,7.504300359171423,12.911749357161563,0.11758756837904422,9.422120008455401,636.7993609310438,0.05,0.1,ou,2.1054086423165375,none,0.07514517591568648,0.86,7.1409466114797,5.7740298690834635,5.7740298690834635,5.536001127700873,1.289910613592192,1.268445096838861,1.3450663819056823,1.2367353085087545,1.1995225776532368,1.2702458775994006,1.2367353085087545,1.1995225776532368,1.2702458775994006,6.8015889263965725,1.049893883437457,1.0223675575461466,1.0755799179063246,5.245860722048084,1.3612535653999862,1.3362909562367349,1.3766794800951965
noise_setpoint,ideal,nv_charge_readout_master_v1_4,thin_all_counts,1,sigma0.05,0.05,5.437,1.0,27.43339830432224,0.9249776330930897,7.504300359171423,12.911749357161563,0.11758756837904422,9.422120008455401,636.7993609310438,0.05,0.1,ou,2.1054086423165375,none,0.07514517591568648,0.87,7.838739164534277,6.036317074559379,6.036317074559379,5.68157322275501,1.3796775747146406,1.3233299172973745,1.4080750677590548,1.2985963241678233,1.2490508569070886,1.3396021867411188,1.2985963241678233,1.2490508569070886,1.3396021867411188,7.254207917594322,1.0805782317766541,1.046017411529204,1.1103207313410708,5.738847264625054,1.3659083092964,1.3460789285652568,1.3894752904224876
noise_setpoint,ideal,nv_charge_readout_master_v1_4,thin_all_counts,1,sigma0.05,0.05,5.437,1.0,27.43339830432224,0.9249776330930897,7.504300359171423,12.911749357161563,0.11758756837904422,9.422120008455401,636.7993609310438,0.05,0.1,ou,2.1054086423165375,none,0.07514517591568648,0.88,8.778757748520327,6.3105187625918715,6.3105187625918715,6.18012887495763,1.4204813404608028,1.3706598295138868,1.4588159480312528,1.3911309162980279,1.3315025829504323,1.4470031637184895,1.3911309162980279,1.3315025829504323,1.4470031637184895,7.736946922425622,1.1346539967949123,1.0945809122987984,1.17365855676011,6.269985593932685,1.4001240699843585,1.3633694292646912,1.4454853009135862
noise_setpoint,ideal,nv_charge_readout_master_v1_4,thin_all_counts,1,sigma0.05,0.05,5.437,1.0,27.43339830432224,0.9249776330930897,7.504300359171423,12.911749357161563,0.11758756837904422,9.422120008455401,636.7993609310438,0.05,0.1,ou,2.1054086423165375,none,0.07514517591568648,0.89,10.109818061804365,12.510170656088468,10.458965877716716,7.08062608443452,1.4278141425980644,1.3573815780006966,1.5182479608081998,0.8081279096607771,0.7769130297328579,1.454456691331276,0.9666173673387514,0.9275319316208556,1.454456691331276,8.246957122382602,1.2258846398468446,1.168703701143171,1.2779946757058998,6.801123923240317,1.4864922586188754,1.42327225684424,1.5472967112248877
noise_setpoint,ideal,nv_charge_readout_master_v1_4,thin_all_counts,1,sigma0.05,0.05,5.437,1.0,27.43339830432224,0.9249776330930897,7.504300359171423,12.911749357161563,0.11758756837904422,9.422120008455401,636.7993609310438,0.05,0.1,ou,2.1054086423165375,none,0.07514517591568648,0.9,13.577331029206656,13.112873923835375,12.514111644527565,8.044749697822567,1.6877257266166485,1.435669960374633,1.9693017005319107,1.035419932203194,0.8505355706775946,1.1915575593884207,1.0849616349031086,0.9292727434978789,1.2416960255989289,8.776105249006514,1.5470793300642853,1.281891358705927,1.768451284352405,7.475019245950251,1.8163606784775117,1.5422639151366495,2.0668244200027237
noise_setpoint,ideal,nv_charge_readout_master_v1_4,thin_all_counts,1,sigma0.05,0.05,5.437,1.0,27.43339830432224,0.9249776330930897,7.504300359171423,12.911749357161563,0.11758756837904422,9.422120008455401,636.7993609310438,0.05,0.1,ou,2.1054086423165375,none,0.07514517591568648,0.91,16.5505310096281,13.744613664300259,13.32832207106754,10.162328027983252,1.628616097025615,1.5340992796417456,2.0154502114725554,1.204146687121212,1.1787766679382357,1.2260860514862058,1.2417565332965033,1.2112331657366484,1.2677054982338622,9.723328523343982,1.7021466434969483,1.6457769638130069,1.7586640000523626,8.417297716256513,1.9662523018122184,1.898939738471714,2.035396943464975
noise_setpoint,ideal,nv_charge_readout_master_v1_4,thin_all_counts,1,sigma0.05,0.05,5.437,1.0,27.43339830432224,0.9249776330930897,7.504300359171423,12.911749357161563,0.11758756837904422,9.422120008455401,636.7993609310438,0.05,0.1,ou,2.1054086423165375,none,0.07514517591568648,0.92,17.801395765320873,14.406788769430495,14.19550778163227,11.303412745551652,1.574869127231193,1.532060447072168,1.6477696390022925,1.2356255130979177,1.2116661641631492,1.2754792646530513,1.2540161323678962,1.2244613429452889,1.2939539241664422,10.772787573801857,1.6524409901678334,1.59409280529606,1.7139526118722352,9.359576186562778,1.9019446404932014,1.8367935065127345,1.9731269733695218
noise_setpoint,ideal,nv_charge_readout_master_v1_4,thin_all_counts,1,sigma0.05,0.05,5.437,1.0,27.43339830432224,0.9249776330930897,7.504300359171423,12.911749357161563,0.11758756837904422,9.422120008455401,636.7993609310438,0.05,0.1,ou,2.1054086423165375,none,0.07514517591568648,0.93,20.009130912672223,15.10086552567757,15.119115527363764,11.861770578359545,1.6868587012782572,1.4907913731806504,1.7671368147520037,1.3250320571790153,1.2815043682829619,1.3918838956663733,1.3234326357555855,0.9343880839159298,1.3927730603996757,12.031892428714722,1.663007796256507,1.5775914813387188,1.761201609937154,10.802162849495108,1.852326352736614,1.7680713723214139,1.9649489068872084
noise_setpoint,ideal,nv_charge_readout_master_v1_4,thin_all_counts,1,sigma0.05,0.05,5.437,1.0,27.43339830432224,0.9249776330930897,7.504300359171423,12.911749357161563,0.11758756837904422,9.422120008455401,636.7993609310438,0.05,0.1,ou,2.1054086423165375,none,0.07514517591568648,0.94,nan,nan,29.591794591518774,14.848067725016678,nan,1.2963585328439156,1.7657267675702106,nan,nan,nan,nan,0.831376262253834,0.9714949192415755,14.672288747207624,nan,1.628606250230797,1.8904042961127374,12.84685875141902,nan,1.8223735447259635,2.1302583568150277
noise_setpoint,ideal,nv_charge_readout_master_v1_4,thin_all_counts,1,sigma0.05,0.05,5.437,1.0,27.43339830432224,0.9249776330930897,7.504300359171423,12.911749357161563,0.11758756837904422,9.422120008455401,636.7993609310438,0.05,0.1,ou,2.1054086423165375,none,0.07514517591568648,0.95,nan,nan,nan,nan,nan,nan,nan,nan,nan,nan,nan,nan,nan,nan,nan,nan,nan,nan,nan,nan,nan
noise_setpoint,ideal,nv_charge_readout_master_v1_4,thin_all_counts,1,sigma0.05,0.05,5.437,1.0,27.43339830432224,0.9249776330930897,7.504300359171423,12.911749357161563,0.11758756837904422,9.422120008455401,636.7993609310438,0.05,0.1,ou,2.1054086423165375,none,0.07514517591568648,0.96,nan,nan,nan,nan,nan,nan,nan,nan,nan,nan,nan,nan,nan,nan,nan,nan,nan,nan,nan,nan,nan
noise_setpoint,ideal,nv_charge_readout_master_v1_4,thin_all_counts,1,sigma0.05,0.05,5.437,1.0,27.43339830432224,0.9249776330930897,7.504300359171423,12.911749357161563,0.11758756837904422,9.422120008455401,636.7993609310438,0.05,0.1,ou,2.1054086423165375,none,0.07514517591568648,0.97,nan,nan,nan,nan,nan,nan,nan,nan,nan,nan,nan,nan,nan,nan,nan,nan,nan,nan,nan,nan,nan
noise_setpoint,ideal,nv_charge_readout_master_v1_4,thin_all_counts,1,sigma0.05,0.05,5.437,1.0,27.43339830432224,0.9249776330930897,7.504300359171423,12.911749357161563,0.11758756837904422,9.422120008455401,636.7993609310438,0.05,0.1,ou,2.1054086423165375,none,0.07514517591568648,0.98,nan,nan,nan,nan,nan,nan,nan,nan,nan,nan,nan,nan,nan,nan,nan,nan,nan,nan,nan,nan,nan
noise_setpoint,ideal,nv_charge_readout_master_v1_4,thin_all_counts,1,sigma0.05,0.05,5.437,1.0,27.43339830432224,0.9249776330930897,7.504300359171423,12.911749357161563,0.11758756837904422,9.422120008455401,636.7993609310438,0.05,0.1,ou,2.1054086423165375,none,0.07514517591568648,0.99,nan,nan,nan,nan,nan,nan,nan,nan,nan,nan,nan,nan,nan,nan,nan,nan,nan,nan,nan,nan,nan
noise_setpoint,ideal,nv_charge_readout_master_v1_4,thin_all_counts,2,sigma0.1,0.1,5.437,1.0,27.43339830432224,0.9249776330930897,7.504300359171423,12.911749357161563,0.11758756837904422,9.422120008455401,636.7993609310438,0.1,0.1,ou,2.1054086423165375,none,0.05654659497933734,0.55,0.4573358626076975,1.5938115122812868,1.5938115122812868,0.4422086085408362,1.0342084115385655,1.0240625738990243,1.0833770179493842,0.28694476045859035,0.27516525986302653,0.30955567120878613,0.28694476045859035,0.27516525986302653,0.30955567120878613,4.974995007273436,0.09192689880875721,0.08812669685752093,0.09951846106082399,0.44990486026270504,1.0165168305598062,0.9956563765463957,1.0497538182639101
noise_setpoint,ideal,nv_charge_readout_master_v1_4,thin_all_counts,2,sigma0.1,0.1,5.437,1.0,27.43339830432224,0.9249776330930897,7.504300359171423,12.911749357161563,0.11758756837904422,9.422120008455401,636.7993609310438,0.1,0.1,ou,2.1054086423165375,none,0.05654659497933734,0.56,0.5604358372376435,1.5938115122812868,1.5938115122812868,0.530208006627466,1.0570112677144388,1.0330722590003865,1.0759449903740699,0.3516324439365286,0.33001828283582874,0.3742808258463864,0.3516324439365286,0.33001828283582874,0.3742808258463864,4.974995007273436,0.11265053259717588,0.10545362073078657,0.12019230337817359,0.5487581356760868,1.0212802340454952,1.0070121418995908,1.0405796586116278
noise_setpoint,ideal,nv_charge_readout_master_v1_4,thin_all_counts,2,sigma0.1,0.1,5.437,1.0,27.43339830432224,0.9249776330930897,7.504300359171423,12.911749357161563,0.11758756837904422,9.422120008455401,636.7993609310438,0.1,0.1,ou,2.1054086423165375,none,0.05654659497933734,0.57,0.6655960586277144,1.5938115122812868,1.5938115122812868,0.6357192620457776,1.0469968402181047,1.0306898829859272,1.0623545072183092,0.41761278137276087,0.38911313725513114,0.4504197459472129,0.41761278137276087,0.38911313725513114,0.4504197459472129,4.974995007273436,0.1337882867529744,0.12429186707180478,0.144826378797189,0.6537455584866472,1.0181270832164426,0.9948549895699861,1.0588245312948803
noise_setpoint,ideal,nv_charge_readout_master_v1_4,thin_all_counts,2,sigma0.1,0.1,5.437,1.0,27.43339830432224,0.9249776330930897,7.504300359171423,12.911749357161563,0.11758756837904422,9.422120008455401,636.7993609310438,0.1,0.1,ou,2.1054086423165375,none,0.05654659497933734,0.58,0.7829839638740796,1.5938115122812868,1.5938115122812868,0.7311112539788722,1.0709505011896676,1.054863409004169,1.0955948626599303,0.49126509492541126,0.46248253655131916,0.5245536843980274,0.49126509492541126,0.46248253655131916,0.5245536843980274,4.974995007273436,0.15738386927612152,0.14763473444262415,0.16863461333549298,0.7587329812972088,1.0319624731949952,1.019213524700016,1.0626390506811034
noise_setpoint,ideal,nv_charge_readout_master_v1_4,thin_all_counts,2,sigma0.1,0.1,5.437,1.0,27.43339830432224,0.9249776330930897,7.504300359171423,12.911749357161563,0.11758756837904422,9.422120008455401,636.7993609310438,0.1,0.1,ou,2.1054086423165375,none,0.05654659497933734,0.59,0.9207548929778929,1.5938115122812868,1.5938115122812868,0.8320261381866972,1.1066417877022103,1.0755354733509968,1.1232804325716552,0.57770626318289,0.5393546762008395,0.608175097737143,0.57770626318289,0.5393546762008395,0.608175097737143,4.974995007273436,0.18507654613356406,0.17209354015013073,0.19528601571464999,0.8651298498699185,1.0642967562803876,1.0437485129944475,1.0832526933444466
noise_setpoint,ideal,nv_charge_readout_master_v1_4,thin_all_counts,2,sigma0.1,0.1,5.437,1.0,27.43339830432224,0.9249776330930897,7.504300359171423,12.911749357161563,0.11758756837904422,9.422120008455401,636.7993609310438,0.1,0.1,ou,2.1054086423165375,none,0.05654659497933734,0.6,1.0296339749939023,1.5938115122812868,1.5938115122812868,0.946870248349199,1.0874076746935455,1.0685029174672491,1.1040658742954332,0.6460199133084097,0.6165053537590139,0.6782388149961786,0.6460199133084097,0.6165053537590139,0.6782388149961786,4.974995007273436,0.20696181071309194,0.19669339154941387,0.21790650134894085,0.972686389006421,1.0585467079946005,1.0505798268545175,1.0790217923065972
noise_setpoint,ideal,nv_charge_readout_master_v1_4,thin_all_counts,2,sigma0.1,0.1,5.437,1.0,27.43339830432224,0.9249776330930897,7.504300359171423,12.911749357161563,0.11758756837904422,9.422120008455401,636.7993609310438,0.1,0.1,ou,2.1054086423165375,none,0.05654659497933734,0.61,1.1451335748626903,1.5938115122812868,1.5938115122812868,1.0697052090484263,1.0705132266125568,1.0616452466523425,1.08290177326406,0.7184874535280614,0.6853512338136669,0.7538624101727304,0.7184874535280614,0.6853512338136669,0.7538624101727304,4.974995007273436,0.23017783398546263,0.21893715782043313,0.2423681231582922,1.0802429281429236,1.06007042030011,1.0517135427669817,1.0795782848753321
noise_setpoint,ideal,nv_charge_readout_master_v1_4,thin_all_counts,2,sigma0.1,0.1,5.437,1.0,27.43339830432224,0.9249776330930897,7.504300359171423,12.911749357161563,0.11758756837904422,9.422120008455401,636.7993609310438,0.1,0.1,ou,2.1054086423165375,none,0.05654659497933734,0.62,1.2657356322061406,1.5938115122812868,1.5938115122812868,1.1723682292037159,1.0796399976361017,1.0670082414835063,1.0935419205926975,0.7941564121308435,0.7595619441312427,0.8336822437422114,0.7941564121308435,0.7595619441312427,0.8336822437422114,4.974995007273436,0.2544194778800053,0.24249408005072984,0.26792513489561226,1.1880241179931508,1.065412404542984,1.057260617108253,1.0778695964532854
noise_setpoint,ideal,nv_charge_readout_master_v1_4,thin_all_counts,2,sigma0.1,0.1,5.437,1.0,27.43339830432224,0.9249776330930897,7.504300359171423,12.911749357161563,0.11758756837904422,9.422120008455401,636.7993609310438,0.1,0.1,ou,2.1054086423165375,none,0.05654659497933734,0.63,1.3934928378344829,1.5938115122812868,1.5938115122812868,1.2848841467911691,1.0845280030223345,1.069949232620979,1.097896458489134,0.8743147022698564,0.8356645319027446,0.9212882243967387,0.8743147022698564,0.8356645319027446,0.9212882243967387,4.974995007273436,0.28009934397867703,0.26657598505891844,0.2964990475634894,1.3002020432405632,1.0717509982997766,1.0628499817374,1.081425525381825
noise_setpoint,ideal,nv_charge_readout_master_v1_4,thin_all_counts,2,sigma0.1,0.1,5.437,1.0,27.43339830432224,0.9249776330930897,7.504300359171423,12.911749357161563,0.11758756837904422,9.422120008455401,636.7993609310438,0.1,0.1,ou,2.1054086423165375,none,0.05654659497933734,0.64,1.5315516147224688,1.5938115122812868,1.5938115122812868,1.4081985757978077,1.0875963383607146,0.9980271700649881,1.100274368702104,0.9609364739311596,0.9183271913119683,1.0135234049366741,0.9609364739311596,0.9183271913119683,1.0135234049366741,4.974995007273436,0.3078498797452746,0.2929046334237411,0.32548197369239845,1.4198771948551219,1.0786507595670918,1.0693708270572302,1.0906016797519833
noise_setpoint,ideal,nv_charge_readout_master_v1_4,thin_all_counts,2,sigma0.1,0.1,5.437,1.0,27.43339830432224,0.9249776330930897,7.504300359171423,12.911749357161563,0.11758756837904422,9.422120008455401,636.7993609310438,0.1,0.1,ou,2.1054086423165375,none,0.05654659497933734,0.65,1.6868463164030423,1.5938115122812868,1.5938115122812868,1.5938115122812868,1.058372526114202,1.009961967132841,1.0889805049329269,1.058372526114202,0.9920691048775584,1.0880048478391886,1.058372526114202,0.9920691048775584,1.0880048478391886,4.974995007273436,0.33906492648472514,0.32165740703161383,0.3543658997522568,1.5497534905430104,1.0884610531265826,1.070886518502223,1.102718044559779
noise_setpoint,ideal,nv_charge_readout_master_v1_4,thin_all_counts,2,sigma0.1,0.1,5.437,1.0,27.43339830432224,0.9249776330930897,7.504300359171423,12.911749357161563,0.11758756837904422,9.422120008455401,636.7993609310438,0.1,0.1,ou,2.1054086423165375,none,0.05654659497933734,0.66,1.8182937957933,1.8111765606408508,1.8111765606408508,1.7550060355533594,1.0360612778291591,1.034283344312739,1.0979479380395885,1.003929619732894,0.9925700819364619,1.0290593461950532,1.003929619732894,0.9925700819364619,1.0290593461950532,4.974995007273436,0.3654865568980385,0.3506195704776328,0.38205912367141664,1.6796297862308989,1.0825562934755784,1.064689266482076,1.1011420784889199
noise_setpoint,ideal,nv_charge_readout_master_v1_4,thin_all_counts,2,sigma0.1,0.1,5.437,1.0,27.43339830432224,0.9249776330930897,7.504300359171423,12.911749357161563,0.11758756837904422,9.422120008455401,636.7993609310438,0.1,0.1,ou,2.1054086423165375,none,0.05654659497933734,0.67,1.958642197482822,1.910443899576989,1.910443899576989,1.8178821516640062,1.0774307870782331,1.0545931811500957,1.1050004900824428,1.0252288475555367,1.006914946175712,1.047842434646886,1.0252288475555367,1.006914946175712,1.047842434646886,4.974995007273436,0.39369731921726353,0.37785932537153155,0.4135628148596958,1.8095060819187871,1.082418134459041,1.0625362399457223,1.103881020079344
noise_setpoint,ideal,nv_charge_readout_master_v1_4,thin_all_counts,2,sigma0.1,0.1,5.437,1.0,27.43339830432224,0.9249776330930897,7.504300359171423,12.911749357161563,0.11758756837904422,9.422120008455401,636.7993609310438,0.1,0.1,ou,2.1054086423165375,none,0.05654659497933734,0.68,2.1257903148709274,2.0151519033238374,2.0151519033238374,1.898235726391245,1.1198768863718989,1.1037917468635556,1.1312585345491348,1.0549032613197051,1.0322236563124383,1.080635670240344,1.0549032613197051,1.0322236563124383,1.080635670240344,4.974995007273436,0.42729496446991905,0.40827871024103796,0.4476998145888612,1.9393823776066756,1.096117165658838,1.0743426447182918,1.1175507833038096
noise_setpoint,ideal,nv_charge_readout_master_v1_4,thin_all_counts,2,sigma0.1,0.1,5.437,1.0,27.43339830432224,0.9249776330930897,7.504300359171423,12.911749357161563,0.11758756837904422,9.422120008455401,636.7993609310438,0.1,0.1,ou,2.1054086423165375,none,0.05654659497933734,0.69,2.291940231329857,2.1255987649618158,2.1255987649618158,2.0226487718226767,1.1331380233971677,1.1222231739446349,1.1453155149541723,1.0782562867037746,1.0549275917845122,1.100878269976131,1.0782562867037746,1.0549275917845122,1.100878269976131,4.974995007273436,0.46069196611836666,0.44332363257645196,0.4808921098053924,2.069258673294563,1.1076141716399104,1.086604741895359,1.1280666527782093
noise_setpoint,ideal,nv_charge_readout_master_v1_4,thin_all_counts,2,sigma0.1,0.1,5.437,1.0,27.43339830432224,0.9249776330930897,7.504300359171423,12.911749357161563,0.11758756837904422,9.422120008455401,636.7993609310438,0.1,0.1,ou,2.1054086423165375,none,0.05654659497933734,0.7,2.4636326207551926,2.242099020999274,2.242099020999274,2.1552160236355005,1.1431024053911047,1.128410243969483,1.157820424426915,1.0988063407017519,1.075096379181709,1.1221874527637956,1.0988063407017519,1.075096379181709,1.1221874527637956,4.974995007273436,0.4952030338027204,0.47652088147500754,0.5160743199783365,2.199134968982451,1.1202734963989618,1.1019128931552926,1.1380977061061848
noise_setpoint,ideal,nv_charge_readout_master_v1_4,thin_all_counts,2,sigma0.1,0.1,5.437,1.0,27.43339830432224,0.9249776330930897,7.504300359171423,12.911749357161563,0.11758756837904422,9.422120008455401,636.7993609310438,0.1,0.1,ou,2.1054086423165375,none,0.05654659497933734,0.71,2.644457978698621,2.364984447126458,2.364984447126458,2.2964719200108537,1.1515307266139456,1.1381550478665057,1.1637367035710575,1.1181714035843802,1.0961377433661825,1.143317319460655,1.1181714035843802,1.0961377433661825,1.143317319460655,4.974995007273436,0.5315498758958405,0.5118086384148397,0.5553732118614862,2.32901126467034,1.135442330749281,1.1223545856127113,1.145621404837062
noise_setpoint,ideal,nv_charge_readout_master_v1_4,thin_all_counts,2,sigma0.1,0.1,5.437,1.0,27.43339830432224,0.9249776330930897,7.504300359171423,12.911749357161563,0.11758756837904422,9.422120008455401,636.7993609310438,0.1,0.1,ou,2.1054086423165375,none,0.05654659497933734,0.72,2.838470433895153,2.4946050030641573,2.4946050030641573,2.44698592696166,1.1599864153773807,1.1481549287195778,1.1702151870582784,1.1378436387358404,1.1157202230303775,1.1638231513262103,1.1378436387358404,1.1157202230303775,1.1638231513262103,4.974995007273436,0.570547393463775,0.5496845124447743,0.5960031595053668,2.458887560358228,1.1543717897705028,1.1430087823773254,1.162062074339357
noise_setpoint,ideal,nv_charge_readout_master_v1_4,thin_all_counts,2,sigma0.1,0.1,5.437,1.0,27.43339830432224,0.9249776330930897,7.504300359171423,12.911749357161563,0.11758756837904422,9.422120008455401,636.7993609310438,0.1,0.1,ou,2.1054086423165375,none,0.05654659497933734,0.73,3.0467167446015293,2.631329829197804,2.631329829197804,2.6042576504001644,1.1698983563064036,1.1617825833149182,1.1785288628342088,1.1578619718419572,1.137097376694544,1.184619597860332,1.1578619718419572,1.137097376694544,1.184619597860332,4.974995007273436,0.612405990387374,0.5902261454814117,0.6396839555175731,2.629209322582444,1.158795809231729,1.1452208592743183,1.171577552813406
noise_setpoint,ideal,nv_charge_readout_master_v1_4,thin_all_counts,2,sigma0.1,0.1,5.437,1.0,27.43339830432224,0.9249776330930897,7.504300359171423,12.911749357161563,0.11758756837904422,9.422120008455401,636.7993609310438,0.1,0.1,ou,2.1054086423165375,none,0.05654659497933734,0.74,3.2482912491905336,2.7755482978352988,2.7755482978352988,2.757622873736651,1.1779316454497688,1.171460442023975,1.185324006664482,1.1703241668408133,1.1537484232867654,1.1880224585072838,1.1703241668408133,1.1537484232867654,1.1880224585072838,4.974995007273436,0.6529235194088711,0.6329189651335642,0.6758169434692541,2.8049450448942004,1.158058784468291,1.1426628676309658,1.1723097162872829
noise_setpoint,ideal,nv_charge_readout_master_v1_4,thin_all_counts,2,sigma0.1,0.1,5.437,1.0,27.43339830432224,0.9249776330930897,7.504300359171423,12.911749357161563,0.11758756837904422,9.422120008455401,636.7993609310438,0.1,0.1,ou,2.1054086423165375,none,0.05654659497933734,0.75,3.4393045454044047,2.9276711220824008,2.9276711220824008,2.8924888857063507,1.1890467625995806,1.049154234848358,1.194832162342311,1.174757820119525,1.1594103581258033,1.1898876439005661,1.174757820119525,1.1594103581258033,1.1898876439005661,4.974995007273436,0.6913181903451453,0.670160384040187,0.7162099269963916,2.980680767205956,1.153865446861777,1.139017250580765,1.1688255657315663
noise_setpoint,ideal,nv_charge_readout_master_v1_4,thin_all_counts,2,sigma0.1,0.1,5.437,1.0,27.43339830432224,0.9249776330930897,7.504300359171423,12.911749357161563,0.11758756837904422,9.422120008455401,636.7993609310438,0.1,0.1,ou,2.1054086423165375,none,0.05654659497933734,0.76,3.6613801223691897,3.0881315254935773,3.0881315254935773,3.341744620943692,1.0956492903204658,1.0618494246605639,1.1408690324843902,1.185629592568597,1.167922444873471,1.201735996435924,1.185629592568597,1.167922444873471,1.201735996435924,4.974995007273436,0.7359565420701442,0.7096488997266645,0.767208335838995,3.156416489517712,1.1599800389233914,1.141077707609837,1.1806163582706768
noise_setpoint,ideal,nv_charge_readout_master_v1_4,thin_all_counts,2,sigma0.1,0.1,5.437,1.0,27.43339830432224,0.9249776330930897,7.504300359171423,12.911749357161563,0.11758756837904422,9.422120008455401,636.7993609310438,0.1,0.1,ou,2.1054086423165375,none,0.05654659497933734,0.77,3.9403611968179133,3.2573864758293287,3.2573864758293287,3.341744620943692,1.179132951130531,1.1344001578056762,1.2132658026726182,1.2096695390787793,1.0027607941358216,1.2194140519025007,1.2096695390787793,1.0027607941358216,1.2194140519025007,4.974995007273436,0.7920331962257471,0.7602061986066714,0.823305890183396,3.332152211829468,1.182527371597625,1.1606019881368046,1.2015499454130338
noise_setpoint,ideal,nv_charge_readout_master_v1_4,thin_all_counts,2,sigma0.1,0.1,5.437,1.0,27.43339830432224,0.9249776330930897,7.504300359171423,12.911749357161563,0.11758756837904422,9.422120008455401,636.7993609310438,0.1,0.1,ou,2.1054086423165375,none,0.05654659497933734,0.78,4.216925836449922,4.157563621926185,4.157563621926185,3.5253715141945206,1.1961649487070891,1.1748662146862427,1.222318390521197,1.014278125345015,1.002032350319402,1.2218351463056403,1.014278125345015,1.002032350319402,1.2218351463056403,4.974995007273436,0.847624134352855,0.8155046659548748,0.8773582477951575,3.5078879341412237,1.2021267257165897,1.1824210453134998,1.2171039138004893
noise_setpoint,ideal,nv_charge_readout_master_v1_4,thin_all_counts,2,sigma0.1,0.1,5.437,1.0,27.43339830432224,0.9249776330930897,7.504300359171423,12.911749357161563,0.11758756837904422,9.422120008455401,636.7993609310438,0.1,0.1,ou,2.1054086423165375,none,0.05654659497933734,0.79,4.4994834212055475,4.329353638641808,4.329353638641808,3.9082464044193324,1.1512793605125975,1.1349709873839215,1.2382011360734135,1.039296808892034,1.023158584444579,1.0593156765640448,1.039296808892034,1.023158584444579,1.0593156765640448,4.974995007273436,0.9044196857740177,0.87155470562757,0.9380923130844481,3.68362365645298,1.2214829311684279,1.2072615195030085,1.2362130280786943
noise_setpoint,ideal,nv_charge_readout_master_v1_4,thin_all_counts,2,sigma0.1,0.1,5.437,1.0,27.43339830432224,0.9249776330930897,7.504300359171423,12.911749357161563,0.11758756837904422,9.422120008455401,636.7993609310438,0.1,0.1,ou,2.1054086423165375,none,0.05654659497933734,0.8,4.800124818487113,4.508241997686461,4.508241997686461,3.926793815597677,1.2224030707750595,1.1806244630473204,1.251071902189734,1.0647442663793203,1.0449908731630948,1.0846084329916617,1.0647442663793203,1.0449908731630948,1.0846084329916617,4.974995007273436,0.9648501780342166,0.9269326012443841,0.9965195113310876,3.8593593787647356,1.243762072249278,1.2293881276850827,1.2538549016986122
noise_setpoint,ideal,nv_charge_readout_master_v1_4,thin_all_counts,2,sigma0.1,0.1,5.437,1.0,27.43339830432224,0.9249776330930897,7.504300359171423,12.911749357161563,0.11758756837904422,9.422120008455401,636.7993609310438,0.1,0.1,ou,2.1054086423165375,none,0.05654659497933734,0.81,5.12055221520161,4.694522001690784,4.694522001690784,4.200371429579047,1.2190712895394544,1.2009130652728635,1.2529888578105555,1.0907504988489536,1.0673552093533254,1.111824467357442,1.0907504988489536,1.0673552093533254,1.111824467357442,5.1099177020654665,1.002081151548066,0.9891774281150573,1.01212738582527,4.091975638069264,1.251364296395876,1.239564090099181,1.2667616383167701
noise_setpoint,ideal,nv_charge_readout_master_v1_4,thin_all_counts,2,sigma0.1,0.1,5.437,1.0,27.43339830432224,0.9249776330930897,7.504300359171423,12.911749357161563,0.11758756837904422,9.422120008455401,636.7993609310438,0.1,0.1,ou,2.1054086423165375,none,0.05654659497933734,0.82,5.453991349882357,4.888499072513977,4.888499072513977,4.495944839577177,1.2130912510028213,1.1901102358151239,1.2487143211855976,1.1156780985288328,1.0924706173478527,1.1380228236458463,1.1156780985288328,1.0924706173478527,1.1380228236458463,5.403398059730168,1.0093632357995694,0.9975846359522051,1.0218580939484043,4.326637959855544,1.2605610639223561,1.2471683566544685,1.2752242367413316
noise_setpoint,ideal,nv_charge_readout_master_v1_4,thin_all_counts,2,sigma0.1,0.1,5.437,1.0,27.43339830432224,0.9249776330930897,7.504300359171423,12.911749357161563,0.11758756837904422,9.422120008455401,636.7993609310438,0.1,0.1,ou,2.1054086423165375,none,0.05654659497933734,0.83,5.807448632594782,5.090491252008854,5.090491252008854,4.538217185928268,1.2796762240912671,1.2416025267621114,1.2974784887534168,1.1408424737598746,1.11778356122925,1.1668859847001725,1.1408424737598746,1.11778356122925,1.1668859847001725,5.713734015734584,1.016401641483857,1.0012306713728365,1.033426247015004,4.561300281641827,1.273200244230447,1.2564958834425395,1.2919764325100715
noise_setpoint,ideal,nv_charge_readout_master_v1_4,thin_all_counts,2,sigma0.1,0.1,5.437,1.0,27.43339830432224,0.9249776330930897,7.504300359171423,12.911749357161563,0.11758756837904422,9.422120008455401,636.7993609310438,0.1,0.1,ou,2.1054086423165375,none,0.05654659497933734,0.84,6.194982728440363,5.300829723478397,5.300829723478397,4.786499314244893,1.2942616976886934,1.2682170759575773,1.3178619577384085,1.168681706752735,1.143078272161927,1.1922256820268156,1.168681706752735,1.143078272161927,1.1922256820268156,6.041893645753865,1.0253379307320456,1.006501239514197,1.0443141716222633,4.79596260342811,1.2917078886337114,1.2731992983816103,1.3094836373235654
noise_setpoint,ideal,nv_charge_readout_master_v1_4,thin_all_counts,2,sigma0.1,0.1,5.437,1.0,27.43339830432224,0.9249776330930897,7.504300359171423,12.911749357161563,0.11758756837904422,9.422120008455401,636.7993609310438,0.1,0.1,ou,2.1054086423165375,none,0.05654659497933734,0.85,6.610081173432435,5.519859354678879,5.519859354678879,5.178411088569132,1.2764689902706996,1.2556536793618525,1.3339602927085321,1.1975089850485838,1.1720384670508495,1.2253790646353198,1.1975089850485838,1.1720384670508495,1.2253790646353198,6.388900625418374,1.0346195004401992,1.0156551146700037,1.058021283833998,5.0306249252143935,1.3139681991200582,1.295538116018412,1.333993487605548
noise_setpoint,ideal,nv_charge_readout_master_v1_4,thin_all_counts,2,sigma0.1,0.1,5.437,1.0,27.43339830432224,0.9249776330930897,7.504300359171423,12.911749357161563,0.11758756837904422,9.422120008455401,636.7993609310438,0.1,0.1,ou,2.1054086423165375,none,0.05654659497933734,0.86,7.091925702690113,5.747939263259771,5.747939263259771,5.708362918944177,1.2423747059168833,1.2234092887428327,1.3021262640801035,1.2338205707949914,1.2045113811809431,1.2629852381998052,1.2338205707949914,1.2045113811809431,1.2629852381998052,6.755837423612627,1.0497478340587074,1.0272452655343394,1.0730707003844524,5.265287247000677,1.3469209503678958,1.3264135093040461,1.3615782134827676
noise_setpoint,ideal,nv_charge_readout_master_v1_4,thin_all_counts,2,sigma0.1,0.1,5.437,1.0,27.43339830432224,0.9249776330930897,7.504300359171423,12.911749357161563,0.11758756837904422,9.422120008455401,636.7993609310438,0.1,0.1,ou,2.1054086423165375,none,0.05654659497933734,0.87,7.636767844724188,5.985443405567595,5.985443405567595,5.752941498784821,1.3274544589645632,1.2798341708729695,1.3774454554862459,1.2758900765180654,1.2390453286764282,1.308496300441585,1.2758900765180654,1.2390453286764282,1.308496300441585,7.143848679176491,1.0689991050600638,1.040510451342242,1.0940486439698331,5.66556317279618,1.3479274013557845,1.3333150170254942,1.3673841815902374
noise_setpoint,ideal,nv_charge_readout_master_v1_4,thin_all_counts,2,sigma0.1,0.1,5.437,1.0,27.43339830432224,0.9249776330930897,7.504300359171423,12.911749357161563,0.11758756837904422,9.422120008455401,636.7993609310438,0.1,0.1,ou,2.1054086423165375,none,0.05654659497933734,0.88,8.324804139840928,6.232761189779034,6.232761189779034,5.987857145847238,1.3902810199161872,1.3376786467987882,1.4171944147989184,1.3356526724451738,1.29771714004443,1.3781212461062573,1.3356526724451738,1.29771714004443,1.3781212461062573,7.554144771542085,1.102018083000218,1.0732562379146788,1.1331072966743743,6.153931441149777,1.3527619245438902,1.3314898052949962,1.3808500228756704
noise_setpoint,ideal,nv_charge_readout_master_v1_4,thin_all_counts,2,sigma0.1,0.1,5.437,1.0,27.43339830432224,0.9249776330930897,7.504300359171423,12.911749357161563,0.11758756837904422,9.422120008455401,636.7993609310438,0.1,0.1,ou,2.1054086423165375,none,0.05654659497933734,0.89,9.297695808318428,6.490298114368672,6.490298114368672,6.483430806557214,1.434070338024572,1.3356669996364312,1.4585562814450863,1.4325529651302988,0.7726145265378893,1.453225278224021,1.4325529651302988,0.9825973143929791,1.453225278224021,7.988005596444806,1.163957097433247,1.1189145632420878,1.228195494660632,6.642299709503376,1.3997705937622602,1.359430854483562,1.4706428577161033
noise_setpoint,ideal,nv_charge_readout_master_v1_4,thin_all_counts,2,sigma0.1,0.1,5.437,1.0,27.43339830432224,0.9249776330930897,7.504300359171423,12.911749357161563,0.11758756837904422,9.422120008455401,636.7993609310438,0.1,0.1,ou,2.1054086423165375,none,0.05654659497933734,0.9,11.25388999830136,12.86411086809808,11.537485079883739,7.192041269826058,1.5647699416738108,1.4142164626279088,1.702393046160867,0.8748284365466771,0.80701510175654,1.0178397514903554,0.9754196794519074,0.9502276001597433,1.05827398411427,8.568679228750183,1.3133751069291504,1.2326866016508298,1.4691987411367433,7.130667977856974,1.5782378359570692,1.4663898387845582,1.7581367825959078
noise_setpoint,ideal,nv_charge_readout_master_v1_4,thin_all_counts,2,sigma0.1,0.1,5.437,1.0,27.43339830432224,0.9249776330930897,7.504300359171423,12.911749357161563,0.11758756837904422,9.422120008455401,636.7993609310438,0.1,0.1,ou,2.1054086423165375,none,0.05654659497933734,0.91,16.39764263202133,13.55471658412515,12.954077779165159,8.1474375513364,2.0126134786184,1.577970597849067,2.052274988844787,1.2097370336186686,1.0306061611023514,1.2414371508175457,1.2658286380212005,1.092114083558521,1.2930273737731266,9.463339871068973,1.7327542765479333,1.5120781607602012,1.7988120923196667,8.079364052450998,2.029570957016952,1.8020536997164693,2.1283101366291652
noise_setpoint,ideal,nv_charge_readout_master_v1_4,thin_all_counts,2,sigma0.1,0.1,5.437,1.0,27.43339830432224,0.9249776330930897,7.504300359171423,12.911749357161563,0.11758756837904422,9.422120008455401,636.7993609310438,0.1,0.1,ou,2.1054086423165375,none,0.05654659497933734,0.92,18.211814105917973,14.282397249202297,13.870109914303208,11.365435657122879,1.6023859230160151,1.565552682097921,1.7034903505228327,1.2751230614969167,1.2433287175483323,1.306581851203774,1.3130259398404254,1.2795144416545754,1.34675828939122,10.579608854987073,1.721407129086175,1.6589949537454056,1.7980635693477593,9.170343267155701,1.9859468261286364,1.9104242621110161,2.083395171415319
noise_setpoint,ideal,nv_charge_readout_master_v1_4,thin_all_counts,2,sigma0.1,0.1,5.437,1.0,27.43339830432224,0.9249776330930897,7.504300359171423,12.911749357161563,0.11758756837904422,9.422120008455401,636.7993609310438,0.1,0.1,ou,2.1054086423165375,none,0.05654659497933734,0.93,20.02738247061496,15.049143220222273,14.8509181675803,11.799336545055768,1.6973312350351561,1.5943838448060894,1.7476063637042636,1.330798848648286,1.3028480218200131,1.382846203059687,1.348561903353217,1.3224784237759812,1.3970449681832884,11.827549792088098,1.6932824484080418,1.6265725950694165,1.7746252362554258,10.518775944562947,1.903965116869603,1.8081306163133597,2.025386806230066
noise_setpoint,ideal,nv_charge_readout_master_v1_4,thin_all_counts,2,sigma0.1,0.1,5.437,1.0,27.43339830432224,0.9249776330930897,7.504300359171423,12.911749357161563,0.11758756837904422,9.422120008455401,636.7993609310438,0.1,0.1,ou,2.1054086423165375,none,0.05654659497933734,0.94,nan,nan,27.438880553761283,14.972832632027671,nan,1.4934292679763566,1.910412891955901,nan,nan,nan,nan,0.8718440043257885,1.436281287363671,14.525949599051518,nan,1.5590717235510954,1.9896894881808311,12.585368281087757,nan,1.7769106592290482,2.2849767191279877
noise_setpoint,ideal,nv_charge_readout_master_v1_4,thin_all_counts,2,sigma0.1,0.1,5.437,1.0,27.43339830432224,0.9249776330930897,7.504300359171423,12.911749357161563,0.11758756837904422,9.422120008455401,636.7993609310438,0.1,0.1,ou,2.1054086423165375,none,0.05654659497933734,0.95,nan,nan,nan,nan,nan,nan,nan,nan,nan,nan,nan,nan,nan,nan,nan,nan,nan,nan,nan,nan,nan
noise_setpoint,ideal,nv_charge_readout_master_v1_4,thin_all_counts,2,sigma0.1,0.1,5.437,1.0,27.43339830432224,0.9249776330930897,7.504300359171423,12.911749357161563,0.11758756837904422,9.422120008455401,636.7993609310438,0.1,0.1,ou,2.1054086423165375,none,0.05654659497933734,0.96,nan,nan,nan,nan,nan,nan,nan,nan,nan,nan,nan,nan,nan,nan,nan,nan,nan,nan,nan,nan,nan
noise_setpoint,ideal,nv_charge_readout_master_v1_4,thin_all_counts,2,sigma0.1,0.1,5.437,1.0,27.43339830432224,0.9249776330930897,7.504300359171423,12.911749357161563,0.11758756837904422,9.422120008455401,636.7993609310438,0.1,0.1,ou,2.1054086423165375,none,0.05654659497933734,0.97,nan,nan,nan,nan,nan,nan,nan,nan,nan,nan,nan,nan,nan,nan,nan,nan,nan,nan,nan,nan,nan
noise_setpoint,ideal,nv_charge_readout_master_v1_4,thin_all_counts,2,sigma0.1,0.1,5.437,1.0,27.43339830432224,0.9249776330930897,7.504300359171423,12.911749357161563,0.11758756837904422,9.422120008455401,636.7993609310438,0.1,0.1,ou,2.1054086423165375,none,0.05654659497933734,0.98,nan,nan,nan,nan,nan,nan,nan,nan,nan,nan,nan,nan,nan,nan,nan,nan,nan,nan,nan,nan,nan
noise_setpoint,ideal,nv_charge_readout_master_v1_4,thin_all_counts,2,sigma0.1,0.1,5.437,1.0,27.43339830432224,0.9249776330930897,7.504300359171423,12.911749357161563,0.11758756837904422,9.422120008455401,636.7993609310438,0.1,0.1,ou,2.1054086423165375,none,0.05654659497933734,0.99,nan,nan,nan,nan,nan,nan,nan,nan,nan,nan,nan,nan,nan,nan,nan,nan,nan,nan,nan,nan,nan
noise_setpoint,ideal,nv_charge_readout_master_v1_4,thin_all_counts,3,sigma0.2,0.2,5.437,1.0,27.43339830432224,0.9249776330930897,7.504300359171423,12.911749357161563,0.11758756837904422,9.422120008455401,636.7993609310438,0.2,0.1,ou,2.1054086423165375,none,0.021179053894724298,0.55,0.4760253851007576,1.59544113671478,1.59544113671478,0.4584314002050516,1.0383786644803048,1.0213412820368057,1.066361491689483,0.2983659968057208,0.27604507120398825,0.3218957654277151,0.2983659968057208,0.27604507120398825,0.3218957654277151,4.974995007273436,0.09568359051713804,0.08828349894286519,0.10341787516785747,0.47077371328427897,1.0111554058102377,0.9879369470048177,1.0403302563356942
noise_setpoint,ideal,nv_charge_readout_master_v1_4,thin_all_counts,3,sigma0.2,0.2,5.437,1.0,27.43339830432224,0.9249776330930897,7.504300359171423,12.911749357161563,0.11758756837904422,9.422120008455401,636.7993609310438,0.2,0.1,ou,2.1054086423165375,none,0.021179053894724298,0.56,0.5911313722018191,1.59544113671478,1.59544113671478,0.5552309652477561,1.0646585100635435,1.04306864740053,1.0861770659786925,0.37051280589331875,0.34957599586974253,0.3944782659230114,0.37051280589331875,0.34957599586974253,0.3944782659230114,4.974995007273436,0.11882049556584194,0.11174435656454683,0.1267734401950504,0.5729011481641314,1.0318208893386,1.0180743868233832,1.0552606716381197
noise_setpoint,ideal,nv_charge_readout_master_v1_4,thin_all_counts,3,sigma0.2,0.2,5.437,1.0,27.43339830432224,0.9249776330930897,7.504300359171423,12.911749357161563,0.11758756837904422,9.422120008455401,636.7993609310438,0.2,0.1,ou,2.1054086423165375,none,0.021179053894724298,0.57,0.6983920683281095,1.59544113671478,1.59544113671478,0.668586457800576,1.0445800392451619,1.0350237975000185,1.0631417378398973,0.43774229725967156,0.4145006029419014,0.4655768502977835,0.43774229725967156,0.4145006029419014,0.4655768502977835,4.974995007273436,0.1403804561224808,0.13241129820632733,0.14955713217471078,0.6778939202819397,1.0302379877336036,1.022141934066386,1.054836216927165
noise_setpoint,ideal,nv_charge_readout_master_v1_4,thin_all_counts,3,sigma0.2,0.2,5.437,1.0,27.43339830432224,0.9249776330930897,7.504300359171423,12.911749357161563,0.11758756837904422,9.422120008455401,636.7993609310438,0.2,0.1,ou,2.1054086423165375,none,0.021179053894724298,0.58,0.8209962514591265,1.59544113671478,1.59544113671478,0.7629287068329391,1.0761113641499174,1.0534650585850058,1.0968726304479868,0.5145888698530515,0.48420015709103564,0.5439788679398151,0.5145888698530515,0.48420015709103564,0.5439788679398151,4.974995007273436,0.16502453776512963,0.1550158507215054,0.17486198375293763,0.786175882778396,1.0442908125821324,1.028417678856896,1.0695610078227122
noise_setpoint,ideal,nv_charge_readout_master_v1_4,thin_all_counts,3,sigma0.2,0.2,5.437,1.0,27.43339830432224,0.9249776330930897,7.504300359171423,12.911749357161563,0.11758756837904422,9.422120008455401,636.7993609310438,0.2,0.1,ou,2.1054086423165375,none,0.021179053894724298,0.59,0.9472962175028019,1.59544113671478,1.59544113671478,0.8705833103837648,1.0881166755714866,1.0682168481551249,1.1071831865083763,0.5937519070452248,0.563676204612892,0.6238576940207866,0.5937519070452248,0.563676204612892,0.6238576940207866,4.974995007273436,0.1904114910905149,0.18024118918649967,0.20063831658203846,0.8959050890414569,1.0573622463918908,1.0397132070915138,1.0841439439496101
noise_setpoint,ideal,nv_charge_readout_master_v1_4,thin_all_counts,3,sigma0.2,0.2,5.437,1.0,27.43339830432224,0.9249776330930897,7.504300359171423,12.911749357161563,0.11758756837904422,9.422120008455401,636.7993609310438,0.2,0.1,ou,2.1054086423165375,none,0.021179053894724298,0.6,1.0667767360898717,1.59544113671478,1.59544113671478,0.9934287352549676,1.073833178195796,1.0514804220033866,1.0957879927517598,0.6686406107633047,0.6392559804353938,0.695410701118353,0.6686406107633047,0.6392559804353938,0.695410701118353,4.974995007273436,0.21442769983291352,0.2043112741976871,0.2237279875503686,1.0056342953045179,1.0607998763276456,1.0492840513127557,1.0822472832576033
noise_setpoint,ideal,nv_charge_readout_master_v1_4,thin_all_counts,3,sigma0.2,0.2,5.437,1.0,27.43339830432224,0.9249776330930897,7.504300359171423,12.911749357161563,0.11758756837904422,9.422120008455401,636.7993609310438,0.2,0.1,ou,2.1054086423165375,none,0.021179053894724298,0.61,1.174331450318351,1.59544113671478,1.59544113671478,1.103866088350978,1.0638350636105132,1.0525161070980025,1.0765416489278645,0.7360543885288376,0.7059694635361694,0.7683017598691729,0.7360543885288376,0.7059694635361694,0.7683017598691729,4.974995007273436,0.23604675956487997,0.2258911993566666,0.24717878753874117,1.1153635015675787,1.0528688169084754,1.0447991773202139,1.071587650867863
noise_setpoint,ideal,nv_charge_readout_master_v1_4,thin_all_counts,3,sigma0.2,0.2,5.437,1.0,27.43339830432224,0.9249776330930897,7.504300359171423,12.911749357161563,0.11758756837904422,9.422120008455401,636.7993609310438,0.2,0.1,ou,2.1054086423165375,none,0.021179053894724298,0.62,1.3004396300941152,1.59544113671478,1.59544113671478,1.2014765346567493,1.0823678969857191,1.0669007811641442,1.0996191542781117,0.8150972167935251,0.7772367053104537,0.8492903077562459,0.8150972167935251,0.7772367053104537,0.8492903077562459,4.974995007273436,0.2613951628479776,0.24869243680321826,0.2733246648727205,1.2257096343862837,1.0609687593303851,1.0530323121486782,1.076688853175235
noise_setpoint,ideal,nv_charge_readout_master_v1_4,thin_all_counts,3,sigma0.2,0.2,5.437,1.0,27.43339830432224,0.9249776330930897,7.504300359171423,12.911749357161563,0.11758756837904422,9.422120008455401,636.7993609310438,0.2,0.1,ou,2.1054086423165375,none,0.021179053894724298,0.63,1.4313016113289012,1.59544113671478,1.59544113671478,1.3077182808353565,1.0945030227876,1.0816997533330077,1.1082289798194909,0.8971196607579873,0.8586596619787326,0.93358675660228,0.8971196607579873,0.8586596619787326,0.93358675660228,4.974995007273436,0.2876991050717318,0.27477069601743703,0.29993156930583637,1.3370839781310622,1.070465007986659,1.062701487759551,1.0784823049387835
noise_setpoint,ideal,nv_charge_readout_master_v1_4,thin_all_counts,3,sigma0.2,0.2,5.437,1.0,27.43339830432224,0.9249776330930897,7.504300359171423,12.911749357161563,0.11758756837904422,9.422120008455401,636.7993609310438,0.2,0.1,ou,2.1054086423165375,none,0.021179053894724298,0.64,1.558971350764108,1.59544113671478,1.59544113671478,1.423354558080943,1.0952796981702242,0.9979845121636365,1.1082992033727077,0.9771412525906359,0.9413513299234842,1.0107680755428599,0.9771412525906359,0.9413513299234842,1.0107680755428599,4.974995007273436,0.3133613900084109,0.30084285659977533,0.3249771029435265,1.4593433924579857,1.0682690303193947,1.0552042455297677,1.0812760698776425
noise_setpoint,ideal,nv_charge_readout_master_v1_4,thin_all_counts,3,sigma0.2,0.2,5.437,1.0,27.43339830432224,0.9249776330930897,7.504300359171423,12.911749357161563,0.11758756837904422,9.422120008455401,636.7993609310438,0.2,0.1,ou,2.1054086423165375,none,0.021179053894724298,0.65,1.680893284258728,1.59544113671478,1.59544113671478,1.59544113671478,1.0535602007353935,1.0176661071427064,1.0940638909387708,1.0535602007353935,1.008058722552367,1.0880302512765831,1.0535602007353935,1.008058722552367,1.0880302512765831,4.974995007273436,0.3378683359081294,0.32436415014901676,0.35248376142932974,1.5855050018992638,1.0601627129811633,1.045077634788567,1.0768345546547058
noise_setpoint,ideal,nv_charge_readout_master_v1_4,thin_all_counts,3,sigma0.2,0.2,5.437,1.0,27.43339830432224,0.9249776330930897,7.504300359171423,12.911749357161563,0.11758756837904422,9.422120008455401,636.7993609310438,0.2,0.1,ou,2.1054086423165375,none,0.021179053894724298,0.66,1.8367230060984283,1.8005538787864486,1.8005538787864486,1.7586270538114204,1.0444073415780526,1.0402455950747773,1.1018061480865404,1.0200877783986988,1.0045837690591524,1.0947381428540075,1.0200877783986988,1.0045837690591524,1.0947381428540075,4.974995007273436,0.369190924496033,0.35168240810380147,0.3869223992508119,1.7116666113405414,1.0730611872249733,1.0527896685999314,1.0952723213048121
noise_setpoint,ideal,nv_charge_readout_master_v1_4,thin_all_counts,3,sigma0.2,0.2,5.437,1.0,27.43339830432224,0.9249776330930897,7.504300359171423,12.911749357161563,0.11758756837904422,9.422120008455401,636.7993609310438,0.2,0.1,ou,2.1054086423165375,none,0.021179053894724298,0.67,1.9899601988452111,1.9039024187984153,1.9039024187984153,1.82415231667266,1.0908958537382407,1.0722380096018762,1.1055689576032037,1.0452007304560853,1.032166971574493,1.0603923038864929,1.0452007304560853,1.032166971574493,1.0603923038864929,4.974995007273436,0.3999924011855071,0.3855680623540843,0.41381237885502753,1.8378282207818195,1.0827781271084596,1.0669788951082433,1.1017001040889551
noise_setpoint,ideal,nv_charge_readout_master_v1_4,thin_all_counts,3,sigma0.2,0.2,5.437,1.0,27.43339830432224,0.9249776330930897,7.504300359171423,12.911749357161563,0.11758756837904422,9.422120008455401,636.7993609310438,0.2,0.1,ou,2.1054086423165375,none,0.021179053894724298,0.68,2.128521313360732,2.0131829783119612,2.0131829783119612,1.9110568300258124,1.113792787277803,1.104695828113517,1.1224140085161105,1.0572915310189446,1.0434249808861031,1.0774228790605451,1.0572915310189446,1.0434249808861031,1.0774228790605451,4.974995007273436,0.42784390944088124,0.4134472375973541,0.4433672663037415,1.9639898302230971,1.0837741013755378,1.0684965568450644,1.1013904215383359
noise_setpoint,ideal,nv_charge_readout_master_v1_4,thin_all_counts,3,sigma0.2,0.2,5.437,1.0,27.43339830432224,0.9249776330930897,7.504300359171423,12.911749357161563,0.11758756837904422,9.422120008455401,636.7993609310438,0.2,0.1,ou,2.1054086423165375,none,0.021179053894724298,0.69,2.2809914693695985,2.128736044530514,2.128736044530514,2.0356105574664607,1.1205441340452376,1.1093111935553164,1.130887786445307,1.071523862824742,1.0534736070850808,1.0910598940444398,1.071523862824742,1.0534736070850808,1.0910598940444398,4.974995007273436,0.4584912077368504,0.4423821319808611,0.47500283631922946,2.090151439664374,1.0913044031564856,1.0737042100202279,1.1072870826811279
noise_setpoint,ideal,nv_charge_readout_master_v1_4,thin_all_counts,3,sigma0.2,0.2,5.437,1.0,27.43339830432224,0.9249776330930897,7.504300359171423,12.911749357161563,0.11758756837904422,9.422120008455401,636.7993609310438,0.2,0.1,ou,2.1054086423165375,none,0.021179053894724298,0.7,2.446968060987179,2.2509216480079037,2.2509216480079037,2.1682821131033294,1.1285284540234404,1.1141099677379378,1.1437778473871516,1.0870960626962645,1.067375837826908,1.1108610187908183,1.0870960626962645,1.067375837826908,1.1108610187908183,4.974995007273436,0.4918533701862444,0.47312872754937046,0.5117590660895486,2.2163130491056515,1.10407149476226,1.086481926326892,1.1213935775791588
noise_setpoint,ideal,nv_charge_readout_master_v1_4,thin_all_counts,3,sigma0.2,0.2,5.437,1.0,27.43339830432224,0.9249776330930897,7.504300359171423,12.911749357161563,0.11758756837904422,9.422120008455401,636.7993609310438,0.2,0.1,ou,2.1054086423165375,none,0.021179053894724298,0.71,2.637507032156596,2.3801204844013677,2.3801204844013677,2.3096005789316125,1.1419753944539917,1.1267628056666188,1.1559015284749374,1.1081401338470327,1.084797855235863,1.1309849690071194,1.1081401338470327,1.084797855235863,1.1309849690071194,4.974995007273436,0.5301526993093589,0.5084358871779001,0.5537890299885853,2.3424746585469296,1.1259490140195068,1.1095224502763807,1.140184168097657
noise_setpoint,ideal,nv_charge_readout_master_v1_4,thin_all_counts,3,sigma0.2,0.2,5.437,1.0,27.43339830432224,0.9249776330930897,7.504300359171423,12.911749357161563,0.11758756837904422,9.422120008455401,636.7993609310438,0.2,0.1,ou,2.1054086423165375,none,0.021179053894724298,0.72,2.8422852720210847,2.516735100611156,2.516735100611156,2.4601295200312503,1.1553396879628435,1.1432348218342134,1.1670644684794604,1.1293541665671818,1.1047866987307025,1.15072415490278,1.1293541665671818,1.1047866987307025,1.15072415490278,4.974995007273436,0.5713141958666627,0.5474994518236188,0.5952981152839961,2.4686362679882077,1.1513584681867204,1.1383427620237212,1.157645062766
noise_setpoint,ideal,nv_charge_readout_master_v1_4,thin_all_counts,3,sigma0.2,0.2,5.437,1.0,27.43339830432224,0.9249776330930897,7.504300359171423,12.911749357161563,0.11758756837904422,9.422120008455401,636.7993609310438,0.2,0.1,ou,2.1054086423165375,none,0.021179053894724298,0.73,3.055204764035361,2.661191149002409,2.661191149002409,2.617409950539806,1.1672626076038513,1.1581467090394544,1.1766034687223976,1.1480591182563695,1.1250923579726804,1.1695398705796545,1.1480591182563695,1.1250923579726804,1.1695398705796545,4.974995007273436,0.6141121266591536,0.589046014436369,0.6402611709820674,2.6441593250253828,1.1554541116791563,1.1433967051465466,1.1683355326312286
noise_setpoint,ideal,nv_charge_readout_master_v1_4,thin_all_counts,3,sigma0.2,0.2,5.437,1.0,27.43339830432224,0.9249776330930897,7.504300359171423,12.911749357161563,0.11758756837904422,9.422120008455401,636.7993609310438,0.2,0.1,ou,2.1054086423165375,none,0.021179053894724298,0.74,3.274873861683454,2.8139387136171012,2.8139387136171012,2.776627130560215,1.1794431544802748,1.171288816699275,1.1862913305342038,1.1638042597856924,1.1411427331728796,1.1830325246666356,1.1638042597856924,1.1411427331728796,1.1830325246666356,4.974995007273436,0.658266763463198,0.6326903775383594,0.6837853345755532,2.821828531958032,1.1605502689460225,1.1450017863130697,1.1761361096318654
noise_setpoint,ideal,nv_charge_readout_master_v1_4,thin_all_counts,3,sigma0.2,0.2,5.437,1.0,27.43339830432224,0.9249776330930897,7.504300359171423,12.911749357161563,0.11758756837904422,9.422120008455401,636.7993609310438,0.2,0.1,ou,2.1054086423165375,none,0.021179053894724298,0.75,3.50201397194111,2.9754537125081573,2.9754537125081573,3.3423367729561217,1.0477741202732729,1.04635296457376,1.1936224336186356,1.1769680560713844,1.156723803382151,1.195478366827307,1.1769680560713844,1.156723803382151,1.195478366827307,4.974995007273436,0.7039231128516049,0.6760738669551022,0.7324665957883048,2.9994977388906814,1.1675334595305535,1.1499426687610652,1.1856341184002364
noise_setpoint,ideal,nv_charge_readout_master_v1_4,thin_all_counts,3,sigma0.2,0.2,5.437,1.0,27.43339830432224,0.9249776330930897,7.504300359171423,12.911749357161563,0.11758756837904422,9.422120008455401,636.7993609310438,0.2,0.1,ou,2.1054086423165375,none,0.021179053894724298,0.76,3.7624901519357583,3.146239380565012,3.146239380565012,3.3423367729561217,1.1257064764925029,1.0793140671263575,1.1691381690782539,1.1958690032225323,1.1761397398540765,1.2091174020633133,1.1958690032225323,1.1761397398540765,1.2091174020633133,4.974995007273436,0.7562801864996855,0.7240507304798519,0.7888217253024139,3.177166945823331,1.1842280295915475,1.1626027035008017,1.202945948138576
noise_setpoint,ideal,nv_charge_readout_master_v1_4,thin_all_counts,3,sigma0.2,0.2,5.437,1.0,27.43339830432224,0.9249776330930897,7.504300359171423,12.911749357161563,0.11758756837904422,9.422120008455401,636.7993609310438,0.2,0.1,ou,2.1054086423165375,none,0.021179053894724298,0.77,4.048584031080447,3.32682783745068,3.32682783745068,3.3423367729561217,1.211303440107768,1.1608349389504677,1.2155358025831042,1.216950268813081,0.9979550636968911,1.2223588910879677,1.216950268813081,0.9979433275162972,1.2223588910879677,4.974995007273436,0.8137865515767196,0.7777203663589937,0.8399945950393488,3.35483615275598,1.206790390569315,1.1855982896086168,1.2209185866163597
noise_setpoint,ideal,nv_charge_readout_master_v1_4,thin_all_counts,3,sigma0.2,0.2,5.437,1.0,27.43339830432224,0.9249776330930897,7.504300359171423,12.911749357161563,0.11758756837904422,9.422120008455401,636.7993609310438,0.2,0.1,ou,2.1054086423165375,none,0.021179053894724298,0.78,4.288243604043738,4.2355617109815045,4.235774028189561,3.549528172246,1.208116514632509,1.1800911082142302,1.2278307072594081,1.0124379944519863,1.0024603435448807,1.0242948453395244,1.0123872462281949,1.0024791392368582,1.0240408465931206,4.974995007273436,0.8619593784062761,0.8321449417411487,0.889195476487682,3.5325053596886296,1.2139383149928815,1.2007435347523998,1.2259009399479932
noise_setpoint,ideal,nv_charge_readout_master_v1_4,thin_all_counts,3,sigma0.2,0.2,5.437,1.0,27.43339830432224,0.9249776330930897,7.504300359171423,12.911749357161563,0.11758756837904422,9.422120008455401,636.7993609310438,0.2,0.1,ou,2.1054086423165375,none,0.021179053894724298,0.79,4.542090040975276,4.422908457854901,4.423372042621901,3.9116204945811015,1.1611786080136313,1.142593163979057,1.23906686886127,1.0269464277309908,1.01355907841689,1.0477929369203662,1.0268388001753987,1.0133940069666942,1.0476160958067295,4.974995007273436,0.9129838390460183,0.8803030732904743,0.9493225582587443,3.710174566621279,1.2242254264363608,1.2138337826651562,1.2397545130311396
noise_setpoint,ideal,nv_charge_readout_master_v1_4,thin_all_counts,3,sigma0.2,0.2,5.437,1.0,27.43339830432224,0.9249776330930897,7.504300359171423,12.911749357161563,0.11758756837904422,9.422120008455401,636.7993609310438,0.2,0.1,ou,2.1054086423165375,none,0.021179053894724298,0.8,4.875130043745478,4.618541898668573,4.619278577476894,3.9339729225634428,1.2392383322681237,1.1917990818543864,1.2619353086234637,1.0555560933962456,1.0309179170844285,1.0801990046932777,1.0553877541649226,1.031000671281339,1.0799038437458495,4.974995007273436,0.9799266203519892,0.9365290012148525,1.0095948229453637,3.8981203518313867,1.2506361024628394,1.2364967466064893,1.262459996725897
noise_setpoint,ideal,nv_charge_readout_master_v1_4,thin_all_counts,3,sigma0.2,0.2,5.437,1.0,27.43339830432224,0.9249776330930897,7.504300359171423,12.911749357161563,0.11758756837904422,9.422120008455401,636.7993609310438,0.2,0.1,ou,2.1054086423165375,none,0.021179053894724298,0.81,5.2364612158436135,4.8228285692583714,4.823861608459522,4.311934080542333,1.2144112405319978,1.168755458062579,1.2289392196227833,1.085765571105267,1.0611941066885917,1.1092660370320175,1.0855330523289728,1.0611967691929851,1.1090453243017895,5.180376819849843,1.0108263159117827,1.0018055818420644,1.0222289612853812,4.16283822182015,1.257906489950992,1.2436767683468801,1.2726257458168664
noise_setpoint,ideal,nv_charge_readout_master_v1_4,thin_all_counts,3,sigma0.2,0.2,5.437,1.0,27.43339830432224,0.9249776330930897,7.504300359171423,12.911749357161563,0.11758756837904422,9.422120008455401,636.7993609310438,0.2,0.1,ou,2.1054086423165375,none,0.021179053894724298,0.82,5.598242445219368,5.036151218019696,5.037505408534991,4.536229668325315,1.2341179469614745,1.1936408923717214,1.2796762366024659,1.1116112687777266,1.0889998009822432,1.1388443736787426,1.111312443602408,1.0888570154555988,1.1374718358854037,5.5115672126240405,1.0157260592589348,1.004148886144254,1.0315947325335058,4.42755609180891,1.2644091523936325,1.2487821562476762,1.2836455564498828
noise_setpoint,ideal,nv_charge_readout_master_v1_4,thin_all_counts,3,sigma0.2,0.2,5.437,1.0,27.43339830432224,0.9249776330930897,7.504300359171423,12.911749357161563,0.11758756837904422,9.422120008455401,636.7993609310438,0.2,0.1,ou,2.1054086423165375,none,0.021179053894724298,0.83,6.005916337945821,5.25890952301907,5.260611269717407,4.79129234488159,1.2535065501402312,1.2447083920709086,1.3119173121319125,1.1420459529978573,1.1113981062693032,1.1758097237045064,1.1416765143850767,1.110716766715939,1.1761805809952017,5.863931176372005,1.0242133062792291,1.004871227742709,1.0477861436944254,4.692273961797673,1.279958584439702,1.2566442026830589,1.3040101138453397
noise_setpoint,ideal,nv_charge_readout_master_v1_4,thin_all_counts,3,sigma0.2,0.2,5.437,1.0,27.43339830432224,0.9249776330930897,7.504300359171423,12.911749357161563,0.11758756837904422,9.422120008455401,636.7993609310438,0.2,0.1,ou,2.1054086423165375,none,0.021179053894724298,0.84,6.488351687668773,5.49152084082486,5.493598256825684,4.910259334085435,1.3213867631448162,1.2800127373914374,1.3282767340026536,1.1815218180423372,1.1499762998113054,1.2159227401272572,1.1810750230246867,1.1494359899488773,1.2149631198600475,6.238822373873701,1.039996220254647,1.0175469591656707,1.06567445242658,4.956991831786435,1.308929267557509,1.2853390125465252,1.3326506681185348
noise_setpoint,ideal,nv_charge_readout_master_v1_4,thin_all_counts,3,sigma0.2,0.2,5.437,1.0,27.43339830432224,0.9249776330930897,7.504300359171423,12.911749357161563,0.11758756837904422,9.422120008455401,636.7993609310438,0.2,0.1,ou,2.1054086423165375,none,0.021179053894724298,0.85,7.0027280103939855,5.734420988460199,5.7369039946225495,5.413067074998027,1.29367102113667,1.235968278466659,1.3221720089022597,1.2211743826423094,1.1875485727535124,1.2513996933723068,1.2206458425934874,1.1873863375078257,1.250819039345607,6.637681009896937,1.0549961650692095,1.032065328261949,1.0793227466451114,5.221709701775198,1.34107953339752,1.3189568297539487,1.3581146424059694
noise_setpoint,ideal,nv_charge_readout_master_v1_4,thin_all_counts,3,sigma0.2,0.2,5.437,1.0,27.43339830432224,0.9249776330930897,7.504300359171423,12.911749357161563,0.11758756837904422,9.422120008455401,636.7993609310438,0.2,0.1,ou,2.1054086423165375,none,0.021179053894724298,0.86,7.567618961208133,5.988065059943128,5.9909854898150945,5.759808140246598,1.3138664998803478,1.2657746189395445,1.367342288488662,1.2637836906334492,1.231197793512458,1.3009829580519683,1.2631676331170183,1.2309183481174104,1.300178717535509,7.062039363975386,1.0715911610195479,1.0489335822475063,1.0992416566718317,5.61919351540554,1.3467446779436951,1.330753442490161,1.3644278320512735
noise_setpoint,ideal,nv_charge_readout_master_v1_4,thin_all_counts,3,sigma0.2,0.2,5.437,1.0,27.43339830432224,0.9249776330930897,7.504300359171423,12.911749357161563,0.11758756837904422,9.422120008455401,636.7993609310438,0.2,0.1,ou,2.1054086423165375,none,0.021179053894724298,0.87,8.285813305869842,6.252928278943811,6.256319989460876,5.913752109778037,1.4011093383792235,1.352893569443064,1.414823213239139,1.3251092826014963,1.28437939952477,1.3704523933709005,1.3243909070871953,1.2843697407867884,1.368400688729707,7.513527676906583,1.102786023047062,1.0744154152481138,1.1375544633041794,6.145805849563994,1.3482061602153717,1.3271780625205123,1.3795324627016035
noise_setpoint,ideal,nv_charge_readout_master_v1_4,thin_all_counts,3,sigma0.2,0.2,5.437,1.0,27.43339830432224,0.9249776330930897,7.504300359171423,12.911749357161563,0.11758756837904422,9.422120008455401,636.7993609310438,0.2,0.1,ou,2.1054086423165375,none,0.021179053894724298,0.88,9.328702438713199,6.5295068891563695,6.533405877391935,6.551030670801047,1.424005306568425,1.3253791989003054,1.4435558587326707,1.4286993791530394,0.7664698438462053,1.4448380970311843,1.4278467638133505,0.9860633587566981,1.4443919300512067,7.993880413583883,1.166980484579313,1.1205186972076326,1.2172046193806005,6.6724181837224465,1.3980991871089306,1.3541200907485265,1.457366676909118
noise_setpoint,ideal,nv_charge_readout_master_v1_4,thin_all_counts,3,sigma0.2,0.2,5.437,1.0,27.43339830432224,0.9249776330930897,7.504300359171423,12.911749357161563,0.11758756837904422,9.422120008455401,636.7993609310438,0.2,0.1,ou,2.1054086423165375,none,0.021179053894724298,0.89,10.848483427222742,12.898059052317285,10.886808715703381,7.205219097618789,1.505642407294456,1.3998916316796357,1.629024742329655,0.8410942594710549,0.7924850751110768,0.967903849758898,0.9964796581366073,0.973104255002178,1.0866011318252338,8.585647868478198,1.2635602570019717,1.2060816435285682,1.40444766171538,7.1990305178808995,1.5069367188092004,1.4350339017557696,1.659040692927699
noise_setpoint,ideal,nv_charge_readout_master_v1_4,thin_all_counts,3,sigma0.2,0.2,5.437,1.0,27.43339830432224,0.9249776330930897,7.504300359171423,12.911749357161563,0.11758756837904422,9.422120008455401,636.7993609310438,0.2,0.1,ou,2.1054086423165375,none,0.021179053894724298,0.9,16.18712870309525,13.566746740655226,12.528344041314739,8.22001756183538,1.969232861283688,1.5201328569442771,2.0105631848298597,1.1931474075938613,0.9514193946623697,1.237502722000674,1.2920405641571568,1.0696703714476932,1.3248531253514395,9.517054633026918,1.7008548681565048,1.370841000190289,1.7520499610847937,8.226548259492091,1.9676695732524212,1.6149150336311886,2.04649167029712
noise_setpoint,ideal,nv_charge_readout_master_v1_4,thin_all_counts,3,sigma0.2,0.2,5.437,1.0,27.43339830432224,0.9249776330930897,7.504300359171423,12.911749357161563,0.11758756837904422,9.422120008455401,636.7993609310438,0.2,0.1,ou,2.1054086423165375,none,0.021179053894724298,0.91,18.189932125254312,14.27010191056702,13.560119552773616,10.953616977948709,1.6606324798350538,1.5581823485908861,1.7092154567560622,1.2746883126170707,1.2398238299903566,1.3099301353013861,1.3414285954089324,1.305097611581488,1.3802224675541142,10.558703855274967,1.722742902403395,1.6646680356085466,1.78619900820985,9.28353102507109,1.9593764566661769,1.886897104669861,2.039323163293362
noise_setpoint,ideal,nv_charge_readout_master_v1_4,thin_all_counts,3,sigma0.2,0.2,5.437,1.0,27.43339830432224,0.9249776330930897,7.504300359171423,12.911749357161563,0.11758756837904422,9.422120008455401,636.7993609310438,0.2,0.1,ou,2.1054086423165375,none,0.021179053894724298,0.92,19.86265890531505,15.009921864888714,14.676867244317556,11.889687623998396,1.6705787009259891,1.6217438680606844,1.723475414263724,1.3233019521425948,1.2974051734286076,1.3713893055990605,1.3533309646174854,1.3292673782071833,1.39238549913807,11.714362415921116,1.695581731219063,1.624033184329475,1.7600260625181006,10.596678469927742,1.8744230998121898,1.7877234867023775,1.983903307115685
noise_setpoint,ideal,nv_charge_readout_master_v1_4,thin_all_counts,3,sigma0.2,0.2,5.437,1.0,27.43339830432224,0.9249776330930897,7.504300359171423,12.911749357161563,0.11758756837904422,9.422120008455401,636.7993609310438,0.2,0.1,ou,2.1054086423165375,none,0.021179053894724298,0.93,22.89599705476961,nan,24.962194327222246,15.106638697279417,1.5156248529921479,1.4272407142581034,1.7725445219996054,nan,1.3667777375934873,1.4286714964667826,0.9172269374491901,0.8771346531319141,1.4277836250522253,13.8664190456713,1.6511831194021995,1.5539140327050616,1.86443681548477,12.422155273339705,1.8431581759333462,1.7465672737572502,2.084604818691874
noise_setpoint,ideal,nv_charge_readout_master_v1_4,thin_all_counts,3,sigma0.2,0.2,5.437,1.0,27.43339830432224,0.9249776330930897,7.504300359171423,12.911749357161563,0.11758756837904422,9.422120008455401,636.7993609310438,0.2,0.1,ou,2.1054086423165375,none,0.021179053894724298,0.94,nan,nan,nan,nan,nan,nan,nan,nan,nan,nan,nan,nan,nan,nan,nan,nan,nan,nan,nan,nan,nan
noise_setpoint,ideal,nv_charge_readout_master_v1_4,thin_all_counts,3,sigma0.2,0.2,5.437,1.0,27.43339830432224,0.9249776330930897,7.504300359171423,12.911749357161563,0.11758756837904422,9.422120008455401,636.7993609310438,0.2,0.1,ou,2.1054086423165375,none,0.021179053894724298,0.95,nan,nan,nan,nan,nan,nan,nan,nan,nan,nan,nan,nan,nan,nan,nan,nan,nan,nan,nan,nan,nan
noise_setpoint,ideal,nv_charge_readout_master_v1_4,thin_all_counts,3,sigma0.2,0.2,5.437,1.0,27.43339830432224,0.9249776330930897,7.504300359171423,12.911749357161563,0.11758756837904422,9.422120008455401,636.7993609310438,0.2,0.1,ou,2.1054086423165375,none,0.021179053894724298,0.96,nan,nan,nan,nan,nan,nan,nan,nan,nan,nan,nan,nan,nan,nan,nan,nan,nan,nan,nan,nan,nan
noise_setpoint,ideal,nv_charge_readout_master_v1_4,thin_all_counts,3,sigma0.2,0.2,5.437,1.0,27.43339830432224,0.9249776330930897,7.504300359171423,12.911749357161563,0.11758756837904422,9.422120008455401,636.7993609310438,0.2,0.1,ou,2.1054086423165375,none,0.021179053894724298,0.97,nan,nan,nan,nan,nan,nan,nan,nan,nan,nan,nan,nan,nan,nan,nan,nan,nan,nan,nan,nan,nan
noise_setpoint,ideal,nv_charge_readout_master_v1_4,thin_all_counts,3,sigma0.2,0.2,5.437,1.0,27.43339830432224,0.9249776330930897,7.504300359171423,12.911749357161563,0.11758756837904422,9.422120008455401,636.7993609310438,0.2,0.1,ou,2.1054086423165375,none,0.021179053894724298,0.98,nan,nan,nan,nan,nan,nan,nan,nan,nan,nan,nan,nan,nan,nan,nan,nan,nan,nan,nan,nan,nan
noise_setpoint,ideal,nv_charge_readout_master_v1_4,thin_all_counts,3,sigma0.2,0.2,5.437,1.0,27.43339830432224,0.9249776330930897,7.504300359171423,12.911749357161563,0.11758756837904422,9.422120008455401,636.7993609310438,0.2,0.1,ou,2.1054086423165375,none,0.021179053894724298,0.99,nan,nan,nan,nan,nan,nan,nan,nan,nan,nan,nan,nan,nan,nan,nan,nan,nan,nan,nan,nan,nan
noise_setpoint,ideal,nv_charge_readout_master_v1_4,thin_all_counts,4,sigma0.3,0.3,5.437,1.0,27.43339830432224,0.9249776330930897,7.504300359171423,12.911749357161563,0.11758756837904422,9.422120008455401,636.7993609310438,0.3,0.1,ou,2.1054086423165375,none,-0.022705104191415693,0.55,0.46596103469248334,1.5930165446918123,1.5930165446918123,0.45328300415415745,1.0279693489986097,1.0170191487929978,1.0664292430751012,0.29250231973116697,0.27585742033051147,0.31424492202416543,0.29250231973116697,0.27585742033051147,0.31424492202416543,4.974995007273436,0.09366060348025454,0.08812669685752093,0.10088421262716571,0.4635486364353124,1.005204196642066,0.9861571157277118,1.041608062904965
noise_setpoint,ideal,nv_charge_readout_master_v1_4,thin_all_counts,4,sigma0.3,0.3,5.437,1.0,27.43339830432224,0.9249776330930897,7.504300359171423,12.911749357161563,0.11758756837904422,9.422120008455401,636.7993609310438,0.3,0.1,ou,2.1054086423165375,none,-0.022705104191415693,0.56,0.5745831953758687,1.5930165446918123,1.5930165446918123,0.548384601116864,1.0477741245936656,1.02553181869847,1.0659270291414313,0.3606887808481791,0.335762070648847,0.3868615031408239,0.3606887808481791,0.335762070648847,0.3868615031408239,4.974995007273436,0.11549422552903647,0.10721508870420825,0.12412145935134322,0.5651958468754569,1.0166090188954986,1.0039107519499346,1.0483481430624924
noise_setpoint,ideal,nv_charge_readout_master_v1_4,thin_all_counts,4,sigma0.3,0.3,5.437,1.0,27.43339830432224,0.9249776330930897,7.504300359171423,12.911749357161563,0.11758756837904422,9.422120008455401,636.7993609310438,0.3,0.1,ou,2.1054086423165375,none,-0.022705104191415693,0.57,0.6876922474538903,1.5930165446918123,1.5930165446918123,0.6622922459364113,1.0383516516663518,1.0286950848810472,1.0599472373770062,0.43169184258970295,0.40503064035757097,0.46186285950638983,0.43169184258970295,0.40503064035757097,0.46186285950638983,4.974995007273436,0.1382297362004354,0.12948302121731783,0.1482962652614944,0.6698716552787839,1.0266029948194926,1.0149249340752367,1.0702947276556944
noise_setpoint,ideal,nv_charge_readout_master_v1_4,thin_all_counts,4,sigma0.3,0.3,5.437,1.0,27.43339830432224,0.9249776330930897,7.504300359171423,12.911749357161563,0.11758756837904422,9.422120008455401,636.7993609310438,0.3,0.1,ou,2.1054086423165375,none,-0.022705104191415693,0.58,0.8133029677405065,1.5930165446918123,1.5930165446918123,0.7528617245261031,1.0802819976702212,1.0540718980119215,1.0990722876316725,0.5105426999176894,0.4787379888916678,0.5387266699167417,0.5105426999176894,0.4787379888916678,0.5387266699167417,4.974995007273436,0.1634781475260696,0.15284197488807055,0.17291903902712003,0.7745474636821121,1.0500363191096838,1.034063656984486,1.0795229444829453
noise_setpoint,ideal,nv_charge_readout_master_v1_4,thin_all_counts,4,sigma0.3,0.3,5.437,1.0,27.43339830432224,0.9249776330930897,7.504300359171423,12.911749357161563,0.11758756837904422,9.422120008455401,636.7993609310438,0.3,0.1,ou,2.1054086423165375,none,-0.022705104191415693,0.59,0.9217785774477386,1.5930165446918123,1.5930165446918123,0.8558167179732287,1.0770747498725228,1.0558524244001863,1.0964328865978752,0.5786371651438608,0.5516718539478794,0.6128048710894168,0.5786371651438608,0.5516718539478794,0.6128048710894168,4.974995007273436,0.1852823120626452,0.17605932062331114,0.19696198799331113,0.8792232720854403,1.0484010224858595,1.038531136709036,1.081355236266104
noise_setpoint,ideal,nv_charge_readout_master_v1_4,thin_all_counts,4,sigma0.3,0.3,5.437,1.0,27.43339830432224,0.9249776330930897,7.504300359171423,12.911749357161563,0.11758756837904422,9.422120008455401,636.7993609310438,0.3,0.1,ou,2.1054086423165375,none,-0.022705104191415693,0.6,1.0457956724134263,1.5930165446918123,1.5930165446918123,0.9728509643965496,1.0749803522702202,1.0521640262291734,1.093790403628587,0.6564876403187311,0.6279277714717646,0.6868908706112581,0.6564876403187311,0.6279277714717646,0.6868908706112581,4.974995007273436,0.21021039636913694,0.20063233082547394,0.22070434841395695,0.9838990804887685,1.0629094926015275,1.0485695492859202,1.0869509969740745
noise_setpoint,ideal,nv_charge_readout_master_v1_4,thin_all_counts,4,sigma0.3,0.3,5.437,1.0,27.43339830432224,0.9249776330930897,7.504300359171423,12.911749357161563,0.11758756837904422,9.422120008455401,636.7993609310438,0.3,0.1,ou,2.1054086423165375,none,-0.022705104191415693,0.61,1.1543109252092874,1.5930165446918123,1.5930165446918123,1.0880817423264453,1.060867837687669,1.0505058512369325,1.0735150360780217,0.7246069910922377,0.6973613338260882,0.7579436204262929,0.7246069910922377,0.6973613338260882,0.7579436204262929,4.974995007273436,0.23202252937373533,0.22248795809067903,0.243114279631597,1.0885748888920967,1.0603872429797585,1.0529504767741606,1.0805117214024569
noise_setpoint,ideal,nv_charge_readout_master_v1_4,thin_all_counts,4,sigma0.3,0.3,5.437,1.0,27.43339830432224,0.9249776330930897,7.504300359171423,12.911749357161563,0.11758756837904422,9.422120008455401,636.7993609310438,0.3,0.1,ou,2.1054086423165375,none,-0.022705104191415693,0.62,1.2752250941723757,1.5930165446918123,1.5930165446918123,1.1863084638789523,1.0749523694728493,1.0609664706743605,1.091155582553707,0.8005096358990313,0.7688175438128152,0.8400669032767507,0.8005096358990313,0.7688175438128152,0.8400669032767507,4.974995007273436,0.2563269093351849,0.24539683151681854,0.26984534673332367,1.1932506972954249,1.0686983858989152,1.0611533871492893,1.0810250536725774
noise_setpoint,ideal,nv_charge_readout_master_v1_4,thin_all_counts,4,sigma0.3,0.3,5.437,1.0,27.43339830432224,0.9249776330930897,7.504300359171423,12.911749357161563,0.11758756837904422,9.422120008455401,636.7993609310438,0.3,0.1,ou,2.1054086423165375,none,-0.022705104191415693,0.63,1.4040585289322582,1.5930165446918123,1.5930165446918123,1.2934026155625118,1.085554112878936,1.0714701627706356,1.0979339114145483,0.8813835195941985,0.8469739574917883,0.9219155989784172,0.8813835195941985,0.8469739574917883,0.9219155989784172,4.974995007273436,0.2822231031145813,0.27037176687429304,0.295966813368163,1.303117169527985,1.0774614606918549,1.0670785930794897,1.0879569517922456
noise_setpoint,ideal,nv_charge_readout_master_v1_4,thin_all_counts,4,sigma0.3,0.3,5.437,1.0,27.43339830432224,0.9249776330930897,7.504300359171423,12.911749357161563,0.11758756837904422,9.422120008455401,636.7993609310438,0.3,0.1,ou,2.1054086423165375,none,-0.022705104191415693,0.64,1.539576560585423,1.5930165446918123,1.5930165446918123,1.4101647057915994,1.0917707373204877,1.0024060031206052,1.1029548096488015,0.9664535912797265,0.9253480288622383,1.010242408358346,0.9664535912797265,0.9253480288622383,1.010242408358346,4.974995007273436,0.3094629358088931,0.2953852159919071,0.3245484495302034,1.4311509651628576,1.07576111679471,1.0601362578432854,1.0913612821522265
noise_setpoint,ideal,nv_charge_readout_master_v1_4,thin_all_counts,4,sigma0.3,0.3,5.437,1.0,27.43339830432224,0.9249776330930897,7.504300359171423,12.911749357161563,0.11758756837904422,9.422120008455401,636.7993609310438,0.3,0.1,ou,2.1054086423165375,none,-0.022705104191415693,0.65,1.6811543809481653,1.5930165446918123,1.5930165446918123,1.5930165446918123,1.0553276339470814,1.0157234065253467,1.0921016970036665,1.0553276339470814,1.0001630234387595,1.0904841259266627,1.0553276339470814,1.0001630234387595,1.0904841259266627,4.974995007273436,0.3379208177074188,0.32282321719876816,0.3530369281655142,1.55918476079773,1.0782265342870794,1.0599104700665123,1.098078744624491
noise_setpoint,ideal,nv_charge_readout_master_v1_4,thin_all_counts,4,sigma0.3,0.3,5.437,1.0,27.43339830432224,0.9249776330930897,7.504300359171423,12.911749357161563,0.11758756837904422,9.422120008455401,636.7993609310438,0.3,0.1,ou,2.1054086423165375,none,-0.022705104191415693,0.66,1.812350324258105,1.8023217550553072,1.8023217550553072,1.655809077805485,1.0945406378977525,1.0380649776231081,1.1010109877669554,1.005564250209303,0.9974241598358471,1.0889516649060331,1.005564250209303,0.9974241598358471,1.0889516649060331,4.974995007273436,0.36429188805384755,0.35096713318441997,0.3790753432215563,1.6872185564326025,1.0741645279732324,1.0578252367834802,1.0932261326403652
noise_setpoint,ideal,nv_charge_readout_master_v1_4,thin_all_counts,4,sigma0.3,0.3,5.437,1.0,27.43339830432224,0.9249776330930897,7.504300359171423,12.911749357161563,0.11758756837904422,9.422120008455401,636.7993609310438,0.3,0.1,ou,2.1054086423165375,none,-0.022705104191415693,0.67,1.9488343501514502,1.9050708724661005,1.9050708724661005,1.8086413783978434,1.0775128632066322,1.0557743254037184,1.099778117975835,1.0229720995254619,1.0092400439405584,1.038392459874192,1.0229720995254619,1.0092400439405584,1.038392459874192,4.974995007273436,0.3917258906395398,0.37709181473660275,0.40773199575539093,1.8152523520674748,1.0735886654722318,1.053903357983188,1.0933715846840237
noise_setpoint,ideal,nv_charge_readout_master_v1_4,thin_all_counts,4,sigma0.3,0.3,5.437,1.0,27.43339830432224,0.9249776330930897,7.504300359171423,12.911749357161563,0.11758756837904422,9.422120008455401,636.7993609310438,0.3,0.1,ou,2.1054086423165375,none,-0.022705104191415693,0.68,2.0930017909710785,2.013677646035726,2.013677646035726,1.876341711558984,1.1154694148072206,1.0983613468138662,1.1240178824733806,1.0393926729491763,1.0230383802057779,1.0587339960615643,1.0393926729491763,1.0230383802057779,1.0587339960615643,4.974995007273436,0.4207042997854496,0.4053776746794173,0.43927542911478584,1.9432861477023473,1.0770425104124517,1.0591325758942765,1.093998958377352
noise_setpoint,ideal,nv_charge_readout_master_v1_4,thin_all_counts,4,sigma0.3,0.3,5.437,1.0,27.43339830432224,0.9249776330930897,7.504300359171423,12.911749357161563,0.11758756837904422,9.422120008455401,636.7993609310438,0.3,0.1,ou,2.1054086423165375,none,-0.022705104191415693,0.69,2.2498007561353193,2.128476016692726,2.128476016692726,1.9993022294024756,1.1252929762438715,1.1126942416493226,1.1375402448232623,1.057000754761198,1.0345560912016325,1.0796650907706755,1.057000754761198,1.0345560912016325,1.0796650907706755,4.974995007273436,0.4522217113476724,0.4338992833821607,0.47259159438686965,2.0713199433372185,1.0861676697374625,1.066617869397832,1.1019126924118405
noise_setpoint,ideal,nv_charge_readout_master_v1_4,thin_all_counts,4,sigma0.3,0.3,5.437,1.0,27.43339830432224,0.9249776330930897,7.504300359171423,12.911749357161563,0.11758756837904422,9.422120008455401,636.7993609310438,0.3,0.1,ou,2.1054086423165375,none,-0.022705104191415693,0.7,2.4212256864246786,2.2498189631071455,2.2498189631071455,2.130320601982768,1.136554603176233,1.1223648765270648,1.1514476232956607,1.076186895980648,1.0544402732498266,1.1006591242109087,1.076186895980648,1.0544402732498266,1.1006591242109087,4.974995007273436,0.486679018347727,0.46788899080190716,0.5087899870497476,2.199353738972091,1.1008805193639672,1.0851078392012066,1.1165485199009109
noise_setpoint,ideal,nv_charge_readout_master_v1_4,thin_all_counts,4,sigma0.3,0.3,5.437,1.0,27.43339830432224,0.9249776330930897,7.504300359171423,12.911749357161563,0.11758756837904422,9.422120008455401,636.7993609310438,0.3,0.1,ou,2.1054086423165375,none,-0.022705104191415693,0.71,2.6118480473047216,2.3780795870190126,2.3780795870190126,2.2699248770350033,1.1506319322410095,1.1349210194572708,1.1647493767646038,1.0983013611326373,1.0743282724248049,1.1249357262728825,1.0983013611326373,1.0743282724248049,1.1249357262728825,4.974995007273436,0.5249951092385426,0.5034553508112087,0.5485325885148751,2.3273875346069635,1.1222230971284275,1.1065002028073045,1.1369796417333633
noise_setpoint,ideal,nv_charge_readout_master_v1_4,thin_all_counts,4,sigma0.3,0.3,5.437,1.0,27.43339830432224,0.9249776330930897,7.504300359171423,12.911749357161563,0.11758756837904422,9.422120008455401,636.7993609310438,0.3,0.1,ou,2.1054086423165375,none,-0.022705104191415693,0.72,2.8174058883215944,2.5136522604406513,2.5136522604406513,2.4186777063446216,1.1648537880557785,1.1502405656843389,1.1754307223915121,1.1208415470434618,1.0970174857185928,1.1435349839601994,1.1208415470434618,1.0970174857185928,1.1435349839601994,4.974995007273436,0.5663133097023315,0.5431232535188096,0.5921023737963041,2.455421330241836,1.1474225843122843,1.1339956284268853,1.1542671640546103
noise_setpoint,ideal,nv_charge_readout_master_v1_4,thin_all_counts,4,sigma0.3,0.3,5.437,1.0,27.43339830432224,0.9249776330930897,7.504300359171423,12.911749357161563,0.11758756837904422,9.422120008455401,636.7993609310438,0.3,0.1,ou,2.1054086423165375,none,-0.022705104191415693,0.73,3.022414733302607,2.6569538382601996,2.6569538382601996,2.5775822552374827,1.1725774132566489,1.1629231536415714,1.1816001516470003,1.1375488312140625,1.116595141982412,1.1599816552595128,1.1375488312140625,1.116595141982412,1.1599816552595128,4.974995007273436,0.6075211590933942,0.5833692207585208,0.6335164366447238,2.631528643586515,1.1485395534906102,1.1372962024143751,1.1616492552150128
noise_setpoint,ideal,nv_charge_readout_master_v1_4,thin_all_counts,4,sigma0.3,0.3,5.437,1.0,27.43339830432224,0.9249776330930897,7.504300359171423,12.911749357161563,0.11758756837904422,9.422120008455401,636.7993609310438,0.3,0.1,ou,2.1054086423165375,none,-0.022705104191415693,0.74,3.2565402582176524,2.8084249399748202,2.8084249399748202,2.761929636726366,1.1790815431770136,1.1694041289276418,1.188693761371144,1.1595610806129824,1.1349423033099613,1.1858449445309416,1.1595610806129824,1.1349423033099613,1.1858449445309416,4.974995007273436,0.6545816133396305,0.6263209567373719,0.687553740070259,2.8136451466449204,1.1574097259922256,1.1399380293186596,1.1795943593918916
noise_setpoint,ideal,nv_charge_readout_master_v1_4,thin_all_counts,4,sigma0.3,0.3,5.437,1.0,27.43339830432224,0.9249776330930897,7.504300359171423,12.911749357161563,0.11758756837904422,9.422120008455401,636.7993609310438,0.3,0.1,ou,2.1054086423165375,none,-0.022705104191415693,0.75,3.534449400611585,2.968531304494632,2.968531304494632,3.3384270811370267,1.0587169690127831,1.0544656855240244,1.1974020885175911,1.1906390864937488,1.1672891884596697,1.2078373902964517,1.1906390864937488,1.1672891884596697,1.2078373902964517,4.974995007273436,0.7104428035493955,0.6779163914580433,0.7410289699534801,2.9957616497033253,1.1798166255855524,1.1593107884036282,1.2006417194730965
noise_setpoint,ideal,nv_charge_readout_master_v1_4,thin_all_counts,4,sigma0.3,0.3,5.437,1.0,27.43339830432224,0.9249776330930897,7.504300359171423,12.911749357161563,0.11758756837904422,9.422120008455401,636.7993609310438,0.3,0.1,ou,2.1054086423165375,none,-0.022705104191415693,0.76,3.7837212546211267,3.1377652221830843,3.1377652221830843,3.3384270811370267,1.1333844240600992,1.0911484614029048,1.1748267863967263,1.205864998398007,1.1925944423869945,1.2162150825715226,1.205864998398007,1.1925944423869945,1.2162150825715226,4.974995007273436,0.7605477491111713,0.7307123232486779,0.7903579598485897,3.17787815276173,1.1906439053784643,1.1745931300840384,1.2099752960163899
noise_setpoint,ideal,nv_charge_readout_master_v1_4,thin_all_counts,4,sigma0.3,0.3,5.437,1.0,27.43339830432224,0.9249776330930897,7.504300359171423,12.911749357161563,0.11758756837904422,9.422120008455401,636.7993609310438,0.3,0.1,ou,2.1054086423165375,none,-0.022705104191415693,0.77,4.042121577443038,3.316647048536947,3.316647048536947,3.3384270811370267,1.2107862413056936,1.1641897920446707,1.2188219883392895,1.2187373327005402,0.9993877505802555,1.2238860572027568,1.2187373327005402,0.9993877505802555,1.2238860572027568,4.974995007273436,0.8124875646173437,0.7789087823370694,0.839515812720213,3.359994655820135,1.2030142876689796,1.1840006067119297,1.221028212354836
noise_setpoint,ideal,nv_charge_readout_master_v1_4,thin_all_counts,4,sigma0.3,0.3,5.437,1.0,27.43339830432224,0.9249776330930897,7.504300359171423,12.911749357161563,0.11758756837904422,9.422120008455401,636.7993609310438,0.3,0.1,ou,2.1054086423165375,none,-0.022705104191415693,0.78,4.298472233512745,4.244980508686582,4.244980508686582,3.5484544348268585,1.2113646412716252,1.18028448529785,1.2323754671238278,1.0126011708927056,1.0027298750404947,1.0232680244763983,1.0126011708927056,1.0027298750404947,1.0232680244763983,4.974995007273436,0.8640153863930286,0.8299702202554846,0.892995492632932,3.54211115887854,1.2135339747140164,1.199235776101195,1.2270637931429205
noise_setpoint,ideal,nv_charge_readout_master_v1_4,thin_all_counts,4,sigma0.3,0.3,5.437,1.0,27.43339830432224,0.9249776330930897,7.504300359171423,12.911749357161563,0.11758756837904422,9.422120008455401,636.7993609310438,0.3,0.1,ou,2.1054086423165375,none,-0.022705104191415693,0.79,4.571080604153457,4.451501176973546,4.451501176973546,3.9112085899429583,1.1687130714294434,1.1470946733462208,1.2413696866825354,1.0268627194346176,1.0128744547018214,1.043156723698439,1.0268627194346176,1.0128744547018214,1.043156723698439,4.974995007273436,0.9188110937740729,0.8834973207894053,0.9533004843238191,3.724227661936945,1.2273902186140977,1.2151358481035015,1.2413030371723457
noise_setpoint,ideal,nv_charge_readout_master_v1_4,thin_all_counts,4,sigma0.3,0.3,5.437,1.0,27.43339830432224,0.9249776330930897,7.504300359171423,12.911749357161563,0.11758756837904422,9.422120008455401,636.7993609310438,0.3,0.1,ou,2.1054086423165375,none,-0.022705104191415693,0.8,4.9007160555062494,4.668069190906132,4.668069190906132,3.940590420160931,1.2436501978061723,1.19650290004088,1.2546612996462092,1.0498379212230482,1.0290419643856565,1.0701947455983156,1.0498379212230482,1.0290419643856565,1.0701947455983156,4.974995007273436,0.9850695424500747,0.9423271142249565,1.0025384663837917,3.9319786481290917,1.2463740254129052,1.2326855121126152,1.2591343244764879
noise_setpoint,ideal,nv_charge_readout_master_v1_4,thin_all_counts,4,sigma0.3,0.3,5.437,1.0,27.43339830432224,0.9249776330930897,7.504300359171423,12.911749357161563,0.11758756837904422,9.422120008455401,636.7993609310438,0.3,0.1,ou,2.1054086423165375,none,-0.022705104191415693,0.81,5.26611140750041,4.895173359451303,4.895173359451303,4.33298899590637,1.2153530536254802,1.1752842537177977,1.22418753702462,1.0757762842725318,1.0497865693664403,1.1040531117625398,1.0757762842725318,1.0497865693664403,1.1040531117625398,5.25545284260907,1.0020280963811385,0.9917952322262724,1.0148869173879933,4.225954713952913,1.2461353147285728,1.2310839137308944,1.264301563378605
noise_setpoint,ideal,nv_charge_readout_master_v1_4,thin_all_counts,4,sigma0.3,0.3,5.437,1.0,27.43339830432224,0.9249776330930897,7.504300359171423,12.911749357161563,0.11758756837904422,9.422120008455401,636.7993609310438,0.3,0.1,ou,2.1054086423165375,none,-0.022705104191415693,0.82,5.702935312653941,5.133326272404775,5.133326272404775,4.547465724374128,1.2540908845308212,1.2050178566696215,1.2895927658896806,1.1109629526786977,1.0800313223381244,1.1429092716302383,1.1109629526786977,1.0800313223381244,1.1429092716302383,5.619213848711213,1.0148991418011133,0.9989673793954577,1.034707678520447,4.5199307797767325,1.2617306747639274,1.2420153379569498,1.2865947410160727
noise_setpoint,ideal,nv_charge_readout_master_v1_4,thin_all_counts,4,sigma0.3,0.3,5.437,1.0,27.43339830432224,0.9249776330930897,7.504300359171423,12.911749357161563,0.11758756837904422,9.422120008455401,636.7993609310438,0.3,0.1,ou,2.1054086423165375,none,-0.022705104191415693,0.83,6.1820519371681915,5.383065457341592,5.383065457341592,4.820184179042006,1.2825343819946837,1.2522479442977543,1.3174139883537925,1.1484259268549144,1.1144060474732371,1.1822417032319958,1.1484259268549144,1.1144060474732371,1.1822417032319958,6.008152907689723,1.028943842167515,1.0056702240471813,1.0512194126398013,4.813906845600554,1.28420680653968,1.2592219494244532,1.3082165063018985
noise_setpoint,ideal,nv_charge_readout_master_v1_4,thin_all_counts,4,sigma0.3,0.3,5.437,1.0,27.43339830432224,0.9249776330930897,7.504300359171423,12.911749357161563,0.11758756837904422,9.422120008455401,636.7993609310438,0.3,0.1,ou,2.1054086423165375,none,-0.022705104191415693,0.84,6.708582660419087,5.644954592852992,5.644954592852992,5.121447581486259,1.3098997019261178,1.2445101820630666,1.3312344013150712,1.1884210138577096,1.1545124910726376,1.2227607487200818,1.1884210138577096,1.1545124910726376,1.2227607487200818,6.424012741650626,1.0442978446981321,1.0181795293458324,1.0680466746862873,5.107882911424376,1.3133783167610518,1.2890267895883205,1.3364781401771784
noise_setpoint,ideal,nv_charge_readout_master_v1_4,thin_all_counts,4,sigma0.3,0.3,5.437,1.0,27.43339830432224,0.9249776330930897,7.504300359171423,12.911749357161563,0.11758756837904422,9.422120008455401,636.7993609310438,0.3,0.1,ou,2.1054086423165375,none,-0.022705104191415693,0.85,7.3039441628809625,5.919584780807911,5.919584780807911,5.7761971181359435,1.2644901158148223,1.2280939601075747,1.324181408725752,1.2338608928385197,1.2000243375150805,1.2773853987377117,1.2338608928385197,1.2000243375150805,1.2773853987377117,6.868656696814677,1.0633730124069456,1.0392094488320518,1.094409153865028,5.431892623436586,1.3446407484874008,1.3244331160028562,1.358302354679348
noise_setpoint,ideal,nv_charge_readout_master_v1_4,thin_all_counts,4,sigma0.3,0.3,5.437,1.0,27.43339830432224,0.9249776330930897,7.504300359171423,12.911749357161563,0.11758756837904422,9.422120008455401,636.7993609310438,0.3,0.1,ou,2.1054086423165375,none,-0.022705104191415693,0.86,8.083339297145239,6.207575880510759,6.207575880510759,5.847109943203053,1.3824503687572491,1.3068618293330716,1.3923643927876217,1.302173256153599,1.2520449601910006,1.3525267425285146,1.302173256153599,1.2520449601910006,1.3525267425285146,7.344077092626497,1.1006610082104076,1.0645152415889807,1.1363074855358555,5.966137858767504,1.3548696809388026,1.3296147919299794,1.3867338692526838
noise_setpoint,ideal,nv_charge_readout_master_v1_4,thin_all_counts,4,sigma0.3,0.3,5.437,1.0,27.43339830432224,0.9249776330930897,7.504300359171423,12.911749357161563,0.11758756837904422,9.422120008455401,636.7993609310438,0.3,0.1,ou,2.1054086423165375,none,-0.022705104191415693,0.87,9.089439392523806,6.509577907766657,6.509577907766657,6.5685255038886075,1.3837868768482062,1.3206849055352903,1.425334871464376,1.3963177830131022,0.9415287610687768,1.4238836078897203,1.3963177830131022,0.9856713755719002,1.4238836078897203,7.8524041487549825,1.1575358603982397,1.116410021270615,1.1967300435852648,6.500383094098421,1.398292879195988,1.3596312599476692,1.4465640362194359
noise_setpoint,ideal,nv_charge_readout_master_v1_4,thin_all_counts,4,sigma0.3,0.3,5.437,1.0,27.43339830432224,0.9249776330930897,7.504300359171423,12.911749357161563,0.11758756837904422,9.422120008455401,636.7993609310438,0.3,0.1,ou,2.1054086423165375,none,-0.022705104191415693,0.88,10.432713796088306,12.546444635529156,10.408733751154594,7.23471898016348,1.4420344210595117,1.3491467581920138,1.527132604148582,0.8315275043373511,0.7896198150054359,0.9338918403123694,1.0023038388248764,0.9821473815007395,1.0304190544797018,8.453643970511095,1.234108490076092,1.1848038021924385,1.2900106843694639,7.034628329429339,1.4830511730723699,1.4196261776947021,1.5521752446388617
noise_setpoint,ideal,nv_charge_readout_master_v1_4,thin_all_counts,4,sigma0.3,0.3,5.437,1.0,27.43339830432224,0.9249776330930897,7.504300359171423,12.911749357161563,0.11758756837904422,9.422120008455401,636.7993609310438,0.3,0.1,ou,2.1054086423165375,none,-0.022705104191415693,0.89,12.205337693615695,13.315843861730214,11.841152519800861,8.325197964465692,1.4660717673875792,1.3938347130477313,1.8782256024009136,0.9166026442149778,0.8567586403270323,1.1595661830548092,1.0307558891084159,1.0012982679075828,1.2525569990622847,9.297751012614086,1.3127193529980465,1.2541509214611246,1.6325482242935616,7.8058492297202795,1.5636143274641585,1.5066154844936266,1.9222510482261186
noise_setpoint,ideal,nv_charge_readout_master_v1_4,thin_all_counts,4,sigma0.3,0.3,5.437,1.0,27.43339830432224,0.9249776330930897,7.504300359171423,12.911749357161563,0.11758756837904422,9.422120008455401,636.7993609310438,0.3,0.1,ou,2.1054086423165375,none,-0.022705104191415693,0.9,17.932516125413397,14.132425790798534,13.154669362276902,11.039560948160316,1.624386713350385,1.5386085919525483,2.1076817851955663,1.268891582440791,1.154379732605171,1.3038392028089703,1.3632053859778284,1.2667457703264218,1.4091353355996827,10.236365749058843,1.7518440201359704,1.596900278907459,1.81458737170794,8.746338462125523,2.050288381025614,1.8909042487866092,2.1398098111685475
noise_setpoint,ideal,nv_charge_readout_master_v1_4,thin_all_counts,4,sigma0.3,0.3,5.437,1.0,27.43339830432224,0.9249776330930897,7.504300359171423,12.911749357161563,0.11758756837904422,9.422120008455401,636.7993609310438,0.3,0.1,ou,2.1054086423165375,none,-0.022705104191415693,0.91,19.804173679321487,14.999083858773629,14.368172436228939,11.699946691872013,1.6926721292738456,1.6253246501371312,1.7378675324755815,1.3203588876354704,1.2901395786598655,1.3598188757277712,1.3783363031881373,1.3382807209418786,1.422470682432057,11.269734326757899,1.757288424475113,1.6918264774898748,1.8291979620408374,9.686827694530766,2.0444436820635334,1.9561190649149536,2.138058059497055
noise_setpoint,ideal,nv_charge_readout_master_v1_4,thin_all_counts,4,sigma0.3,0.3,5.437,1.0,27.43339830432224,0.9249776330930897,7.504300359171423,12.911749357161563,0.11758756837904422,9.422120008455401,636.7993609310438,0.3,0.1,ou,2.1054086423165375,none,-0.022705104191415693,0.92,22.55571907971015,32.56392916267835,15.693619768902826,14.518311520286382,1.5536048422843889,1.4378512712975107,1.6991833280498518,0.6926596286040737,0.6798945071401917,1.3987945616088482,1.437254082350376,0.9134490950896152,1.4730958327211807,12.816049402277233,1.759958811933287,1.6341453544614342,1.8789415691967328,11.45491678553471,1.9690862449732986,1.8738489013874347,2.1030536138067366
noise_setpoint,ideal,nv_charge_readout_master_v1_4,thin_all_counts,4,sigma0.3,0.3,5.437,1.0,27.43339830432224,0.9249776330930897,7.504300359171423,12.911749357161563,0.11758756837904422,9.422120008455401,636.7993609310438,0.3,0.1,ou,2.1054086423165375,none,-0.022705104191415693,0.93,nan,nan,30.945004815059857,18.763264621272636,nan,1.3624542234360968,1.8752921291524802,nan,nan,nan,nan,0.8580524684880704,1.0784847199069645,16.253349497311817,nan,1.6219610624527767,2.0495159363068183,14.625275394573622,nan,1.8293859335270684,2.2704299555919394
noise_setpoint,ideal,nv_charge_readout_master_v1_4,thin_all_counts,4,sigma0.3,0.3,5.437,1.0,27.43339830432224,0.9249776330930897,7.504300359171423,12.911749357161563,0.11758756837904422,9.422120008455401,636.7993609310438,0.3,0.1,ou,2.1054086423165375,none,-0.022705104191415693,0.94,nan,nan,nan,nan,nan,nan,nan,nan,nan,nan,nan,nan,nan,nan,nan,nan,nan,nan,nan,nan,nan
noise_setpoint,ideal,nv_charge_readout_master_v1_4,thin_all_counts,4,sigma0.3,0.3,5.437,1.0,27.43339830432224,0.9249776330930897,7.504300359171423,12.911749357161563,0.11758756837904422,9.422120008455401,636.7993609310438,0.3,0.1,ou,2.1054086423165375,none,-0.022705104191415693,0.95,nan,nan,nan,nan,nan,nan,nan,nan,nan,nan,nan,nan,nan,nan,nan,nan,nan,nan,nan,nan,nan
noise_setpoint,ideal,nv_charge_readout_master_v1_4,thin_all_counts,4,sigma0.3,0.3,5.437,1.0,27.43339830432224,0.9249776330930897,7.504300359171423,12.911749357161563,0.11758756837904422,9.422120008455401,636.7993609310438,0.3,0.1,ou,2.1054086423165375,none,-0.022705104191415693,0.96,nan,nan,nan,nan,nan,nan,nan,nan,nan,nan,nan,nan,nan,nan,nan,nan,nan,nan,nan,nan,nan
noise_setpoint,ideal,nv_charge_readout_master_v1_4,thin_all_counts,4,sigma0.3,0.3,5.437,1.0,27.43339830432224,0.9249776330930897,7.504300359171423,12.911749357161563,0.11758756837904422,9.422120008455401,636.7993609310438,0.3,0.1,ou,2.1054086423165375,none,-0.022705104191415693,0.97,nan,nan,nan,nan,nan,nan,nan,nan,nan,nan,nan,nan,nan,nan,nan,nan,nan,nan,nan,nan,nan
noise_setpoint,ideal,nv_charge_readout_master_v1_4,thin_all_counts,4,sigma0.3,0.3,5.437,1.0,27.43339830432224,0.9249776330930897,7.504300359171423,12.911749357161563,0.11758756837904422,9.422120008455401,636.7993609310438,0.3,0.1,ou,2.1054086423165375,none,-0.022705104191415693,0.98,nan,nan,nan,nan,nan,nan,nan,nan,nan,nan,nan,nan,nan,nan,nan,nan,nan,nan,nan,nan,nan
noise_setpoint,ideal,nv_charge_readout_master_v1_4,thin_all_counts,4,sigma0.3,0.3,5.437,1.0,27.43339830432224,0.9249776330930897,7.504300359171423,12.911749357161563,0.11758756837904422,9.422120008455401,636.7993609310438,0.3,0.1,ou,2.1054086423165375,none,-0.022705104191415693,0.99,nan,nan,nan,nan,nan,nan,nan,nan,nan,nan,nan,nan,nan,nan,nan,nan,nan,nan,nan,nan,nan
