experiment,detector,physics_layer,efficiency_model,point_index,point,sweep_value,power_uw,detection_efficiency,photons_per_bright_dwell,contrast,switching_ratio,snr_per_bright_dwell,p_bright_stationary,gamma_tot_khz,horizon_us,noise_sigma,noise_tau_c_ms,noise_kind,noise_photon_order,noise_renormalise,q_excess_finest_bin,target_fidelity,t_threshold_us,t_adaptive_count_us,t_fixed_count_mmpp_us,t_adaptive_mmpp_us,speedup_mmpp,speedup_mmpp_ci_low,speedup_mmpp_ci_high,speedup_count,speedup_count_ci_low,speedup_count_ci_high,speedup_fixed_count_mmpp,speedup_fixed_count_mmpp_ci_low,speedup_fixed_count_mmpp_ci_high,t_learned_us,speedup_learned,speedup_learned_ci_low,speedup_learned_ci_high,t_optimal_us,speedup_optimal,speedup_optimal_ci_low,speedup_optimal_ci_high,t_hmm_us,speedup_hmm,speedup_hmm_ci_low,speedup_hmm_ci_high
paper_noise_snr,ideal,nv_charge_readout_master_v1_4,thin_all_counts,0,snr10,10.0,5.437,1.0,27.43339830432224,0.9249776330930897,7.504300359171423,12.911749357161563,0.11758756837904422,9.422120008455401,636.7993609310438,0.1,0.01,gauss_additive,2.0,mean,-0.3531938090937474,0.55,0.5004069237044972,1.5905718092515424,1.5905718092515424,0.48622338845925067,1.029170820618464,1.0110253490090886,1.0485406174792233,0.3146081936030088,0.2959248770920392,0.33493969808245216,0.3146081936030088,0.2959248770920392,0.33493969808245216,4.974995007273436,0.10058440721506313,0.09437978119654565,0.10727259508501989,0.48517683625094227,1.0313907967479257,1.0162104017608973,1.0595213491758333,0.5004069237044972,1.0,0.99999999999999,1.0000000000000269
paper_noise_snr,ideal,nv_charge_readout_master_v1_4,thin_all_counts,0,snr10,10.0,5.437,1.0,27.43339830432224,0.9249776330930897,7.504300359171423,12.911749357161563,0.11758756837904422,9.422120008455401,636.7993609310438,0.1,0.01,gauss_additive,2.0,mean,-0.3531938090937474,0.56,0.5994905007707674,1.5905718092515424,1.5905718092515424,0.5783842795930771,1.0364916923270107,1.0150148422837488,1.0566927629942113,0.3769025059314128,0.3561686401614175,0.40359847007057104,0.3769025059314128,0.3561686401614175,0.40359847007057104,4.974995007273436,0.12050072410008715,0.11348712983369791,0.1294274336479431,0.5860771329845101,1.022886693630157,1.008385251666325,1.0608177415003361,0.5994905007707674,1.0,1.0000000000000526,1.0000000000000717
paper_noise_snr,ideal,nv_charge_readout_master_v1_4,thin_all_counts,0,snr10,10.0,5.437,1.0,27.43339830432224,0.9249776330930897,7.504300359171423,12.911749357161563,0.11758756837904422,9.422120008455401,636.7993609310438,0.1,0.01,gauss_additive,2.0,mean,-0.3531938090937474,0.57,0.7164865981960835,1.5905718092515424,1.5905718092515424,0.6837166393348619,1.0479291521895695,1.0334879839300677,1.0644822935823672,0.4504585043118755,0.42203549107779864,0.47801327862869286,0.4504585043118755,0.42203549107779864,0.47801327862869286,4.974995007273436,0.14401755120328383,0.13472336612854033,0.15334902427577984,0.6885688712700565,1.0405445672769569,1.014916907354738,1.0798712069324203,0.7164865981960835,1.0,1.0000000000001021,1.0000000000001694
paper_noise_snr,ideal,nv_charge_readout_master_v1_4,thin_all_counts,0,snr10,10.0,5.437,1.0,27.43339830432224,0.9249776330930897,7.504300359171423,12.911749357161563,0.11758756837904422,9.422120008455401,636.7993609310438,0.1,0.01,gauss_additive,2.0,mean,-0.3531938090937474,0.58,0.8297134495426941,1.5905718092515424,1.5905718092515424,0.7687198415365243,1.0793443914290741,1.0577719645722372,1.0956976542423753,0.5216447599012352,0.4949398270917991,0.5477995058403722,0.5216447599012352,0.4949398270917991,0.5477995058403722,4.974995007273436,0.16677674014338792,0.15787392758266916,0.17549969185362968,0.7910606095556039,1.0488620461190759,1.0369312281019738,1.0786437795799577,0.8297134495426941,1.0,1.0000000000000655,1.000000000000094
paper_noise_snr,ideal,nv_charge_readout_master_v1_4,thin_all_counts,0,snr10,10.0,5.437,1.0,27.43339830432224,0.9249776330930897,7.504300359171423,12.911749357161563,0.11758756837904422,9.422120008455401,636.7993609310438,0.1,0.01,gauss_additive,2.0,mean,-0.3531938090937474,0.59,0.9345300384601539,1.5905718092515424,1.5905718092515424,0.8642910831405418,1.081267707939769,1.0610233006728493,1.1019197033957395,0.5875434438259692,0.5628553033573941,0.6191710992934575,0.5875434438259692,0.5628553033573941,0.6191710992934575,4.974995007273436,0.1878454223760772,0.17935874517078093,0.19843460169020613,0.8935523478411515,1.045859306080954,1.037840962521423,1.071743925210556,0.9345300384601539,1.0,1.000000000000017,1.0000000000001017
paper_noise_snr,ideal,nv_charge_readout_master_v1_4,thin_all_counts,0,snr10,10.0,5.437,1.0,27.43339830432224,0.9249776330930897,7.504300359171423,12.911749357161563,0.11758756837904422,9.422120008455401,636.7993609310438,0.1,0.01,gauss_additive,2.0,mean,-0.3531938090937474,0.6,1.0456363531257205,1.5905718092515424,1.5905718092515424,0.9717442376707,1.0760407035004829,1.0609428274430246,1.0925961510215594,0.6573965080003233,0.6284150117868886,0.6927506221828872,0.6573965080003233,0.6284150117868886,0.6927506221828872,4.974995007273436,0.21017837235957051,0.2005813233961748,0.2219097234038557,0.9960440861266988,1.0497892289003696,1.039245948001193,1.0727442226294093,1.0456363531257205,1.0,0.999999999999956,1.00000000000002
paper_noise_snr,ideal,nv_charge_readout_master_v1_4,thin_all_counts,0,snr10,10.0,5.437,1.0,27.43339830432224,0.9249776330930897,7.504300359171423,12.911749357161563,0.11758756837904422,9.422120008455401,636.7993609310438,0.1,0.01,gauss_additive,2.0,mean,-0.3531938090937474,0.61,1.166865059953431,1.5905718092515424,1.5905718092515424,1.0878155882513956,1.0726680813878602,1.0645572476994856,1.0844926795788372,0.7336135678794091,0.7030319460064385,0.7702869254172878,0.7336135678794091,0.7030319460064385,0.7702869254172878,4.974995007273436,0.23454597607585048,0.22457246657718252,0.24665736155220785,1.0988099382084402,1.061935298706846,1.0543543833512283,1.0790153292624167,1.166865059953431,1.0,1.000000000000022,1.000000000000084
paper_noise_snr,ideal,nv_charge_readout_master_v1_4,thin_all_counts,0,snr10,10.0,5.437,1.0,27.43339830432224,0.9249776330930897,7.504300359171423,12.911749357161563,0.11758756837904422,9.422120008455401,636.7993609310438,0.1,0.01,gauss_additive,2.0,mean,-0.3531938090937474,0.62,1.2959551501667175,1.5905718092515424,1.5905718092515424,1.1871253012433605,1.0916751153474462,1.0783381775235503,1.107737990805024,0.8147731165790878,0.7825628305429887,0.853519952308021,0.8147731165790878,0.7825628305429887,0.853519952308021,4.974995007273436,0.2604937589428799,0.24919034707675375,0.2735533343163649,1.2045910420483144,1.0758465777423063,1.0673545259134944,1.0879751236929849,1.2959551501667175,1.0,0.9999999999999465,1.000000000000035
paper_noise_snr,ideal,nv_charge_readout_master_v1_4,thin_all_counts,0,snr10,10.0,5.437,1.0,27.43339830432224,0.9249776330930897,7.504300359171423,12.911749357161563,0.11758756837904422,9.422120008455401,636.7993609310438,0.1,0.01,gauss_additive,2.0,mean,-0.3531938090937474,0.63,1.4172068479029352,1.5905718092515424,1.5905718092515424,1.295501274363478,1.093944773307348,1.0817434927547953,1.107840120303758,0.8910046309508115,0.8607214308578914,0.9309627140292522,0.8910046309508115,0.8607214308578914,0.9309627140292522,4.974995007273436,0.2848659839519398,0.2745528790069616,0.29857900470365356,1.3174287949350592,1.0757369607765364,1.0628213553488464,1.0896696268091248,1.4172068479029352,1.0,0.9999999999998688,0.9999999999999429
paper_noise_snr,ideal,nv_charge_readout_master_v1_4,thin_all_counts,0,snr10,10.0,5.437,1.0,27.43339830432224,0.9249776330930897,7.504300359171423,12.911749357161563,0.11758756837904422,9.422120008455401,636.7993609310438,0.1,0.01,gauss_additive,2.0,mean,-0.3531938090937474,0.64,1.544697883054254,1.5905718092515424,1.5905718092515424,1.4137711917348306,1.0926081193936086,1.077248938824488,1.1039388183860122,0.9711588461894878,0.9325188179370943,1.0195583531894323,0.9711588461894878,0.9325188179370943,1.0195583531894323,4.974995007273436,0.31049234839349743,0.29761205523427936,0.3268889580487441,1.443533048029921,1.070081412519373,1.055025728616734,1.0899137604985127,1.544697883054254,1.0,0.9999999999998561,1.0000000000000056
paper_noise_snr,ideal,nv_charge_readout_master_v1_4,thin_all_counts,0,snr10,10.0,5.437,1.0,27.43339830432224,0.9249776330930897,7.504300359171423,12.911749357161563,0.11758756837904422,9.422120008455401,636.7993609310438,0.1,0.01,gauss_additive,2.0,mean,-0.3531938090937474,0.65,1.6920818456425657,1.5905718092515424,1.5905718092515424,1.5905718092515424,1.0638198387526998,1.0331122072608594,1.1008670849281579,1.0638198387526998,0.9953110166478254,1.091543919478256,1.0638198387526998,0.9953110166478254,1.091543919478256,4.974995007273436,0.34011729522718,0.3254616422444556,0.35651910200465886,1.569637301124783,1.0780081770674286,1.0585297974017156,1.099345511207871,1.6920818456425657,1.0,0.999999999999997,1.000000000000099
paper_noise_snr,ideal,nv_charge_readout_master_v1_4,thin_all_counts,0,snr10,10.0,5.437,1.0,27.43339830432224,0.9249776330930897,7.504300359171423,12.911749357161563,0.11758756837904422,9.422120008455401,636.7993609310438,0.1,0.01,gauss_additive,2.0,mean,-0.3531938090937474,0.66,1.8445060265514905,1.8164355087522575,1.8164355087522575,1.6786474465853432,1.0988048921788385,1.0570816892953037,1.104622260936439,1.015453627538098,0.9984303586422084,1.036056284763959,1.015453627538098,0.9984303586422084,1.036056284763959,4.974995007273436,0.37075535228775613,0.35520251191926444,0.3894498891615182,1.6957415542196452,1.087728269653865,1.0678583928253234,1.1097341549571063,1.8445060265514905,1.0,1.0000000000000941,1.0000000000001026
paper_noise_snr,ideal,nv_charge_readout_master_v1_4,thin_all_counts,0,snr10,10.0,5.437,1.0,27.43339830432224,0.9249776330930897,7.504300359171423,12.911749357161563,0.11758756837904422,9.422120008455401,636.7993609310438,0.1,0.01,gauss_additive,2.0,mean,-0.3531938090937474,0.67,1.9910893108134056,1.9168881607710737,1.9168881607710737,1.8214452494835394,1.0931370632073447,1.0773806989331882,1.1068668341859031,1.0387091701857474,1.0236883944843764,1.0520966046535267,1.0387091701857474,1.0236883944843764,1.0520966046535267,4.974995007273436,0.40021935859280977,0.38648814945645427,0.41459001002855117,1.8218458073145074,1.0928967220054542,1.076366477365859,1.110653941336719,1.9910893108134056,1.0,0.9999999999999871,1.0000000000001028
paper_noise_snr,ideal,nv_charge_readout_master_v1_4,thin_all_counts,0,snr10,10.0,5.437,1.0,27.43339830432224,0.9249776330930897,7.504300359171423,12.911749357161563,0.11758756837904422,9.422120008455401,636.7993609310438,0.1,0.01,gauss_additive,2.0,mean,-0.3531938090937474,0.68,2.1281188881963145,2.0228960528460287,2.0228960528460287,1.8977243560045824,1.1214056885884094,1.1067935772404711,1.127518287630814,1.0520159378442837,1.0348922279529948,1.0704915002104753,1.0520159378442837,1.0348922279529948,1.0704915002104753,4.974995007273436,0.4277630198794185,0.4130998159280142,0.4457781590011192,1.9479500604093691,1.0924915024510855,1.0755009622440823,1.1098691475877827,2.1281188881963145,1.0,0.9999999999998935,0.9999999999999933
paper_noise_snr,ideal,nv_charge_readout_master_v1_4,thin_all_counts,0,snr10,10.0,5.437,1.0,27.43339830432224,0.9249776330930897,7.504300359171423,12.911749357161563,0.11758756837904422,9.422120008455401,636.7993609310438,0.1,0.01,gauss_additive,2.0,mean,-0.3531938090937474,0.69,2.2910024598244405,2.13476640127715,2.13476640127715,2.02427242196369,1.1317658804055648,1.1198598221002645,1.1453699316546846,1.07318648937599,1.0472069475784689,1.0974555926742053,1.07318648937599,1.0472069475784689,1.0974555926742053,4.974995007273436,0.4605034691441897,0.44161343636698325,0.48082403025858117,2.07405431350423,1.1046009956960408,1.082506959197666,1.1214183271520817,2.2910024598244405,1.0,0.9999999999999017,1.0000000000000198
paper_noise_snr,ideal,nv_charge_readout_master_v1_4,thin_all_counts,0,snr10,10.0,5.437,1.0,27.43339830432224,0.9249776330930897,7.504300359171423,12.911749357161563,0.11758756837904422,9.422120008455401,636.7993609310438,0.1,0.01,gauss_additive,2.0,mean,-0.3531938090937474,0.7,2.476166309399678,2.2528234120632136,2.2528234120632136,2.1592592334905203,1.1467665720696565,1.1298808940023433,1.1626413646257951,1.0991391052403523,1.0738219797330166,1.1224516052134268,1.0991391052403523,1.0738219797330166,1.1224516052134268,4.974995007273436,0.49772237073193565,0.4772510969853474,0.5190876188200425,2.2001585665990917,1.125449023079835,1.1060301461103053,1.1397100018249868,2.476166309399678,1.0,1.0000000000000098,1.0000000000000628
paper_noise_snr,ideal,nv_charge_readout_master_v1_4,thin_all_counts,0,snr10,10.0,5.437,1.0,27.43339830432224,0.9249776330930897,7.504300359171423,12.911749357161563,0.11758756837904422,9.422120008455401,636.7993609310438,0.1,0.01,gauss_additive,2.0,mean,-0.3531938090937474,0.71,2.664839300026495,2.377409220467322,2.377409220467322,2.303247520850581,1.1569921495204212,1.1418845126267274,1.1722894265227475,1.120900548834699,1.0976296845763551,1.1454547684713614,1.120900548834699,1.0976296845763551,1.1454547684713614,4.974995007273436,0.5356466280127927,0.5170614668262097,0.5598920288790675,2.326262819693954,1.1455452399729642,1.1324624401662846,1.156009774499441,2.664839300026495,1.0,1.000000000000006,1.0000000000000426
paper_noise_snr,ideal,nv_charge_readout_master_v1_4,thin_all_counts,0,snr10,10.0,5.437,1.0,27.43339830432224,0.9249776330930897,7.504300359171423,12.911749357161563,0.11758756837904422,9.422120008455401,636.7993609310438,0.1,0.01,gauss_additive,2.0,mean,-0.3531938090937474,0.72,2.865710151786786,2.5088848825424246,2.5088848825424246,2.4568375394781596,1.16642232371436,1.1536561140061599,1.1776245742539977,1.142224647980965,1.119439633835483,1.1654426263853441,1.142224647980965,1.119439633835483,1.1654426263853441,4.974995007273436,0.5760227191378325,0.5542971787279128,0.599925581517006,2.4789526157332116,1.1560165101982722,1.1460618977788533,1.1653592736852894,2.865710151786786,1.0,1.0000000000000042,1.000000000000083
paper_noise_snr,ideal,nv_charge_readout_master_v1_4,thin_all_counts,0,snr10,10.0,5.437,1.0,27.43339830432224,0.9249776330930897,7.504300359171423,12.911749357161563,0.11758756837904422,9.422120008455401,636.7993609310438,0.1,0.01,gauss_additive,2.0,mean,-0.3531938090937474,0.73,3.077704618469179,2.6476314214902468,2.6476314214902468,2.619088167856124,1.1751053882956752,1.1662206219296292,1.1871905764217507,1.162436959120564,1.1388040137989752,1.1860830662442292,1.162436959120564,1.1388040137989752,1.1860830662442292,4.974995007273436,0.6186347150036491,0.5954459491132094,0.6435654014791228,2.6506320853041805,1.1611210154486562,1.1460045244092423,1.1784706918432568,3.077704618469179,1.0,1.0000000000000742,1.0000000000001505
paper_noise_snr,ideal,nv_charge_readout_master_v1_4,thin_all_counts,0,snr10,10.0,5.437,1.0,27.43339830432224,0.9249776330930897,7.504300359171423,12.911749357161563,0.11758756837904422,9.422120008455401,636.7993609310438,0.1,0.01,gauss_additive,2.0,mean,-0.3531938090937474,0.74,3.2941952094897964,2.794050931886042,2.794050931886042,2.7635497467353276,1.192015889484652,1.182330266428876,1.2012273039404566,1.1790032786790134,1.1572536537663836,1.1985639698263175,1.1790032786790134,1.1572536537663836,1.1985639698263175,4.974995007273436,0.6621504553620029,0.638899908643217,0.6883547522706852,2.82231155487515,1.1671975773899,1.1486348213540571,1.1849723918194133,3.2941952094897964,1.0,1.0000000000001037,1.0000000000001465
paper_noise_snr,ideal,nv_charge_readout_master_v1_4,thin_all_counts,0,snr10,10.0,5.437,1.0,27.43339830432224,0.9249776330930897,7.504300359171423,12.911749357161563,0.11758756837904422,9.422120008455401,636.7993609310438,0.1,0.01,gauss_additive,2.0,mean,-0.3531938090937474,0.75,3.51916450513485,2.948567744969263,2.948567744969263,2.9295765114305388,1.2012536594978398,1.0818591873609182,1.2069532620068777,1.1935165848365255,1.174508020712974,1.210621438904275,1.1935165848365255,1.174508020712974,1.210621438904275,4.974995007273436,0.7073704596667607,0.6828174950713263,0.7361881995653372,2.9939910244461188,1.1754091700344649,1.1562756174467113,1.1951533277200928,3.51916450513485,1.0,1.0000000000000295,1.0000000000001084
paper_noise_snr,ideal,nv_charge_readout_master_v1_4,thin_all_counts,0,snr10,10.0,5.437,1.0,27.43339830432224,0.9249776330930897,7.504300359171423,12.911749357161563,0.11758756837904422,9.422120008455401,636.7993609310438,0.1,0.01,gauss_additive,2.0,mean,-0.3531938090937474,0.76,3.7566935649181303,3.111629658377222,3.111629658377222,3.314539241088609,1.1333984278563867,1.0964633004453619,1.1817293850456096,1.2073074168078608,1.19314011880834,1.218480345988297,1.2073074168078608,1.19314011880834,1.218480345988297,4.974995007273436,0.7551150422112685,0.7279344324533998,0.7866686382899015,3.1656704940170877,1.1866975959810213,1.166597993807128,1.206731045331259,3.7566935649181303,1.0,0.9999999999998979,1.000000000000052
paper_noise_snr,ideal,nv_charge_readout_master_v1_4,thin_all_counts,0,snr10,10.0,5.437,1.0,27.43339830432224,0.9249776330930897,7.504300359171423,12.911749357161563,0.11758756837904422,9.422120008455401,636.7993609310438,0.1,0.01,gauss_additive,2.0,mean,-0.3531938090937474,0.77,4.009365402735249,3.2837092338855784,3.2837092338855784,3.314539241088609,1.209629788971343,1.1430145190828194,1.222379087984167,1.2209867309082691,0.9957317880432681,1.2266794968469403,1.2209867309082691,0.9957224159588762,1.2266794968469403,4.974995007273436,0.8059034022895626,0.7772061917042601,0.8420135673178922,3.3373499635880566,1.2013619927424977,1.1816682598344481,1.2234479723702045,4.009365402735249,1.0,0.9999999999998355,0.9999999999999266
paper_noise_snr,ideal,nv_charge_readout_master_v1_4,thin_all_counts,0,snr10,10.0,5.437,1.0,27.43339830432224,0.9249776330930897,7.504300359171423,12.911749357161563,0.11758756837904422,9.422120008455401,636.7993609310438,0.1,0.01,gauss_additive,2.0,mean,-0.3531938090937474,0.78,4.294231949697132,4.223120734160234,4.223437334961998,3.5877237973161993,1.1969237857466724,1.1596099815452157,1.2368036008944796,1.0168385466609302,1.002629721650821,1.037780584736909,1.0167623215689954,1.002570892452477,1.0377729058838387,4.974995007273436,0.8631630671827752,0.8304809418033804,0.9017366256452505,3.509029433159026,1.22376629535171,1.2046522547023593,1.242035396911155,4.294231949697132,1.0,0.9999999999998749,1.0000000000000293
paper_noise_snr,ideal,nv_charge_readout_master_v1_4,thin_all_counts,0,snr10,10.0,5.437,1.0,27.43339830432224,0.9249776330930897,7.504300359171423,12.911749357161563,0.11758756837904422,9.422120008455401,636.7993609310438,0.1,0.01,gauss_additive,2.0,mean,-0.3531938090937474,0.79,4.601446993746506,4.415073925337571,4.4158054769610375,3.9288487848303393,1.17119473050557,1.1577515345795444,1.2547019640175314,1.0422128987103394,1.021967158070765,1.0634427949361074,1.0420402388089856,1.0220097314630585,1.063725515281782,4.974995007273436,0.9249148968027499,0.8904699807844296,0.9652668298134464,3.680708902729995,1.2501523797042455,1.2327609275758398,1.2659556748993426,4.601446993746506,1.0,1.0000000000000053,1.0000000000000653
paper_noise_snr,ideal,nv_charge_readout_master_v1_4,thin_all_counts,0,snr10,10.0,5.437,1.0,27.43339830432224,0.9249776330930897,7.504300359171423,12.911749357161563,0.11758756837904422,9.422120008455401,636.7993609310438,0.1,0.01,gauss_additive,2.0,mean,-0.3531938090937474,0.8,4.928246158465452,4.615751950570709,4.616935558376065,3.956399894400527,1.2456390380154376,1.204784090226466,1.2708049374115629,1.06770169004773,1.04574551630068,1.0932194957736727,1.0674279716823436,1.0454098097288131,1.0930130369318833,4.974995007273436,0.9906032370405121,0.9530090669190422,1.0041149463358154,3.9013498962259923,1.2632156278094506,1.2494654615873535,1.2769812911772234,4.928246158465452,1.0,1.0000000000000389,1.000000000000057
paper_noise_snr,ideal,nv_charge_readout_master_v1_4,thin_all_counts,0,snr10,10.0,5.437,1.0,27.43339830432224,0.9249776330930897,7.504300359171423,12.911749357161563,0.11758756837904422,9.422120008455401,636.7993609310438,0.1,0.01,gauss_additive,2.0,mean,-0.3531938090937474,0.81,5.2774455635615,4.825551379090066,4.827226665986898,4.185185190546923,1.260982566669132,1.2458169864214825,1.2784991732038231,1.093646124343338,1.0704531259731562,1.1190693286268243,1.0932665749356432,1.0701079732005625,1.1190729818182015,5.263354086217157,1.0026772808960818,0.993312216158324,1.0132390918911358,4.160072074997013,1.2685947426921178,1.251902235062976,1.2855428999409328,5.2774455635615,1.0,1.0000000000000373,1.00000000000006
paper_noise_snr,ideal,nv_charge_readout_master_v1_4,thin_all_counts,0,snr10,10.0,5.437,1.0,27.43339830432224,0.9249776330930897,7.504300359171423,12.911749357161563,0.11758756837904422,9.422120008455401,636.7993609310438,0.1,0.01,gauss_additive,2.0,mean,-0.3531938090937474,0.82,5.649283815235828,5.044886805357655,5.047096064085228,4.381606198134336,1.2893180171329093,1.27276668595223,1.3086310710533435,1.119803879293447,1.097414741318262,1.1459907010117059,1.1193137090129361,1.0968039746314096,1.1458028397990712,5.607783886816299,1.007400415076104,0.9949770126702321,1.026571931760544,4.418794253768031,1.2784672674946393,1.2607178864137774,1.2996997034502835,5.649283815235828,1.0,1.000000000000056,1.0000000000000817
paper_noise_snr,ideal,nv_charge_readout_master_v1_4,thin_all_counts,0,snr10,10.0,5.437,1.0,27.43339830432224,0.9249776330930897,7.504300359171423,12.911749357161563,0.11758756837904422,9.422120008455401,636.7993609310438,0.1,0.01,gauss_additive,2.0,mean,-0.3531938090937474,0.83,6.089680193277933,5.2741916683665995,5.276980022419719,4.793800454287584,1.2703240886531504,1.2647633655619557,1.3309947627458614,1.1546186745169782,1.1238508199293884,1.1895804573814899,1.1540085744887008,1.1240569042009807,1.1890966447268614,5.9747529058676925,1.019235487930785,0.9982638807279509,1.0459712622847126,4.677516432539051,1.3019046070934552,1.2768389928508177,1.3289156780429217,6.089680193277933,1.0,0.9999999999999409,1.0000000000000802
paper_noise_snr,ideal,nv_charge_readout_master_v1_4,thin_all_counts,0,snr10,10.0,5.437,1.0,27.43339830432224,0.9249776330930897,7.504300359171423,12.911749357161563,0.11758756837904422,9.422120008455401,636.7993609310438,0.1,0.01,gauss_additive,2.0,mean,-0.3531938090937474,0.84,6.614402866450156,5.513919108180182,5.517334681852132,4.895079396440645,1.3512350527469854,1.2293626718182333,1.3518418131931125,1.1995828623305973,1.1661149460201328,1.2435908578254227,1.1988402458539538,1.1656460692662791,1.2420088624927141,6.3657360923088335,1.0390633181356301,1.0143256054150478,1.0708771183006,4.936238611310071,1.3399682201940197,1.317317076287536,1.3713190646588291,6.614402866450156,1.0,0.9999999999998844,0.9999999999999514
paper_noise_snr,ideal,nv_charge_readout_master_v1_4,thin_all_counts,0,snr10,10.0,5.437,1.0,27.43339830432224,0.9249776330930897,7.504300359171423,12.911749357161563,0.11758756837904422,9.422120008455401,636.7993609310438,0.1,0.01,gauss_additive,2.0,mean,-0.3531938090937474,0.85,7.261801601800778,5.764542861403128,5.768636959442173,5.6173158492431705,1.2927529440558647,1.2561835727548665,1.3405970567519658,1.259735902116826,1.2189570634513331,1.2986401475745517,1.2588418464979974,1.218372310221628,1.2976597673018238,6.78230491458933,1.070698190843648,1.0413807875551988,1.1030121898887697,5.305314164749733,1.3687788086237374,1.3474706029557635,1.3901791034306106,7.261801601800778,1.0,0.9999999999999155,1.0000000000000013
paper_noise_snr,ideal,nv_charge_readout_master_v1_4,thin_all_counts,0,snr10,10.0,5.437,1.0,27.43339830432224,0.9249776330930897,7.504300359171423,12.911749357161563,0.11758756837904422,9.422120008455401,636.7993609310438,0.1,0.01,gauss_additive,2.0,mean,-0.3531938090937474,0.86,7.948949494776571,6.026558197354659,6.031385494756918,5.7393071875381265,1.385001575109324,1.33564277551454,1.4244654783518542,1.318986598066163,1.2839890627147081,1.3549587995224783,1.3179309300800937,1.2823776929972495,1.352929278302854,7.2261336768327515,1.1000280164012455,1.0670281870711649,1.130790406384137,5.8123314365251995,1.3676008640568356,1.344307217260938,1.3933337279130287,7.948949494776571,1.0,0.9999999999999987,1.0000000000001146
paper_noise_snr,ideal,nv_charge_readout_master_v1_4,thin_all_counts,0,snr10,10.0,5.437,1.0,27.43339830432224,0.9249776330930897,7.504300359171423,12.911749357161563,0.11758756837904422,9.422120008455401,636.7993609310438,0.1,0.01,gauss_additive,2.0,mean,-0.3531938090937474,0.87,8.868435047609072,6.300482896793355,6.306101639282545,6.3636509932816,1.3936080179399983,1.348404643980548,1.471144329206897,1.4075802113712081,0.8035752975824973,1.467349524439845,1.4063260560795603,0.9847175501592698,1.4623891633361854,7.6990062483232045,1.1518934732051376,1.0975090293608147,1.2293971563901502,6.319348708300667,1.4033780151995883,1.3496920804269226,1.4798807619311907,8.868435047609072,1.0,1.000000000000068,1.0000000000001328
paper_noise_snr,ideal,nv_charge_readout_master_v1_4,thin_all_counts,0,snr10,10.0,5.437,1.0,27.43339830432224,0.9249776330930897,7.504300359171423,12.911749357161563,0.11758756837904422,9.422120008455401,636.7993609310438,0.1,0.01,gauss_additive,2.0,mean,-0.3531938090937474,0.88,10.665387080176966,12.245618706195255,11.332757070349448,7.0543475411334295,1.5118885223598364,1.388007787946036,1.8967836725801501,0.870955346239972,0.8132472127415146,1.1378197726214183,0.9411114183398,0.8946741646997179,1.1788391717806863,8.20282323336428,1.30020930315753,1.209106533106126,1.69470391039529,6.826365980076133,1.5623813770468278,1.4654400266008247,2.026660083015673,10.665387080176966,1.0,0.9999999999998703,1.094610770228428
paper_noise_snr,ideal,nv_charge_readout_master_v1_4,thin_all_counts,0,snr10,10.0,5.437,1.0,27.43339830432224,0.9249776330930897,7.504300359171423,12.911749357161563,0.11758756837904422,9.422120008455401,636.7993609310438,0.1,0.01,gauss_additive,2.0,mean,-0.3531938090937474,0.89,15.332682433420116,12.931402183345883,12.54372826952378,7.524568791271829,2.0376825381947943,1.902543256201579,2.1281342059890793,1.1856937257095599,1.1322390111204035,1.2342023335169883,1.2223385347618199,1.1773111825613598,1.2803678461727594,8.739609610328003,1.7543898545881011,1.6756304462663476,1.8320631967261243,7.3333832518516004,2.090806099565133,1.9841667379375134,2.179572239887761,14.942601558454653,1.0261052851767136,1.0080510215521876,1.0588698947900785
paper_noise_snr,ideal,nv_charge_readout_master_v1_4,thin_all_counts,0,snr10,10.0,5.437,1.0,27.43339830432224,0.9249776330930897,7.504300359171423,12.911749357161563,0.11758756837904422,9.422120008455401,636.7993609310438,0.1,0.01,gauss_additive,2.0,mean,-0.3531938090937474,0.9,16.926955432136175,13.655591149742618,13.41028585064898,8.961566311441407,1.8888389421975487,1.4970014354402423,2.035064134199576,1.239562260360674,1.2068939656637867,1.2745267579445745,1.262236735342745,1.2311483923209687,1.3020763059830054,9.79869222804835,1.7274708744992997,1.6453898801804105,1.8189319524523617,8.469303627850893,1.9986242288530909,1.9158248840352026,2.1050575261676814,16.740691327963933,1.0111264284445114,1.0008142116444443,1.026707103609241
paper_noise_snr,ideal,nv_charge_readout_master_v1_4,thin_all_counts,0,snr10,10.0,5.437,1.0,27.43339830432224,0.9249776330930897,7.504300359171423,12.911749357161563,0.11758756837904422,9.422120008455401,636.7993609310438,0.1,0.01,gauss_additive,2.0,mean,-0.3531938090937474,0.91,18.76234790301005,14.420336403200496,14.33670777395943,11.846359024758506,1.5838071312710809,1.5062206720991895,1.67952869725774,1.3011033431124306,1.2533071143123296,1.3457166378893286,1.3086929160325886,1.2606499148565617,1.3547058033237245,11.298222359125294,1.6606460119680833,1.585382107844035,1.742610432733171,9.652157071329576,1.9438502465672736,1.8632051663758131,2.022396761179845,18.76234790301005,1.0,1.0000000000001241,1.0010010564468588
paper_noise_snr,ideal,nv_charge_readout_master_v1_4,thin_all_counts,0,snr10,10.0,5.437,1.0,27.43339830432224,0.9249776330930897,7.504300359171423,12.911749357161563,0.11758756837904422,9.422120008455401,636.7993609310438,0.1,0.01,gauss_additive,2.0,mean,-0.3531938090937474,0.92,25.735566383928326,15.227909191275744,24.546450949202672,14.655512351608381,1.7560332089723192,1.4535544852838311,1.9202541444508545,1.6900262577526104,0.6812237766367891,1.7014973001332259,1.0484434771114755,0.8257439367889541,1.4877655771207798,13.108788850649757,1.9632299121709251,1.5946835739216978,2.1101146940734306,11.314615742866746,2.2745417934456333,1.8519641165138407,2.4504195143476424,22.497757170853383,1.14391697752297,1.0000000000000149,1.1776343143782688
paper_noise_snr,ideal,nv_charge_readout_master_v1_4,thin_all_counts,0,snr10,10.0,5.437,1.0,27.43339830432224,0.9249776330930897,7.504300359171423,12.911749357161563,0.11758756837904422,9.422120008455401,636.7993609310438,0.1,0.01,gauss_additive,2.0,mean,-0.3531938090937474,0.93,nan,nan,31.466984572659214,17.126038072284032,nan,1.785578188092364,2.089005926214336,nan,nan,nan,nan,0.9412380844782617,1.0842705326117361,15.820108569348001,nan,1.9402881924295812,2.2866736352047,13.709103446703695,nan,2.2436895847271545,2.5594175518460065,29.961970654050464,nan,1.044137572454899,1.2006912739503834
paper_noise_snr,ideal,nv_charge_readout_master_v1_4,thin_all_counts,0,snr10,10.0,5.437,1.0,27.43339830432224,0.9249776330930897,7.504300359171423,12.911749357161563,0.11758756837904422,9.422120008455401,636.7993609310438,0.1,0.01,gauss_additive,2.0,mean,-0.3531938090937474,0.94,nan,nan,nan,nan,nan,nan,nan,nan,nan,nan,nan,nan,nan,nan,nan,nan,nan,nan,nan,nan,nan,nan,nan,nan,nan
paper_noise_snr,ideal,nv_charge_readout_master_v1_4,thin_all_counts,0,snr10,10.0,5.437,1.0,27.43339830432224,0.9249776330930897,7.504300359171423,12.911749357161563,0.11758756837904422,9.422120008455401,636.7993609310438,0.1,0.01,gauss_additive,2.0,mean,-0.3531938090937474,0.95,nan,nan,nan,nan,nan,nan,nan,nan,nan,nan,nan,nan,nan,nan,nan,nan,nan,nan,nan,nan,nan,nan,nan,nan,nan
paper_noise_snr,ideal,nv_charge_readout_master_v1_4,thin_all_counts,0,snr10,10.0,5.437,1.0,27.43339830432224,0.9249776330930897,7.504300359171423,12.911749357161563,0.11758756837904422,9.422120008455401,636.7993609310438,0.1,0.01,gauss_additive,2.0,mean,-0.3531938090937474,0.96,nan,nan,nan,nan,nan,nan,nan,nan,nan,nan,nan,nan,nan,nan,nan,nan,nan,nan,nan,nan,nan,nan,nan,nan,nan
paper_noise_snr,ideal,nv_charge_readout_master_v1_4,thin_all_counts,0,snr10,10.0,5.437,1.0,27.43339830432224,0.9249776330930897,7.504300359171423,12.911749357161563,0.11758756837904422,9.422120008455401,636.7993609310438,0.1,0.01,gauss_additive,2.0,mean,-0.3531938090937474,0.97,nan,nan,nan,nan,nan,nan,nan,nan,nan,nan,nan,nan,nan,nan,nan,nan,nan,nan,nan,nan,nan,nan,nan,nan,nan
paper_noise_snr,ideal,nv_charge_readout_master_v1_4,thin_all_counts,0,snr10,10.0,5.437,1.0,27.43339830432224,0.9249776330930897,7.504300359171423,12.911749357161563,0.11758756837904422,9.422120008455401,636.7993609310438,0.1,0.01,gauss_additive,2.0,mean,-0.3531938090937474,0.98,nan,nan,nan,nan,nan,nan,nan,nan,nan,nan,nan,nan,nan,nan,nan,nan,nan,nan,nan,nan,nan,nan,nan,nan,nan
paper_noise_snr,ideal,nv_charge_readout_master_v1_4,thin_all_counts,0,snr10,10.0,5.437,1.0,27.43339830432224,0.9249776330930897,7.504300359171423,12.911749357161563,0.11758756837904422,9.422120008455401,636.7993609310438,0.1,0.01,gauss_additive,2.0,mean,-0.3531938090937474,0.99,nan,nan,nan,nan,nan,nan,nan,nan,nan,nan,nan,nan,nan,nan,nan,nan,nan,nan,nan,nan,nan,nan,nan,nan,nan
paper_noise_snr,ideal,nv_charge_readout_master_v1_4,thin_all_counts,1,snr5,5.0,5.437,1.0,27.43339830432224,0.9249776330930897,7.504300359171423,12.911749357161563,0.11758756837904422,9.422120008455401,636.7993609310438,0.2,0.01,gauss_additive,2.0,mean,-0.5207816051281473,0.55,0.560320431688551,1.5875232301384086,1.5875232301384086,0.5256374807744181,1.0659826442799223,1.037180309167164,1.090080749961041,0.3529525874337595,0.3291777550618817,0.3818965681343967,0.3529525874337595,0.3291777550618817,0.3818965681343967,4.974995007273436,0.11262733547860113,0.10480696593440134,0.12218475877121261,0.5300673119633338,1.057074109348795,1.0159119326080068,1.1165501615538391,0.560320431688551,1.0,1.0000000000000153,1.0000000000000566
paper_noise_snr,ideal,nv_charge_readout_master_v1_4,thin_all_counts,1,snr5,5.0,5.437,1.0,27.43339830432224,0.9249776330930897,7.504300359171423,12.911749357161563,0.11758756837904422,9.422120008455401,636.7993609310438,0.2,0.01,gauss_additive,2.0,mean,-0.5207816051281473,0.56,0.6643606673030608,1.5875232301384086,1.5875232301384086,0.6274368897899966,1.0588485919682258,1.0383511262037244,1.0748971938943541,0.418488784724831,0.3942047453199359,0.4504459164518826,0.418488784724831,0.3942047453199359,0.4504459164518826,4.974995007273436,0.1335399666395175,0.1256732029761686,0.1442141662939593,0.6360807743560005,1.0444595939496713,1.0144011298078397,1.0966988651297256,0.6643606673030608,1.0,1.000000000000058,1.0000000000001639
paper_noise_snr,ideal,nv_charge_readout_master_v1_4,thin_all_counts,1,snr5,5.0,5.437,1.0,27.43339830432224,0.9249776330930897,7.504300359171423,12.911749357161563,0.11758756837904422,9.422120008455401,636.7993609310438,0.2,0.01,gauss_additive,2.0,mean,-0.5207816051281473,0.57,0.7830625252643263,1.5875232301384086,1.5875232301384086,0.7331039299356968,1.068146675101048,1.0492234282430295,1.0929104519831956,0.49326051449089964,0.46274407663256706,0.5274857931363992,0.49326051449089964,0.46274407663256706,0.5274857931363992,4.974995007273436,0.15739966052618945,0.14729941254517898,0.16911443554576377,0.742094236748666,1.055206315433946,1.029315350860625,1.1009947945486664,0.7830625252643263,1.0,1.0000000000000655,1.0000000000001534
paper_noise_snr,ideal,nv_charge_readout_master_v1_4,thin_all_counts,1,snr5,5.0,5.437,1.0,27.43339830432224,0.9249776330930897,7.504300359171423,12.911749357161563,0.11758756837904422,9.422120008455401,636.7993609310438,0.2,0.01,gauss_additive,2.0,mean,-0.5207816051281473,0.58,0.8948898400633232,1.5875232301384086,1.5875232301384086,0.8247608385651736,1.0850294997276448,1.064814244703004,1.1095346661212018,0.5637018867341563,0.5364777135368168,0.5975682101756788,0.5637018867341563,0.5364777135368168,0.5975682101756788,4.974995007273436,0.1798775353050597,0.1705731688698188,0.19150381858054774,0.8481076991413328,1.055160613409541,1.0406686673882468,1.0898459765079538,0.8948898400633232,1.0,1.0000000000000595,1.0000000000001015
paper_noise_snr,ideal,nv_charge_readout_master_v1_4,thin_all_counts,1,snr5,5.0,5.437,1.0,27.43339830432224,0.9249776330930897,7.504300359171423,12.911749357161563,0.11758756837904422,9.422120008455401,636.7993609310438,0.2,0.01,gauss_additive,2.0,mean,-0.5207816051281473,0.59,1.008271216897783,1.5875232301384086,1.5875232301384086,0.927877225934928,1.0866429186057993,1.0673491575861314,1.1083217532207927,0.6351221813679392,0.6020932236042172,0.6728425429129755,0.6351221813679392,0.6020932236042172,0.6728425429129755,4.974995007273436,0.20266778467590255,0.19171264377242694,0.21527866686818423,0.9541211615339995,1.0567538563726258,1.0457361518491548,1.0854486480747982,1.008271216897783,1.0,0.9999999999999575,1.0000000000000582
paper_noise_snr,ideal,nv_charge_readout_master_v1_4,thin_all_counts,1,snr5,5.0,5.437,1.0,27.43339830432224,0.9249776330930897,7.504300359171423,12.911749357161563,0.11758756837904422,9.422120008455401,636.7993609310438,0.2,0.01,gauss_additive,2.0,mean,-0.5207816051281473,0.6,1.1286817462688887,1.5875232301384086,1.5875232301384086,1.0438858225937262,1.0812310329730042,1.0674969407868504,1.0953185321544872,0.7109702238312975,0.674483391241636,0.7529631114015483,0.7109702238312975,0.674483391241636,0.7529631114015483,4.974995007273436,0.22687093044691653,0.21456254534118116,0.2414381049631734,1.0601346239266662,1.0646588846313958,1.0531270886112736,1.083591617295662,1.1286817462688887,1.0,0.9999999999999827,1.0000000000000826
paper_noise_snr,ideal,nv_charge_readout_master_v1_4,thin_all_counts,1,snr5,5.0,5.437,1.0,27.43339830432224,0.9249776330930897,7.504300359171423,12.911749357161563,0.11758756837904422,9.422120008455401,636.7993609310438,0.2,0.01,gauss_additive,2.0,mean,-0.5207816051281473,0.61,1.25470482809806,1.5875232301384086,1.5875232301384086,1.1607201167660832,1.0809710368368821,1.0710615937963772,1.0973104310655588,0.7903536806756952,0.7528596860302277,0.8369125150310419,0.7903536806756952,0.7528596860302277,0.8369125150310419,4.974995007273436,0.252202228597955,0.23954534138589118,0.26759459909733824,1.166148086319333,1.0759395335958017,1.0629960570041475,1.0879278538854176,1.25470482809806,1.0,0.9999999999999664,1.0000000000000715
paper_noise_snr,ideal,nv_charge_readout_master_v1_4,thin_all_counts,1,snr5,5.0,5.437,1.0,27.43339830432224,0.9249776330930897,7.504300359171423,12.911749357161563,0.11758756837904422,9.422120008455401,636.7993609310438,0.2,0.01,gauss_additive,2.0,mean,-0.5207816051281473,0.62,1.3929941392506155,1.5875232301384086,1.5875232301384086,1.271336001388803,1.09569314306282,1.0773383030449655,1.1136491014772532,0.8774637830837707,0.8342506002490673,0.9338666629644129,0.8774637830837707,0.8342506002490673,0.9338666629644129,4.974995007273436,0.27999910295669844,0.2655831244674067,0.298757598449567,1.2906173775196956,1.079323867409617,1.06386852466534,1.0989131060201407,1.3929941392506155,1.0,0.9999999999998688,0.9999999999999735
paper_noise_snr,ideal,nv_charge_readout_master_v1_4,thin_all_counts,1,snr5,5.0,5.437,1.0,27.43339830432224,0.9249776330930897,7.504300359171423,12.911749357161563,0.11758756837904422,9.422120008455401,636.7993609310438,0.2,0.01,gauss_additive,2.0,mean,-0.5207816051281473,0.63,1.5413411333562759,1.5875232301384086,1.5875232301384086,1.3924935090558082,1.1068928676022305,1.0929348910477839,1.12163399767674,0.9709093411010393,0.9243911327286121,1.0247103340861434,0.9709093411010393,0.9243911327286121,1.0247103340861434,4.974995007273436,0.30981762415898656,0.29423103520651733,0.32756110200038746,1.4184147689968556,1.0866646111181975,1.0666753721360451,1.1054189720937369,1.5413411333562759,1.0,0.999999999999856,1.0000000000000095
paper_noise_snr,ideal,nv_charge_readout_master_v1_4,thin_all_counts,1,snr5,5.0,5.437,1.0,27.43339830432224,0.9249776330930897,7.504300359171423,12.911749357161563,0.11758756837904422,9.422120008455401,636.7993609310438,0.2,0.01,gauss_additive,2.0,mean,-0.5207816051281473,0.64,1.6788154975403882,1.5875232301384086,1.5875232301384086,1.5251972496998114,1.1007202497059392,1.0178801502285066,1.1090783906144104,1.0575060985999054,1.003211402155696,1.093262151789357,1.0575060985999054,1.003211402155696,1.093262151789357,4.974995007273436,0.3374506899174697,0.3228573432532348,0.35628623941895304,1.5462121604740158,1.085760117826082,1.0651368489184987,1.1078015816141602,1.6788154975403882,1.0,0.9999999999999812,1.000000000000099
paper_noise_snr,ideal,nv_charge_readout_master_v1_4,thin_all_counts,1,snr5,5.0,5.437,1.0,27.43339830432224,0.9249776330930897,7.504300359171423,12.911749357161563,0.11758756837904422,9.422120008455401,636.7993609310438,0.2,0.01,gauss_additive,2.0,mean,-0.5207816051281473,0.65,1.8220783390895052,1.800051730411348,1.800051730411348,1.7396082734314537,1.0474072622656454,1.014901895749744,1.1044789797766335,1.0122366531505869,0.9994772606998087,1.0987294286772804,1.0122366531505869,0.9994772606998087,1.0987294286772804,4.974995007273436,0.3662472698818047,0.350972181304076,0.3866380342736916,1.674009551951176,1.0884515784069122,1.0685510002983774,1.1107898327538643,1.8220783390895052,1.0,1.0000000000000981,1.0000000000001026
paper_noise_snr,ideal,nv_charge_readout_master_v1_4,thin_all_counts,1,snr5,5.0,5.437,1.0,27.43339830432224,0.9249776330930897,7.504300359171423,12.911749357161563,0.11758756837904422,9.422120008455401,636.7993609310438,0.2,0.01,gauss_additive,2.0,mean,-0.5207816051281473,0.66,1.9747877298319176,1.9022475280602222,1.9022475280602222,1.7739198027138339,1.1132339392179882,1.0854515654707875,1.1211407367390742,1.0381339445585542,1.0200903121831666,1.0592326550107352,1.0381339445585542,1.0200903121831666,1.0592326550107352,4.974995007273436,0.39694265560966,0.3802760732847215,0.41756078413953585,1.8018069434283361,1.0960040624965333,1.0744416702737827,1.1178251406064117,1.9747877298319176,1.0,0.9999999999999748,1.0000000000001028
paper_noise_snr,ideal,nv_charge_readout_master_v1_4,thin_all_counts,1,snr5,5.0,5.437,1.0,27.43339830432224,0.9249776330930897,7.504300359171423,12.911749357161563,0.11758756837904422,9.422120008455401,636.7993609310438,0.2,0.01,gauss_additive,2.0,mean,-0.5207816051281473,0.67,2.1370820312224126,2.0102453706618286,2.0102453706618286,1.8948871564929126,1.1278149328837914,1.1189366117679627,1.1358421563463137,1.063095113866038,1.0403501988751194,1.0865181589917403,1.063095113866038,1.0403501988751194,1.0865181589917403,4.974995007273436,0.429564658476642,0.4123080126418637,0.45103987188353345,1.929604334905496,1.107523440201578,1.0879374724489568,1.127723502743246,2.1370820312224126,1.0,0.9999999999998939,0.9999999999999966
paper_noise_snr,ideal,nv_charge_readout_master_v1_4,thin_all_counts,1,snr5,5.0,5.437,1.0,27.43339830432224,0.9249776330930897,7.504300359171423,12.911749357161563,0.11758756837904422,9.422120008455401,636.7993609310438,0.2,0.01,gauss_additive,2.0,mean,-0.5207816051281473,0.68,2.3016610211324373,2.1243746624226802,2.1243746624226802,2.021524245551303,1.1385770050483546,1.1303047308005454,1.1490001731429291,1.0834534330717238,1.0605383228164516,1.1066536541798802,1.0834534330717238,1.0605383228164516,1.1066536541798802,4.974995007273436,0.4626458956777669,0.4434543855032894,0.4838869432775719,2.0574017263826563,1.118722217259553,1.1023938603594898,1.132714942912591,2.3016610211324373,1.0,0.9999999999999095,1.0000000000000289
paper_noise_snr,ideal,nv_charge_readout_master_v1_4,thin_all_counts,1,snr5,5.0,5.437,1.0,27.43339830432224,0.9249776330930897,7.504300359171423,12.911749357161563,0.11758756837904422,9.422120008455401,636.7993609310438,0.2,0.01,gauss_additive,2.0,mean,-0.5207816051281473,0.69,2.4751964336407846,2.24498350908162,2.24498350908162,2.1537195238634363,1.1492659123972973,1.135673697007165,1.1661391642884436,1.1025454858032968,1.0771829787211533,1.1300626054180407,1.1025454858032968,1.0771829787211533,1.1300626054180407,4.974995007273436,0.4975274206350058,0.4774118920704856,0.52205396142195,2.185199117859815,1.1327097898817535,1.1183519638110835,1.1458152221155993,2.4751964336407846,1.0,1.00000000000001,1.0000000000000628
paper_noise_snr,ideal,nv_charge_readout_master_v1_4,thin_all_counts,1,snr5,5.0,5.437,1.0,27.43339830432224,0.9249776330930897,7.504300359171423,12.911749357161563,0.11758756837904422,9.422120008455401,636.7993609310438,0.2,0.01,gauss_additive,2.0,mean,-0.5207816051281473,0.7,2.6713619412539655,2.372439779667097,2.372439779667097,2.2945595620128474,1.1642155581747362,1.1468420267305237,1.1822677741190042,1.1259977868137137,1.0984792162603345,1.1561820566633487,1.1259977868137137,1.0984792162603345,1.1561820566633487,4.974995007273436,0.5369577129923624,0.5131008515950811,0.5629686117128335,2.321967383077002,1.1504734996380337,1.1384031877588119,1.1619836382656603,2.6713619412539655,1.0,1.0000000000000058,1.0000000000000464
paper_noise_snr,ideal,nv_charge_readout_master_v1_4,thin_all_counts,1,snr5,5.0,5.437,1.0,27.43339830432224,0.9249776330930897,7.504300359171423,12.911749357161563,0.11758756837904422,9.422120008455401,636.7993609310438,0.2,0.01,gauss_additive,2.0,mean,-0.5207816051281473,0.71,2.875720044089281,2.507132228534438,2.507132228534438,2.4446096742346453,1.1763514128240562,1.159729073066682,1.1884549780937945,1.1470157063755284,1.1185657798367001,1.1705201639967484,1.1470157063755284,1.1185657798367001,1.1705201639967484,4.974995007273436,0.5780347598108103,0.5511928560812027,0.6033900812818961,2.4914359299917095,1.1542420214269167,1.1404414051313967,1.1679052953775122,2.875720044089281,1.0,1.000000000000004,1.00000000000009
paper_noise_snr,ideal,nv_charge_readout_master_v1_4,thin_all_counts,1,snr5,5.0,5.437,1.0,27.43339830432224,0.9249776330930897,7.504300359171423,12.911749357161563,0.11758756837904422,9.422120008455401,636.7993609310438,0.2,0.01,gauss_additive,2.0,mean,-0.5207816051281473,0.72,3.084972124938271,2.6494716811054624,2.6494716811054624,2.6044721428452324,1.1844903518791798,1.1759912264820198,1.1922393851562307,1.1643725603630912,1.1376480224341265,1.188238684737121,1.1643725603630912,1.1376480224341265,1.188238684737121,4.974995007273436,0.6200955217900813,0.5934844146106047,0.6472049110015049,2.6609044769064165,1.159369737513042,1.1418254486529436,1.1763691090907236,3.084972124938271,1.0,1.0000000000000702,1.0000000000001505
paper_noise_snr,ideal,nv_charge_readout_master_v1_4,thin_all_counts,1,snr5,5.0,5.437,1.0,27.43339830432224,0.9249776330930897,7.504300359171423,12.911749357161563,0.11758756837904422,9.422120008455401,636.7993609310438,0.2,0.01,gauss_additive,2.0,mean,-0.5207816051281473,0.73,3.3185406283691146,2.7998922869270526,2.7998922869270526,2.7795260197795035,1.193923210199835,1.1844176749211228,1.2023989543463582,1.1852386764532612,1.1551070948815032,1.2074141402892717,1.1852386764532612,1.1551070948815032,1.2074141402892717,4.974995007273436,0.667044011806527,0.6364723882173741,0.6957199496683393,2.8303730238211235,1.1724746527893855,1.1504771004490937,1.1940465594665757,3.3185406283691146,1.0,1.0000000000000975,1.0000000000001468
paper_noise_snr,ideal,nv_charge_readout_master_v1_4,thin_all_counts,1,snr5,5.0,5.437,1.0,27.43339830432224,0.9249776330930897,7.504300359171423,12.911749357161563,0.11758756837904422,9.422120008455401,636.7993609310438,0.2,0.01,gauss_additive,2.0,mean,-0.5207816051281473,0.74,3.5745832702526408,2.9588528438706314,2.9588528438706314,2.9598116997813193,1.2077063113564768,1.1418632704491658,1.2177071391101282,1.2080976847691216,1.1830189428842637,1.2257414011353671,1.2080976847691216,1.1830189428842637,1.2257414011353671,4.974995007273436,0.7185099211208463,0.6871455312725281,0.7479563893474563,2.999841570735831,1.1915906843626516,1.1677013168117838,1.2125730094787204,3.5745832702526408,1.0,0.9999999999999982,1.0000000000001046
paper_noise_snr,ideal,nv_charge_readout_master_v1_4,thin_all_counts,1,snr5,5.0,5.437,1.0,27.43339830432224,0.9249776330930897,7.504300359171423,12.911749357161563,0.11758756837904422,9.422120008455401,636.7993609310438,0.2,0.01,gauss_additive,2.0,mean,-0.5207816051281473,0.75,3.833627936097453,3.1268381975114954,3.1268381975114954,3.2841484477001144,1.167312622175206,1.1368071974166964,1.2215931787850416,1.2260397545189445,1.208474942686069,1.2364524684414482,1.2260397545189445,1.208474942686069,1.2364524684414482,4.974995007273436,0.7705792529425043,0.7398836510283082,0.8039796765916996,3.1693101176505385,1.2096095976052303,1.1879509075872203,1.2277391502080799,3.833627936097453,1.0,0.9999999999998607,1.0000000000000198
paper_noise_snr,ideal,nv_charge_readout_master_v1_4,thin_all_counts,1,snr5,5.0,5.437,1.0,27.43339830432224,0.9249776330930897,7.504300359171423,12.911749357161563,0.11758756837904422,9.422120008455401,636.7993609310438,0.2,0.01,gauss_additive,2.0,mean,-0.5207816051281473,0.76,4.105876043717841,4.093909803824541,4.0939663586558455,3.6987388192505763,1.1100746076874273,1.1045042956751776,1.2420821231373307,1.0029229368663963,0.9995068295450483,1.247347243963897,1.002909082297859,0.9995121489657077,1.247347243963897,4.974995007273436,0.8253025455734239,0.7930900182881593,0.8555795959151197,3.3387786645652455,1.229753887939284,1.2094481026353956,1.24431244582433,4.105876043717841,1.0,0.9999999999998354,0.9999999999999306
paper_noise_snr,ideal,nv_charge_readout_master_v1_4,thin_all_counts,1,snr5,5.0,5.437,1.0,27.43339830432224,0.9249776330930897,7.504300359171423,12.911749357161563,0.11758756837904422,9.422120008455401,636.7993609310438,0.2,0.01,gauss_additive,2.0,mean,-0.5207816051281473,0.77,4.37893420969309,4.307827548534317,4.30842268525599,3.7050811864199935,1.1818726741381345,1.1433920692836805,1.2279899664753557,1.0165063852620948,1.0066367650184354,1.033416403806932,1.0163659718621387,1.0067211611654103,1.0330739326157912,4.974995007273436,0.8801886641677216,0.8487733953240197,0.915932329926203,3.5082472114799526,1.2481829089364083,1.2340308117140466,1.2587566904151455,4.37893420969309,1.0,0.9999999999999157,1.0000000000000584
paper_noise_snr,ideal,nv_charge_readout_master_v1_4,thin_all_counts,1,snr5,5.0,5.437,1.0,27.43339830432224,0.9249776330930897,7.504300359171423,12.911749357161563,0.11758756837904422,9.422120008455401,636.7993609310438,0.2,0.01,gauss_additive,2.0,mean,-0.5207816051281473,0.78,4.708974779874282,4.53292306796179,4.534112986928155,3.7114344290859735,1.2687748820161633,1.1803094660586597,1.287189815890588,1.0388384513200337,1.0166521766093732,1.0707672986497454,1.0385658216833709,1.0165669612197827,1.0706187947322447,4.974995007273436,0.9465285438457259,0.9056242070439299,0.9959333944432226,3.7489751992957543,1.2560698669756107,1.242890750637847,1.271757050149269,4.708974779874282,1.0,1.0000000000000375,1.0000000000000646
paper_noise_snr,ideal,nv_charge_readout_master_v1_4,thin_all_counts,1,snr5,5.0,5.437,1.0,27.43339830432224,0.9249776330930897,7.504300359171423,12.911749357161563,0.11758756837904422,9.422120008455401,636.7993609310438,0.2,0.01,gauss_additive,2.0,mean,-0.5207816051281473,0.79,5.151153778912496,4.769780430753573,4.771625738714878,4.04718530277898,1.2727743835636784,1.2166451415812625,1.3105220666637367,1.079956164376034,1.0470907700287988,1.116772627710225,1.0795385181026027,1.0469837531690172,1.1162299371088595,5.101876285032654,1.009658700275506,0.9866285005774423,1.0289066413869834,4.03916562256055,1.2753014509088199,1.2533506454939676,1.302562297665113,5.151153778912496,1.0,1.000000000000037,1.0000000000000542
paper_noise_snr,ideal,nv_charge_readout_master_v1_4,thin_all_counts,1,snr5,5.0,5.437,1.0,27.43339830432224,0.9249776330930897,7.504300359171423,12.911749357161563,0.11758756837904422,9.422120008455401,636.7993609310438,0.2,0.01,gauss_additive,2.0,mean,-0.5207816051281473,0.8,5.668765932424433,5.019014224706343,5.021580242046819,4.281628049462484,1.3239744010776673,1.3030472028175597,1.3465482088474034,1.1294580327187869,1.0901143988896065,1.1714253667351258,1.1288808819499851,1.0892079294206887,1.1697954010628284,5.493790780262987,1.0318496206280847,1.0121158929557135,1.058188739504541,4.329356045825347,1.309378547853701,1.2809040489288033,1.3358588075492266,5.668765932424433,1.0,1.0000000000000466,1.000000000000082
paper_noise_snr,ideal,nv_charge_readout_master_v1_4,thin_all_counts,1,snr5,5.0,5.437,1.0,27.43339830432224,0.9249776330930897,7.504300359171423,12.911749357161563,0.11758756837904422,9.422120008455401,636.7993609310438,0.2,0.01,gauss_additive,2.0,mean,-0.5207816051281473,0.81,6.201437483845184,5.2812711514741135,5.284628239537156,4.597976497229229,1.3487318796827714,1.331163320132879,1.364627812177467,1.1742319805174617,1.1369072545585814,1.2127681736110463,1.1734860434361083,1.1365819691857233,1.2121811730300196,5.915811252782941,1.048281836396974,1.0253956889084166,1.0746134569816483,4.619546469090142,1.3424342682424857,1.3178417844081838,1.3625495379336885,6.201437483845184,1.0,0.999999999999909,1.0000000000000753
paper_noise_snr,ideal,nv_charge_readout_master_v1_4,thin_all_counts,1,snr5,5.0,5.437,1.0,27.43339830432224,0.9249776330930897,7.504300359171423,12.911749357161563,0.11758756837904422,9.422120008455401,636.7993609310438,0.2,0.01,gauss_additive,2.0,mean,-0.5207816051281473,0.82,6.78192318811933,5.557231704603231,5.561455614364586,4.950192907032131,1.370032100867238,1.1826287967781435,1.3816639342403245,1.2203779774922194,1.1786399752216714,1.2636879888824255,1.2194511038805056,1.1776866736878213,1.2643496991328924,6.3702503750748845,1.0646242751549002,1.0329825011973068,1.0973563522322067,5.0612632383650284,1.339966500203245,1.3159469035441513,1.3657563784011706,6.78192318811933,1.0,0.9999999999998839,0.9999999999999458
paper_noise_snr,ideal,nv_charge_readout_master_v1_4,thin_all_counts,1,snr5,5.0,5.437,1.0,27.43339830432224,0.9249776330930897,7.504300359171423,12.911749357161563,0.11758756837904422,9.422120008455401,636.7993609310438,0.2,0.01,gauss_additive,2.0,mean,-0.5207816051281473,0.83,7.481556304167789,5.847611935249205,5.8527841786759875,5.824534557001086,1.2844899847276148,1.2191999042018726,1.3973509944720859,1.2794207938234108,1.2328361820922673,1.369069254694286,1.278290139490546,1.2325706847033224,1.3683769077164434,6.85959847384446,1.0906697137878907,1.0562150114093467,1.1656907653686708,5.650354946910008,1.3240860750277652,1.2966560977574932,1.3956650368015722,7.481556304167789,1.0,0.999999999999935,1.0000000000000937
paper_noise_snr,ideal,nv_charge_readout_master_v1_4,thin_all_counts,1,snr5,5.0,5.437,1.0,27.43339830432224,0.9249776330930897,7.504300359171423,12.911749357161563,0.11758756837904422,9.422120008455401,636.7993609310438,0.2,0.01,gauss_additive,2.0,mean,-0.5207816051281473,0.84,8.828617531205424,6.153165310156948,6.159373555671844,6.236995396978724,1.4155241377093388,1.2698451559019759,1.4922015315547268,1.434809091937144,0.8428138174471839,1.4896613838469157,1.4333628982570172,0.9934146002333394,1.4919040826659358,7.386537177012623,1.1952309072078657,1.1286742894756325,1.2643039000193184,6.239446655454988,1.414968028212372,1.3522485690957136,1.4877376841117833,8.828617531205424,1.0,1.0000000000000502,1.0000000000001332
paper_noise_snr,ideal,nv_charge_readout_master_v1_4,thin_all_counts,1,snr5,5.0,5.437,1.0,27.43339830432224,0.9249776330930897,7.504300359171423,12.911749357161563,0.11758756837904422,9.422120008455401,636.7993609310438,0.2,0.01,gauss_additive,2.0,mean,-0.5207816051281473,0.85,10.719102134721474,11.70106136698674,10.587419837924148,7.554424473416785,1.4189171090982315,1.281939944115066,1.8424371983431622,0.9160794733513871,0.8381304201154045,1.1952719584039826,1.012437619251259,0.9745483860920509,1.2402223358554143,7.953954109038536,1.3476444530325793,1.2221198285454429,1.7126663719574886,6.828538363999968,1.5697505913172496,1.4325489094746342,1.9868148834433899,10.719102134721474,1.0,0.8293861201954803,1.0000000000000884
paper_noise_snr,ideal,nv_charge_readout_master_v1_4,thin_all_counts,1,snr5,5.0,5.437,1.0,27.43339830432224,0.9249776330930897,7.504300359171423,12.911749357161563,0.11758756837904422,9.422120008455401,636.7993609310438,0.2,0.01,gauss_additive,2.0,mean,-0.5207816051281473,0.86,14.654225014571471,12.41437659269269,11.93241680908892,7.663106570803718,1.9123086543522407,1.7401628835987042,1.936911915404998,1.180423753472824,1.1390581815320548,1.2069634855132505,1.2281020055726977,1.1853844454170392,1.2489451092442683,8.564958715103602,1.7109510392303406,1.5887771866780824,1.7551266758040813,7.417630072544947,1.975593939203238,1.8890270317555693,2.024246335874565,14.654225014571471,1.0,0.9793227131690738,1.0000000000000329
paper_noise_snr,ideal,nv_charge_readout_master_v1_4,thin_all_counts,1,snr5,5.0,5.437,1.0,27.43339830432224,0.9249776330930897,7.504300359171423,12.911749357161563,0.11758756837904422,9.422120008455401,636.7993609310438,0.2,0.01,gauss_additive,2.0,mean,-0.5207816051281473,0.87,15.862182038778217,13.171176643857255,12.919902333279998,8.261181650794747,1.920086339858201,1.7736906616502406,1.9836104552557363,1.2043101742300288,1.1689743939533237,1.2408037778975616,1.2277323488676293,1.194639543523699,1.2637532312262343,9.978470325979822,1.5896406483746948,1.5224260306883337,1.6591986425440934,8.440280825395595,1.8793429231704217,1.7823465435580936,1.9862264516542676,15.862182038778217,1.0,0.9989516362461268,1.0000000000001465
paper_noise_snr,ideal,nv_charge_readout_master_v1_4,thin_all_counts,1,snr5,5.0,5.437,1.0,27.43339830432224,0.9249776330930897,7.504300359171423,12.911749357161563,0.11758756837904422,9.422120008455401,636.7993609310438,0.2,0.01,gauss_additive,2.0,mean,-0.5207816051281473,0.88,17.408830586790092,13.974112424284277,13.989108742358717,9.883272658693796,1.761443925305092,1.2980479120682762,1.9122518040550383,1.2457915077695343,1.207842480294587,1.29657746474566,1.2444560198518246,1.213854744589416,1.2789288371925878,11.331749410794634,1.53628799540929,1.4822605851648325,1.585477206431197,9.730861324727277,1.7890328518557943,1.716178538598273,1.8668478735405927,17.408830586790092,1.0,1.0000000000001243,1.0000000000001377
paper_noise_snr,ideal,nv_charge_readout_master_v1_4,thin_all_counts,1,snr5,5.0,5.437,1.0,27.43339830432224,0.9249776330930897,7.504300359171423,12.911749357161563,0.11758756837904422,9.422120008455401,636.7993609310438,0.2,0.01,gauss_additive,2.0,mean,-0.5207816051281473,0.89,19.961408003056427,14.825996441070322,15.327202114191914,14.047788106513396,1.420964485775602,1.3287800091835051,1.619247028654393,1.346378847613926,0.704374292820527,1.4862223913260086,1.3023517178372406,1.2481213922499224,1.4232161847321558,12.86856006122718,1.5511765036711382,1.4948068364068725,1.7921953273404496,11.02144182405896,1.8111430719964614,1.728520134931843,2.1195464537494457,19.961408003056427,1.0,0.9261655476195181,1.0602018370624464
paper_noise_snr,ideal,nv_charge_readout_master_v1_4,thin_all_counts,1,snr5,5.0,5.437,1.0,27.43339830432224,0.9249776330930897,7.504300359171423,12.911749357161563,0.11758756837904422,9.422120008455401,636.7993609310438,0.2,0.01,gauss_additive,2.0,mean,-0.5207816051281473,0.9,27.638255827337623,34.88395953718946,30.960756241231557,18.598687078775537,1.4860326274792734,1.4058304229126946,1.664632070386313,0.7922912477258419,0.7445420076642325,0.8354841322103873,0.8926867164352645,0.8327701878516208,0.9973794044733109,14.573468612944687,1.8964775347159506,1.791589136166408,2.047062614790262,12.861214265741216,2.1489616187297678,2.0241945120384024,2.338399379647695,26.857560719218558,1.029067982616918,0.9941290559771842,1.085624927631353
paper_noise_snr,ideal,nv_charge_readout_master_v1_4,thin_all_counts,1,snr5,5.0,5.437,1.0,27.43339830432224,0.9249776330930897,7.504300359171423,12.911749357161563,0.11758756837904422,9.422120008455401,636.7993609310438,0.2,0.01,gauss_additive,2.0,mean,-0.5207816051281473,0.91,nan,nan,32.09694254735298,19.835554597638083,nan,nan,nan,nan,nan,nan,nan,nan,nan,17.299318653520242,nan,nan,nan,15.611951818558369,nan,nan,nan,34.13552862119504,nan,nan,nan
paper_noise_snr,ideal,nv_charge_readout_master_v1_4,thin_all_counts,1,snr5,5.0,5.437,1.0,27.43339830432224,0.9249776330930897,7.504300359171423,12.911749357161563,0.11758756837904422,9.422120008455401,636.7993609310438,0.2,0.01,gauss_additive,2.0,mean,-0.5207816051281473,0.92,nan,nan,nan,nan,nan,nan,nan,nan,nan,nan,nan,nan,nan,nan,nan,nan,nan,nan,nan,nan,nan,nan,nan,nan,nan
paper_noise_snr,ideal,nv_charge_readout_master_v1_4,thin_all_counts,1,snr5,5.0,5.437,1.0,27.43339830432224,0.9249776330930897,7.504300359171423,12.911749357161563,0.11758756837904422,9.422120008455401,636.7993609310438,0.2,0.01,gauss_additive,2.0,mean,-0.5207816051281473,0.93,nan,nan,nan,nan,nan,nan,nan,nan,nan,nan,nan,nan,nan,nan,nan,nan,nan,nan,nan,nan,nan,nan,nan,nan,nan
paper_noise_snr,ideal,nv_charge_readout_master_v1_4,thin_all_counts,1,snr5,5.0,5.437,1.0,27.43339830432224,0.9249776330930897,7.504300359171423,12.911749357161563,0.11758756837904422,9.422120008455401,636.7993609310438,0.2,0.01,gauss_additive,2.0,mean,-0.5207816051281473,0.94,nan,nan,nan,nan,nan,nan,nan,nan,nan,nan,nan,nan,nan,nan,nan,nan,nan,nan,nan,nan,nan,nan,nan,nan,nan
paper_noise_snr,ideal,nv_charge_readout_master_v1_4,thin_all_counts,1,snr5,5.0,5.437,1.0,27.43339830432224,0.9249776330930897,7.504300359171423,12.911749357161563,0.11758756837904422,9.422120008455401,636.7993609310438,0.2,0.01,gauss_additive,2.0,mean,-0.5207816051281473,0.95,nan,nan,nan,nan,nan,nan,nan,nan,nan,nan,nan,nan,nan,nan,nan,nan,nan,nan,nan,nan,nan,nan,nan,nan,nan
paper_noise_snr,ideal,nv_charge_readout_master_v1_4,thin_all_counts,1,snr5,5.0,5.437,1.0,27.43339830432224,0.9249776330930897,7.504300359171423,12.911749357161563,0.11758756837904422,9.422120008455401,636.7993609310438,0.2,0.01,gauss_additive,2.0,mean,-0.5207816051281473,0.96,nan,nan,nan,nan,nan,nan,nan,nan,nan,nan,nan,nan,nan,nan,nan,nan,nan,nan,nan,nan,nan,nan,nan,nan,nan
paper_noise_snr,ideal,nv_charge_readout_master_v1_4,thin_all_counts,1,snr5,5.0,5.437,1.0,27.43339830432224,0.9249776330930897,7.504300359171423,12.911749357161563,0.11758756837904422,9.422120008455401,636.7993609310438,0.2,0.01,gauss_additive,2.0,mean,-0.5207816051281473,0.97,nan,nan,nan,nan,nan,nan,nan,nan,nan,nan,nan,nan,nan,nan,nan,nan,nan,nan,nan,nan,nan,nan,nan,nan,nan
paper_noise_snr,ideal,nv_charge_readout_master_v1_4,thin_all_counts,1,snr5,5.0,5.437,1.0,27.43339830432224,0.9249776330930897,7.504300359171423,12.911749357161563,0.11758756837904422,9.422120008455401,636.7993609310438,0.2,0.01,gauss_additive,2.0,mean,-0.5207816051281473,0.98,nan,nan,nan,nan,nan,nan,nan,nan,nan,nan,nan,nan,nan,nan,nan,nan,nan,nan,nan,nan,nan,nan,nan,nan,nan
paper_noise_snr,ideal,nv_charge_readout_master_v1_4,thin_all_counts,1,snr5,5.0,5.437,1.0,27.43339830432224,0.9249776330930897,7.504300359171423,12.911749357161563,0.11758756837904422,9.422120008455401,636.7993609310438,0.2,0.01,gauss_additive,2.0,mean,-0.5207816051281473,0.99,nan,nan,nan,nan,nan,nan,nan,nan,nan,nan,nan,nan,nan,nan,nan,nan,nan,nan,nan,nan,nan,nan,nan,nan,nan
paper_noise_snr,ideal,nv_charge_readout_master_v1_4,thin_all_counts,2,snr3,3.0,5.437,1.0,27.43339830432224,0.9249776330930897,7.504300359171423,12.911749357161563,0.11758756837904422,9.422120008455401,636.7993609310438,0.3333333333333333,0.01,gauss_additive,2.0,mean,-0.6751639944185293,0.55,0.5356894963821247,1.5715524242350067,1.5715524242350067,0.5085485920206108,1.053369343239503,1.0374841141126319,1.074879224753475,0.3408664503463098,0.31514527858282415,0.37250396647795175,0.3408664503463098,0.31514527858282415,0.37250396647795175,4.977413407624194,0.10762407148290674,0.09920253829429741,0.11767514154869206,0.522710654841227,1.0248298775253395,1.0086943536807271,1.042082129047888,0.5356894963821247,1.0,0.9999999999999901,1.0000000000000546
paper_noise_snr,ideal,nv_charge_readout_master_v1_4,thin_all_counts,2,snr3,3.0,5.437,1.0,27.43339830432224,0.9249776330930897,7.504300359171423,12.911749357161563,0.11758756837904422,9.422120008455401,636.7993609310438,0.3333333333333333,0.01,gauss_additive,2.0,mean,-0.6751639944185293,0.56,0.661266546924934,1.5715524242350067,1.5715524242350067,0.6197019148315097,1.0670719762173484,1.0411960543065635,1.0906971391334204,0.4207728210192049,0.3879473554320112,0.4538128423097297,0.4207728210192049,0.3879473554320112,0.4538128423097297,4.977413407624194,0.1328534507324695,0.12195697328260625,0.14383349683237534,0.6409573517956357,1.0316857199194334,1.008037715741195,1.0612642062333455,0.661266546924934,1.0,1.0000000000000566,1.0000000000001603
paper_noise_snr,ideal,nv_charge_readout_master_v1_4,thin_all_counts,2,snr3,3.0,5.437,1.0,27.43339830432224,0.9249776330930897,7.504300359171423,12.911749357161563,0.11758756837904422,9.422120008455401,636.7993609310438,0.3333333333333333,0.01,gauss_additive,2.0,mean,-0.6751639944185293,0.57,0.7825258461596303,1.5715524242350067,1.5715524242350067,0.7485663012249332,1.045366115037675,1.0330145319967463,1.0676406836265966,0.49793174830966563,0.46583101568506835,0.5355506423787685,0.49793174830966563,0.46583101568506835,0.5355506423787685,4.977413407624194,0.15721536108714415,0.14681604622766722,0.16943191148667738,0.7592040487500432,1.0307187474144588,1.0159830632137838,1.0604422514298257,0.7825258461596303,1.0,1.0000000000000657,1.0000000000001543
paper_noise_snr,ideal,nv_charge_readout_master_v1_4,thin_all_counts,2,snr3,3.0,5.437,1.0,27.43339830432224,0.9249776330930897,7.504300359171423,12.911749357161563,0.11758756837904422,9.422120008455401,636.7993609310438,0.3333333333333333,0.01,gauss_additive,2.0,mean,-0.6751639944185293,0.58,0.9253172793197159,1.5715524242350067,1.5715524242350067,0.8536076800654816,1.0840076781510837,1.057441597434363,1.11184784324239,0.5887918627787029,0.5460483555152846,0.6321077222575607,0.5887918627787029,0.5460483555152846,0.6321077222575607,4.977413407624194,0.1859032400046083,0.17253914428740558,0.20055710331865007,0.8798954529769607,1.0516218446056051,1.035177509294841,1.071493143158092,0.9253172793197159,1.0,1.0000000000000042,1.0000000000001013
paper_noise_snr,ideal,nv_charge_readout_master_v1_4,thin_all_counts,2,snr3,3.0,5.437,1.0,27.43339830432224,0.9249776330930897,7.504300359171423,12.911749357161563,0.11758756837904422,9.422120008455401,636.7993609310438,0.3333333333333333,0.01,gauss_additive,2.0,mean,-0.6751639944185293,0.59,1.0709233423495956,1.5715524242350067,1.5715524242350067,0.9733888237747776,1.1002009846348775,1.0735924391632936,1.121214942568662,0.6814429641893078,0.6354869847128518,0.721641412003195,0.6814429641893078,0.6354869847128518,0.721641412003195,4.977413407624194,0.21515659935122125,0.20066461898322105,0.22861425062623253,1.0037334918301817,1.0669399308345302,1.050595326816616,1.077223826384068,1.0709233423495956,1.0,0.9999999999999574,1.0000000000000502
paper_noise_snr,ideal,nv_charge_readout_master_v1_4,thin_all_counts,2,snr3,3.0,5.437,1.0,27.43339830432224,0.9249776330930897,7.504300359171423,12.911749357161563,0.11758756837904422,9.422120008455401,636.7993609310438,0.3333333333333333,0.01,gauss_additive,2.0,mean,-0.6751639944185293,0.6,1.2074210577163889,1.5715524242350067,1.5715524242350067,1.1099780664777548,1.087788213282309,0.8101970003825479,1.1047476119868365,0.768298301155389,0.722717140542118,0.8208860574337612,0.768298301155389,0.722717140542118,0.8208860574337612,4.977413407624194,0.24258002276180468,0.22771941418684996,0.26039364052257796,1.1420194403047599,1.0572683923788337,1.0360788235619771,1.0880633751232167,1.2074210577163889,1.0,0.9999999999999903,1.0000000000000846
paper_noise_snr,ideal,nv_charge_readout_master_v1_4,thin_all_counts,2,snr3,3.0,5.437,1.0,27.43339830432224,0.9249776330930897,7.504300359171423,12.911749357161563,0.11758756837904422,9.422120008455401,636.7993609310438,0.3333333333333333,0.01,gauss_additive,2.0,mean,-0.6751639944185293,0.61,1.3715978150243058,1.5715524242350067,1.5715524242350067,1.5715524242350067,0.8727661857618055,0.8219128898220808,0.9332581649281587,0.8727661857618055,0.8211080598747575,0.9285722746236602,0.8727661857618055,0.8211080598747575,0.9285722746236602,4.977413407624194,0.2755643750473588,0.2586599076727358,0.2937007628036224,1.2803053887793379,1.0713051956549269,1.041804004958629,1.1003062589441204,1.3715978150243058,1.0,0.9999999999998821,0.9999999999999987
paper_noise_snr,ideal,nv_charge_readout_master_v1_4,thin_all_counts,2,snr3,3.0,5.437,1.0,27.43339830432224,0.9249776330930897,7.504300359171423,12.911749357161563,0.11758756837904422,9.422120008455401,636.7993609310438,0.3333333333333333,0.01,gauss_additive,2.0,mean,-0.6751639944185293,0.62,1.535408448823985,1.5715524242350067,1.5715524242350067,1.5715524242350067,0.9770011010427375,0.924110855385144,1.040372491233185,0.9770011010427375,0.924110855385144,1.040372491233185,0.9770011010427375,0.924110855385144,1.040372491233185,4.977413407624194,0.30847517035095184,0.2908990861016756,0.32773448602845606,1.418591337253916,1.0823472613305263,1.05111244692612,1.1189592469791776,1.535408448823985,1.0,0.9999999999998564,1.0000000000000113
paper_noise_snr,ideal,nv_charge_readout_master_v1_4,thin_all_counts,2,snr3,3.0,5.437,1.0,27.43339830432224,0.9249776330930897,7.504300359171423,12.911749357161563,0.11758756837904422,9.422120008455401,636.7993609310438,0.3333333333333333,0.01,gauss_additive,2.0,mean,-0.6751639944185293,0.63,1.7127684906267477,1.5715524242350067,1.5715524242350067,1.5715524242350067,1.0898576873504437,1.0239685887174281,1.114462805170337,1.0898576873504437,0.9976068115862348,1.113658674400702,1.0898576873504437,0.9959768305718015,1.1104307719173139,4.977413407624194,0.34410814420260943,0.32445497094869696,0.3605021908063548,1.556877285728494,1.100130695159644,1.0699349802068432,1.1243095158419945,1.7127684906267477,1.0,0.9999999999999918,1.0000000000000995
paper_noise_snr,ideal,nv_charge_readout_master_v1_4,thin_all_counts,2,snr3,3.0,5.437,1.0,27.43339830432224,0.9249776330930897,7.504300359171423,12.911749357161563,0.11758756837904422,9.422120008455401,636.7993609310438,0.3333333333333333,0.01,gauss_additive,2.0,mean,-0.6751639944185293,0.64,1.8610693690307243,1.8307142040532884,1.8342570838756354,1.7730506837881659,1.0496425094033435,1.0253605060825515,1.1179203157793651,1.0165810506687654,1.0024458605804802,1.0412475107478,1.0146175175719845,1.000213896439701,1.0393107048050612,4.977413407624194,0.3739029123399748,0.35634411743368827,0.3949396639884545,1.6951632342030722,1.0978703003228167,1.0755869455883973,1.1242749845002935,1.8610693690307243,1.0,1.0000000000000697,1.0000000000001028
paper_noise_snr,ideal,nv_charge_readout_master_v1_4,thin_all_counts,2,snr3,3.0,5.437,1.0,27.43339830432224,0.9249776330930897,7.504300359171423,12.911749357161563,0.11758756837904422,9.422120008455401,636.7993609310438,0.3333333333333333,0.01,gauss_additive,2.0,mean,-0.6751639944185293,0.65,2.0425454405084325,1.944056590510579,1.9474230278438287,1.8180401751019262,1.1234875161072388,1.0758819293491513,1.1332607774030479,1.0506615139078779,1.0203882525825512,1.08597374957035,1.0488452746550514,1.0184157937288962,1.084115273223869,4.977413407624194,0.410362827684706,0.3866510260715686,0.4364202558397747,1.8334491826776502,1.1140452976860853,1.086027161959529,1.143940533084254,2.0425454405084325,1.0,0.9999999999999051,1.0000000000001026
paper_noise_snr,ideal,nv_charge_readout_master_v1_4,thin_all_counts,2,snr3,3.0,5.437,1.0,27.43339830432224,0.9249776330930897,7.504300359171423,12.911749357161563,0.11758756837904422,9.422120008455401,636.7993609310438,0.3333333333333333,0.01,gauss_additive,2.0,mean,-0.6751639944185293,0.66,2.242360951589059,2.0644161818048623,2.067570834380138,2.0415631580099824,1.0983549261218077,1.0693204501268676,1.1255522661395767,1.0861961707879195,1.0581298228265272,1.1139488706016116,1.0845388773639397,1.0574610689799164,1.1122760748989131,4.977413407624194,0.4505072751550642,0.42696296569516773,0.47221303059741687,1.9717351311522284,1.1372526239255492,1.1155423493822887,1.1530954187192677,2.242360951589059,1.0,0.9999999999998938,0.9999999999999957
paper_noise_snr,ideal,nv_charge_readout_master_v1_4,thin_all_counts,2,snr3,3.0,5.437,1.0,27.43339830432224,0.9249776330930897,7.504300359171423,12.911749357161563,0.11758756837904422,9.422120008455401,636.7993609310438,0.3333333333333333,0.01,gauss_additive,2.0,mean,-0.6751639944185293,0.67,2.4292366158584433,2.1922274240887507,2.195131255027038,2.5474531619049565,0.9535942219412143,0.934836606030162,1.0854105435107813,1.1081134143133944,1.082264587344233,1.138622247610692,1.1066475456969982,1.0805801316621801,1.1370621448372846,4.977413407624194,0.4880520095311834,0.4659083741627823,0.5119407168521509,2.1100210796268066,1.1512854726020536,1.136997424786839,1.163135987213789,2.4292366158584433,1.0,0.9999999999999768,1.0000000000000626
paper_noise_snr,ideal,nv_charge_readout_master_v1_4,thin_all_counts,2,snr3,3.0,5.437,1.0,27.43339830432224,0.9249776330930897,7.504300359171423,12.911749357161563,0.11758756837904422,9.422120008455401,636.7993609310438,0.3333333333333333,0.01,gauss_additive,2.0,mean,-0.6751639944185293,0.68,2.6272243024089095,2.327951660757264,2.33056161688468,2.6030162194245965,1.0093000123486224,0.9712253021590069,1.0457604255385349,1.1285562096054411,1.1022907157781052,1.1566570435843482,1.127292358792378,1.100432105912183,1.1552444308737098,4.977413407624194,0.5278292332287764,0.5037613272618626,0.5536927157218184,2.2681377361587343,1.1583177954872863,1.1466725868762255,1.1708039648019612,2.6272243024089095,1.0,1.0000000000000087,1.0000000000000553
paper_noise_snr,ideal,nv_charge_readout_master_v1_4,thin_all_counts,2,snr3,3.0,5.437,1.0,27.43339830432224,0.9249776330930897,7.504300359171423,12.911749357161563,0.11758756837904422,9.422120008455401,636.7993609310438,0.3333333333333333,0.01,gauss_additive,2.0,mean,-0.6751639944185293,0.69,2.837340366070001,2.472078797698273,2.474347462210968,2.6597911749320375,1.0667530567103638,1.0309398691611906,1.1023984495210544,1.1477548242846545,1.123109213029513,1.1726170207799953,1.1467024778867065,1.1219728066031425,1.1712896550275074,4.977413407624194,0.5700431396202457,0.5430341180968353,0.5977453712308504,2.4472182840655727,1.1594145011683703,1.144869759053213,1.1786058950613605,2.837340366070001,1.0,1.0000000000000036,1.0000000000000795
paper_noise_snr,ideal,nv_charge_readout_master_v1_4,thin_all_counts,2,snr3,3.0,5.437,1.0,27.43339830432224,0.9249776330930897,7.504300359171423,12.911749357161563,0.11758756837904422,9.422120008455401,636.7993609310438,0.3333333333333333,0.01,gauss_additive,2.0,mean,-0.6751639944185293,0.7,3.053533232542472,2.625129071641216,2.627004289178083,2.7178044613990857,1.1235294061481371,1.0864144529716995,1.163847606985883,1.1631935608535318,1.1397259202648302,1.1932131067394178,1.162363245892468,1.138601090781099,1.192147180699584,4.977413407624194,0.6134779216581041,0.5841076129061124,0.6452036539948732,2.6262988319724134,1.1626754714158691,1.143851623298855,1.1870970333938775,3.053533232542472,1.0,1.0000000000000513,1.0000000000001499
paper_noise_snr,ideal,nv_charge_readout_master_v1_4,thin_all_counts,2,snr3,3.0,5.437,1.0,27.43339830432224,0.9249776330930897,7.504300359171423,12.911749357161563,0.11758756837904422,9.422120008455401,636.7993609310438,0.3333333333333333,0.01,gauss_additive,2.0,mean,-0.6751639944185293,0.71,3.3033460224663576,2.7876549279870417,2.789079400026333,2.7770830883328697,1.1895020485142966,1.1416998218443908,1.2158519717356624,1.1849910077829091,1.1549536947643197,1.2140010271444077,1.1843857949813723,1.1538999283759637,1.213114354468843,4.977413407624194,0.6636672005998999,0.627862216637196,0.6994812534737677,2.8053793798792537,1.1775042071523805,1.1509574624239791,1.2032840605994513,3.3033460224663576,1.0,1.000000000000094,1.0000000000001485
paper_noise_snr,ideal,nv_charge_readout_master_v1_4,thin_all_counts,2,snr3,3.0,5.437,1.0,27.43339830432224,0.9249776330930897,7.504300359171423,12.911749357161563,0.11758756837904422,9.422120008455401,636.7993609310438,0.3333333333333333,0.01,gauss_additive,2.0,mean,-0.6751639944185293,0.72,3.589763986608721,2.9602430148975643,2.961153863241339,2.9323804194401926,1.224180860985979,1.2057465204599749,1.2360551114328115,1.2126585447691498,1.1849225182730536,1.2354886571131214,1.2122855320592132,1.1844217756555087,1.235238680730125,4.977413407624194,0.7212107359035258,0.6833698040400211,0.7588652438238253,2.9844599277860944,1.2028186249669794,1.1765332534354398,1.2287986798776227,3.589763986608721,1.0,0.9999999999999678,1.0000000000001075
paper_noise_snr,ideal,nv_charge_readout_master_v1_4,thin_all_counts,2,snr3,3.0,5.437,1.0,27.43339830432224,0.9249776330930897,7.504300359171423,12.911749357161563,0.11758756837904422,9.422120008455401,636.7993609310438,0.3333333333333333,0.01,gauss_additive,2.0,mean,-0.6751639944185293,0.73,3.9083420512671037,3.1435163008420086,3.143844596789291,3.209799883167821,1.2176279498801266,1.1394855491726197,1.2484359737521529,1.2433026194965913,1.0037652866653082,1.2592181841458248,1.2431727876303331,1.0037628655381,1.259122981731758,4.977413407624194,0.7852154786420731,0.7407617077874196,0.8274526401957358,3.163540475692935,1.2354329212149653,1.207851401685822,1.2601207855390184,3.9083420512671037,1.0,0.9999999999998401,1.0000000000000164
paper_noise_snr,ideal,nv_charge_readout_master_v1_4,thin_all_counts,2,snr3,3.0,5.437,1.0,27.43339830432224,0.9249776330930897,7.504300359171423,12.911749357161563,0.11758756837904422,9.422120008455401,636.7993609310438,0.3333333333333333,0.01,gauss_additive,2.0,mean,-0.6751639944185293,0.74,4.240580095298312,4.185602761773992,4.1865051815330485,3.642446325351017,1.1642121026696677,1.1367115665740273,1.2514103356659076,1.0131348665063045,1.00273000754132,1.2598688629859052,1.0129164807925692,1.0026727254708976,1.2598603436873144,4.977413407624194,0.851964614553167,0.8068353972271248,0.8971015946083704,3.357485472840172,1.263022619040883,1.2413530313135668,1.2762327240289697,4.240580095298312,1.0,0.9999999999998439,1.0000000000000202
paper_noise_snr,ideal,nv_charge_readout_master_v1_4,thin_all_counts,2,snr3,3.0,5.437,1.0,27.43339830432224,0.9249776330930897,7.504300359171423,12.911749357161563,0.11758756837904422,9.422120008455401,636.7993609310438,0.3333333333333333,0.01,gauss_additive,2.0,mean,-0.6751639944185293,0.75,4.596749361103496,4.432035134964407,4.434957038144918,3.7457753570929886,1.2271823382037863,1.1831751894214548,1.281091057437006,1.0371644675917968,1.0153204452136848,1.0780338875826667,1.036481147746643,1.014521081206563,1.0766816376479906,4.977413407624194,0.9235217139212081,0.8722274058769914,0.9887348909629329,3.662476649606846,1.2550931516783708,1.2381701039022355,1.287264460378358,4.596749361103496,1.0,0.9999999999999682,1.0000000000000648
paper_noise_snr,ideal,nv_charge_readout_master_v1_4,thin_all_counts,2,snr3,3.0,5.437,1.0,27.43339830432224,0.9249776330930897,7.504300359171423,12.911749357161563,0.11758756837904422,9.422120008455401,636.7993609310438,0.3333333333333333,0.01,gauss_additive,2.0,mean,-0.6751639944185293,0.76,5.112866347212007,4.69297650913095,4.698153490159698,4.11423788019957,1.242725018846989,1.231262036650411,1.3200723191531056,1.089471966728172,1.046735375892801,1.1315865387878705,1.0882714576952257,1.0464307199696181,1.1305110440494375,5.093958219181165,1.00371187340321,0.9507278051177771,1.0195197700061733,3.96746782637352,1.2886976204884422,1.2556124107068027,1.3201968905281407,5.112866347212007,1.0,1.000000000000037,1.0000000000000602
paper_noise_snr,ideal,nv_charge_readout_master_v1_4,thin_all_counts,2,snr3,3.0,5.437,1.0,27.43339830432224,0.9249776330930897,7.504300359171423,12.911749357161563,0.11758756837904422,9.422120008455401,636.7993609310438,0.3333333333333333,0.01,gauss_additive,2.0,mean,-0.6751639944185293,0.77,5.656622824759595,4.969281119074834,4.9769695686460205,4.49137003825177,1.2594426147442064,1.2387379992191456,1.304570428613259,1.1383181368118551,1.0904039953519085,1.193395184486859,1.1365596567829677,1.0901978390326128,1.1911800329458873,5.599674342791737,1.010169963194586,0.9894976093931435,1.0377494511584782,4.2724590031401934,1.323973576013734,1.292411425815001,1.3470731614627842,5.656622824759595,1.0,1.0000000000000289,1.000000000000082
paper_noise_snr,ideal,nv_charge_readout_master_v1_4,thin_all_counts,2,snr3,3.0,5.437,1.0,27.43339830432224,0.9249776330930897,7.504300359171423,12.911749357161563,0.11758756837904422,9.422120008455401,636.7993609310438,0.3333333333333333,0.01,gauss_additive,2.0,mean,-0.6751639944185293,0.78,6.368305522146582,5.261853493693804,5.2723322341660195,4.716860728320143,1.3501152331912463,1.2688353094180302,1.4011032976702122,1.2102779999060849,1.138887117207323,1.2772842490414635,1.207872576936329,1.1345622282952068,1.2741396725014913,6.155596767018729,1.0345553425896141,0.9943098184098113,1.0792411143868,4.825824341957185,1.3196306104179127,1.2783596663177774,1.3548395203111578,6.368305522146582,1.0,0.9999999999998864,1.000000000000078
paper_noise_snr,ideal,nv_charge_readout_master_v1_4,thin_all_counts,2,snr3,3.0,5.437,1.0,27.43339830432224,0.9249776330930897,7.504300359171423,12.911749357161563,0.11758756837904422,9.422120008455401,636.7993609310438,0.3333333333333333,0.01,gauss_additive,2.0,mean,-0.6751639944185293,0.79,7.214527965620572,5.571651417107268,5.5852234585770875,5.1477546945497075,1.4014902406400802,1.2998783339050348,1.426984439836884,1.2948634840056568,1.2181825433656184,1.3621865533820459,1.291716977687151,1.2154911880954242,1.3575498938884343,6.766709854637824,1.0661795940128598,1.0171506431133668,1.112219050295092,5.5515905697267485,1.2995425139890449,1.2511538614480207,1.3474911588416711,7.214527965620572,1.0,0.9999999999998929,1.0000000000000289
paper_noise_snr,ideal,nv_charge_readout_master_v1_4,thin_all_counts,2,snr3,3.0,5.437,1.0,27.43339830432224,0.9249776330930897,7.504300359171423,12.911749357161563,0.11758756837904422,9.422120008455401,636.7993609310438,0.3333333333333333,0.01,gauss_additive,2.0,mean,-0.6751639944185293,0.8,8.208884147203017,5.899689064121231,5.916683489725909,6.08048614892022,1.3500374717012982,1.2945013082890782,1.5065667125075612,1.3914096248097347,1.2938345163301221,1.5213091028978036,1.3874130940851284,1.2877341868077359,1.5120843632331131,7.438492804171904,1.1035682043812742,1.0420427053760353,1.2069805393334798,6.277356797496313,1.307697556792866,1.2509109046969016,1.4194362794601765,8.208884147203017,1.0,0.6933945260233857,1.0000000000001301
paper_noise_snr,ideal,nv_charge_readout_master_v1_4,thin_all_counts,2,snr3,3.0,5.437,1.0,27.43339830432224,0.9249776330930897,7.504300359171423,12.911749357161563,0.11758756837904422,9.422120008455401,636.7993609310438,0.3333333333333333,0.01,gauss_additive,2.0,mean,-0.6751639944185293,0.81,10.418664690378513,11.000604831320473,11.04509123125883,6.364320240636161,1.6370428099854841,1.130908557838145,1.9435021679737554,0.9470992595529762,0.8997750190998302,1.5468251545348475,0.9432846204920915,0.8778115508155373,1.5312591693590616,8.176968776013625,1.2741475448629196,1.1015633312987143,1.6343614621244944,7.003123025265876,1.487716930402342,1.294708580899455,1.908021929161801,13.19901603631878,0.7893516199775973,0.7011708078158139,0.9999999999998727
paper_noise_snr,ideal,nv_charge_readout_master_v1_4,thin_all_counts,2,snr3,3.0,5.437,1.0,27.43339830432224,0.9249776330930897,7.504300359171423,12.911749357161563,0.11758756837904422,9.422120008455401,636.7993609310438,0.3333333333333333,0.01,gauss_additive,2.0,mean,-0.6751639944185293,0.82,14.430342445850536,11.904450948315755,11.939468552378028,9.162455420613808,1.57494271823522,1.4680418814028295,1.6355339068108752,1.212180428018156,1.1524610176285912,1.254305822395065,1.2086251898520552,1.1476216230450078,1.2533096262965133,9.172628347775973,1.5731960239454559,1.489984685185146,1.6453684770776185,7.728889253035431,1.867065495883925,1.7231501074073243,1.9472138991460948,14.430342445850536,1.0,0.9763475532913386,1.0000000000000397
paper_noise_snr,ideal,nv_charge_readout_master_v1_4,thin_all_counts,2,snr3,3.0,5.437,1.0,27.43339830432224,0.9249776330930897,7.504300359171423,12.911749357161563,0.11758756837904422,9.422120008455401,636.7993609310438,0.3333333333333333,0.01,gauss_additive,2.0,mean,-0.6751639944185293,0.83,15.655927843278157,12.88256005500426,12.906268162800613,9.456359490362942,1.655597786783936,1.587066457309072,1.744031140090732,1.215280796397031,1.1752726171853396,1.2677981039310742,1.2130483921295556,1.1740592005140995,1.2656307083193292,10.407964785900493,1.504225673830776,1.440738840334191,1.5814641348521148,9.07389612171064,1.7253809866545675,1.6409705907944838,1.8658453500183438,15.655927843278157,1.0,0.9992876229325948,1.0000000000001465
paper_noise_snr,ideal,nv_charge_readout_master_v1_4,thin_all_counts,2,snr3,3.0,5.437,1.0,27.43339830432224,0.9249776330930897,7.504300359171423,12.911749357161563,0.11758756837904422,9.422120008455401,636.7993609310438,0.3333333333333333,0.01,gauss_additive,2.0,mean,-0.6751639944185293,0.84,17.521239468712448,13.941033844511031,13.951354464344558,10.560881079654628,1.6590698575772094,1.595198514060816,1.899598061214452,1.256810625677596,1.2050593966278398,1.407264946068388,1.2558808905251053,1.2051356217396454,1.406531617667245,11.768566531038084,1.4888167919603825,1.4268006225659593,1.6513443775821106,10.432078323171083,1.6795540568167862,1.6105001559276158,1.8614354961619064,17.521239468712448,1.0,0.8969773747707004,1.0130357307149231
paper_noise_snr,ideal,nv_charge_readout_master_v1_4,thin_all_counts,2,snr3,3.0,5.437,1.0,27.43339830432224,0.9249776330930897,7.504300359171423,12.911749357161563,0.11758756837904422,9.422120008455401,636.7993609310438,0.3333333333333333,0.01,gauss_additive,2.0,mean,-0.6751639944185293,0.85,23.492004021750837,31.5744802592592,17.197531828071128,20.430514138470173,1.1498488908566404,1.1466092191605732,2.1391476574439445,0.7440187084270949,0.7215007151298916,1.5484740980250884,1.3660102075464917,0.8967543450968151,1.5512025257071371,13.261985297680013,1.7713791332479016,1.5547290722003335,1.841741360333021,11.790260524631528,1.9924923603403595,1.7483713107261238,2.0746836488562455,22.313338879910606,1.0528233424940907,0.9295830414130889,1.09794952024109
paper_noise_snr,ideal,nv_charge_readout_master_v1_4,thin_all_counts,2,snr3,3.0,5.437,1.0,27.43339830432224,0.9249776330930897,7.504300359171423,12.911749357161563,0.11758756837904422,9.422120008455401,636.7993609310438,0.3333333333333333,0.01,gauss_additive,2.0,mean,-0.6751639944185293,0.86,25.597851485788876,36.728854510937474,29.891589731410413,20.663460037146248,1.2387979283126922,1.1946160892966289,1.3912186289095152,0.6969411877020586,0.6728784735819493,0.7866651916574547,0.8563563101125522,0.8278006272106008,0.9375516687684382,14.724917663890645,1.738403709282634,1.6971763961931239,1.9004651628195854,13.356015590176419,1.916578437106388,1.845449333063878,2.0836927969502814,25.612761569227487,0.9994178650592475,0.9744551056929749,1.050567482134003
paper_noise_snr,ideal,nv_charge_readout_master_v1_4,thin_all_counts,2,snr3,3.0,5.437,1.0,27.43339830432224,0.9249776330930897,7.504300359171423,12.911749357161563,0.11758756837904422,9.422120008455401,636.7993609310438,0.3333333333333333,0.01,gauss_additive,2.0,mean,-0.6751639944185293,0.87,35.217153224669104,37.31702643268216,32.55655658842889,20.899061952765507,1.6851068868193355,1.373878979977811,2.2705566348384187,0.9437288174125794,0.7679097294128419,1.142613547161847,1.0817222985180759,0.8971554116544076,1.4489941085465223,16.235239270080342,2.169179809352747,1.8145176952903992,2.845897008028766,15.212372665439538,2.3150335584847808,1.9835169029751816,3.103999452286773,32.35249016026662,1.0885453654482737,0.9928584135740532,1.4175453283123043
paper_noise_snr,ideal,nv_charge_readout_master_v1_4,thin_all_counts,2,snr3,3.0,5.437,1.0,27.43339830432224,0.9249776330930897,7.504300359171423,12.911749357161563,0.11758756837904422,9.422120008455401,636.7993609310438,0.3333333333333333,0.01,gauss_additive,2.0,mean,-0.6751639944185293,0.88,nan,nan,37.20473501470177,21.89438163409704,nan,nan,nan,nan,nan,nan,nan,nan,nan,20.177761819161812,nan,nan,nan,17.778714844832074,nan,nan,nan,43.301372124925905,nan,nan,nan
paper_noise_snr,ideal,nv_charge_readout_master_v1_4,thin_all_counts,2,snr3,3.0,5.437,1.0,27.43339830432224,0.9249776330930897,7.504300359171423,12.911749357161563,0.11758756837904422,9.422120008455401,636.7993609310438,0.3333333333333333,0.01,gauss_additive,2.0,mean,-0.6751639944185293,0.89,nan,nan,nan,97.94160954794614,nan,nan,nan,nan,nan,nan,nan,nan,nan,nan,nan,nan,nan,nan,nan,nan,nan,nan,nan,nan,nan
paper_noise_snr,ideal,nv_charge_readout_master_v1_4,thin_all_counts,2,snr3,3.0,5.437,1.0,27.43339830432224,0.9249776330930897,7.504300359171423,12.911749357161563,0.11758756837904422,9.422120008455401,636.7993609310438,0.3333333333333333,0.01,gauss_additive,2.0,mean,-0.6751639944185293,0.9,nan,nan,nan,nan,nan,nan,nan,nan,nan,nan,nan,nan,nan,nan,nan,nan,nan,nan,nan,nan,nan,nan,nan,nan,nan
paper_noise_snr,ideal,nv_charge_readout_master_v1_4,thin_all_counts,2,snr3,3.0,5.437,1.0,27.43339830432224,0.9249776330930897,7.504300359171423,12.911749357161563,0.11758756837904422,9.422120008455401,636.7993609310438,0.3333333333333333,0.01,gauss_additive,2.0,mean,-0.6751639944185293,0.91,nan,nan,nan,nan,nan,nan,nan,nan,nan,nan,nan,nan,nan,nan,nan,nan,nan,nan,nan,nan,nan,nan,nan,nan,nan
paper_noise_snr,ideal,nv_charge_readout_master_v1_4,thin_all_counts,2,snr3,3.0,5.437,1.0,27.43339830432224,0.9249776330930897,7.504300359171423,12.911749357161563,0.11758756837904422,9.422120008455401,636.7993609310438,0.3333333333333333,0.01,gauss_additive,2.0,mean,-0.6751639944185293,0.92,nan,nan,nan,nan,nan,nan,nan,nan,nan,nan,nan,nan,nan,nan,nan,nan,nan,nan,nan,nan,nan,nan,nan,nan,nan
paper_noise_snr,ideal,nv_charge_readout_master_v1_4,thin_all_counts,2,snr3,3.0,5.437,1.0,27.43339830432224,0.9249776330930897,7.504300359171423,12.911749357161563,0.11758756837904422,9.422120008455401,636.7993609310438,0.3333333333333333,0.01,gauss_additive,2.0,mean,-0.6751639944185293,0.93,nan,nan,nan,nan,nan,nan,nan,nan,nan,nan,nan,nan,nan,nan,nan,nan,nan,nan,nan,nan,nan,nan,nan,nan,nan
paper_noise_snr,ideal,nv_charge_readout_master_v1_4,thin_all_counts,2,snr3,3.0,5.437,1.0,27.43339830432224,0.9249776330930897,7.504300359171423,12.911749357161563,0.11758756837904422,9.422120008455401,636.7993609310438,0.3333333333333333,0.01,gauss_additive,2.0,mean,-0.6751639944185293,0.94,nan,nan,nan,nan,nan,nan,nan,nan,nan,nan,nan,nan,nan,nan,nan,nan,nan,nan,nan,nan,nan,nan,nan,nan,nan
paper_noise_snr,ideal,nv_charge_readout_master_v1_4,thin_all_counts,2,snr3,3.0,5.437,1.0,27.43339830432224,0.9249776330930897,7.504300359171423,12.911749357161563,0.11758756837904422,9.422120008455401,636.7993609310438,0.3333333333333333,0.01,gauss_additive,2.0,mean,-0.6751639944185293,0.95,nan,nan,nan,nan,nan,nan,nan,nan,nan,nan,nan,nan,nan,nan,nan,nan,nan,nan,nan,nan,nan,nan,nan,nan,nan
paper_noise_snr,ideal,nv_charge_readout_master_v1_4,thin_all_counts,2,snr3,3.0,5.437,1.0,27.43339830432224,0.9249776330930897,7.504300359171423,12.911749357161563,0.11758756837904422,9.422120008455401,636.7993609310438,0.3333333333333333,0.01,gauss_additive,2.0,mean,-0.6751639944185293,0.96,nan,nan,nan,nan,nan,nan,nan,nan,nan,nan,nan,nan,nan,nan,nan,nan,nan,nan,nan,nan,nan,nan,nan,nan,nan
paper_noise_snr,ideal,nv_charge_readout_master_v1_4,thin_all_counts,2,snr3,3.0,5.437,1.0,27.43339830432224,0.9249776330930897,7.504300359171423,12.911749357161563,0.11758756837904422,9.422120008455401,636.7993609310438,0.3333333333333333,0.01,gauss_additive,2.0,mean,-0.6751639944185293,0.97,nan,nan,nan,nan,nan,nan,nan,nan,nan,nan,nan,nan,nan,nan,nan,nan,nan,nan,nan,nan,nan,nan,nan,nan,nan
paper_noise_snr,ideal,nv_charge_readout_master_v1_4,thin_all_counts,2,snr3,3.0,5.437,1.0,27.43339830432224,0.9249776330930897,7.504300359171423,12.911749357161563,0.11758756837904422,9.422120008455401,636.7993609310438,0.3333333333333333,0.01,gauss_additive,2.0,mean,-0.6751639944185293,0.98,nan,nan,nan,nan,nan,nan,nan,nan,nan,nan,nan,nan,nan,nan,nan,nan,nan,nan,nan,nan,nan,nan,nan,nan,nan
paper_noise_snr,ideal,nv_charge_readout_master_v1_4,thin_all_counts,2,snr3,3.0,5.437,1.0,27.43339830432224,0.9249776330930897,7.504300359171423,12.911749357161563,0.11758756837904422,9.422120008455401,636.7993609310438,0.3333333333333333,0.01,gauss_additive,2.0,mean,-0.6751639944185293,0.99,nan,nan,nan,nan,nan,nan,nan,nan,nan,nan,nan,nan,nan,nan,nan,nan,nan,nan,nan,nan,nan,nan,nan,nan,nan
paper_noise_snr,ideal,nv_charge_readout_master_v1_4,thin_all_counts,3,snr2,2.0,5.437,1.0,27.43339830432224,0.9249776330930897,7.504300359171423,12.911749357161563,0.11758756837904422,9.422120008455401,636.7993609310438,0.5,0.01,gauss_additive,2.0,mean,-0.5960691799160851,0.55,0.5890405836802842,1.5708269281590215,1.5708269281590215,0.5603664318157782,1.0511703596726736,1.0313796811846685,1.0761150479520807,0.37498757700227886,0.34055871436920876,0.40950138371277917,0.37498757700227886,0.34055871436920876,0.40950138371277917,4.974995007273436,0.1184002361447816,0.10749138083993696,0.12933230627076958,0.5682289721714894,1.036625396676384,1.0246876854536497,1.062809473007228,0.5890405836802842,1.0,1.000000000000028,1.0000000000000708
paper_noise_snr,ideal,nv_charge_readout_master_v1_4,thin_all_counts,3,snr2,2.0,5.437,1.0,27.43339830432224,0.9249776330930897,7.504300359171423,12.911749357161563,0.11758756837904422,9.422120008455401,636.7993609310438,0.5,0.01,gauss_additive,2.0,mean,-0.5960691799160851,0.56,0.7192212730090258,1.5708269281590215,1.5708269281590215,0.6844025140545372,1.0508746800887907,1.0257023922376338,1.074830782969517,0.45786156330534716,0.4192717458767873,0.500591532276061,0.45786156330534716,0.4192717458767873,0.500591532276061,4.974995007273436,0.14456723513441225,0.13197931774139146,0.15877334824859293,0.6924930659440598,1.0385970753779723,1.0297042089968231,1.067552467100339,0.7192212730090258,1.0,1.0000000000000822,1.0000000000001694
paper_noise_snr,ideal,nv_charge_readout_master_v1_4,thin_all_counts,3,snr2,2.0,5.437,1.0,27.43339830432224,0.9249776330930897,7.504300359171423,12.911749357161563,0.11758756837904422,9.422120008455401,636.7993609310438,0.5,0.01,gauss_additive,2.0,mean,-0.5960691799160851,0.57,0.87051302244567,1.5708269281590215,1.5708269281590215,0.8185991204536707,1.0634179791974714,1.0416927600733878,1.0978475251094646,0.5541750060688699,0.5034892571316598,0.6011857331757107,0.5541750060688699,0.5034892571316598,0.6011857331757107,4.974995007273436,0.17497766755001384,0.15858797088958274,0.19040230026283164,0.8273635724533763,1.0521529487506234,1.0285811644797302,1.0895926379104064,0.87051302244567,1.0,1.0000000000000653,1.0000000000001008
paper_noise_snr,ideal,nv_charge_readout_master_v1_4,thin_all_counts,3,snr2,2.0,5.437,1.0,27.43339830432224,0.9249776330930897,7.504300359171423,12.911749357161563,0.11758756837904422,9.422120008455401,636.7993609310438,0.5,0.01,gauss_additive,2.0,mean,-0.5960691799160851,0.58,1.035243210767576,1.5708269281590215,1.5708269281590215,0.9290106733686243,1.1143501796526716,1.081249422728987,1.140627621714192,0.6590434580726604,0.6052835722362406,0.701830110419786,0.6590434580726604,0.6052835722362406,0.701830110419786,4.974995007273436,0.20808929642221788,0.19044207937515703,0.22236665934539201,0.9632866237380968,1.074699041029187,1.0497518314269596,1.1011574164399265,1.035243210767576,1.0,0.9999999999999563,1.0000000000000662
paper_noise_snr,ideal,nv_charge_readout_master_v1_4,thin_all_counts,3,snr2,2.0,5.437,1.0,27.43339830432224,0.9249776330930897,7.504300359171423,12.911749357161563,0.11758756837904422,9.422120008455401,636.7993609310438,0.5,0.01,gauss_additive,2.0,mean,-0.5960691799160851,0.59,1.1802527286804363,1.5708269281590215,1.5708269281590215,1.0543143886527917,1.1194504612505283,1.0957090392007607,1.140676095347887,0.7513575859459384,0.6997370913997331,0.7929392658796153,0.7513575859459384,0.6997370913997331,0.7929392658796153,4.974995007273436,0.23723696746527553,0.22055700167481804,0.25071356891012164,1.100788317997872,1.0721886391627913,1.0572192844459698,1.0904552353412003,1.1802527286804363,1.0,1.0000000000000104,1.000000000000084
paper_noise_snr,ideal,nv_charge_readout_master_v1_4,thin_all_counts,3,snr2,2.0,5.437,1.0,27.43339830432224,0.9249776330930897,7.504300359171423,12.911749357161563,0.11758756837904422,9.422120008455401,636.7993609310438,0.5,0.01,gauss_additive,2.0,mean,-0.5960691799160851,0.6,1.31620248209718,1.5708269281590215,1.5708269281590215,1.196518901219603,1.1000264857960744,0.8730752064763443,1.1149899934474699,0.8379042009674126,0.7873490419209489,0.890978489284046,0.8379042009674126,0.7873490419209489,0.890978489284046,4.974995007273436,0.2645635784906103,0.24779377060580027,0.28148520881593353,1.2465950470394562,1.0558380487898094,1.0359449100744824,1.085260463432717,1.31620248209718,1.0,0.9999999999999204,1.0000000000000406
paper_noise_snr,ideal,nv_charge_readout_master_v1_4,thin_all_counts,3,snr2,2.0,5.437,1.0,27.43339830432224,0.9249776330930897,7.504300359171423,12.911749357161563,0.11758756837904422,9.422120008455401,636.7993609310438,0.5,0.01,gauss_additive,2.0,mean,-0.5960691799160851,0.61,1.4782229844611225,1.5708269281590215,1.5708269281590215,1.5708269281590215,0.9410476469190473,0.883581849219347,1.0110155220806423,0.9410476469190473,0.876889632411946,1.0027507425494608,0.9410476469190473,0.876889632411946,1.0027507425494608,4.974995007273436,0.2971305463221496,0.2766009624196815,0.31757405538146605,1.3924017760810405,1.0616353769826612,1.0325796258171032,1.093067674820427,1.4782229844611225,1.0,0.9999999999998569,0.99999999999995
paper_noise_snr,ideal,nv_charge_readout_master_v1_4,thin_all_counts,3,snr2,2.0,5.437,1.0,27.43339830432224,0.9249776330930897,7.504300359171423,12.911749357161563,0.11758756837904422,9.422120008455401,636.7993609310438,0.5,0.01,gauss_additive,2.0,mean,-0.5960691799160851,0.62,1.6478433274200146,1.5708269281590215,1.5708269281590215,1.5708269281590215,1.0490292074068623,0.9859348193764798,1.0985595194520448,1.0490292074068623,0.9847341287802578,1.0985595194520448,1.0490292074068623,0.9847341287802578,1.0985595194520448,4.974995007273436,0.33122512183647823,0.31056860378153434,0.35451757735378864,1.5382085051226246,1.0712743571058658,1.0443748525583867,1.103425839790632,1.6478433274200146,1.0,0.9999999999999049,1.0000000000000988
paper_noise_snr,ideal,nv_charge_readout_master_v1_4,thin_all_counts,3,snr2,2.0,5.437,1.0,27.43339830432224,0.9249776330930897,7.504300359171423,12.911749357161563,0.11758756837904422,9.422120008455401,636.7993609310438,0.5,0.01,gauss_additive,2.0,mean,-0.5960691799160851,0.63,1.838233077490114,1.8166725369578676,1.8166725369578676,1.6678340689080142,1.1021678425682153,1.0774576260471356,1.124388831001393,1.0118681490987644,0.992620372831744,1.106516265936025,1.0118681490987644,0.992620372831744,1.106516265936025,4.974995007273436,0.3694944567386741,0.34473625058704793,0.39517677742068624,1.684015234164209,1.0915774633134152,1.0574602543936864,1.1222380194820907,1.838233077490114,1.0,1.0000000000000613,1.0000000000001028
paper_noise_snr,ideal,nv_charge_readout_master_v1_4,thin_all_counts,3,snr2,2.0,5.437,1.0,27.43339830432224,0.9249776330930897,7.504300359171423,12.911749357161563,0.11758756837904422,9.422120008455401,636.7993609310438,0.5,0.01,gauss_additive,2.0,mean,-0.5960691799160851,0.64,2.0445169374061307,1.955426777601831,1.955426777601831,1.8236241366440178,1.1211284695806987,1.1063194939755943,1.1426280960835524,1.0455604683462305,1.0171306824827315,1.077747080398532,1.0455604683462305,1.0171306824827315,1.077747080398532,4.974995007273436,0.4109585907959806,0.3846380679592217,0.43974786356080336,1.8298219632057933,1.1173310729226347,1.089633701010467,1.14323501560518,2.0445169374061307,1.0,0.9999999999999026,1.0000000000001026
paper_noise_snr,ideal,nv_charge_readout_master_v1_4,thin_all_counts,3,snr2,2.0,5.437,1.0,27.43339830432224,0.9249776330930897,7.504300359171423,12.911749357161563,0.11758756837904422,9.422120008455401,636.7993609310438,0.5,0.01,gauss_additive,2.0,mean,-0.5960691799160851,0.65,2.2579180087170037,2.1047788221455126,2.1047788221455126,2.0156628017124727,1.1201863758157937,1.0191706581501756,1.1514139205331395,1.0727578522551782,1.0436885384095105,1.1048843683862413,1.0727578522551782,1.0436885384095105,1.1048843683862413,4.974995007273436,0.4538533215442288,0.4267498923127374,0.4809013197203597,1.9756286922473776,1.142885815324188,1.1225440829621953,1.155169917896493,2.2579180087170037,1.0,0.9999999999998951,1.0000000000000202
paper_noise_snr,ideal,nv_charge_readout_master_v1_4,thin_all_counts,3,snr2,2.0,5.437,1.0,27.43339830432224,0.9249776330930897,7.504300359171423,12.911749357161563,0.11758756837904422,9.422120008455401,636.7993609310438,0.5,0.01,gauss_additive,2.0,mean,-0.5960691799160851,0.66,2.478373233696113,2.2655381121380542,2.2655381121380542,2.57436138858072,0.9627137995036794,0.9322155497980377,1.062841561562699,1.0939446219941098,1.0611678054783051,1.1373757736648422,1.0939446219941098,1.0611678054783051,1.1373757736648422,4.974995007273436,0.4981659740507749,0.47006284995855535,0.5316216782098712,2.1791201304640753,1.1373274924353562,1.1205523691989472,1.1602131210923128,2.478373233696113,1.0,0.9999999999999886,1.0000000000000624
paper_noise_snr,ideal,nv_charge_readout_master_v1_4,thin_all_counts,3,snr2,2.0,5.437,1.0,27.43339830432224,0.9249776330930897,7.504300359171423,12.911749357161563,0.11758756837904422,9.422120008455401,636.7993609310438,0.5,0.01,gauss_additive,2.0,mean,-0.5960691799160851,0.67,2.7584093813631645,2.438575912844877,2.438575912844877,2.7663686038275443,0.9971228626389963,0.9478898013103351,1.0454785348685927,1.131155838468512,1.0859340969071334,1.1702518281092436,1.131155838468512,1.0859340969071334,1.1702518281092436,4.974995007273436,0.554454703437968,0.5175063091656369,0.590163757619199,2.3977917553058026,1.150395723590004,1.1222162810150382,1.1791698887421806,2.7584093813631645,1.0,1.0000000000000036,1.0000000000000633
paper_noise_snr,ideal,nv_charge_readout_master_v1_4,thin_all_counts,3,snr2,2.0,5.437,1.0,27.43339830432224,0.9249776330930897,7.504300359171423,12.911749357161563,0.11758756837904422,9.422120008455401,636.7993609310438,0.5,0.01,gauss_additive,2.0,mean,-0.5960691799160851,0.68,3.0416409653390644,2.6248300352339684,2.6248300352339684,2.835125676537156,1.0728416699516994,1.0235430694902137,1.1319670980895726,1.1587953979915286,1.1203134968516557,1.1985646469733746,1.1587953979915286,1.1203134968516557,1.1985646469733746,4.974995007273436,0.6113857322252966,0.5736205052154237,0.6537912230844689,2.6164633801475303,1.162500873666942,1.136141500465514,1.1958246563714923,3.0416409653390644,1.0,1.000000000000029,1.0000000000001497
paper_noise_snr,ideal,nv_charge_readout_master_v1_4,thin_all_counts,3,snr2,2.0,5.437,1.0,27.43339830432224,0.9249776330930897,7.504300359171423,12.911749357161563,0.11758756837904422,9.422120008455401,636.7993609310438,0.5,0.01,gauss_additive,2.0,mean,-0.5960691799160851,0.69,3.379844221550855,2.8253099186191375,2.8253099186191375,2.9055916809636235,1.1632206423546574,1.0976485726801328,1.2297988216646523,1.196273796116054,1.1547936034277064,1.2347444141442516,1.196273796116054,1.1547936034277064,1.2347444141442516,4.974995007273436,0.6793663544605627,0.6317304529657185,0.7283554766591962,2.8351350049892554,1.192128140495258,1.1561528022645087,1.2283766834416738,3.379844221550855,1.0,1.0000000000000508,1.0000000000001479
paper_noise_snr,ideal,nv_charge_readout_master_v1_4,thin_all_counts,3,snr2,2.0,5.437,1.0,27.43339830432224,0.9249776330930897,7.504300359171423,12.911749357161563,0.11758756837904422,9.422120008455401,636.7993609310438,0.5,0.01,gauss_additive,2.0,mean,-0.5960691799160851,0.7,3.753638091064044,3.041102101506608,3.041102101506608,3.015915526528109,1.2446098234671692,1.1842238571776234,1.2576696718616154,1.2343018964093428,1.200469245089688,1.257203863381861,1.2343018964093428,1.200469245089688,1.257203863381861,4.974995007273436,0.7545008759961025,0.70572850772473,0.8043404193030185,3.0538066298309827,1.2291669205236464,1.2008544330954132,1.2511642402978107,3.753638091064044,1.0,0.9999999999998611,1.0000000000000893
paper_noise_snr,ideal,nv_charge_readout_master_v1_4,thin_all_counts,3,snr2,2.0,5.437,1.0,27.43339830432224,0.9249776330930897,7.504300359171423,12.911749357161563,0.11758756837904422,9.422120008455401,636.7993609310438,0.5,0.01,gauss_additive,2.0,mean,-0.5960691799160851,0.71,4.158890050539514,4.115034604829157,4.117864281476578,4.058187089905708,1.0248147654119482,1.0088592892437813,1.2621020397374938,1.0106573698454178,1.0035062539198758,1.2651400315694714,1.0099628754758827,1.0030447344031654,1.2651400315694714,4.974995007273436,0.835958638040686,0.778782446735497,0.8986086217546281,3.337379089888896,1.2461545238116676,1.230399016878456,1.2666322788487434,4.158890050539514,1.0,0.9999999999998364,1.0000000000000229
paper_noise_snr,ideal,nv_charge_readout_master_v1_4,thin_all_counts,3,snr2,2.0,5.437,1.0,27.43339830432224,0.9249776330930897,7.504300359171423,12.911749357161563,0.11758756837904422,9.422120008455401,636.7993609310438,0.5,0.01,gauss_additive,2.0,mean,-0.5960691799160851,0.72,4.652460507430138,4.416633212673616,4.439600915964264,4.0604900196011595,1.1457879430737095,1.0584037051741284,1.2245537954277828,1.0533952636319928,1.017181865254189,1.0903363703425593,1.0479456589668807,1.0148746990963347,1.0809240649406715,4.974995007273436,0.9351688796929941,0.8617935172926103,1.0001707123530579,3.6876805777042994,1.2616224234709736,1.232050201041643,1.2900206503515403,4.652460507430138,1.0,0.9999999999999443,1.0000000000000648
paper_noise_snr,ideal,nv_charge_readout_master_v1_4,thin_all_counts,3,snr2,2.0,5.437,1.0,27.43339830432224,0.9249776330930897,7.504300359171423,12.911749357161563,0.11758756837904422,9.422120008455401,636.7993609310438,0.5,0.01,gauss_additive,2.0,mean,-0.5960691799160851,0.73,5.158849900854508,4.7403365484216895,4.786475450804107,4.0627942561573,1.2697787718479958,1.097004686247869,1.3316637579453126,1.0882876876267709,1.0463673936217741,1.1362461683507554,1.0777972129759579,1.038924410241166,1.1258979026395972,5.166734188856429,0.998474028716452,0.9580148907673157,1.0161810634811494,4.037982065519702,1.2775811821716319,1.2467761405701063,1.3098867202076587,5.158849900854508,1.0,1.0000000000000373,1.0000000000000644
paper_noise_snr,ideal,nv_charge_readout_master_v1_4,thin_all_counts,3,snr2,2.0,5.437,1.0,27.43339830432224,0.9249776330930897,7.504300359171423,12.911749357161563,0.11758756837904422,9.422120008455401,636.7993609310438,0.5,0.01,gauss_additive,2.0,mean,-0.5960691799160851,0.74,5.759749517646879,5.0877647090598535,5.160451958365798,5.021240799961451,1.1470769371767828,1.0959757129175516,1.3296695558849065,1.1320785938450364,1.0785258299076916,1.2134384680073833,1.1161327659120124,1.0649945131212248,1.1893395894006003,5.830082712591797,0.9879361582996049,0.9641839756016409,1.0300737465633405,4.388283553335105,1.3125290213458192,1.2526427542852663,1.3401820377422733,5.759749517646879,1.0,0.9999999999999427,1.0000000000000822
paper_noise_snr,ideal,nv_charge_readout_master_v1_4,thin_all_counts,3,snr2,2.0,5.437,1.0,27.43339830432224,0.9249776330930897,7.504300359171423,12.911749357161563,0.11758756837904422,9.422120008455401,636.7993609310438,0.5,0.01,gauss_additive,2.0,mean,-0.5960691799160851,0.75,6.702870610590274,5.460656531522745,5.563647967760418,5.052417373895268,1.3266660520214613,1.188096772816069,1.433442563072205,1.2274843824907493,1.1365388778057046,1.3038607052525348,1.2047618126508528,1.1199594941898017,1.2750757077504757,6.578597464713936,1.0188905228725287,0.9769933025602515,1.0660515021818453,5.361960424986661,1.2500783443598336,1.1783706473875066,1.3366075941911877,6.702870610590274,1.0,0.9999999999998842,1.0000000000000497
paper_noise_snr,ideal,nv_charge_readout_master_v1_4,thin_all_counts,3,snr2,2.0,5.437,1.0,27.43339830432224,0.9249776330930897,7.504300359171423,12.911749357161563,0.11758756837904422,9.422120008455401,636.7993609310438,0.5,0.01,gauss_additive,2.0,mean,-0.5960691799160851,0.76,8.053819492671826,5.860878295366791,5.998346454709974,5.8297790457656395,1.3814965249020166,1.3185647511622325,1.4994355982166487,1.3741659674179934,1.2141380785511549,1.5195957777902787,1.3426732772909222,0.9288229451548736,1.4290220770169204,7.423212797524989,1.0849506423090944,0.9984494108129316,1.210741343179134,6.472991194771609,1.2442191330612484,1.1556792990378117,1.378231783726607,11.390891991471008,0.7070402825961449,0.6637163510395547,0.9999999999999774
paper_noise_snr,ideal,nv_charge_readout_master_v1_4,thin_all_counts,3,snr2,2.0,5.437,1.0,27.43339830432224,0.9249776330930897,7.504300359171423,12.911749357161563,0.11758756837904422,9.422120008455401,636.7993609310438,0.5,0.01,gauss_additive,2.0,mean,-0.5960691799160851,0.77,12.501329945167912,10.97364746143366,10.740514477882135,6.998920308938595,1.7861797810730857,1.371536417291294,1.951011766283245,1.1392137381033258,0.9122946697815317,1.5551296699804276,1.1639414453480614,0.9268425895341809,1.397993983141573,8.376266906875557,1.4924703431914697,1.114093620896847,1.5674981094705591,7.584021964556559,1.6483773390414844,1.2297691369500934,1.7551747174634185,13.033244354463392,0.9591878741141442,0.6927514400001923,0.9999999999999312
paper_noise_snr,ideal,nv_charge_readout_master_v1_4,thin_all_counts,3,snr2,2.0,5.437,1.0,27.43339830432224,0.9249776330930897,7.504300359171423,12.911749357161563,0.11758756837904422,9.422120008455401,636.7993609310438,0.5,0.01,gauss_additive,2.0,mean,-0.5960691799160851,0.78,14.345325990693985,12.191605091711468,11.971626912893718,10.262265838185598,1.3978712125460087,1.3387262721218594,2.002413313452351,1.1766560582286854,1.126004543205523,1.236246798886299,1.198277067525696,1.1495618910028458,1.2562199590647158,9.945608700342623,1.4423778798174307,1.3283931181698037,1.5711285707153302,8.979466931382474,1.597569889205593,1.4931604695247893,1.7230966082406964,14.345325990693985,1.0,0.9826347750599721,1.0000000000000853
paper_noise_snr,ideal,nv_charge_readout_master_v1_4,thin_all_counts,3,snr2,2.0,5.437,1.0,27.43339830432224,0.9249776330930897,7.504300359171423,12.911749357161563,0.11758756837904422,9.422120008455401,636.7993609310438,0.5,0.01,gauss_additive,2.0,mean,-0.5960691799160851,0.79,16.02343272876153,13.544743006791139,13.343853428684335,11.361554946830887,1.410320401014387,1.3187370674391852,1.6762997378286701,1.1830001293289665,1.1134179511938642,1.4402322050509975,1.2008100069742293,1.151422123989579,1.471548194483298,11.815537050473178,1.356132409412557,1.3013299288107039,1.6422291789030103,10.57806489609479,1.5147792045288984,1.443160942664743,1.8166918326256292,20.328997844214452,0.788205737024156,0.7822755418279193,1.0000000000001439
paper_noise_snr,ideal,nv_charge_readout_master_v1_4,thin_all_counts,3,snr2,2.0,5.437,1.0,27.43339830432224,0.9249776330930897,7.504300359171423,12.911749357161563,0.11758756837904422,9.422120008455401,636.7993609310438,0.5,0.01,gauss_additive,2.0,mean,-0.5960691799160851,0.8,23.119216474160297,32.56594658939506,24.195118650120467,12.739260641029318,1.8148004916156806,1.3944784395515157,1.8921732660857593,0.7099199899102259,0.6445515739455795,1.5426009364994415,0.9555322628701053,0.9028774921199747,1.617138880783332,13.512726095518936,1.7109217126681082,1.3747292807133003,1.795068258608715,12.176662860807106,1.8986496331908695,1.5077066399722472,2.0036424964574144,23.02025958406005,1.0042986869778292,0.7947204900411051,1.0148992160179975
paper_noise_snr,ideal,nv_charge_readout_master_v1_4,thin_all_counts,3,snr2,2.0,5.437,1.0,27.43339830432224,0.9249776330930897,7.504300359171423,12.911749357161563,0.11758756837904422,9.422120008455401,636.7993609310438,0.5,0.01,gauss_additive,2.0,mean,-0.5960691799160851,0.81,25.96673962133764,34.76461839472042,27.14687042869848,13.734358440624353,1.890640886765528,1.2088997510817125,2.103605320547249,0.7469300921560271,0.7003857204456335,0.8451589480978459,0.9565279242607185,0.9165356356552956,1.0406499500371258,15.453700136737,1.6802927060561197,1.5980659382253337,1.8790728001227273,14.044025036531218,1.8489528147232108,1.7518812967514616,2.073985011018609,27.754323413891786,0.9355926006231011,0.8921194001937928,1.0109978366073566
paper_noise_snr,ideal,nv_charge_readout_master_v1_4,thin_all_counts,3,snr2,2.0,5.437,1.0,27.43339830432224,0.9249776330930897,7.504300359171423,12.911749357161563,0.11758756837904422,9.422120008455401,636.7993609310438,0.5,0.01,gauss_additive,2.0,mean,-0.5960691799160851,0.82,31.82406728663633,35.8237981097477,32.94571485466684,24.028587307603658,1.3244252306320918,1.1942561859253997,1.7686122443483279,0.888349894925769,0.7993255868964959,1.133605681476341,0.9659546750471669,0.9224311758838755,1.1676017070186713,17.02318264240453,1.8694546111114958,1.7144606386214543,2.3368233772273928,16.22901764345106,1.9609361444916775,1.831512686190581,2.4308637565551425,32.484718000048055,0.9796627228406062,0.9159665602766137,1.1560373690606927
paper_noise_snr,ideal,nv_charge_readout_master_v1_4,thin_all_counts,3,snr2,2.0,5.437,1.0,27.43339830432224,0.9249776330930897,7.504300359171423,12.911749357161563,0.11758756837904422,9.422120008455401,636.7993609310438,0.5,0.01,gauss_additive,2.0,mean,-0.5960691799160851,0.83,47.166782092900654,37.530878745995004,36.452151542281776,25.28408404104741,1.865473236694191,1.6094117438325795,2.531894462904427,1.2567460093892397,1.087442360296885,1.5927012987726978,1.2939368486436447,1.1214848614255353,1.7640323873918609,21.453973096908236,2.1985103588900246,1.9082757547996207,2.9226044677389784,18.923556937625982,2.4924902991740554,2.1822099386434877,3.315867624780343,40.83787893582909,1.1549762946066944,1.0437081252051295,1.5404852821596144
paper_noise_snr,ideal,nv_charge_readout_master_v1_4,thin_all_counts,3,snr2,2.0,5.437,1.0,27.43339830432224,0.9249776330930897,7.504300359171423,12.911749357161563,0.11758756837904422,9.422120008455401,636.7993609310438,0.5,0.01,gauss_additive,2.0,mean,-0.5960691799160851,0.84,nan,nan,73.77474296864064,44.23392716225172,nan,1.4870755821685937,2.6695232257241854,nan,nan,nan,nan,0.9336295166391907,1.8148646028180606,29.597928493938028,nan,1.9078577191415151,2.782916316937886,22.82055788312158,nan,2.4141485308764565,3.384648773762766,51.31785454432046,nan,1.103794411802685,1.5277231911448659
paper_noise_snr,ideal,nv_charge_readout_master_v1_4,thin_all_counts,3,snr2,2.0,5.437,1.0,27.43339830432224,0.9249776330930897,7.504300359171423,12.911749357161563,0.11758756837904422,9.422120008455401,636.7993609310438,0.5,0.01,gauss_additive,2.0,mean,-0.5960691799160851,0.85,nan,nan,nan,nan,nan,nan,nan,nan,nan,nan,nan,nan,nan,nan,nan,nan,nan,nan,nan,nan,nan,nan,nan,nan,nan
paper_noise_snr,ideal,nv_charge_readout_master_v1_4,thin_all_counts,3,snr2,2.0,5.437,1.0,27.43339830432224,0.9249776330930897,7.504300359171423,12.911749357161563,0.11758756837904422,9.422120008455401,636.7993609310438,0.5,0.01,gauss_additive,2.0,mean,-0.5960691799160851,0.86,nan,nan,nan,nan,nan,nan,nan,nan,nan,nan,nan,nan,nan,nan,nan,nan,nan,nan,nan,nan,nan,nan,nan,nan,nan
paper_noise_snr,ideal,nv_charge_readout_master_v1_4,thin_all_counts,3,snr2,2.0,5.437,1.0,27.43339830432224,0.9249776330930897,7.504300359171423,12.911749357161563,0.11758756837904422,9.422120008455401,636.7993609310438,0.5,0.01,gauss_additive,2.0,mean,-0.5960691799160851,0.87,nan,nan,nan,nan,nan,nan,nan,nan,nan,nan,nan,nan,nan,nan,nan,nan,nan,nan,nan,nan,nan,nan,nan,nan,nan
paper_noise_snr,ideal,nv_charge_readout_master_v1_4,thin_all_counts,3,snr2,2.0,5.437,1.0,27.43339830432224,0.9249776330930897,7.504300359171423,12.911749357161563,0.11758756837904422,9.422120008455401,636.7993609310438,0.5,0.01,gauss_additive,2.0,mean,-0.5960691799160851,0.88,nan,nan,nan,nan,nan,nan,nan,nan,nan,nan,nan,nan,nan,nan,nan,nan,nan,nan,nan,nan,nan,nan,nan,nan,nan
paper_noise_snr,ideal,nv_charge_readout_master_v1_4,thin_all_counts,3,snr2,2.0,5.437,1.0,27.43339830432224,0.9249776330930897,7.504300359171423,12.911749357161563,0.11758756837904422,9.422120008455401,636.7993609310438,0.5,0.01,gauss_additive,2.0,mean,-0.5960691799160851,0.89,nan,nan,nan,nan,nan,nan,nan,nan,nan,nan,nan,nan,nan,nan,nan,nan,nan,nan,nan,nan,nan,nan,nan,nan,nan
paper_noise_snr,ideal,nv_charge_readout_master_v1_4,thin_all_counts,3,snr2,2.0,5.437,1.0,27.43339830432224,0.9249776330930897,7.504300359171423,12.911749357161563,0.11758756837904422,9.422120008455401,636.7993609310438,0.5,0.01,gauss_additive,2.0,mean,-0.5960691799160851,0.9,nan,nan,nan,nan,nan,nan,nan,nan,nan,nan,nan,nan,nan,nan,nan,nan,nan,nan,nan,nan,nan,nan,nan,nan,nan
paper_noise_snr,ideal,nv_charge_readout_master_v1_4,thin_all_counts,3,snr2,2.0,5.437,1.0,27.43339830432224,0.9249776330930897,7.504300359171423,12.911749357161563,0.11758756837904422,9.422120008455401,636.7993609310438,0.5,0.01,gauss_additive,2.0,mean,-0.5960691799160851,0.91,nan,nan,nan,nan,nan,nan,nan,nan,nan,nan,nan,nan,nan,nan,nan,nan,nan,nan,nan,nan,nan,nan,nan,nan,nan
paper_noise_snr,ideal,nv_charge_readout_master_v1_4,thin_all_counts,3,snr2,2.0,5.437,1.0,27.43339830432224,0.9249776330930897,7.504300359171423,12.911749357161563,0.11758756837904422,9.422120008455401,636.7993609310438,0.5,0.01,gauss_additive,2.0,mean,-0.5960691799160851,0.92,nan,nan,nan,nan,nan,nan,nan,nan,nan,nan,nan,nan,nan,nan,nan,nan,nan,nan,nan,nan,nan,nan,nan,nan,nan
paper_noise_snr,ideal,nv_charge_readout_master_v1_4,thin_all_counts,3,snr2,2.0,5.437,1.0,27.43339830432224,0.9249776330930897,7.504300359171423,12.911749357161563,0.11758756837904422,9.422120008455401,636.7993609310438,0.5,0.01,gauss_additive,2.0,mean,-0.5960691799160851,0.93,nan,nan,nan,nan,nan,nan,nan,nan,nan,nan,nan,nan,nan,nan,nan,nan,nan,nan,nan,nan,nan,nan,nan,nan,nan
paper_noise_snr,ideal,nv_charge_readout_master_v1_4,thin_all_counts,3,snr2,2.0,5.437,1.0,27.43339830432224,0.9249776330930897,7.504300359171423,12.911749357161563,0.11758756837904422,9.422120008455401,636.7993609310438,0.5,0.01,gauss_additive,2.0,mean,-0.5960691799160851,0.94,nan,nan,nan,nan,nan,nan,nan,nan,nan,nan,nan,nan,nan,nan,nan,nan,nan,nan,nan,nan,nan,nan,nan,nan,nan
paper_noise_snr,ideal,nv_charge_readout_master_v1_4,thin_all_counts,3,snr2,2.0,5.437,1.0,27.43339830432224,0.9249776330930897,7.504300359171423,12.911749357161563,0.11758756837904422,9.422120008455401,636.7993609310438,0.5,0.01,gauss_additive,2.0,mean,-0.5960691799160851,0.95,nan,nan,nan,nan,nan,nan,nan,nan,nan,nan,nan,nan,nan,nan,nan,nan,nan,nan,nan,nan,nan,nan,nan,nan,nan
paper_noise_snr,ideal,nv_charge_readout_master_v1_4,thin_all_counts,3,snr2,2.0,5.437,1.0,27.43339830432224,0.9249776330930897,7.504300359171423,12.911749357161563,0.11758756837904422,9.422120008455401,636.7993609310438,0.5,0.01,gauss_additive,2.0,mean,-0.5960691799160851,0.96,nan,nan,nan,nan,nan,nan,nan,nan,nan,nan,nan,nan,nan,nan,nan,nan,nan,nan,nan,nan,nan,nan,nan,nan,nan
paper_noise_snr,ideal,nv_charge_readout_master_v1_4,thin_all_counts,3,snr2,2.0,5.437,1.0,27.43339830432224,0.9249776330930897,7.504300359171423,12.911749357161563,0.11758756837904422,9.422120008455401,636.7993609310438,0.5,0.01,gauss_additive,2.0,mean,-0.5960691799160851,0.97,nan,nan,nan,nan,nan,nan,nan,nan,nan,nan,nan,nan,nan,nan,nan,nan,nan,nan,nan,nan,nan,nan,nan,nan,nan
paper_noise_snr,ideal,nv_charge_readout_master_v1_4,thin_all_counts,3,snr2,2.0,5.437,1.0,27.43339830432224,0.9249776330930897,7.504300359171423,12.911749357161563,0.11758756837904422,9.422120008455401,636.7993609310438,0.5,0.01,gauss_additive,2.0,mean,-0.5960691799160851,0.98,nan,nan,nan,nan,nan,nan,nan,nan,nan,nan,nan,nan,nan,nan,nan,nan,nan,nan,nan,nan,nan,nan,nan,nan,nan
paper_noise_snr,ideal,nv_charge_readout_master_v1_4,thin_all_counts,3,snr2,2.0,5.437,1.0,27.43339830432224,0.9249776330930897,7.504300359171423,12.911749357161563,0.11758756837904422,9.422120008455401,636.7993609310438,0.5,0.01,gauss_additive,2.0,mean,-0.5960691799160851,0.99,nan,nan,nan,nan,nan,nan,nan,nan,nan,nan,nan,nan,nan,nan,nan,nan,nan,nan,nan,nan,nan,nan,nan,nan,nan
paper_noise_snr,ideal,nv_charge_readout_master_v1_4,thin_all_counts,4,snr1,1.0,5.437,1.0,27.43339830432224,0.9249776330930897,7.504300359171423,12.911749357161563,0.11758756837904422,9.422120008455401,636.7993609310438,1.0,0.01,gauss_additive,2.0,mean,0.09826774310523767,0.55,0.7924543587317234,1.542848891439717,1.542848891439717,0.7220152440364408,1.0975590408610922,1.0463871970135274,1.1351444805196156,0.5136305720725772,0.44050604710368596,0.5796802656439405,0.5136305720725772,0.44050604710368596,0.5796802656439405,4.97534049303783,0.15927640728119669,0.1363713880108372,0.17975500491948504,0.7471315958586014,1.0606623560352004,1.0255032117982328,1.1083120857611204,0.7924543587317234,1.0,1.0000000000000655,1.0000000000001663
paper_noise_snr,ideal,nv_charge_readout_master_v1_4,thin_all_counts,4,snr1,1.0,5.437,1.0,27.43339830432224,0.9249776330930897,7.504300359171423,12.911749357161563,0.11758756837904422,9.422120008455401,636.7993609310438,1.0,0.01,gauss_additive,2.0,mean,0.09826774310523767,0.56,0.9784138183642315,1.542848891439717,1.542848891439717,0.9061007293888407,1.079806898537832,1.0573670800144144,1.116305031333865,0.6341604960750368,0.5727476150006854,0.699064735497449,0.6341604960750368,0.5727476150006854,0.699064735497449,4.97534049303783,0.19665263507761138,0.1773026034379621,0.21722594383146632,0.9216586809385869,1.0615793445007722,1.036264466479571,1.0940183347039156,0.9784138183642315,1.0,0.9999999999999596,1.0000000000000988
paper_noise_snr,ideal,nv_charge_readout_master_v1_4,thin_all_counts,4,snr1,1.0,5.437,1.0,27.43339830432224,0.9249776330930897,7.504300359171423,12.911749357161563,0.11758756837904422,9.422120008455401,636.7993609310438,1.0,0.01,gauss_additive,2.0,mean,0.09826774310523767,0.57,1.1840906909712006,1.542848891439717,1.542848891439717,1.0913420146910575,1.084985893543555,1.0489426718620534,1.1674653879365353,0.7674702931317277,0.6835595659000623,0.8913346103955303,0.7674702931317277,0.6835595659000623,0.8913346103955303,4.97534049303783,0.23799189073152693,0.21165970108092125,0.2768839416144652,1.115355545752132,1.061626219083994,1.0429592645465158,1.13700922108782,1.1840906909712006,1.0,0.9999999999999355,1.0000000000000842
paper_noise_snr,ideal,nv_charge_readout_master_v1_4,thin_all_counts,4,snr1,1.0,5.437,1.0,27.43339830432224,0.9249776330930897,7.504300359171423,12.911749357161563,0.11758756837904422,9.422120008455401,636.7993609310438,1.0,0.01,gauss_additive,2.0,mean,0.09826774310523767,0.58,1.4748528219776504,1.542848891439717,1.542848891439717,1.3125121665181851,1.1236869719007028,1.0474837249358255,1.1551239389009047,0.9559282377948137,0.8422053978704088,1.065076309036388,0.9559282377948137,0.8422053978704088,1.0618394410449123,4.97534049303783,0.2964325404545607,0.2606819575105503,0.33350102956366373,1.3473919700328025,1.094598197688342,1.0700137829082739,1.1399754559221429,1.4748528219776504,1.0,0.9999999999998574,1.000000000000045
paper_noise_snr,ideal,nv_charge_readout_master_v1_4,thin_all_counts,4,snr1,1.0,5.437,1.0,27.43339830432224,0.9249776330930897,7.504300359171423,12.911749357161563,0.11758756837904422,9.422120008455401,636.7993609310438,1.0,0.01,gauss_additive,2.0,mean,0.09826774310523767,0.59,1.7747460183595318,1.7805280802475492,1.7849000637970482,1.7719603286483052,1.0015720948523446,0.988743274596001,1.1313957420401575,0.996752614040654,0.9834416169809417,1.126158885264015,0.9943111406383641,0.9816989835354163,1.121080092802688,4.97534049303783,0.35670845459582046,0.3100041395242661,0.40043988717409007,1.579428394313473,1.123663487847423,1.0859206224050513,1.15070114073326,1.7747460183595318,1.0,0.9999999999999015,1.0000000000001026
paper_noise_snr,ideal,nv_charge_readout_master_v1_4,thin_all_counts,4,snr1,1.0,5.437,1.0,27.43339830432224,0.9249776330930897,7.504300359171423,12.911749357161563,0.11758756837904422,9.422120008455401,636.7993609310438,1.0,0.01,gauss_additive,2.0,mean,0.09826774310523767,0.6,2.0758530324608495,2.010288470411363,2.0141736696959094,1.924885440049405,1.078429390794067,1.0245884505521952,1.1387841569866386,1.0326145043432848,0.9999029602198621,1.0813596992639463,1.030622663622771,0.9973970967230166,1.0786037755959486,4.97534049303783,0.41722833550099014,0.37217982802896177,0.46279455118925256,1.836989947176092,1.130029609390051,1.1070463401200308,1.1619134746564577,2.0758530324608495,1.0,0.9999999999998934,1.0000000000001021
paper_noise_snr,ideal,nv_charge_readout_master_v1_4,thin_all_counts,4,snr1,1.0,5.437,1.0,27.43339830432224,0.9249776330930897,7.504300359171423,12.911749357161563,0.11758756837904422,9.422120008455401,636.7993609310438,1.0,0.01,gauss_additive,2.0,mean,0.09826774310523767,0.61,2.4331124966510242,2.269697276387236,2.2728978803810356,2.0910084144720087,1.163607224060549,0.8510222361642125,1.2042964274534014,1.07199868544756,1.0219504123813496,1.1234053749519757,1.0704891397246277,1.0195661552355022,1.1216689812074259,4.97534049303783,0.4890343686137189,0.4342604299211718,0.5391321123383571,2.1207956463271938,1.1472640001240584,1.1061318881515791,1.185967306516675,2.4331124966510242,1.0,0.9999999999999033,1.0000000000000617
paper_noise_snr,ideal,nv_charge_readout_master_v1_4,thin_all_counts,4,snr1,1.0,5.437,1.0,27.43339830432224,0.9249776330930897,7.504300359171423,12.911749357161563,0.11758756837904422,9.422120008455401,636.7993609310438,1.0,0.01,gauss_additive,2.0,mean,0.09826774310523767,0.62,2.7914155932242477,2.562580347180466,2.564855678716401,3.131968320797977,0.8912655899766694,0.8487389765629798,1.208334410057914,1.0892987594693617,1.0472830859015108,1.182238330924916,1.0883324221272481,1.0470015761420202,1.182435291132092,4.97534049303783,0.5610501627236114,0.5044247921664959,0.6495048912035642,2.4046013454782953,1.160864190013589,1.1249646315714492,1.2212918947935174,2.7914155932242477,1.0,1.0000000000000038,1.000000000000145
paper_noise_snr,ideal,nv_charge_readout_master_v1_4,thin_all_counts,4,snr1,1.0,5.437,1.0,27.43339830432224,0.9249776330930897,7.504300359171423,12.911749357161563,0.11758756837904422,9.422120008455401,636.7993609310438,1.0,0.01,gauss_additive,2.0,mean,0.09826774310523767,0.63,3.4107058765656677,2.8932572216010293,2.8943159784815893,3.1427512832478994,1.0852611515095298,0.9432277515524625,1.2619964099102254,1.1788464057399985,1.0202980759034235,1.2769298134678804,1.1784151771690754,1.0200601183021285,1.2768997781340272,4.97534049303783,0.6855221027261127,0.5949361491025564,0.8327989845745498,2.900879930533868,1.1757487239183917,1.1175721689602667,1.233120977191435,3.4107058765656677,1.0,0.9999999999998594,1.000000000000147
paper_noise_snr,ideal,nv_charge_readout_master_v1_4,thin_all_counts,4,snr1,1.0,5.437,1.0,27.43339830432224,0.9249776330930897,7.504300359171423,12.911749357161563,0.11758756837904422,9.422120008455401,636.7993609310438,1.0,0.01,gauss_additive,2.0,mean,0.09826774310523767,0.64,4.362070484700593,4.217325774982808,4.220916738431058,3.4363330068613416,1.2693969053612753,0.9973348593952857,1.335636821148772,1.0343214438344817,1.0068114113683233,1.295452616190275,1.033441490324683,1.006945400952563,1.2954521140066468,4.97534049303783,0.876738082711041,0.7117592264091135,0.967368630886158,3.731044479153602,1.1691285132280549,1.0315758813679563,1.226924887510782,4.362070484700593,1.0,0.9999999999998471,1.000000000000084
paper_noise_snr,ideal,nv_charge_readout_master_v1_4,thin_all_counts,4,snr1,1.0,5.437,1.0,27.43339830432224,0.9249776330930897,7.504300359171423,12.911749357161563,0.11758756837904422,9.422120008455401,636.7993609310438,1.0,0.01,gauss_additive,2.0,mean,0.09826774310523767,0.65,5.445935776026143,4.747490581351567,4.765095347315669,4.780586682317007,1.1391772888817615,1.0057404106280956,1.3024545731821753,1.1471188162896229,1.041473980295573,1.261466120839193,1.1428807566450927,1.0409055433775072,1.254901208615297,6.5749553419827995,0.8282848312675871,0.7911730574396446,0.9780865833353821,5.377625961709425,1.0127025967970082,0.9205483870656483,1.1520330921327906,5.445935776026143,1.0,0.6085262315686,1.0000000000000804
paper_noise_snr,ideal,nv_charge_readout_master_v1_4,thin_all_counts,4,snr1,1.0,5.437,1.0,27.43339830432224,0.9249776330930897,7.504300359171423,12.911749357161563,0.11758756837904422,9.422120008455401,636.7993609310438,1.0,0.01,gauss_additive,2.0,mean,0.09826774310523767,0.66,6.67763623806408,5.344303006829895,5.379431786055429,5.520830352829723,1.2095347640308187,1.1340107950169833,1.4465144386225115,1.2494868329004205,1.1358448753641357,1.4445925686218823,1.2413274307843922,1.109366077112431,1.3967788478062377,8.195089642664092,0.8148338247942932,0.7493797463396412,0.9292621724838159,7.098427165532167,0.9407205402470957,0.8578298142091734,1.0842009431841373,10.737490273400796,0.6218991652645407,0.5534748972002412,1.0000000000000737
paper_noise_snr,ideal,nv_charge_readout_master_v1_4,thin_all_counts,4,snr1,1.0,5.437,1.0,27.43339830432224,0.9249776330930897,7.504300359171423,12.911749357161563,0.11758756837904422,9.422120008455401,636.7993609310438,1.0,0.01,gauss_additive,2.0,mean,0.09826774310523767,0.67,11.051170349808457,10.295365411178045,10.47563844718681,8.277474289278445,1.335089661845606,1.1969600585554583,2.089785157987888,1.0734121527935092,0.9462708287795185,1.652897880026293,1.054940031151629,0.8909860033875225,1.6056056881756442,10.214441126690161,1.081916299946351,0.7425147349751154,1.548978719980356,9.116727403459244,1.2121861124876028,0.8473228366783601,1.7486844912461088,15.770533087640931,0.7007480526114269,0.49530811189646184,1.0000000000001312
paper_noise_snr,ideal,nv_charge_readout_master_v1_4,thin_all_counts,4,snr1,1.0,5.437,1.0,27.43339830432224,0.9249776330930897,7.504300359171423,12.911749357161563,0.11758756837904422,9.422120008455401,636.7993609310438,1.0,0.01,gauss_additive,2.0,mean,0.09826774310523767,0.68,18.612245438078496,13.060189849291813,13.202786791935077,8.77832451756792,2.120250328047238,1.372863266167067,2.239760279093401,1.4251129311943151,1.1277535409758908,1.5626786123262182,1.4097209726546358,1.123522638651211,1.5612679963463456,12.500629239949568,1.4889046847815786,1.1491118497972173,1.604571806725026,11.220027365416131,1.658841358573478,1.2944721222323194,1.7850818881743786,20.67548332994722,0.9002084807913416,0.7493666216838144,0.9961768113933438
paper_noise_snr,ideal,nv_charge_readout_master_v1_4,thin_all_counts,4,snr1,1.0,5.437,1.0,27.43339830432224,0.9249776330930897,7.504300359171423,12.911749357161563,0.11758756837904422,9.422120008455401,636.7993609310438,1.0,0.01,gauss_additive,2.0,mean,0.09826774310523767,0.69,21.954837304001597,32.39098793754474,17.701207061076193,16.90718047910374,1.29855107012884,1.2556480669610892,2.1950349208471334,0.6778069673680286,0.6675457895422752,1.3798246913621688,1.2403017053158403,0.8671130896303206,1.376075480561642,15.032890610218894,1.4604534732047725,1.3600260489337714,1.562982142658692,13.827550447598675,1.5877604198373636,1.4558582407219636,1.741356915942129,23.107871813114343,0.9501020899528113,0.8386563106671558,1.0074053436495238
paper_noise_snr,ideal,nv_charge_readout_master_v1_4,thin_all_counts,4,snr1,1.0,5.437,1.0,27.43339830432224,0.9249776330930897,7.504300359171423,12.911749357161563,0.11758756837904422,9.422120008455401,636.7993609310438,1.0,0.01,gauss_additive,2.0,mean,0.09826774310523767,0.7,26.64268125808303,33.82222579366802,27.382350388115707,17.241484185310565,1.5452661135044345,1.3467490675150553,1.8496955009791527,0.7877270236623783,0.6936810557102667,0.9705154313903884,0.9729873761912818,0.9016078612257356,1.14658522275104,18.153534101108935,1.467630551147367,1.339158253715017,1.6990779040169681,17.065352430063363,1.5612148279544267,1.41952681581027,1.829228844431052,29.8925028065253,0.8912830561737755,0.8295510327149818,1.004170278102169
paper_noise_snr,ideal,nv_charge_readout_master_v1_4,thin_all_counts,4,snr1,1.0,5.437,1.0,27.43339830432224,0.9249776330930897,7.504300359171423,12.911749357161563,0.11758756837904422,9.422120008455401,636.7993609310438,1.0,0.01,gauss_additive,2.0,mean,0.09826774310523767,0.71,40.07756664344417,35.72139355531306,32.88506219666677,19.977465185904556,2.0061387303391016,1.4535281415538268,2.2960972984145136,1.12194857631704,0.8210964782791502,1.2340179813483607,1.2187164617102786,0.9703743367195816,1.3354970022720074,22.54055216198978,1.7780206250238682,1.4250262341611313,2.010359480894004,21.097253950632556,1.8996579714699093,1.5186959084777083,2.143230218685158,38.00368750778633,1.0545704712268498,0.8719608269732809,1.151550734522449
paper_noise_snr,ideal,nv_charge_readout_master_v1_4,thin_all_counts,4,snr1,1.0,5.437,1.0,27.43339830432224,0.9249776330930897,7.504300359171423,12.911749357161563,0.11758756837904422,9.422120008455401,636.7993609310438,1.0,0.01,gauss_additive,2.0,mean,0.09826774310523767,0.72,49.49792621716564,38.134308119048704,39.56532104460577,32.59003663233852,1.518805479587885,0.9526539530215511,2.096770240496279,1.2979893607258244,0.6144819716431194,1.4479346673046292,1.251043209313578,0.774746214698245,1.4254656218029136,26.52048223253104,1.866403701982824,1.5269352977917248,2.1518341772470433,25.693603454553642,1.9264688312294005,1.7355474525174053,2.2088527746772386,48.72245403796069,1.0159161149518612,0.9263564085338571,1.1680463396927772
paper_noise_snr,ideal,nv_charge_readout_master_v1_4,thin_all_counts,4,snr1,1.0,5.437,1.0,27.43339830432224,0.9249776330930897,7.504300359171423,12.911749357161563,0.11758756837904422,9.422120008455401,636.7993609310438,1.0,0.01,gauss_additive,2.0,mean,0.09826774310523767,0.73,63.3407049007323,97.32128764373752,76.26194841963117,59.806256406213556,1.0590983068813438,0.9550225332467892,1.6277323430099597,0.6508412129995916,0.5938015906028905,1.4343945645921858,0.830567618757919,0.38227279949013787,1.1910700299145023,nan,nan,1.6139477528238924,2.1857722650415585,30.987889920896254,2.044047047489328,1.5787692537891722,2.355133567283927,61.927345544681096,1.0228228635285432,0.7604844050758869,1.1618762158010474
paper_noise_snr,ideal,nv_charge_readout_master_v1_4,thin_all_counts,4,snr1,1.0,5.437,1.0,27.43339830432224,0.9249776330930897,7.504300359171423,12.911749357161563,0.11758756837904422,9.422120008455401,636.7993609310438,1.0,0.01,gauss_additive,2.0,mean,0.09826774310523767,0.74,nan,nan,nan,nan,nan,0.5851127124289508,1.3860158837427177,nan,nan,nan,nan,0.32425531159434234,1.0399849140872888,nan,nan,nan,nan,nan,nan,1.3667561428679567,2.4024081776380513,nan,nan,0.6295028676960165,1.1489027244090995
paper_noise_snr,ideal,nv_charge_readout_master_v1_4,thin_all_counts,4,snr1,1.0,5.437,1.0,27.43339830432224,0.9249776330930897,7.504300359171423,12.911749357161563,0.11758756837904422,9.422120008455401,636.7993609310438,1.0,0.01,gauss_additive,2.0,mean,0.09826774310523767,0.75,nan,nan,nan,nan,nan,nan,nan,nan,nan,nan,nan,nan,nan,nan,nan,nan,nan,nan,nan,nan,nan,nan,nan,nan,nan
paper_noise_snr,ideal,nv_charge_readout_master_v1_4,thin_all_counts,4,snr1,1.0,5.437,1.0,27.43339830432224,0.9249776330930897,7.504300359171423,12.911749357161563,0.11758756837904422,9.422120008455401,636.7993609310438,1.0,0.01,gauss_additive,2.0,mean,0.09826774310523767,0.76,nan,nan,nan,nan,nan,nan,nan,nan,nan,nan,nan,nan,nan,nan,nan,nan,nan,nan,nan,nan,nan,nan,nan,nan,nan
paper_noise_snr,ideal,nv_charge_readout_master_v1_4,thin_all_counts,4,snr1,1.0,5.437,1.0,27.43339830432224,0.9249776330930897,7.504300359171423,12.911749357161563,0.11758756837904422,9.422120008455401,636.7993609310438,1.0,0.01,gauss_additive,2.0,mean,0.09826774310523767,0.77,nan,nan,nan,nan,nan,nan,nan,nan,nan,nan,nan,nan,nan,nan,nan,nan,nan,nan,nan,nan,nan,nan,nan,nan,nan
paper_noise_snr,ideal,nv_charge_readout_master_v1_4,thin_all_counts,4,snr1,1.0,5.437,1.0,27.43339830432224,0.9249776330930897,7.504300359171423,12.911749357161563,0.11758756837904422,9.422120008455401,636.7993609310438,1.0,0.01,gauss_additive,2.0,mean,0.09826774310523767,0.78,nan,nan,nan,nan,nan,nan,nan,nan,nan,nan,nan,nan,nan,nan,nan,nan,nan,nan,nan,nan,nan,nan,nan,nan,nan
paper_noise_snr,ideal,nv_charge_readout_master_v1_4,thin_all_counts,4,snr1,1.0,5.437,1.0,27.43339830432224,0.9249776330930897,7.504300359171423,12.911749357161563,0.11758756837904422,9.422120008455401,636.7993609310438,1.0,0.01,gauss_additive,2.0,mean,0.09826774310523767,0.79,nan,nan,nan,nan,nan,nan,nan,nan,nan,nan,nan,nan,nan,nan,nan,nan,nan,nan,nan,nan,nan,nan,nan,nan,nan
paper_noise_snr,ideal,nv_charge_readout_master_v1_4,thin_all_counts,4,snr1,1.0,5.437,1.0,27.43339830432224,0.9249776330930897,7.504300359171423,12.911749357161563,0.11758756837904422,9.422120008455401,636.7993609310438,1.0,0.01,gauss_additive,2.0,mean,0.09826774310523767,0.8,nan,nan,nan,nan,nan,nan,nan,nan,nan,nan,nan,nan,nan,nan,nan,nan,nan,nan,nan,nan,nan,nan,nan,nan,nan
paper_noise_snr,ideal,nv_charge_readout_master_v1_4,thin_all_counts,4,snr1,1.0,5.437,1.0,27.43339830432224,0.9249776330930897,7.504300359171423,12.911749357161563,0.11758756837904422,9.422120008455401,636.7993609310438,1.0,0.01,gauss_additive,2.0,mean,0.09826774310523767,0.81,nan,nan,nan,nan,nan,nan,nan,nan,nan,nan,nan,nan,nan,nan,nan,nan,nan,nan,nan,nan,nan,nan,nan,nan,nan
paper_noise_snr,ideal,nv_charge_readout_master_v1_4,thin_all_counts,4,snr1,1.0,5.437,1.0,27.43339830432224,0.9249776330930897,7.504300359171423,12.911749357161563,0.11758756837904422,9.422120008455401,636.7993609310438,1.0,0.01,gauss_additive,2.0,mean,0.09826774310523767,0.82,nan,nan,nan,nan,nan,nan,nan,nan,nan,nan,nan,nan,nan,nan,nan,nan,nan,nan,nan,nan,nan,nan,nan,nan,nan
paper_noise_snr,ideal,nv_charge_readout_master_v1_4,thin_all_counts,4,snr1,1.0,5.437,1.0,27.43339830432224,0.9249776330930897,7.504300359171423,12.911749357161563,0.11758756837904422,9.422120008455401,636.7993609310438,1.0,0.01,gauss_additive,2.0,mean,0.09826774310523767,0.83,nan,nan,nan,nan,nan,nan,nan,nan,nan,nan,nan,nan,nan,nan,nan,nan,nan,nan,nan,nan,nan,nan,nan,nan,nan
paper_noise_snr,ideal,nv_charge_readout_master_v1_4,thin_all_counts,4,snr1,1.0,5.437,1.0,27.43339830432224,0.9249776330930897,7.504300359171423,12.911749357161563,0.11758756837904422,9.422120008455401,636.7993609310438,1.0,0.01,gauss_additive,2.0,mean,0.09826774310523767,0.84,nan,nan,nan,nan,nan,nan,nan,nan,nan,nan,nan,nan,nan,nan,nan,nan,nan,nan,nan,nan,nan,nan,nan,nan,nan
paper_noise_snr,ideal,nv_charge_readout_master_v1_4,thin_all_counts,4,snr1,1.0,5.437,1.0,27.43339830432224,0.9249776330930897,7.504300359171423,12.911749357161563,0.11758756837904422,9.422120008455401,636.7993609310438,1.0,0.01,gauss_additive,2.0,mean,0.09826774310523767,0.85,nan,nan,nan,nan,nan,nan,nan,nan,nan,nan,nan,nan,nan,nan,nan,nan,nan,nan,nan,nan,nan,nan,nan,nan,nan
paper_noise_snr,ideal,nv_charge_readout_master_v1_4,thin_all_counts,4,snr1,1.0,5.437,1.0,27.43339830432224,0.9249776330930897,7.504300359171423,12.911749357161563,0.11758756837904422,9.422120008455401,636.7993609310438,1.0,0.01,gauss_additive,2.0,mean,0.09826774310523767,0.86,nan,nan,nan,nan,nan,nan,nan,nan,nan,nan,nan,nan,nan,nan,nan,nan,nan,nan,nan,nan,nan,nan,nan,nan,nan
paper_noise_snr,ideal,nv_charge_readout_master_v1_4,thin_all_counts,4,snr1,1.0,5.437,1.0,27.43339830432224,0.9249776330930897,7.504300359171423,12.911749357161563,0.11758756837904422,9.422120008455401,636.7993609310438,1.0,0.01,gauss_additive,2.0,mean,0.09826774310523767,0.87,nan,nan,nan,nan,nan,nan,nan,nan,nan,nan,nan,nan,nan,nan,nan,nan,nan,nan,nan,nan,nan,nan,nan,nan,nan
paper_noise_snr,ideal,nv_charge_readout_master_v1_4,thin_all_counts,4,snr1,1.0,5.437,1.0,27.43339830432224,0.9249776330930897,7.504300359171423,12.911749357161563,0.11758756837904422,9.422120008455401,636.7993609310438,1.0,0.01,gauss_additive,2.0,mean,0.09826774310523767,0.88,nan,nan,nan,nan,nan,nan,nan,nan,nan,nan,nan,nan,nan,nan,nan,nan,nan,nan,nan,nan,nan,nan,nan,nan,nan
paper_noise_snr,ideal,nv_charge_readout_master_v1_4,thin_all_counts,4,snr1,1.0,5.437,1.0,27.43339830432224,0.9249776330930897,7.504300359171423,12.911749357161563,0.11758756837904422,9.422120008455401,636.7993609310438,1.0,0.01,gauss_additive,2.0,mean,0.09826774310523767,0.89,nan,nan,nan,nan,nan,nan,nan,nan,nan,nan,nan,nan,nan,nan,nan,nan,nan,nan,nan,nan,nan,nan,nan,nan,nan
paper_noise_snr,ideal,nv_charge_readout_master_v1_4,thin_all_counts,4,snr1,1.0,5.437,1.0,27.43339830432224,0.9249776330930897,7.504300359171423,12.911749357161563,0.11758756837904422,9.422120008455401,636.7993609310438,1.0,0.01,gauss_additive,2.0,mean,0.09826774310523767,0.9,nan,nan,nan,nan,nan,nan,nan,nan,nan,nan,nan,nan,nan,nan,nan,nan,nan,nan,nan,nan,nan,nan,nan,nan,nan
paper_noise_snr,ideal,nv_charge_readout_master_v1_4,thin_all_counts,4,snr1,1.0,5.437,1.0,27.43339830432224,0.9249776330930897,7.504300359171423,12.911749357161563,0.11758756837904422,9.422120008455401,636.7993609310438,1.0,0.01,gauss_additive,2.0,mean,0.09826774310523767,0.91,nan,nan,nan,nan,nan,nan,nan,nan,nan,nan,nan,nan,nan,nan,nan,nan,nan,nan,nan,nan,nan,nan,nan,nan,nan
paper_noise_snr,ideal,nv_charge_readout_master_v1_4,thin_all_counts,4,snr1,1.0,5.437,1.0,27.43339830432224,0.9249776330930897,7.504300359171423,12.911749357161563,0.11758756837904422,9.422120008455401,636.7993609310438,1.0,0.01,gauss_additive,2.0,mean,0.09826774310523767,0.92,nan,nan,nan,nan,nan,nan,nan,nan,nan,nan,nan,nan,nan,nan,nan,nan,nan,nan,nan,nan,nan,nan,nan,nan,nan
paper_noise_snr,ideal,nv_charge_readout_master_v1_4,thin_all_counts,4,snr1,1.0,5.437,1.0,27.43339830432224,0.9249776330930897,7.504300359171423,12.911749357161563,0.11758756837904422,9.422120008455401,636.7993609310438,1.0,0.01,gauss_additive,2.0,mean,0.09826774310523767,0.93,nan,nan,nan,nan,nan,nan,nan,nan,nan,nan,nan,nan,nan,nan,nan,nan,nan,nan,nan,nan,nan,nan,nan,nan,nan
paper_noise_snr,ideal,nv_charge_readout_master_v1_4,thin_all_counts,4,snr1,1.0,5.437,1.0,27.43339830432224,0.9249776330930897,7.504300359171423,12.911749357161563,0.11758756837904422,9.422120008455401,636.7993609310438,1.0,0.01,gauss_additive,2.0,mean,0.09826774310523767,0.94,nan,nan,nan,nan,nan,nan,nan,nan,nan,nan,nan,nan,nan,nan,nan,nan,nan,nan,nan,nan,nan,nan,nan,nan,nan
paper_noise_snr,ideal,nv_charge_readout_master_v1_4,thin_all_counts,4,snr1,1.0,5.437,1.0,27.43339830432224,0.9249776330930897,7.504300359171423,12.911749357161563,0.11758756837904422,9.422120008455401,636.7993609310438,1.0,0.01,gauss_additive,2.0,mean,0.09826774310523767,0.95,nan,nan,nan,nan,nan,nan,nan,nan,nan,nan,nan,nan,nan,nan,nan,nan,nan,nan,nan,nan,nan,nan,nan,nan,nan
paper_noise_snr,ideal,nv_charge_readout_master_v1_4,thin_all_counts,4,snr1,1.0,5.437,1.0,27.43339830432224,0.9249776330930897,7.504300359171423,12.911749357161563,0.11758756837904422,9.422120008455401,636.7993609310438,1.0,0.01,gauss_additive,2.0,mean,0.09826774310523767,0.96,nan,nan,nan,nan,nan,nan,nan,nan,nan,nan,nan,nan,nan,nan,nan,nan,nan,nan,nan,nan,nan,nan,nan,nan,nan
paper_noise_snr,ideal,nv_charge_readout_master_v1_4,thin_all_counts,4,snr1,1.0,5.437,1.0,27.43339830432224,0.9249776330930897,7.504300359171423,12.911749357161563,0.11758756837904422,9.422120008455401,636.7993609310438,1.0,0.01,gauss_additive,2.0,mean,0.09826774310523767,0.97,nan,nan,nan,nan,nan,nan,nan,nan,nan,nan,nan,nan,nan,nan,nan,nan,nan,nan,nan,nan,nan,nan,nan,nan,nan
paper_noise_snr,ideal,nv_charge_readout_master_v1_4,thin_all_counts,4,snr1,1.0,5.437,1.0,27.43339830432224,0.9249776330930897,7.504300359171423,12.911749357161563,0.11758756837904422,9.422120008455401,636.7993609310438,1.0,0.01,gauss_additive,2.0,mean,0.09826774310523767,0.98,nan,nan,nan,nan,nan,nan,nan,nan,nan,nan,nan,nan,nan,nan,nan,nan,nan,nan,nan,nan,nan,nan,nan,nan,nan
paper_noise_snr,ideal,nv_charge_readout_master_v1_4,thin_all_counts,4,snr1,1.0,5.437,1.0,27.43339830432224,0.9249776330930897,7.504300359171423,12.911749357161563,0.11758756837904422,9.422120008455401,636.7993609310438,1.0,0.01,gauss_additive,2.0,mean,0.09826774310523767,0.99,nan,nan,nan,nan,nan,nan,nan,nan,nan,nan,nan,nan,nan,nan,nan,nan,nan,nan,nan,nan,nan,nan,nan,nan,nan
