experiment,detector,physics_layer,efficiency_model,point_index,point,sweep_value,power_uw,detection_efficiency,photons_per_bright_dwell,contrast,switching_ratio,snr_per_bright_dwell,p_bright_stationary,gamma_tot_khz,horizon_us,noise_sigma,noise_tau_c_ms,noise_kind,noise_photon_order,noise_renormalise,q_excess_finest_bin,target_fidelity,t_threshold_us,t_adaptive_count_us,t_fixed_count_mmpp_us,t_adaptive_mmpp_us,speedup_mmpp,speedup_mmpp_ci_low,speedup_mmpp_ci_high,speedup_count,speedup_count_ci_low,speedup_count_ci_high,speedup_fixed_count_mmpp,speedup_fixed_count_mmpp_ci_low,speedup_fixed_count_mmpp_ci_high,t_learned_us,speedup_learned,speedup_learned_ci_low,speedup_learned_ci_high,t_optimal_us,speedup_optimal,speedup_optimal_ci_low,speedup_optimal_ci_high
power,det_nonpar_dt2000ns_ap0.05_tau5000ns,nv_charge_readout_master_v1_4,thin_all_counts,0,P0.875,0.875,0.875,1.0,171.45991687013145,0.9184268594645132,7.871161989405721,32.32294520680136,0.1127248043936339,0.2631688988965571,22799.046639467833,0.0,0.1,off,2.0,mean,-1.1215263658930592,0.55,2.8013617479504425,9.078226502172463,9.078226502172463,2.6922909236856674,1.0405122727656269,1.0226198563271547,1.0641873136772397,0.3085802879317963,0.2873862530980683,0.331442809564229,0.3085802879317963,0.2873862530980683,0.331442809564229,178.11755187085876,0.01572760078120501,0.014597631800220962,0.016938737716084562,,,,
power,det_nonpar_dt2000ns_ap0.05_tau5000ns,nv_charge_readout_master_v1_4,thin_all_counts,0,P0.875,0.875,0.875,1.0,171.45991687013145,0.9184268594645132,7.871161989405721,32.32294520680136,0.1127248043936339,0.2631688988965571,22799.046639467833,0.0,0.1,off,2.0,mean,-1.1215263658930592,0.56,3.3895635329213096,9.078226502172463,9.078226502172463,3.2005073580944807,1.0590706890108166,1.0371791159630779,1.0796199365656758,0.3733728754300381,0.35004537436535144,0.397157228848959,0.3733728754300381,0.35004537436535144,0.397157228848959,178.11755187085876,0.019029924324239857,0.017770962962567416,0.020336304151151265,,,,
power,det_nonpar_dt2000ns_ap0.05_tau5000ns,nv_charge_readout_master_v1_4,thin_all_counts,0,P0.875,0.875,0.875,1.0,171.45991687013145,0.9184268594645132,7.871161989405721,32.32294520680136,0.1127248043936339,0.2631688988965571,22799.046639467833,0.0,0.1,off,2.0,mean,-1.1215263658930592,0.57,3.9984644125852817,9.078226502172463,9.078226502172463,3.80465842643565,1.0509391289380994,1.0369653576291278,1.064766552362434,0.44044554425122906,0.4145503682717948,0.467174055608851,0.44044554425122906,0.4145503682717948,0.467174055608851,178.11755187085876,0.022448458170390213,0.02106919952331065,0.023879047171319927,,,,
power,det_nonpar_dt2000ns_ap0.05_tau5000ns,nv_charge_readout_master_v1_4,thin_all_counts,0,P0.875,0.875,0.875,1.0,171.45991687013145,0.9184268594645132,7.871161989405721,32.32294520680136,0.1127248043936339,0.2631688988965571,22799.046639467833,0.0,0.1,off,2.0,mean,-1.1215263658930592,0.58,4.603311955212325,9.078226502172463,9.078226502172463,4.326342326143061,1.0640193512648322,1.0464565366137646,1.0838807025760955,0.5070717231070111,0.4801103125598537,0.536540702808207,0.5070717231070111,0.4801103125598537,0.536540702808207,178.11755187085876,0.02584423548865011,0.024410179846099285,0.02742695357970143,,,,
power,det_nonpar_dt2000ns_ap0.05_tau5000ns,nv_charge_readout_master_v1_4,thin_all_counts,0,P0.875,0.875,0.875,1.0,171.45991687013145,0.9184268594645132,7.871161989405721,32.32294520680136,0.1127248043936339,0.2631688988965571,22799.046639467833,0.0,0.1,off,2.0,mean,-1.1215263658930592,0.59,5.245933343668823,9.078226502172463,9.078226502172463,4.867091224674434,1.0778374806442488,1.0571118377172375,1.1004987757106013,0.5778588298511219,0.5473373339147114,0.6063592880568808,0.5778588298511219,0.5473373339147114,0.6063592880568808,178.11755187085876,0.02945208537040921,0.027850235485643932,0.031004202462503017,,,,
power,det_nonpar_dt2000ns_ap0.05_tau5000ns,nv_charge_readout_master_v1_4,thin_all_counts,0,P0.875,0.875,0.875,1.0,171.45991687013145,0.9184268594645132,7.871161989405721,32.32294520680136,0.1127248043936339,0.2631688988965571,22799.046639467833,0.0,0.1,off,2.0,mean,-1.1215263658930592,0.6,5.887139115173113,9.078226502172463,9.078226502172463,5.475428249437967,1.0751924501571921,1.0598440195767092,1.0932115651516765,0.6484900011873788,0.617787561374364,0.6815580188557294,0.6484900011873788,0.617787561374364,0.6815580188557294,178.11755187085876,0.03305198759660411,0.031352053136719564,0.03482825017099642,,,,
power,det_nonpar_dt2000ns_ap0.05_tau5000ns,nv_charge_readout_master_v1_4,thin_all_counts,0,P0.875,0.875,0.875,1.0,171.45991687013145,0.9184268594645132,7.871161989405721,32.32294520680136,0.1127248043936339,0.2631688988965571,22799.046639467833,0.0,0.1,off,2.0,mean,-1.1215263658930592,0.61,6.566233454796521,9.078226502172463,9.078226502172463,6.159801230507804,1.0659813862622336,1.0572786515690187,1.0812174940029002,0.7232947374936272,0.6883944307184133,0.7570417258403781,0.7232947374936272,0.6883944307184133,0.7570417258403781,178.11755187085876,0.0368646064681894,0.034932030407388175,0.038806558253678215,,,,
power,det_nonpar_dt2000ns_ap0.05_tau5000ns,nv_charge_readout_master_v1_4,thin_all_counts,0,P0.875,0.875,0.875,1.0,171.45991687013145,0.9184268594645132,7.871161989405721,32.32294520680136,0.1127248043936339,0.2631688988965571,22799.046639467833,0.0,0.1,off,2.0,mean,-1.1215263658930592,0.62,7.304072757156786,9.078226502172463,9.078226502172463,6.745149751779136,1.082862949815195,1.067401003194216,1.0968492954984124,0.8045704472573896,0.7642289368328312,0.8382961448541544,0.8045704472573896,0.7642289368328312,0.8382961448541544,178.11755187085876,0.04100703541250379,0.03884020983310424,0.04286514346255401,,,,
power,det_nonpar_dt2000ns_ap0.05_tau5000ns,nv_charge_readout_master_v1_4,thin_all_counts,0,P0.875,0.875,0.875,1.0,171.45991687013145,0.9184268594645132,7.871161989405721,32.32294520680136,0.1127248043936339,0.2631688988965571,22799.046639467833,0.0,0.1,off,2.0,mean,-1.1215263658930592,0.63,7.998406403114582,9.078226502172463,9.078226502172463,7.3576932632601055,1.0870807081689329,1.0740391259430646,1.0993601195616063,0.8810538491411869,0.8446461176660398,0.9183899612924187,0.8810538491411869,0.8446461176660398,0.9183899612924187,178.11755187085876,0.04490521186207239,0.042908334034723446,0.04698706474737958,,,,
power,det_nonpar_dt2000ns_ap0.05_tau5000ns,nv_charge_readout_master_v1_4,thin_all_counts,0,P0.875,0.875,0.875,1.0,171.45991687013145,0.9184268594645132,7.871161989405721,32.32294520680136,0.1127248043936339,0.2631688988965571,22799.046639467833,0.0,0.1,off,2.0,mean,-1.1215263658930592,0.64,8.743381674327134,9.078226502172463,9.078226502172463,8.025863346020454,1.089400765671204,1.0754715419442422,1.1023353660815298,0.96311561208952,0.9196784301129987,1.0033775995658998,0.96311561208952,0.9196784301129987,1.0033775995658998,178.11755187085876,0.049087704061115664,0.046722219219440114,0.051272377928345644,,,,
power,det_nonpar_dt2000ns_ap0.05_tau5000ns,nv_charge_readout_master_v1_4,thin_all_counts,0,P0.875,0.875,0.875,1.0,171.45991687013145,0.9184268594645132,7.871161989405721,32.32294520680136,0.1127248043936339,0.2631688988965571,22799.046639467833,0.0,0.1,off,2.0,mean,-1.1215263658930592,0.65,9.544090048222698,9.078226502172463,9.078226502172463,9.07822650217246,1.051316581045731,1.038694333876796,1.1001406253864974,1.0513165810457308,1.0025764743246306,1.0900380011792334,1.0513165810457308,1.0025764743246306,1.0900380011792334,178.11755187085876,0.053583096937816016,0.05105826485578495,0.056064741053011735,,,,
power,det_nonpar_dt2000ns_ap0.05_tau5000ns,nv_charge_readout_master_v1_4,thin_all_counts,0,P0.875,0.875,0.875,1.0,171.45991687013145,0.9184268594645132,7.871161989405721,32.32294520680136,0.1127248043936339,0.2631688988965571,22799.046639467833,0.0,0.1,off,2.0,mean,-1.1215263658930592,0.66,10.37257294871284,10.228107390251239,10.228107390251239,9.420581395766883,1.1010544374016802,1.0860576163279902,1.1067014126517083,1.01412436856102,1.002112308378158,1.0971743066268862,1.01412436856102,1.002112308378158,1.0971743066268862,178.11755187085876,0.058234423501583414,0.0556633340957685,0.06049492856776895,,,,
power,det_nonpar_dt2000ns_ap0.05_tau5000ns,nv_charge_readout_master_v1_4,thin_all_counts,0,P0.875,0.875,0.875,1.0,171.45991687013145,0.9184268594645132,7.871161989405721,32.32294520680136,0.1127248043936339,0.2631688988965571,22799.046639467833,0.0,0.1,off,2.0,mean,-1.1215263658930592,0.67,11.20595757973324,10.757166630201723,10.757166630201723,10.233702050580517,1.0950052604958898,1.0811427047885294,1.1125161016859342,1.0417201819921145,1.021901772825799,1.064514969321917,1.0417201819921145,1.021901772825799,1.064514969321917,178.11755187085876,0.06291326970324597,0.0601781325136421,0.06566370485316833,,,,
power,det_nonpar_dt2000ns_ap0.05_tau5000ns,nv_charge_readout_master_v1_4,thin_all_counts,0,P0.875,0.875,0.875,1.0,171.45991687013145,0.9184268594645132,7.871161989405721,32.32294520680136,0.1127248043936339,0.2631688988965571,22799.046639467833,0.0,0.1,off,2.0,mean,-1.1215263658930592,0.68,12.041954550969672,11.31359199652313,11.31359199652313,10.784137125670837,1.1166358894217596,1.104449105273822,1.1260318136871899,1.0643794256210035,1.0438924437635568,1.0822568898021727,1.0643794256210035,1.0438924437635568,1.0822568898021727,178.11755187085876,0.06760678228780337,0.06475746183182653,0.0699715427486157,,,,
power,det_nonpar_dt2000ns_ap0.05_tau5000ns,nv_charge_readout_master_v1_4,thin_all_counts,0,P0.875,0.875,0.875,1.0,171.45991687013145,0.9184268594645132,7.871161989405721,32.32294520680136,0.1127248043936339,0.2631688988965571,22799.046639467833,0.0,0.1,off,2.0,mean,-1.1215263658930592,0.69,12.84682479021295,11.898799029888403,11.898799029888403,11.398956996868018,1.1270175678128052,1.118453228294872,1.1385003595085637,1.0796740711346764,1.060623240630193,1.1022901480390492,1.0796740711346764,1.060623240630193,1.1022901480390492,178.11755187085876,0.07212554099961654,0.06940750775304093,0.0747772362986554,,,,
power,det_nonpar_dt2000ns_ap0.05_tau5000ns,nv_charge_readout_master_v1_4,thin_all_counts,0,P0.875,0.875,0.875,1.0,171.45991687013145,0.9184268594645132,7.871161989405721,32.32294520680136,0.1127248043936339,0.2631688988965571,22799.046639467833,0.0,0.1,off,2.0,mean,-1.1215263658930592,0.7,13.704963806551781,12.51427649124909,12.51427649124909,12.072280979900516,1.1352422818330328,1.1228903056894546,1.1474576858182257,1.0951463167795044,1.0731370775960583,1.1193253993299506,1.0951463167795044,1.0731370775960583,1.1193253993299506,178.11755187085876,0.07694336500025749,0.07417722290253885,0.07970805667353238,,,,
power,det_nonpar_dt2000ns_ap0.05_tau5000ns,nv_charge_readout_master_v1_4,thin_all_counts,0,P0.875,0.875,0.875,1.0,171.45991687013145,0.9184268594645132,7.871161989405721,32.32294520680136,0.1127248043936339,0.2631688988965571,22799.046639467833,0.0,0.1,off,2.0,mean,-1.1215263658930592,0.71,14.604779897169639,13.161590149228568,13.161590149228568,12.785377477756192,1.142303379198527,1.1300159867357173,1.1527356941711147,1.109651625037546,1.0881486896663155,1.134409470487321,1.109651625037546,1.0881486896663155,1.134409470487321,178.11755187085876,0.08199517534217289,0.07901964668639291,0.08495598352325451,,,,
power,det_nonpar_dt2000ns_ap0.05_tau5000ns,nv_charge_readout_master_v1_4,thin_all_counts,0,P0.875,0.875,0.875,1.0,171.45991687013145,0.9184268594645132,7.871161989405721,32.32294520680136,0.1127248043936339,0.2631688988965571,22799.046639467833,0.0,0.1,off,2.0,mean,-1.1215263658930592,0.72,15.56367450914395,13.842386763422077,13.842386763422077,13.540595809596734,1.1494083959077623,1.13797124478261,1.1617159183240398,1.1243490573656203,1.0995561489492616,1.1523308939737915,1.1243490573656203,1.0995561489492616,1.1523308939737915,178.11755187085876,0.0873786684449163,0.08424074330187856,0.09075419634776835,,,,
power,det_nonpar_dt2000ns_ap0.05_tau5000ns,nv_charge_readout_master_v1_4,thin_all_counts,0,P0.875,0.875,0.875,1.0,171.45991687013145,0.9184268594645132,7.871161989405721,32.32294520680136,0.1127248043936339,0.2631688988965571,22799.046639467833,0.0,0.1,off,2.0,mean,-1.1215263658930592,0.73,16.65422860087477,14.558398273736971,14.558398273736971,14.340424066309685,1.161348403915123,1.1461466722124674,1.1723020206942003,1.143960227473556,1.1125930514466893,1.172351871919645,1.143960227473556,1.1125930514466893,1.172351871919645,178.11755187085876,0.09350133339441835,0.08964863025961413,0.09723694249691002,,,,
power,det_nonpar_dt2000ns_ap0.05_tau5000ns,nv_charge_readout_master_v1_4,thin_all_counts,0,P0.875,0.875,0.875,1.0,171.45991687013145,0.9184268594645132,7.871161989405721,32.32294520680136,0.1127248043936339,0.2631688988965571,22799.046639467833,0.0,0.1,off,2.0,mean,-1.1215263658930592,0.74,17.869529079847613,15.311446206430855,15.311446206430855,15.178577961293527,1.1772861150376672,1.1657394804365844,1.1898287734863997,1.1670699709830386,1.1389593854745517,1.1950362383504671,1.1670699709830386,1.1389593854745517,1.1950362383504671,178.11755187085876,0.10032435822385222,0.09647848704088141,0.10443242023770856,,,,
power,det_nonpar_dt2000ns_ap0.05_tau5000ns,nv_charge_readout_master_v1_4,thin_all_counts,0,P0.875,0.875,0.875,1.0,171.45991687013145,0.9184268594645132,7.871161989405721,32.32294520680136,0.1127248043936339,0.2631688988965571,22799.046639467833,0.0,0.1,off,2.0,mean,-1.1215263658930592,0.75,19.114210401025915,16.103446308056505,16.103446308056505,15.999789861472062,1.1946538402390812,1.183757526227717,1.2011812769395418,1.1869639600973572,1.1611732309525844,1.209102628080963,1.1869639600973572,1.1611732309525844,1.209102628080963,178.11755187085876,0.10731233502964582,0.1034383125250288,0.1111384632937358,,,,
power,det_nonpar_dt2000ns_ap0.05_tau5000ns,nv_charge_readout_master_v1_4,thin_all_counts,0,P0.875,0.875,0.875,1.0,171.45991687013145,0.9184268594645132,7.871161989405721,32.32294520680136,0.1127248043936339,0.2631688988965571,22799.046639467833,0.0,0.1,off,2.0,mean,-1.1215263658930592,0.76,20.35454635655977,16.93641341910231,16.93641341910231,17.04674660479064,1.194042876829033,1.1860301154072554,1.2051130214388188,1.2018215340446403,1.1785706045478759,1.2251491570303203,1.2018215340446403,1.1785706045478759,1.2251491570303203,178.11755187085876,0.11427591578014447,0.11045363694959617,0.11856361336363204,,,,
power,det_nonpar_dt2000ns_ap0.05_tau5000ns,nv_charge_readout_master_v1_4,thin_all_counts,0,P0.875,0.875,0.875,1.0,171.45991687013145,0.9184268594645132,7.871161989405721,32.32294520680136,0.1127248043936339,0.2631688988965571,22799.046639467833,0.0,0.1,off,2.0,mean,-1.1215263658930592,0.77,21.675368675396786,17.8124665997267,17.8124665997267,17.955162228310414,1.2071942542084424,1.1961303875940617,1.2182875411801324,1.21686508457674,1.1929596744358704,1.2399308061023313,1.21686508457674,1.1929596744358704,1.2399308061023313,178.11755187085876,0.12169136869291894,0.1176283833181542,0.12605849345030798,,,,
power,det_nonpar_dt2000ns_ap0.05_tau5000ns,nv_charge_readout_master_v1_4,thin_all_counts,0,P0.875,0.875,0.875,1.0,171.45991687013145,0.9184268594645132,7.871161989405721,32.32294520680136,0.1127248043936339,0.2631688988965571,22799.046639467833,0.0,0.1,off,2.0,mean,-1.1215263658930592,0.78,23.05140838837861,18.733834520626417,18.733834520626417,18.88385516939876,1.220693983383931,1.209600672244387,1.230373931402265,1.23046930744469,1.2076762382849058,1.2507999972369734,1.23046930744469,1.2076762382849058,1.2507999972369734,178.11755187085876,0.1294168269564566,0.1252120810528295,0.13400674509616348,,,,
power,det_nonpar_dt2000ns_ap0.05_tau5000ns,nv_charge_readout_master_v1_4,thin_all_counts,0,P0.875,0.875,0.875,1.0,171.45991687013145,0.9184268594645132,7.871161989405721,32.32294520680136,0.1127248043936339,0.2631688988965571,22799.046639467833,0.0,0.1,off,2.0,mean,-1.1215263658930592,0.79,24.51314891461208,19.702861132752876,19.702861132752876,19.860582796437615,1.2342613087370726,1.224294779171535,1.2446841036684453,1.244141586820752,1.2234670787855921,1.2645714674988804,1.244141586820752,1.2234670787855921,1.2645714674988804,178.11755187085876,0.13762343271136435,0.13285384151000293,0.1427032552896251,,,,
power,det_nonpar_dt2000ns_ap0.05_tau5000ns,nv_charge_readout_master_v1_4,thin_all_counts,0,P0.875,0.875,0.875,1.0,171.45991687013145,0.9184268594645132,7.871161989405721,32.32294520680136,0.1127248043936339,0.2631688988965571,22799.046639467833,0.0,0.1,off,2.0,mean,-1.1215263658930592,0.8,26.058030449694147,20.72201163030041,20.72201163030041,20.886448049300427,1.2476046854968688,1.2376801710772731,1.2574999793944182,1.257504865579326,1.2345688175045961,1.2735227831302962,1.257504865579326,1.2345688175045961,1.2735227831302962,178.11755187085876,0.14629681452497786,0.14101638491251417,0.151493783808742,,,,
power,det_nonpar_dt2000ns_ap0.05_tau5000ns,nv_charge_readout_master_v1_4,thin_all_counts,0,P0.875,0.875,0.875,1.0,171.45991687013145,0.9184268594645132,7.871161989405721,32.32294520680136,0.1127248043936339,0.2631688988965571,22799.046639467833,0.0,0.1,off,2.0,mean,-1.1215263658930592,0.81,27.68722584538193,21.79387872213611,21.79387872213611,21.945842868988873,1.261615970307801,1.2509801245379384,1.270725889810032,1.2704129539483915,1.2554496242899296,1.2814884278707792,1.2704129539483915,1.2554496242899296,1.2814884278707792,178.11755187085876,0.15544355710354757,0.15008493136989656,0.16084408253418292,,,,
power,det_nonpar_dt2000ns_ap0.05_tau5000ns,nv_charge_readout_master_v1_4,thin_all_counts,0,P0.875,0.875,0.875,1.0,171.45991687013145,0.9184268594645132,7.871161989405721,32.32294520680136,0.1127248043936339,0.2631688988965571,22799.046639467833,0.0,0.1,off,2.0,mean,-1.1215263658930592,0.82,29.41828149648901,22.92118922762573,22.92118922762573,23.50652626225641,1.2514942092369,1.1742787303967472,1.2869419607791255,1.2834535418010802,1.005832947979116,1.294810400504153,1.2834535418010802,1.0057388733175538,1.294810400504153,178.11755187085876,0.16516217064233094,0.15991941109029312,0.17141670976095394,,,,
power,det_nonpar_dt2000ns_ap0.05_tau5000ns,nv_charge_readout_master_v1_4,thin_all_counts,0,P0.875,0.875,0.875,1.0,171.45991687013145,0.9184268594645132,7.871161989405721,32.32294520680136,0.1127248043936339,0.2631688988965571,22799.046639467833,0.0,0.1,off,2.0,mean,-1.1215263658930592,0.83,31.4527925712962,31.192865015091403,31.18706300907095,26.0184373464759,1.2088655499349719,1.1824077517690768,1.2783841091616923,1.0083329170334,1.000472344925051,1.287701879138031,1.0085205061517963,1.0007335294282313,1.287701879138031,178.11755187085876,0.1765844648151269,0.17036159674425663,0.1838351695345104,,,,
power,det_nonpar_dt2000ns_ap0.05_tau5000ns,nv_charge_readout_master_v1_4,thin_all_counts,0,P0.875,0.875,0.875,1.0,171.45991687013145,0.9184268594645132,7.871161989405721,32.32294520680136,0.1127248043936339,0.2631688988965571,22799.046639467833,0.0,0.1,off,2.0,mean,-1.1215263658930592,0.84,33.65418899052331,33.37636735376955,33.357746377456984,26.03879149914267,1.292463553526721,1.252324604028219,1.3210370356758407,1.008323902772552,0.9945504546519417,1.0242979506748353,1.0088867697988932,0.9951801965518837,1.0246346461547298,178.11755187085876,0.1889436983443593,0.1822619661607833,0.19719693732295196,,,,
power,det_nonpar_dt2000ns_ap0.05_tau5000ns,nv_charge_readout_master_v1_4,thin_all_counts,0,P0.875,0.875,0.875,1.0,171.45991687013145,0.9184268594645132,7.871161989405721,32.32294520680136,0.1127248043936339,0.2631688988965571,22799.046639467833,0.0,0.1,off,2.0,mean,-1.1215263658930592,0.85,36.09998100844432,35.712714981288784,35.67951374770678,27.134580201862146,1.330404993918679,1.2468055337262516,1.3466886486290819,1.0108439256818877,0.9913324739313112,1.0304277827204238,1.0117845569227961,0.9931040924187122,1.0296949288795976,178.11755187085876,0.20267503471313159,0.19483366565590662,0.2115086013349959,,,,
power,det_nonpar_dt2000ns_ap0.05_tau5000ns,nv_charge_readout_master_v1_4,thin_all_counts,0,P0.875,0.875,0.875,1.0,171.45991687013145,0.9184268594645132,7.871161989405721,32.32294520680136,0.1127248043936339,0.2631688988965571,22799.046639467833,0.0,0.1,off,2.0,mean,-1.1215263658930592,0.86,38.787125603866315,38.212607076627364,38.162880875343035,30.354580406457796,1.2778014086999052,1.245969739481209,1.331621187751346,1.0150347901174834,0.9955281474508129,1.0384617093679012,1.0163573795846896,0.9968920098662032,1.038343370699577,178.11755187085876,0.21776138957932845,0.20981343298151664,0.22758350882379508,,,,
power,det_nonpar_dt2000ns_ap0.05_tau5000ns,nv_charge_readout_master_v1_4,thin_all_counts,0,P0.875,0.875,0.875,1.0,171.45991687013145,0.9184268594645132,7.871161989405721,32.32294520680136,0.1127248043936339,0.2631688988965571,22799.046639467833,0.0,0.1,off,2.0,mean,-1.1215263658930592,0.87,41.83550112116378,40.887491761905125,40.81909543397942,31.313504731978053,1.3360210388216438,1.3020572778858066,1.3679449873823444,1.0231858037362398,0.99496744066216,1.0485890665815114,1.0249002501495479,0.9995813219496702,1.049128342853845,178.11755187085876,0.23487579231661532,0.22479393115727783,0.24579878349085674,,,,
power,det_nonpar_dt2000ns_ap0.05_tau5000ns,nv_charge_readout_master_v1_4,thin_all_counts,0,P0.875,0.875,0.875,1.0,171.45991687013145,0.9184268594645132,7.871161989405721,32.32294520680136,0.1127248043936339,0.2631688988965571,22799.046639467833,0.0,0.1,off,2.0,mean,-1.1215263658930592,0.88,45.335692890586365,43.74961852844644,43.66018795831651,32.434149078064834,1.3977765466104621,1.3668802197224814,1.4090600936504676,1.0362534443839468,1.0099324277145632,1.0653817056947872,1.038376035711745,1.0127819650480914,1.0645818743772602,178.11755187085876,0.2545268134128425,0.24427443627924203,0.2676949365130952,,,,
power,det_nonpar_dt2000ns_ap0.05_tau5000ns,nv_charge_readout_master_v1_4,thin_all_counts,0,P0.875,0.875,0.875,1.0,171.45991687013145,0.9184268594645132,7.871161989405721,32.32294520680136,0.1127248043936339,0.2631688988965571,22799.046639467833,0.0,0.1,off,2.0,mean,-1.1215263658930592,0.89,49.771673970210834,46.81209433267033,46.6990263328746,35.06001206168133,1.4196137149823902,1.3749058307263162,1.4503921833080127,1.063222542800761,1.0271233307926673,1.1028294520697552,1.065796824444136,1.0318216611675586,1.0984522656189237,178.11755187085876,0.27943160821285584,0.26497111002535223,0.29582217890391427,,,,
power,det_nonpar_dt2000ns_ap0.05_tau5000ns,nv_charge_readout_master_v1_4,thin_all_counts,0,P0.875,0.875,0.875,1.0,171.45991687013145,0.9184268594645132,7.871161989405721,32.32294520680136,0.1127248043936339,0.2631688988965571,22799.046639467833,0.0,0.1,off,2.0,mean,-1.1215263658930592,0.9,55.4368799897743,50.088943618696334,49.94937407325364,38.6743880304583,1.4334261720215087,1.4174295900678204,1.5158805762989074,1.1067687993539912,1.0655054925397593,1.173376221611247,1.1098613549886114,1.071492817020821,1.1638589384167501,178.11755187085876,0.3112376035235871,0.2948464457567017,0.3348037884239743,,,,
power,det_nonpar_dt2000ns_ap0.05_tau5000ns,nv_charge_readout_master_v1_4,thin_all_counts,0,P0.875,0.875,0.875,1.0,171.45991687013145,0.9184268594645132,7.871161989405721,32.32294520680136,0.1127248043936339,0.2631688988965571,22799.046639467833,0.0,0.1,off,2.0,mean,-1.1215263658930592,0.91,65.19183337812434,53.59517254253602,53.425952663888076,42.98530409313284,1.5166074720997293,1.4885161949560688,1.688868228882087,1.2163751003205483,1.1425089833261286,1.3232159833050654,1.2202278130304471,1.1536583158309066,1.3080647838928021,178.11755187085876,0.3660045441529009,0.3383352829301901,0.41257617029331983,,,,
power,det_nonpar_dt2000ns_ap0.05_tau5000ns,nv_charge_readout_master_v1_4,thin_all_counts,0,P0.875,0.875,0.875,1.0,171.45991687013145,0.9184268594645132,7.871161989405721,32.32294520680136,0.1127248043936339,0.2631688988965571,22799.046639467833,0.0,0.1,off,2.0,mean,-1.1215263658930592,0.92,89.74485496185076,63.07699082261845,124.0503181086235,51.51055132323094,1.742261588285047,1.534886219340226,1.7589263103110688,1.4227827578875183,1.2432462439267025,1.4946978990016828,0.7234552585610181,0.7163449669781855,1.3759826855770756,178.11755187085876,0.5038518327880388,0.4196559357844433,0.5137029532070834,,,,
power,det_nonpar_dt2000ns_ap0.05_tau5000ns,nv_charge_readout_master_v1_4,thin_all_counts,0,P0.875,0.875,0.875,1.0,171.45991687013145,0.9184268594645132,7.871161989405721,32.32294520680136,0.1127248043936339,0.2631688988965571,22799.046639467833,0.0,0.1,off,2.0,mean,-1.1215263658930592,0.93,95.04338896135552,131.27651392856217,130.91694007982665,60.94188358223268,1.559574193881086,1.5319286978877842,1.581832709816647,0.7239938517340282,0.6999786409106246,0.752059815884994,0.7259823587642881,0.718321039309127,0.7336770804900812,178.11755187085876,0.5335992324342363,0.5230869152876652,0.5432542162158492,,,,
power,det_nonpar_dt2000ns_ap0.05_tau5000ns,nv_charge_readout_master_v1_4,thin_all_counts,0,P0.875,0.875,0.875,1.0,171.45991687013145,0.9184268594645132,7.871161989405721,32.32294520680136,0.1127248043936339,0.2631688988965571,22799.046639467833,0.0,0.1,off,2.0,mean,-1.1215263658930592,0.94,100.65474827609236,149.452613350682,138.16365375909064,61.37346318686526,1.6400369646670652,1.5776416108533213,1.6738503401807658,0.673489382483475,0.6467389057480537,0.695990140667015,0.7285182863765259,0.7185417762223426,0.7431297709389413,178.11755187085876,0.5651029178139079,0.5551042852804602,0.5792420099175063,,,,
power,det_nonpar_dt2000ns_ap0.05_tau5000ns,nv_charge_readout_master_v1_4,thin_all_counts,0,P0.875,0.875,0.875,1.0,171.45991687013145,0.9184268594645132,7.871161989405721,32.32294520680136,0.1127248043936339,0.2631688988965571,22799.046639467833,0.0,0.1,off,2.0,mean,-1.1215263658930592,0.95,109.99338380451428,161.42836331520482,145.8114985610132,66.5477051270073,1.6528501410317642,1.6131112428255445,1.6978319701654798,0.6813758223500126,0.6620737154620288,0.7012446885833992,0.7543532909956945,0.7365157716746451,0.7730692732661598,178.11755187085876,0.6175325376370724,0.5991128354759148,0.6371306533422189,,,,
power,det_nonpar_dt2000ns_ap0.05_tau5000ns,nv_charge_readout_master_v1_4,thin_all_counts,0,P0.875,0.875,0.875,1.0,171.45991687013145,0.9184268594645132,7.871161989405721,32.32294520680136,0.1127248043936339,0.2631688988965571,22799.046639467833,0.0,0.1,off,2.0,mean,-1.1215263658930592,0.96,124.35210339483326,166.12815324108652,153.88267850588358,75.69935658224118,1.6427101762712453,1.0581956145723665,1.8884088208025862,0.7485311849242824,0.7112660342145256,0.7970162850129298,0.8080968215670795,0.7723176354491419,0.852991629547335,178.11755187085876,0.6981462640189033,0.661851958869725,0.7476760670626318,,,,
power,det_nonpar_dt2000ns_ap0.05_tau5000ns,nv_charge_readout_master_v1_4,thin_all_counts,0,P0.875,0.875,0.875,1.0,171.45991687013145,0.9184268594645132,7.871161989405721,32.32294520680136,0.1127248043936339,0.2631688988965571,22799.046639467833,0.0,0.1,off,2.0,mean,-1.1215263658930592,0.97,169.44885818529903,170.96477181897092,162.8483099869295,114.84238236163124,1.4754906220224127,1.4203018107430148,1.5433735836960574,0.991133181312481,0.9598766410941681,1.0186098903609888,1.040531880244255,1.0164448826046162,1.0603690303068354,178.11755187085876,0.9513316144618649,0.9160324106137107,0.9822404395005309,,,,
power,det_nonpar_dt2000ns_ap0.05_tau5000ns,nv_charge_readout_master_v1_4,thin_all_counts,0,P0.875,0.875,0.875,1.0,171.45991687013145,0.9184268594645132,7.871161989405721,32.32294520680136,0.1127248043936339,0.2631688988965571,22799.046639467833,0.0,0.1,off,2.0,mean,-1.1215263658930592,0.98,201.3228821999381,175.9422026481899,173.08343440823433,117.0823350484169,1.7194983523063947,1.6161624724593573,1.8508935315279906,1.1442557792828072,1.0740360534738094,1.217666924136414,1.163155115844872,1.094985137925138,1.2404059837659651,181.93691503911253,1.106553236635116,1.0396936615183818,1.1905024608551187,,,,
power,det_nonpar_dt2000ns_ap0.05_tau5000ns,nv_charge_readout_master_v1_4,thin_all_counts,0,P0.875,0.875,0.875,1.0,171.45991687013145,0.9184268594645132,7.871161989405721,32.32294520680136,0.1127248043936339,0.2631688988965571,22799.046639467833,0.0,0.1,off,2.0,mean,-1.1215263658930592,0.99,nan,nan,nan,nan,nan,nan,nan,nan,nan,nan,nan,nan,nan,nan,nan,nan,nan,,,,
power,det_nonpar_dt2000ns_ap0.05_tau5000ns,nv_charge_readout_master_v1_4,thin_all_counts,1,P2.000,2.0,2.0,1.0,74.73019645888917,0.9241717873829185,7.77506003982318,21.521555298034922,0.11395933423381457,1.348778346121057,4448.469993053612,0.0,0.1,off,2.0,mean,-1.1786500155857738,0.55,1.1929444264689781,4.075182859121697,4.075182859121697,1.1218781314271538,1.0633458243378184,1.030176784459877,1.0967903173797153,0.2927339625506,0.27636191725443454,0.3132381925326279,0.2927339625506,0.27636191725443454,0.3132381925326279,34.75367182073504,0.03432570902500245,0.032292170387062766,0.03680269912245468,1.1986025523719397,0.9952793977521869,0.966042315442092,1.0276617415978242
power,det_nonpar_dt2000ns_ap0.05_tau5000ns,nv_charge_readout_master_v1_4,thin_all_counts,1,P2.000,2.0,2.0,1.0,74.73019645888917,0.9241717873829185,7.77506003982318,21.521555298034922,0.11395933423381457,1.348778346121057,4448.469993053612,0.0,0.1,off,2.0,mean,-1.1786500155857738,0.56,1.4463752486172372,4.075182859121697,4.075182859121697,1.3919709472648996,1.0390843655603856,1.0217285131319112,1.067260872351945,0.35492278472357114,0.33295961094245957,0.3808664814864765,0.35492278472357114,0.33295961094245957,0.3808664814864765,34.75367182073504,0.04161791180160388,0.03897703547321523,0.044837602385169,1.4383230628463273,1.0055983151344146,0.9913029297319753,1.0209711840236786
power,det_nonpar_dt2000ns_ap0.05_tau5000ns,nv_charge_readout_master_v1_4,thin_all_counts,1,P2.000,2.0,2.0,1.0,74.73019645888917,0.9241717873829185,7.77506003982318,21.521555298034922,0.11395933423381457,1.348778346121057,4448.469993053612,0.0,0.1,off,2.0,mean,-1.1786500155857738,0.57,1.761467189637051,4.075182859121697,4.075182859121697,1.6518774501710516,1.066342536157662,1.0461322417932455,1.086131154831477,0.43224249083553784,0.4034770641928023,0.45570786163476984,0.43224249083553784,0.4034770641928023,0.45570786163476984,34.75367182073504,0.05068434779274485,0.04722382572513873,0.053625944878918155,1.6996491996713023,1.0363710287850598,1.0182431363292872,1.0540225757836497
power,det_nonpar_dt2000ns_ap0.05_tau5000ns,nv_charge_readout_master_v1_4,thin_all_counts,1,P2.000,2.0,2.0,1.0,74.73019645888917,0.9241717873829185,7.77506003982318,21.521555298034922,0.11395933423381457,1.348778346121057,4448.469993053612,0.0,0.1,off,2.0,mean,-1.1786500155857738,0.58,2.05012899900292,4.075182859121697,4.075182859121697,1.9457947587939566,1.0536203727229854,1.044200344513499,1.0763533617721721,0.5030765661015696,0.47559367545446013,0.5336124269872198,0.5030765661015696,0.47559367545446013,0.5336124269872198,34.75367182073504,0.05899028481300654,0.05559277412735278,0.0627870566776437,1.9666610276411718,1.042441463062834,1.0178982084190105,1.071227289705584
power,det_nonpar_dt2000ns_ap0.05_tau5000ns,nv_charge_readout_master_v1_4,thin_all_counts,1,P2.000,2.0,2.0,1.0,74.73019645888917,0.9241717873829185,7.77506003982318,21.521555298034922,0.11395933423381457,1.348778346121057,4448.469993053612,0.0,0.1,off,2.0,mean,-1.1786500155857738,0.59,2.362231415136247,4.075182859121697,4.075182859121697,2.168192409568659,1.089493443806581,1.0733548374110125,1.1085409680668115,0.5796626793933283,0.5504088871444136,0.6121873928451035,0.5796626793933283,0.5504088871444136,0.6121873928451035,34.75367182073504,0.06797070040026308,0.06432840444842489,0.07208929136646436,2.2336728556110415,1.0575547843554007,1.0354028409309581,1.082282066210366
power,det_nonpar_dt2000ns_ap0.05_tau5000ns,nv_charge_readout_master_v1_4,thin_all_counts,1,P2.000,2.0,2.0,1.0,74.73019645888917,0.9241717873829185,7.77506003982318,21.521555298034922,0.11395933423381457,1.348778346121057,4448.469993053612,0.0,0.1,off,2.0,mean,-1.1786500155857738,0.6,2.657559299641408,4.075182859121697,4.075182859121697,2.4160093471651454,1.0999788981610061,1.0818286504158554,1.1179893171657147,0.6521325279165946,0.6257985681394556,0.6782092029189648,0.6521325279165946,0.6257985681394556,0.6782092029189648,34.75367182073504,0.07646844665362328,0.07310335708148447,0.07980023279525345,2.500684683580911,1.062732665613746,1.047144984592356,1.083413160875271
power,det_nonpar_dt2000ns_ap0.05_tau5000ns,nv_charge_readout_master_v1_4,thin_all_counts,1,P2.000,2.0,2.0,1.0,74.73019645888917,0.9241717873829185,7.77506003982318,21.521555298034922,0.11395933423381457,1.348778346121057,4448.469993053612,0.0,0.1,off,2.0,mean,-1.1786500155857738,0.61,2.919711394859994,4.075182859121697,4.075182859121697,2.6921509086689337,1.0845273886609765,1.0676226747253086,1.100435570040921,0.716461443766787,0.6890630125805529,0.7506732983778006,0.716461443766787,0.6890630125805529,0.7506732983778006,34.75367182073504,0.08401159480127247,0.08055096887440337,0.08823078125172126,2.7676965115507803,1.0549246937569892,1.0420075229165986,1.0732127925501398
power,det_nonpar_dt2000ns_ap0.05_tau5000ns,nv_charge_readout_master_v1_4,thin_all_counts,1,P2.000,2.0,2.0,1.0,74.73019645888917,0.9241717873829185,7.77506003982318,21.521555298034922,0.11395933423381457,1.348778346121057,4448.469993053612,0.0,0.1,off,2.0,mean,-1.1786500155857738,0.62,3.2305876460778773,4.075182859121697,4.075182859121697,2.999854501205104,1.076914778626791,0.8040550253038433,1.0892752030029176,0.7927466711945654,0.7585216143072664,0.8343678378159154,0.7927466711945654,0.7585216143072664,0.8343678378159154,34.75367182073504,0.09295672879521223,0.0887501159070074,0.09812312939109108,3.03470833952065,1.0645463367949777,1.0545936428606064,1.0774353673386745
power,det_nonpar_dt2000ns_ap0.05_tau5000ns,nv_charge_readout_master_v1_4,thin_all_counts,1,P2.000,2.0,2.0,1.0,74.73019645888917,0.9241717873829185,7.77506003982318,21.521555298034922,0.11395933423381457,1.348778346121057,4448.469993053612,0.0,0.1,off,2.0,mean,-1.1786500155857738,0.63,3.559097093791503,4.075182859121697,4.075182859121697,4.075182859121697,0.8733588692406742,0.8415375482961975,0.913315176151332,0.8733588692406742,0.8415375482961975,0.913315176151332,0.8733588692406742,0.8415375482961975,0.913315176151332,34.75367182073504,0.10240923929275418,0.09836866192202443,0.10735295627614513,3.313581507266981,1.0740937218493296,1.0682608434637022,1.0817084403223975
power,det_nonpar_dt2000ns_ap0.05_tau5000ns,nv_charge_readout_master_v1_4,thin_all_counts,1,P2.000,2.0,2.0,1.0,74.73019645888917,0.9241717873829185,7.77506003982318,21.521555298034922,0.11395933423381457,1.348778346121057,4448.469993053612,0.0,0.1,off,2.0,mean,-1.1786500155857738,0.64,3.8775840449190526,4.075182859121697,4.075182859121697,4.075182859121697,0.951511669283662,0.9148144388549794,0.9943785282635825,0.951511669283662,0.9148144388549794,0.9943785282635825,0.951511669283662,0.9148144388549794,0.9943785282635825,34.75367182073504,0.11157336309441623,0.10704364303182036,0.11699076931684432,3.601943746834481,1.0765254311166892,1.0732724249613117,1.082013016460915
power,det_nonpar_dt2000ns_ap0.05_tau5000ns,nv_charge_readout_master_v1_4,thin_all_counts,1,P2.000,2.0,2.0,1.0,74.73019645888917,0.9241717873829185,7.77506003982318,21.521555298034922,0.11395933423381457,1.348778346121057,4448.469993053612,0.0,0.1,off,2.0,mean,-1.1786500155857738,0.65,4.240283826981911,4.075182859121697,4.075182859121697,4.075182859121697,1.040513756944835,0.9982074663013928,1.0914021597231927,1.040513756944835,0.9982074663013928,1.0823756598024667,1.040513756944835,0.9982074663013928,1.0823756598024667,34.75367182073504,0.12200966415445161,0.11675864186619236,0.12815179847273944,3.9133820673878725,1.083534332698632,1.0759777212780877,1.096135418894327
power,det_nonpar_dt2000ns_ap0.05_tau5000ns,nv_charge_readout_master_v1_4,thin_all_counts,1,P2.000,2.0,2.0,1.0,74.73019645888917,0.9241717873829185,7.77506003982318,21.521555298034922,0.11395933423381457,1.348778346121057,4448.469993053612,0.0,0.1,off,2.0,mean,-1.1786500155857738,0.66,4.622715777200572,4.57285091450881,4.57285091450881,4.181876676689363,1.1054165712175437,1.0409480563682767,1.1098369334286668,1.0109045459001407,0.9998698572575108,1.0943563763646535,1.0109045459001407,0.9998698572575108,1.0943563763646535,34.75367182073504,0.13301373739860564,0.12792929329908062,0.13820858702196417,4.233391503736025,1.091965100114403,1.0775993486959043,1.1066755525212428
power,det_nonpar_dt2000ns_ap0.05_tau5000ns,nv_charge_readout_master_v1_4,thin_all_counts,1,P2.000,2.0,2.0,1.0,74.73019645888917,0.9241717873829185,7.77506003982318,21.521555298034922,0.11395933423381457,1.348778346121057,4448.469993053612,0.0,0.1,off,2.0,mean,-1.1786500155857738,0.67,4.949641004118773,4.814765139239613,4.814765139239613,4.610601503173387,1.0735347656291767,1.0551280976185242,1.0930698818026976,1.028012968645125,1.0154442944313038,1.043839486466441,1.028012968645125,1.0154442944313038,1.043839486466441,34.75367182073504,0.1424206636251216,0.1378255629248619,0.14824512106403065,4.553400940084176,1.0870206839346046,1.07221659697052,1.1033189990160341
power,det_nonpar_dt2000ns_ap0.05_tau5000ns,nv_charge_readout_master_v1_4,thin_all_counts,1,P2.000,2.0,2.0,1.0,74.73019645888917,0.9241717873829185,7.77506003982318,21.521555298034922,0.11395933423381457,1.348778346121057,4448.469993053612,0.0,0.1,off,2.0,mean,-1.1786500155857738,0.68,5.299349305452099,5.0694771772429705,5.0694771772429705,4.767151097448407,1.1116386280033264,1.0924444955601267,1.1180215959544595,1.0453443462061591,1.0277535185633226,1.064305143151204,1.0453443462061591,1.0277535185633226,1.064305143151204,34.75367182073504,0.1524831486234601,0.1469912721151842,0.15846525161760894,4.873410376432327,1.0874005872929562,1.0689598976664043,1.1047848706197738
power,det_nonpar_dt2000ns_ap0.05_tau5000ns,nv_charge_readout_master_v1_4,thin_all_counts,1,P2.000,2.0,2.0,1.0,74.73019645888917,0.9241717873829185,7.77506003982318,21.521555298034922,0.11395933423381457,1.348778346121057,4448.469993053612,0.0,0.1,off,2.0,mean,-1.1786500155857738,0.69,5.671525438953636,5.337664061978738,5.337664061978738,5.0519204174797885,1.1226474232115764,1.1174995761815898,1.1275300108610313,1.062548218302658,1.043817017724438,1.083466234660319,1.062548218302658,1.043817017724438,1.083466234660319,34.75367182073504,0.16319212163273752,0.15769543877928005,0.16989176344732435,5.1934198127804745,1.0920598841242513,1.0747416130334049,1.1087951114078336
power,det_nonpar_dt2000ns_ap0.05_tau5000ns,nv_charge_readout_master_v1_4,thin_all_counts,1,P2.000,2.0,2.0,1.0,74.73019645888917,0.9241717873829185,7.77506003982318,21.521555298034922,0.11395933423381457,1.348778346121057,4448.469993053612,0.0,0.1,off,2.0,mean,-1.1786500155857738,0.7,6.071898327450936,5.620038643518262,5.620038643518262,5.357529670426035,1.133339188202404,1.1286125310477404,1.1405116368511945,1.0804015261449875,1.0587235436121534,1.1045413423325185,1.0804015261449875,1.0587235436121534,1.1045413423325185,34.75367182073504,0.1747124263234904,0.16887843170605318,0.18247485277267775,5.5134292491286265,1.1012925083622997,1.0840074259345087,1.1196522425990079
power,det_nonpar_dt2000ns_ap0.05_tau5000ns,nv_charge_readout_master_v1_4,thin_all_counts,1,P2.000,2.0,2.0,1.0,74.73019645888917,0.9241717873829185,7.77506003982318,21.521555298034922,0.11395933423381457,1.348778346121057,4448.469993053612,0.0,0.1,off,2.0,mean,-1.1786500155857738,0.71,6.530140117721374,5.917351483324657,5.917351483324657,5.686173905216888,1.1484242702690068,1.1393903737389712,1.1623599825587767,1.1035579238656992,1.0796033540984107,1.1292793974689368,1.1035579238656992,1.0796033540984107,1.1292793974689368,34.75367182073504,0.18789784720891864,0.18116227099547524,0.19566942224639475,5.833438685476778,1.1194323742493668,1.1027218490916606,1.1385049997598256
power,det_nonpar_dt2000ns_ap0.05_tau5000ns,nv_charge_readout_master_v1_4,thin_all_counts,1,P2.000,2.0,2.0,1.0,74.73019645888917,0.9241717873829185,7.77506003982318,21.521555298034922,0.11395933423381457,1.348778346121057,4448.469993053612,0.0,0.1,off,2.0,mean,-1.1786500155857738,0.72,7.018876586724932,6.2303928492712926,6.2303928492712926,6.034977997200409,1.1630326721954825,1.1486364845413517,1.177047896018992,1.126554417438679,1.100411377996761,1.1495088502417732,1.126554417438679,1.100411377996761,1.1495088502417732,34.75367182073504,0.20196072009108598,0.1943418081087622,0.210021908429897,6.15344812182493,1.140641222249119,1.1241491645269481,1.1542795853920698
power,det_nonpar_dt2000ns_ap0.05_tau5000ns,nv_charge_readout_master_v1_4,thin_all_counts,1,P2.000,2.0,2.0,1.0,74.73019645888917,0.9241717873829185,7.77506003982318,21.521555298034922,0.11395933423381457,1.348778346121057,4448.469993053612,0.0,0.1,off,2.0,mean,-1.1786500155857738,0.73,7.517002822327427,6.5599948162013035,6.5599948162013035,6.405178602307249,1.1735820792912288,1.1618398540319517,1.186917861032017,1.1458854820681548,1.1204551613553955,1.168905515763021,1.1458854820681548,1.1204551613553955,1.168905515763021,34.75367182073504,0.21629377353568052,0.2089941577518219,0.225578080599418,6.473457558173081,1.16120369289157,1.1478815520369452,1.1732919212302604
power,det_nonpar_dt2000ns_ap0.05_tau5000ns,nv_charge_readout_master_v1_4,thin_all_counts,1,P2.000,2.0,2.0,1.0,74.73019645888917,0.9241717873829185,7.77506003982318,21.521555298034922,0.11395933423381457,1.348778346121057,4448.469993053612,0.0,0.1,off,2.0,mean,-1.1786500155857738,0.74,8.047023262795184,6.9070334776114795,6.9070334776114795,6.798088236027788,1.1837185666623775,1.1713592024422204,1.1954614967643538,1.1650476704476498,1.139905787226106,1.1863754216525444,1.1650476704476498,1.139905787226106,1.1863754216525444,34.75367182073504,0.23154454885524062,0.22383314877876845,0.24026627808982284,6.863279921502166,1.1724748742338826,1.1624010501369069,1.1826152607025664
power,det_nonpar_dt2000ns_ap0.05_tau5000ns,nv_charge_readout_master_v1_4,thin_all_counts,1,P2.000,2.0,2.0,1.0,74.73019645888917,0.9241717873829185,7.77506003982318,21.521555298034922,0.11395933423381457,1.348778346121057,4448.469993053612,0.0,0.1,off,2.0,mean,-1.1786500155857738,0.75,8.577205469301525,7.272431274339249,7.272431274339249,7.215099926826767,1.1887854023213533,1.1794910792832958,1.1997547980045824,1.1794137539073304,1.1562369649982946,1.2005168460633016,1.1794137539073304,1.1562369649982946,1.2005168460633016,34.75367182073504,0.2467999788207736,0.23886262243339468,0.25669366818463774,7.297528692910025,1.1753575532542655,1.1641446674807117,1.1897001501340962
power,det_nonpar_dt2000ns_ap0.05_tau5000ns,nv_charge_readout_master_v1_4,thin_all_counts,1,P2.000,2.0,2.0,1.0,74.73019645888917,0.9241717873829185,7.77506003982318,21.521555298034922,0.11395933423381457,1.348778346121057,4448.469993053612,0.0,0.1,off,2.0,mean,-1.1786500155857738,0.76,9.142318999219787,7.657159446442539,7.657159446442539,7.61610559671674,1.20039288887499,1.1921923511708856,1.2082681774451551,1.19395698407028,1.1708145583922736,1.2133529955083613,1.19395698407028,1.1708145583922736,1.2133529955083613,34.75367182073504,0.263060520522186,0.25399834537603366,0.2728862176874594,7.731777464317885,1.1824343162243798,1.1677110142863096,1.200412552883346
power,det_nonpar_dt2000ns_ap0.05_tau5000ns,nv_charge_readout_master_v1_4,thin_all_counts,1,P2.000,2.0,2.0,1.0,74.73019645888917,0.9241717873829185,7.77506003982318,21.521555298034922,0.11395933423381457,1.348778346121057,4448.469993053612,0.0,0.1,off,2.0,mean,-1.1786500155857738,0.77,9.701382616660103,8.062240614789632,8.062240614789632,8.027809440624656,1.2084719609270176,1.199985500435182,1.2160279288991371,1.2033109752223938,1.1849301033936999,1.219928619444461,1.2033109752223938,1.1849301033936999,1.219928619444461,34.75367182073504,0.2791469824167465,0.2699460749832916,0.28941813319988147,8.166026235725743,1.1880175665144563,1.1742076940971966,1.2034776742998823
power,det_nonpar_dt2000ns_ap0.05_tau5000ns,nv_charge_readout_master_v1_4,thin_all_counts,1,P2.000,2.0,2.0,1.0,74.73019645888917,0.9241717873829185,7.77506003982318,21.521555298034922,0.11395933423381457,1.348778346121057,4448.469993053612,0.0,0.1,off,2.0,mean,-1.1786500155857738,0.78,10.288906811511666,8.488751499221017,8.488751499221017,9.584049675327497,1.0735448124813776,1.057959120168509,1.2221297036638241,1.2120636129418847,1.1956541943270402,1.2286802291678953,1.2120636129418847,1.1956541943270402,1.2286802291678953,34.75367182073504,0.29605236720262196,0.28631925655735163,0.307479778139891,8.600275007133604,1.196346256715908,1.181302028667366,1.2138495487317233
power,det_nonpar_dt2000ns_ap0.05_tau5000ns,nv_charge_readout_master_v1_4,thin_all_counts,1,P2.000,2.0,2.0,1.0,74.73019645888917,0.9241717873829185,7.77506003982318,21.521555298034922,0.11395933423381457,1.348778346121057,4448.469993053612,0.0,0.1,off,2.0,mean,-1.1786500155857738,0.79,10.946105180637472,8.937825780508206,8.937825780508206,9.584049675327497,1.1421169079305125,1.103874066804927,1.1841644931810813,1.224694399896333,1.207597240589723,1.2379280283303624,1.224694399896333,1.207597240589723,1.2379280283303624,34.75367182073504,0.31496255236278975,0.30369281102313167,0.3275356634395793,9.034523778541462,1.211586293749798,1.1935810881434392,1.2284877389634286
power,det_nonpar_dt2000ns_ap0.05_tau5000ns,nv_charge_readout_master_v1_4,thin_all_counts,1,P2.000,2.0,2.0,1.0,74.73019645888917,0.9241717873829185,7.77506003982318,21.521555298034922,0.11395933423381457,1.348778346121057,4448.469993053612,0.0,0.1,off,2.0,mean,-1.1786500155857738,0.8,11.681665945625683,9.410657113716647,9.410657113716647,9.584049675327497,1.2188653378642373,1.179485301137201,1.244101323929255,1.2413230876937267,0.9943269214790021,1.2496074977932086,1.2413230876937267,0.9943269214790021,1.2496074977932086,34.75367182073504,0.33612753224699743,0.32436484315565484,0.3496152241904206,9.468772549949323,1.2337043565048147,1.2205514150739638,1.2485194138598716
power,det_nonpar_dt2000ns_ap0.05_tau5000ns,nv_charge_readout_master_v1_4,thin_all_counts,1,P2.000,2.0,2.0,1.0,74.73019645888917,0.9241717873829185,7.77506003982318,21.521555298034922,0.11395933423381457,1.348778346121057,4448.469993053612,0.0,0.1,off,2.0,mean,-1.1786500155857738,0.81,12.45396713762277,12.3776089655487,12.3776089655487,9.952531095377237,1.2513366718750976,1.2300224671371214,1.2712757090028528,1.006169056744853,0.9962192187149304,1.0196402478166762,1.006169056744853,0.9962192187149304,1.0196402478166762,34.75367182073504,0.3583496789019103,0.346163670397952,0.3713490599636607,9.903021321357182,1.257592681413715,1.2450396997600748,1.2661357812881084
power,det_nonpar_dt2000ns_ap0.05_tau5000ns,nv_charge_readout_master_v1_4,thin_all_counts,1,P2.000,2.0,2.0,1.0,74.73019645888917,0.9241717873829185,7.77506003982318,21.521555298034922,0.11395933423381457,1.348778346121057,4448.469993053612,0.0,0.1,off,2.0,mean,-1.1786500155857738,0.82,13.251140448105899,12.979525441730454,12.979525441730454,10.577380940701131,1.2527808653573496,1.2396075521631083,1.27852321969161,1.0209264204299933,1.0094497342495927,1.0375722154137488,1.0209264204299933,1.0094497342495927,1.0375722154137488,34.75367182073504,0.38128749435332715,0.3677341830925671,0.3952252285616917,10.532732154713463,1.2580914670061112,1.2453391593091625,1.2706387458411608
power,det_nonpar_dt2000ns_ap0.05_tau5000ns,nv_charge_readout_master_v1_4,thin_all_counts,1,P2.000,2.0,2.0,1.0,74.73019645888917,0.9241717873829185,7.77506003982318,21.521555298034922,0.11395933423381457,1.348778346121057,4448.469993053612,0.0,0.1,off,2.0,mean,-1.1786500155857738,0.83,14.107380020064234,13.610712792869364,13.610712792869364,10.94502297617545,1.2889310557659346,1.1873820784583922,1.2994007141462265,1.036490904977076,1.0209691696618293,1.0571305357493834,1.036490904977076,1.0209691696618293,1.0571305357493834,34.75367182073504,0.405924878753311,0.3916581350725603,0.42206663496117164,11.170941338589246,1.2628640319980253,1.2471406755706567,1.2829847837017812
power,det_nonpar_dt2000ns_ap0.05_tau5000ns,nv_charge_readout_master_v1_4,thin_all_counts,1,P2.000,2.0,2.0,1.0,74.73019645888917,0.9241717873829185,7.77506003982318,21.521555298034922,0.11395933423381457,1.348778346121057,4448.469993053612,0.0,0.1,off,2.0,mean,-1.1786500155857738,0.84,15.122819887460555,14.272594445893672,14.272594445893672,12.504112851952478,1.2094276552453838,1.1965848224887947,1.252976916559341,1.059570489779558,1.0398597894027821,1.0842157222838709,1.059570489779558,1.0398597894027821,1.0842157222838709,34.75367182073504,0.4351430825918614,0.4196425310790515,0.4532924309782523,11.80915052246503,1.280601839962307,1.2631782726891914,1.3027903567352417
power,det_nonpar_dt2000ns_ap0.05_tau5000ns,nv_charge_readout_master_v1_4,thin_all_counts,1,P2.000,2.0,2.0,1.0,74.73019645888917,0.9241717873829185,7.77506003982318,21.521555298034922,0.11395933423381457,1.348778346121057,4448.469993053612,0.0,0.1,off,2.0,mean,-1.1786500155857738,0.85,16.21334843725312,14.966663048218663,14.966663048218663,12.580145430152752,1.288804531495488,1.250736971767328,1.3343280109059454,1.0832974848847712,1.059880754838923,1.110494405417488,1.0832974848847712,1.059880754838923,1.110494405417488,34.75367182073504,0.46652188352598095,0.4503250344561561,0.4852647731571461,12.447359706340814,1.3025532176911279,1.2839380114984744,1.3254345875263696
power,det_nonpar_dt2000ns_ap0.05_tau5000ns,nv_charge_readout_master_v1_4,thin_all_counts,1,P2.000,2.0,2.0,1.0,74.73019645888917,0.9241717873829185,7.77506003982318,21.521555298034922,0.11395933423381457,1.348778346121057,4448.469993053612,0.0,0.1,off,2.0,mean,-1.1786500155857738,0.86,17.41897222588151,15.694483833901733,15.694483833901733,13.056014594728529,1.3341722391237645,1.3207527656653413,1.3654914788393586,1.109878630621461,1.0846845528669788,1.136552128774037,1.109878630621461,1.0846845528669788,1.136552128774037,34.75367182073504,0.5012124277322793,0.4841298288888218,0.519483407879559,13.0855688902166,1.33115895625331,1.3132203520673553,1.34852556288596
power,det_nonpar_dt2000ns_ap0.05_tau5000ns,nv_charge_readout_master_v1_4,thin_all_counts,1,P2.000,2.0,2.0,1.0,74.73019645888917,0.9241717873829185,7.77506003982318,21.521555298034922,0.11395933423381457,1.348778346121057,4448.469993053612,0.0,0.1,off,2.0,mean,-1.1786500155857738,0.87,18.725838490960385,16.457698153491847,16.457698153491847,13.792008973778989,1.3577310257382709,1.3201604730095569,1.3738580662316269,1.1378163772548777,1.1113339676955625,1.1662527674688816,1.1378163772548777,1.1113339676955625,1.1662527674688816,34.75367182073504,0.5388161166840509,0.520627541461699,0.5598717691618627,13.723778074092383,1.3644812958838823,1.346375167043067,1.3748106294461926
power,det_nonpar_dt2000ns_ap0.05_tau5000ns,nv_charge_readout_master_v1_4,thin_all_counts,1,P2.000,2.0,2.0,1.0,74.73019645888917,0.9241717873829185,7.77506003982318,21.521555298034922,0.11395933423381457,1.348778346121057,4448.469993053612,0.0,0.1,off,2.0,mean,-1.1786500155857738,0.88,20.246841509971663,17.258027175533606,17.258027175533606,15.166988944263244,1.3349282170888521,1.3191289340455823,1.3650073664036753,1.1731840090433538,1.145563773866967,1.2058536536684121,1.1731840090433538,1.145563773866967,1.2058536536684121,34.75367182073504,0.5825813633278258,0.560670392930136,0.6044299720483537,14.82477783699304,1.3657433340720064,1.3522073285985856,1.3807451453289674
power,det_nonpar_dt2000ns_ap0.05_tau5000ns,nv_charge_readout_master_v1_4,thin_all_counts,1,P2.000,2.0,2.0,1.0,74.73019645888917,0.9241717873829185,7.77506003982318,21.521555298034922,0.11395933423381457,1.348778346121057,4448.469993053612,0.0,0.1,off,2.0,mean,-1.1786500155857738,0.89,22.06666240729837,18.097275768073516,18.097275768073516,15.676800214908903,1.4075998995198395,1.3658367887884908,1.4422305399598623,1.2193361415328314,1.179874236149998,1.263637575801313,1.2193361415328314,1.179874236149998,1.263637575801313,34.75367182073504,0.6349447770906544,0.6057272177093111,0.6642498808415342,15.971703382545023,1.3816098307594629,1.35197449115261,1.4055640129271765
power,det_nonpar_dt2000ns_ap0.05_tau5000ns,nv_charge_readout_master_v1_4,thin_all_counts,1,P2.000,2.0,2.0,1.0,74.73019645888917,0.9241717873829185,7.77506003982318,21.521555298034922,0.11395933423381457,1.348778346121057,4448.469993053612,0.0,0.1,off,2.0,mean,-1.1786500155857738,0.9,24.504784177295768,18.977336568921856,18.977336568921856,16.99713353264283,1.4417009862418606,1.4155341565589525,1.48883735371509,1.2912657204713285,1.2520275148144187,1.346820354828958,1.2912657204713285,1.2520275148144187,1.346820354828958,34.75367182073504,0.7050991418603287,0.6715838354020536,0.7469134749411639,17.118628928097003,1.4314688565435159,1.4034691208256815,1.472644156926636
power,det_nonpar_dt2000ns_ap0.05_tau5000ns,nv_charge_readout_master_v1_4,thin_all_counts,1,P2.000,2.0,2.0,1.0,74.73019645888917,0.9241717873829185,7.77506003982318,21.521555298034922,0.11395933423381457,1.348778346121057,4448.469993053612,0.0,0.1,off,2.0,mean,-1.1786500155857738,0.91,27.983189756489338,19.90019425384907,19.90019425384907,18.82856979802994,1.4862089928581437,1.4687671062419825,1.5779397202739993,1.4061767136306655,1.351665666223869,1.4946175499285712,1.4061767136306655,1.351665666223869,1.4946175499285712,34.75367182073504,0.8051865685108346,0.7629410986426554,0.8717699795339016,18.605211591498037,1.5040511428140235,1.4654397757899926,1.5814646557101832
power,det_nonpar_dt2000ns_ap0.05_tau5000ns,nv_charge_readout_master_v1_4,thin_all_counts,1,P2.000,2.0,2.0,1.0,74.73019645888917,0.9241717873829185,7.77506003982318,21.521555298034922,0.11395933423381457,1.348778346121057,4448.469993053612,0.0,0.1,off,2.0,mean,-1.1786500155857738,0.92,39.39129264989229,43.916192179153185,43.761985499541325,21.277833423511264,1.8512830637336548,1.539497033405586,2.0085868236207243,0.8969651214112129,0.7467790362112865,1.5599156104446814,0.9001258101121842,0.7530602354760372,1.5599156104446814,34.95666029792744,1.1268608704083718,0.8977641947352061,1.2165399604082605,20.79278873216198,1.8944689506204822,1.550432203489733,2.0115461744086542
power,det_nonpar_dt2000ns_ap0.05_tau5000ns,nv_charge_readout_master_v1_4,thin_all_counts,1,P2.000,2.0,2.0,1.0,74.73019645888917,0.9241717873829185,7.77506003982318,21.521555298034922,0.11395933423381457,1.348778346121057,4448.469993053612,0.0,0.1,off,2.0,mean,-1.1786500155857738,0.93,45.313021493500905,46.381993928927,46.195427257131556,30.28029521000241,1.4964524348009913,1.459932334368969,1.750960053966352,0.9769528572431766,0.9483399283513515,1.000395638388345,0.9808984175269333,0.9525483789894351,1.0065006761743935,36.38088698990184,1.2455172273858617,1.2097686372775855,1.2792535739528423,22.980365872825924,1.9718146240257708,1.8990891576495192,2.026486075095026
power,det_nonpar_dt2000ns_ap0.05_tau5000ns,nv_charge_readout_master_v1_4,thin_all_counts,1,P2.000,2.0,2.0,1.0,74.73019645888917,0.9241717873829185,7.77506003982318,21.521555298034922,0.11395933423381457,1.348778346121057,4448.469993053612,0.0,0.1,off,2.0,mean,-1.1786500155857738,0.94,49.14746485839831,48.986245256578194,48.764183688404586,30.350835965557813,1.6193117354056061,1.5796275063026168,1.6798154230986564,1.003291119802624,0.9791376489294937,1.0350715185839248,1.0078598910307375,0.98591037076677,1.0422466151188077,37.86314043994878,1.298029278272534,1.2701892889963917,1.341708727760906,25.167943013489847,1.952780361591553,1.8859304526511316,2.014502458426852
power,det_nonpar_dt2000ns_ap0.05_tau5000ns,nv_charge_readout_master_v1_4,thin_all_counts,1,P2.000,2.0,2.0,1.0,74.73019645888917,0.9241717873829185,7.77506003982318,21.521555298034922,0.11395933423381457,1.348778346121057,4448.469993053612,0.0,0.1,off,2.0,mean,-1.1786500155857738,0.95,55.40098009495959,51.73671981447619,51.47577914065864,32.69493683667985,1.6944819429290423,1.636282397873358,1.7599115137378567,1.0708251372260003,1.0369789966629783,1.1051565694090808,1.0762533568180728,1.0454432456491223,1.1132591524712483,39.443682865517935,1.404559008443699,1.35992277760714,1.4449141207905571,29.089010222708172,1.904533006479235,1.8338500196816363,1.9801205965069377
power,det_nonpar_dt2000ns_ap0.05_tau5000ns,nv_charge_readout_master_v1_4,thin_all_counts,1,P2.000,2.0,2.0,1.0,74.73019645888917,0.9241717873829185,7.77506003982318,21.521555298034922,0.11395933423381457,1.348778346121057,4448.469993053612,0.0,0.1,off,2.0,mean,-1.1786500155857738,0.96,65.01142088131716,54.64162772920772,54.338156362247084,39.33228199548144,1.6528769138995238,1.1167723925559925,2.186797101234591,1.1897782621612214,1.1322966837205752,1.594633867556446,1.196423015310207,0.7025365431714847,1.6142941512999218,47.58156770197345,1.3663152355238772,1.308302890493178,1.820475627752427,33.60950857712756,1.9343163180183982,1.8603577182014428,2.6302874456921694
power,det_nonpar_dt2000ns_ap0.05_tau5000ns,nv_charge_readout_master_v1_4,thin_all_counts,1,P2.000,2.0,2.0,1.0,74.73019645888917,0.9241717873829185,7.77506003982318,21.521555298034922,0.11395933423381457,1.348778346121057,4448.469993053612,0.0,0.1,off,2.0,mean,-1.1786500155857738,0.97,nan,nan,140.8520708976298,91.52991788365448,nan,nan,nan,nan,nan,nan,nan,nan,nan,59.783939398952924,nan,nan,nan,44.12919222344955,nan,nan,nan
power,det_nonpar_dt2000ns_ap0.05_tau5000ns,nv_charge_readout_master_v1_4,thin_all_counts,1,P2.000,2.0,2.0,1.0,74.73019645888917,0.9241717873829185,7.77506003982318,21.521555298034922,0.11395933423381457,1.348778346121057,4448.469993053612,0.0,0.1,off,2.0,mean,-1.1786500155857738,0.98,nan,nan,nan,nan,nan,nan,nan,nan,nan,nan,nan,nan,nan,nan,nan,nan,nan,nan,nan,nan,nan
power,det_nonpar_dt2000ns_ap0.05_tau5000ns,nv_charge_readout_master_v1_4,thin_all_counts,1,P2.000,2.0,2.0,1.0,74.73019645888917,0.9241717873829185,7.77506003982318,21.521555298034922,0.11395933423381457,1.348778346121057,4448.469993053612,0.0,0.1,off,2.0,mean,-1.1786500155857738,0.99,nan,nan,nan,nan,nan,nan,nan,nan,nan,nan,nan,nan,nan,nan,nan,nan,nan,nan,nan,nan,nan
power,det_nonpar_dt2000ns_ap0.05_tau5000ns,nv_charge_readout_master_v1_4,thin_all_counts,2,P4.000,4.0,4.0,1.0,37.306330022850005,0.9253066922092468,7.6135460406413324,15.13912743536896,0.1160962041976319,5.219059896625113,1149.6323320374,0.0,0.1,off,2.0,mean,-1.243782928629823,0.55,0.6293880533034537,2.1122683940190705,2.1122683940190705,0.5938568060374139,1.0598313379670206,1.0311466719933577,1.0926047571487851,0.2979678411538886,0.2808109341680924,0.31976358094998564,0.2979678411538886,0.2808109341680924,0.31976358094998564,8.981502594041087,0.07007603089944334,0.0659467312433802,0.07544522502675932,0.6207968985505895,1.0138389137782784,0.9933933612598931,1.0450563046932484
power,det_nonpar_dt2000ns_ap0.05_tau5000ns,nv_charge_readout_master_v1_4,thin_all_counts,2,P4.000,4.0,4.0,1.0,37.306330022850005,0.9253066922092468,7.6135460406413324,15.13912743536896,0.1160962041976319,5.219059896625113,1149.6323320374,0.0,0.1,off,2.0,mean,-1.243782928629823,0.56,0.7704145271036952,2.1122683940190705,2.1122683940190705,0.7498155186874618,1.02747210200756,1.0176794022317768,1.049205907945189,0.3647332551512578,0.3425909879842974,0.39082237288165367,0.3647332551512578,0.3425909879842974,0.39082237288165367,8.981502594041087,0.08577791065994217,0.08046097679341312,0.09231835196465851,0.7536858247748359,1.0221958563886444,1.0003636250612444,1.0471389353088403
power,det_nonpar_dt2000ns_ap0.05_tau5000ns,nv_charge_readout_master_v1_4,thin_all_counts,2,P4.000,4.0,4.0,1.0,37.306330022850005,0.9253066922092468,7.6135460406413324,15.13912743536896,0.1160962041976319,5.219059896625113,1149.6323320374,0.0,0.1,off,2.0,mean,-1.243782928629823,0.57,0.9179270048444643,2.1122683940190705,2.1122683940190705,0.8795504203642298,1.0436320460904815,1.0233127903074297,1.0678763044631505,0.4345693035239237,0.4051931234779931,0.4690165096749308,0.4345693035239237,0.4051931234779931,0.4690165096749308,8.981502594041087,0.10220194173895544,0.09516339067913325,0.11071354864675503,0.8871056273778084,1.0347437514941267,1.0178031023667158,1.0655642343816756
power,det_nonpar_dt2000ns_ap0.05_tau5000ns,nv_charge_readout_master_v1_4,thin_all_counts,2,P4.000,4.0,4.0,1.0,37.306330022850005,0.9253066922092468,7.6135460406413324,15.13912743536896,0.1160962041976319,5.219059896625113,1149.6323320374,0.0,0.1,off,2.0,mean,-1.243782928629823,0.58,1.0949485899204592,2.1122683940190705,2.1122683940190705,1.0317323697395366,1.061271917054305,1.0366252757642163,1.0755107539460147,0.5183756917543375,0.48513850913696477,0.5494794009839122,0.5183756917543375,0.48513850913696477,0.5494794009839122,8.981502594041087,0.12191151518977673,0.11357525247463368,0.12977142002481154,1.0276391734557317,1.0654990761381549,1.041950353653515,1.088874294138586
power,det_nonpar_dt2000ns_ap0.05_tau5000ns,nv_charge_readout_master_v1_4,thin_all_counts,2,P4.000,4.0,4.0,1.0,37.306330022850005,0.9253066922092468,7.6135460406413324,15.13912743536896,0.1160962041976319,5.219059896625113,1149.6323320374,0.0,0.1,off,2.0,mean,-1.243782928629823,0.59,1.2394622111199338,2.1122683940190705,2.1122683940190705,1.1808068821971922,1.0496739389032002,1.0376760007749493,1.0638078335134817,0.5867920074122661,0.5607801870011023,0.6207434960660513,0.5867920074122661,0.5607801870011023,0.6207434960660513,8.981502594041087,0.13800165374803472,0.1314368065446956,0.14656226173948264,1.168172719533655,1.061026499244682,1.04530381093891,1.0806852575366839
power,det_nonpar_dt2000ns_ap0.05_tau5000ns,nv_charge_readout_master_v1_4,thin_all_counts,2,P4.000,4.0,4.0,1.0,37.306330022850005,0.9253066922092468,7.6135460406413324,15.13912743536896,0.1160962041976319,5.219059896625113,1149.6323320374,0.0,0.1,off,2.0,mean,-1.243782928629823,0.6,1.3857224620313147,2.1122683940190705,2.1122683940190705,1.3001248451260805,1.0658379979631365,1.050649246921269,1.0882658302161634,0.6560352206921313,0.6283408412758369,0.6943043942787175,0.6560352206921313,0.6283408412758369,0.6943043942787175,8.981502594041087,0.1542862619614109,0.14721850384964386,0.16399736867811743,1.3087062656115784,1.0588491080416318,1.0515749406771777,1.0758825344943475
power,det_nonpar_dt2000ns_ap0.05_tau5000ns,nv_charge_readout_master_v1_4,thin_all_counts,2,P4.000,4.0,4.0,1.0,37.306330022850005,0.9253066922092468,7.6135460406413324,15.13912743536896,0.1160962041976319,5.219059896625113,1149.6323320374,0.0,0.1,off,2.0,mean,-1.243782928629823,0.61,1.547265905098376,2.1122683940190705,2.1122683940190705,1.431499628261681,1.080870630038007,1.0623046026938168,1.1000853168919964,0.7325138744107944,0.6982809386245932,0.7767992627797482,0.7325138744107944,0.6982809386245932,0.7767992627797482,8.981502594041087,0.17227249994059265,0.16382103195445066,0.18340878614206535,1.4534301216703431,1.0645616063881989,1.055323630496915,1.082523995935415
power,det_nonpar_dt2000ns_ap0.05_tau5000ns,nv_charge_readout_master_v1_4,thin_all_counts,2,P4.000,4.0,4.0,1.0,37.306330022850005,0.9253066922092468,7.6135460406413324,15.13912743536896,0.1160962041976319,5.219059896625113,1149.6323320374,0.0,0.1,off,2.0,mean,-1.243782928629823,0.62,1.713691444169443,2.1122683940190705,2.1122683940190705,1.5761495470187779,1.0872644968307863,1.0719436736698154,1.1004979609750332,0.8113038328944343,0.777394769616204,0.8571817736052915,0.8113038328944343,0.777394769616204,0.8571817736052915,8.981502594041087,0.1908023102177154,0.18233038942094507,0.20231419281365595,1.6016996246359736,1.0699206129606995,1.05885039878165,1.0886915154330692
power,det_nonpar_dt2000ns_ap0.05_tau5000ns,nv_charge_readout_master_v1_4,thin_all_counts,2,P4.000,4.0,4.0,1.0,37.306330022850005,0.9253066922092468,7.6135460406413324,15.13912743536896,0.1160962041976319,5.219059896625113,1149.6323320374,0.0,0.1,off,2.0,mean,-1.243782928629823,0.63,1.8806897422245628,2.1122683940190705,2.1122683940190705,1.7354160249305866,1.083711176574958,0.9181691767551773,1.0963780025951095,0.8903649496199312,0.8546602633151249,0.933582569968912,0.8903649496199312,0.8546602633151249,0.933582569968912,8.981502594041087,0.20939589144831228,0.20026666597081905,0.2206502147002546,1.7499691276016043,1.0746988118596787,1.0648232224346696,1.0905043146124762
power,det_nonpar_dt2000ns_ap0.05_tau5000ns,nv_charge_readout_master_v1_4,thin_all_counts,2,P4.000,4.0,4.0,1.0,37.306330022850005,0.9253066922092468,7.6135460406413324,15.13912743536896,0.1160962041976319,5.219059896625113,1149.6323320374,0.0,0.1,off,2.0,mean,-1.243782928629823,0.64,2.0435945728525287,2.1122683940190705,2.1122683940190705,2.1122683940190705,0.9674881178163754,0.9314434832179906,1.0182997093601793,0.9674881178163754,0.9301794752605118,1.0143100232687916,0.9674881178163754,0.9301794752605118,1.0143100232687916,8.981502594041087,0.22753370624291555,0.21826961639279827,0.23947117461940134,1.898238630567235,1.0765741145210275,1.069551705809971,1.0914464622150108
power,det_nonpar_dt2000ns_ap0.05_tau5000ns,nv_charge_readout_master_v1_4,thin_all_counts,2,P4.000,4.0,4.0,1.0,37.306330022850005,0.9253066922092468,7.6135460406413324,15.13912743536896,0.1160962041976319,5.219059896625113,1149.6323320374,0.0,0.1,off,2.0,mean,-1.243782928629823,0.65,2.216443773994418,2.1122683940190705,2.1122683940190705,2.1122683940190705,1.0493191964952568,0.9971837652346054,1.0828764149487407,1.0493191964952568,0.9953169043047938,1.0828764149487407,1.0493191964952568,0.9953169043047938,1.0828764149487407,8.981502594041087,0.24677872669824208,0.2364272342270205,0.2590659820188987,2.046508133532866,1.0830368751910082,1.0750945280647632,1.091634083052385
power,det_nonpar_dt2000ns_ap0.05_tau5000ns,nv_charge_readout_master_v1_4,thin_all_counts,2,P4.000,4.0,4.0,1.0,37.306330022850005,0.9253066922092468,7.6135460406413324,15.13912743536896,0.1160962041976319,5.219059896625113,1149.6323320374,0.0,0.1,off,2.0,mean,-1.243782928629823,0.66,2.401314227624789,2.3833739645966245,2.3833739645966245,2.356718141985053,1.0189229610640553,0.9973305126806851,1.0871413600575268,1.0075272547634802,0.9949057271849252,1.0871413600575268,1.0075272547634802,0.9949057271849252,1.0871413600575268,8.981502594041087,0.26736219273799205,0.2565120156478983,0.28031709194051324,2.2030044720871724,1.0900178633544642,1.0811355461119556,1.0975358403026552
power,det_nonpar_dt2000ns_ap0.05_tau5000ns,nv_charge_readout_master_v1_4,thin_all_counts,2,P4.000,4.0,4.0,1.0,37.306330022850005,0.9253066922092468,7.6135460406413324,15.13912743536896,0.1160962041976319,5.219059896625113,1149.6323320374,0.0,0.1,off,2.0,mean,-1.243782928629823,0.67,2.5974025005870836,2.5098036637742696,2.5098036637742696,2.424973485242479,1.0711055260578912,1.0462857195168758,1.10292396981465,1.0349026651276307,1.0192975311677783,1.0592516423598821,1.0349026651276307,1.0192975311677783,1.0592516423598821,8.981502594041087,0.28919465015913587,0.2780047221935768,0.3043586481090162,2.380890583172036,1.0909373655998047,1.0778721565527616,1.1040091115275428
power,det_nonpar_dt2000ns_ap0.05_tau5000ns,nv_charge_readout_master_v1_4,thin_all_counts,2,P4.000,4.0,4.0,1.0,37.306330022850005,0.9253066922092468,7.6135460406413324,15.13912743536896,0.1160962041976319,5.219059896625113,1149.6323320374,0.0,0.1,off,2.0,mean,-1.243782928629823,0.68,2.805481947589515,2.642940018756496,2.642940018756496,2.510131981495104,1.1176631222070212,1.0987741955067452,1.1259478997340475,1.0615004228924934,1.0414591887582414,1.0846088573978023,1.0615004228924934,1.0414591887582414,1.0846088573978023,8.981502594041087,0.3123622042319349,0.3003202131290995,0.32749194174680546,2.5587766942568995,1.0964153120068425,1.079090233257588,1.1125863483859082
power,det_nonpar_dt2000ns_ap0.05_tau5000ns,nv_charge_readout_master_v1_4,thin_all_counts,2,P4.000,4.0,4.0,1.0,37.306330022850005,0.9253066922092468,7.6135460406413324,15.13912743536896,0.1160962041976319,5.219059896625113,1149.6323320374,0.0,0.1,off,2.0,mean,-1.243782928629823,0.69,3.0239844182220486,2.7831387943072277,2.7831387943072277,2.673102027425771,1.1312641220560449,1.1234936425543138,1.1418334910889572,1.0865374103538992,1.0667662521302412,1.1119960906774844,1.0865374103538992,1.0667662521302412,1.1119960906774844,8.981502594041087,0.33669025717682877,0.32426807275881403,0.35214909502259073,2.7366628053417608,1.104989775254539,1.0873920422960632,1.1253462280476958
power,det_nonpar_dt2000ns_ap0.05_tau5000ns,nv_charge_readout_master_v1_4,thin_all_counts,2,P4.000,4.0,4.0,1.0,37.306330022850005,0.9253066922092468,7.6135460406413324,15.13912743536896,0.1160962041976319,5.219059896625113,1149.6323320374,0.0,0.1,off,2.0,mean,-1.243782928629823,0.7,3.2374622548295653,2.93077462727373,2.93077462727373,2.8423297255166986,1.139017132940492,1.1320449778368082,1.1479492128624318,1.104643879710779,1.085048284817653,1.1253913273410223,1.104643879710779,1.085048284817653,1.1253913273410223,8.981502594041087,0.3604588676484387,0.3483356561027654,0.3745667484807506,2.9145489164266243,1.1107935902475257,1.0948930107823027,1.128290046937067
power,det_nonpar_dt2000ns_ap0.05_tau5000ns,nv_charge_readout_master_v1_4,thin_all_counts,2,P4.000,4.0,4.0,1.0,37.306330022850005,0.9253066922092468,7.6135460406413324,15.13912743536896,0.1160962041976319,5.219059896625113,1149.6323320374,0.0,0.1,off,2.0,mean,-1.243782928629823,0.71,3.4556777750217567,3.0862420276849796,3.0862420276849796,3.004866375161255,1.1500271038961953,1.14204985391322,1.1585166775247904,1.119704075060469,1.0986927877125254,1.1435833641196091,1.119704075060469,1.0986927877125254,1.1435833641196091,8.981502594041087,0.38475497154724175,0.37140148478779283,0.3992854132109572,3.092435027511488,1.1174617232953068,1.0991490443728686,1.1354651159114517
power,det_nonpar_dt2000ns_ap0.05_tau5000ns,nv_charge_readout_master_v1_4,thin_all_counts,2,P4.000,4.0,4.0,1.0,37.306330022850005,0.9253066922092468,7.6135460406413324,15.13912743536896,0.1160962041976319,5.219059896625113,1149.6323320374,0.0,0.1,off,2.0,mean,-1.243782928629823,0.72,3.680447116682301,3.249956432954845,3.249956432954845,3.176250666697975,1.158739502291388,1.1490777744099636,1.1675476084815377,1.1324604475808484,1.1107519778926898,1.151736239273251,1.1324604475808484,1.1107519778926898,1.151736239273251,8.981502594041087,0.40978077756434084,0.39495247505780134,0.4253564932847438,3.2703211385963513,1.1254084723502045,1.1080847376427518,1.1413689990727163
power,det_nonpar_dt2000ns_ap0.05_tau5000ns,nv_charge_readout_master_v1_4,thin_all_counts,2,P4.000,4.0,4.0,1.0,37.306330022850005,0.9253066922092468,7.6135460406413324,15.13912743536896,0.1160962041976319,5.219059896625113,1149.6323320374,0.0,0.1,off,2.0,mean,-1.243782928629823,0.73,3.916500962738255,3.4223553180070594,3.4223553180070594,3.3546444223679397,1.1674861683175703,1.1560394064869328,1.1797909227696537,1.1443875924078366,1.1244774843073395,1.1649451686966072,1.1443875924078366,1.1244774843073395,1.1649451686966072,8.981502594041087,0.4360629996740987,0.42082174438080244,0.4521294621913923,3.4482072496812144,1.1358078790363701,1.1215642867761881,1.150235457963796
power,det_nonpar_dt2000ns_ap0.05_tau5000ns,nv_charge_readout_master_v1_4,thin_all_counts,2,P4.000,4.0,4.0,1.0,37.306330022850005,0.9253066922092468,7.6135460406413324,15.13912743536896,0.1160962041976319,5.219059896625113,1149.6323320374,0.0,0.1,off,2.0,mean,-1.243782928629823,0.74,4.18737700762742,3.6038993642884734,3.6038993642884734,3.543057642935843,1.1818540451850177,1.1673079146307996,1.1967197796429563,1.1619017581680293,1.1386951642460146,1.183005974521424,1.1619017581680293,1.1386951642460146,1.183005974521424,8.981502594041087,0.4662223234679683,0.44729110236923564,0.48449305928280684,3.6260933607660784,1.154790180786399,1.1404102180019497,1.1673903284159421
power,det_nonpar_dt2000ns_ap0.05_tau5000ns,nv_charge_readout_master_v1_4,thin_all_counts,2,P4.000,4.0,4.0,1.0,37.306330022850005,0.9253066922092468,7.6135460406413324,15.13912743536896,0.1160962041976319,5.219059896625113,1149.6323320374,0.0,0.1,off,2.0,mean,-1.243782928629823,0.75,4.488221472160856,3.7950736907943905,3.7950736907943905,3.742053070502516,1.1994008068833022,1.1835894726158926,1.213764639147049,1.1826440901655786,1.1609891257943372,1.2007507537558055,1.1826440901655786,1.1609891257943372,1.2007507537558055,8.981502594041087,0.4997183294406255,0.4794111195191228,0.5186244833446114,3.8039794718509414,1.1798753135691809,1.1663832752023242,1.1863651481251454
power,det_nonpar_dt2000ns_ap0.05_tau5000ns,nv_charge_readout_master_v1_4,thin_all_counts,2,P4.000,4.0,4.0,1.0,37.306330022850005,0.9253066922092468,7.6135460406413324,15.13912743536896,0.1160962041976319,5.219059896625113,1149.6323320374,0.0,0.1,off,2.0,mean,-1.243782928629823,0.76,4.766047406313207,3.996389150395518,3.996389150395518,3.952225053514569,1.2059149825172366,1.1952418214130742,1.215101113045251,1.1925884159307951,1.1763149938435755,1.2064110428820043,1.1925884159307951,1.1763149938435755,1.2064110428820043,8.981502594041087,0.5306514535190706,0.5120811824220273,0.5498188746814909,4.0442162226256055,1.1784848148447835,1.1667515179978323,1.1884684234897709
power,det_nonpar_dt2000ns_ap0.05_tau5000ns,nv_charge_readout_master_v1_4,thin_all_counts,2,P4.000,4.0,4.0,1.0,37.306330022850005,0.9253066922092468,7.6135460406413324,15.13912743536896,0.1160962041976319,5.219059896625113,1149.6323320374,0.0,0.1,off,2.0,mean,-1.243782928629823,0.77,5.0491887060745,4.208383694930547,4.208383694930547,4.1742013219311795,1.2096179164972596,1.1656862768406897,1.2160712325773764,1.1997928592292555,1.1868835147868961,1.2121121632916954,1.1997928592292555,1.1868835147868961,1.2121121632916954,8.981502594041087,0.5621763901092074,0.5446113904350853,0.5832805345259537,4.299503127808153,1.1743656315581121,1.1605968111872882,1.189238028494496
power,det_nonpar_dt2000ns_ap0.05_tau5000ns,nv_charge_readout_master_v1_4,thin_all_counts,2,P4.000,4.0,4.0,1.0,37.306330022850005,0.9253066922092468,7.6135460406413324,15.13912743536896,0.1160962041976319,5.219059896625113,1149.6323320374,0.0,0.1,off,2.0,mean,-1.243782928629823,0.78,5.3864277974144485,4.431623812712158,4.431623812712158,4.586991401345429,1.1742833866735685,1.1457355761159158,1.2171897134092822,1.215452399629099,1.1962154939114829,1.2285161881768312,1.215452399629099,1.1962154939114829,1.2285161881768312,8.981502594041087,0.5997245718091931,0.5751892351773256,0.6233250789657296,4.5547900329907,1.1825853131319186,1.1653315096452497,1.2028232245637365
power,det_nonpar_dt2000ns_ap0.05_tau5000ns,nv_charge_readout_master_v1_4,thin_all_counts,2,P4.000,4.0,4.0,1.0,37.306330022850005,0.9253066922092468,7.6135460406413324,15.13912743536896,0.1160962041976319,5.219059896625113,1149.6323320374,0.0,0.1,off,2.0,mean,-1.243782928629823,0.79,5.776442713815945,5.72252256364164,5.72252256364164,4.7439399956659445,1.2176466648172812,1.2034512177992813,1.238533998491466,1.0094224443109916,0.9997032453475617,1.2372959597471065,1.0094224443109916,0.9997032453475617,1.2372959597471065,8.981502594041087,0.6431488109404336,0.6174872027814757,0.6679027208548832,4.810076938173246,1.2009044321045106,1.1821593742557952,1.2227617604264098
power,det_nonpar_dt2000ns_ap0.05_tau5000ns,nv_charge_readout_master_v1_4,thin_all_counts,2,P4.000,4.0,4.0,1.0,37.306330022850005,0.9253066922092468,7.6135460406413324,15.13912743536896,0.1160962041976319,5.219059896625113,1149.6323320374,0.0,0.1,off,2.0,mean,-1.243782928629823,0.8,6.173608524801342,5.981616921642944,5.981616921642944,5.653090616257215,1.0920766964264144,1.0824559339915263,1.2497951946923516,1.032096940622146,1.0151944727463884,1.0492133649029236,1.032096940622146,1.0151944727463884,1.0492133649029236,8.981502594041087,0.6873692302774944,0.6608807580682136,0.7126406778302787,5.065363843355793,1.2187887614231754,1.202373269517044,1.2372575843697284
power,det_nonpar_dt2000ns_ap0.05_tau5000ns,nv_charge_readout_master_v1_4,thin_all_counts,2,P4.000,4.0,4.0,1.0,37.306330022850005,0.9253066922092468,7.6135460406413324,15.13912743536896,0.1160962041976319,5.219059896625113,1149.6323320374,0.0,0.1,off,2.0,mean,-1.243782928629823,0.81,6.58972988457676,6.252442100379604,6.252442100379604,5.733594311864767,1.1493191750487743,1.1155681641796114,1.1808046464089827,1.0539449672275538,1.0355678217796105,1.074453833024403,1.0539449672275538,1.0355678217796105,1.074453833024403,8.981502594041087,0.7337001593640706,0.7067013837045762,0.759285398909609,5.320650748538339,1.2385195337970745,1.221827186406777,1.255216721385412
power,det_nonpar_dt2000ns_ap0.05_tau5000ns,nv_charge_readout_master_v1_4,thin_all_counts,2,P4.000,4.0,4.0,1.0,37.306330022850005,0.9253066922092468,7.6135460406413324,15.13912743536896,0.1160962041976319,5.219059896625113,1149.6323320374,0.0,0.1,off,2.0,mean,-1.243782928629823,0.82,7.024390654923627,6.5355292274152825,6.5355292274152825,5.815244432577877,1.2079269816367357,1.1735964214666377,1.23867688684239,1.0748005877561781,1.0525376743101504,1.0950927850518217,1.0748005877561781,1.0525376743101504,1.0950927850518217,8.981502594041087,0.7820952653940182,0.752414212945579,0.8091442673482327,5.575937653720883,1.2597685073175406,1.2444129747622985,1.272775886985298
power,det_nonpar_dt2000ns_ap0.05_tau5000ns,nv_charge_readout_master_v1_4,thin_all_counts,2,P4.000,4.0,4.0,1.0,37.306330022850005,0.9253066922092468,7.6135460406413324,15.13912743536896,0.1160962041976319,5.219059896625113,1149.6323320374,0.0,0.1,off,2.0,mean,-1.243782928629823,0.83,7.484470114404317,6.831433477777617,6.831433477777617,5.898057304237402,1.2689720917135159,1.2348822783997166,1.3006446269235574,1.095592914539972,1.0736329399490232,1.1210771332837908,1.095592914539972,1.0736329399490232,1.1210771332837908,8.981502594041087,0.8333204868604058,0.803374240430719,0.8658906046821242,5.831224558903431,1.283516016027306,1.2677773622321054,1.291054105990524
power,det_nonpar_dt2000ns_ap0.05_tau5000ns,nv_charge_readout_master_v1_4,thin_all_counts,2,P4.000,4.0,4.0,1.0,37.306330022850005,0.9253066922092468,7.6135460406413324,15.13912743536896,0.1160962041976319,5.219059896625113,1149.6323320374,0.0,0.1,off,2.0,mean,-1.243782928629823,0.84,8.047586428064086,7.140735162737167,7.140735162737167,6.122074201651177,1.314519583231053,1.2965704655593644,1.323759631789954,1.1269969050328577,1.0950520879106307,1.1574790585431969,1.1269969050328577,1.0950520879106307,1.1574790585431969,8.981502594041087,0.8960178259485644,0.8557564942461628,0.9332785525661342,6.23850915732339,1.289985511781612,1.2779229969866228,1.3041387551492043
power,det_nonpar_dt2000ns_ap0.05_tau5000ns,nv_charge_readout_master_v1_4,thin_all_counts,2,P4.000,4.0,4.0,1.0,37.306330022850005,0.9253066922092468,7.6135460406413324,15.13912743536896,0.1160962041976319,5.219059896625113,1149.6323320374,0.0,0.1,off,2.0,mean,-1.243782928629823,0.85,8.67956930036258,7.464040867882236,7.464040867882236,6.505307044406737,1.3342289981262718,1.3236682199759993,1.342323217768225,1.1628512563095363,1.1315435329641075,1.1899061544952552,1.1628512563095363,1.1315435329641075,1.1899061544952552,8.981502594041087,0.9663827638508027,0.9264576699699405,0.9948075616407368,6.666139903657022,1.3020382748944404,1.2796920570174246,1.3181560021663468
power,det_nonpar_dt2000ns_ap0.05_tau5000ns,nv_charge_readout_master_v1_4,thin_all_counts,2,P4.000,4.0,4.0,1.0,37.306330022850005,0.9253066922092468,7.6135460406413324,15.13912743536896,0.1160962041976319,5.219059896625113,1149.6323320374,0.0,0.1,off,2.0,mean,-1.243782928629823,0.86,9.277652638685169,7.8019846427214175,7.8019846427214175,6.87632587340971,1.3492165452136624,1.33855936453692,1.36138578366141,1.1891400795489162,1.1628988186725533,1.213499852769941,1.1891400795489162,1.1628988186725533,1.213499852769941,9.381146980266843,0.9889678371099638,0.9790073095648302,0.999336512721702,7.0937706499906525,1.30785911984586,1.2891707320416317,1.3258339273619517
power,det_nonpar_dt2000ns_ap0.05_tau5000ns,nv_charge_readout_master_v1_4,thin_all_counts,2,P4.000,4.0,4.0,1.0,37.306330022850005,0.9253066922092468,7.6135460406413324,15.13912743536896,0.1160962041976319,5.219059896625113,1149.6323320374,0.0,0.1,off,2.0,mean,-1.243782928629823,0.87,9.946291171251236,8.155229244146902,8.155229244146902,7.268505113525497,1.3684094619047344,1.3510460737538355,1.3942415011233313,1.2196212851269386,1.1900529128200052,1.258296623301915,1.2196212851269386,1.1900529128200052,1.258296623301915,10.108060641884265,0.983995993260793,0.9695427581659746,1.0045647195014602,7.5214013963242845,1.322398665774173,1.298614958654399,1.3541547271803394
power,det_nonpar_dt2000ns_ap0.05_tau5000ns,nv_charge_readout_master_v1_4,thin_all_counts,2,P4.000,4.0,4.0,1.0,37.306330022850005,0.9253066922092468,7.6135460406413324,15.13912743536896,0.1160962041976319,5.219059896625113,1149.6323320374,0.0,0.1,off,2.0,mean,-1.243782928629823,0.88,10.937526664227644,8.524467436197135,8.524467436197135,7.785494805476749,1.404859541686879,1.316185910518715,1.418683792915773,1.283074484839255,1.2439995149009109,1.328981219375026,1.283074484839255,1.2439995149009109,1.328981219375026,10.891300408673855,1.004244328392317,0.981658898607499,1.0325572434684165,7.949032142657915,1.3759570307348723,1.3461860195786055,1.4069080524053612
power,det_nonpar_dt2000ns_ap0.05_tau5000ns,nv_charge_readout_master_v1_4,thin_all_counts,2,P4.000,4.0,4.0,1.0,37.306330022850005,0.9253066922092468,7.6135460406413324,15.13912743536896,0.1160962041976319,5.219059896625113,1149.6323320374,0.0,0.1,off,2.0,mean,-1.243782928629823,0.89,12.25787749075054,8.910423348667843,8.910423348667843,8.81947960267657,1.3898640331375642,1.2968235612915462,1.4448634667549376,1.3756784623014753,1.320695563285634,1.4434721852523138,1.3756784623014753,1.320695563285634,1.4434721852523138,11.735230801886738,1.0445365496160308,1.0082452004753542,1.088370130882838,8.665609675679983,1.4145429980711282,1.3927706491784373,1.4468697087648847
power,det_nonpar_dt2000ns_ap0.05_tau5000ns,nv_charge_readout_master_v1_4,thin_all_counts,2,P4.000,4.0,4.0,1.0,37.306330022850005,0.9253066922092468,7.6135460406413324,15.13912743536896,0.1160962041976319,5.219059896625113,1149.6323320374,0.0,0.1,off,2.0,mean,-1.243782928629823,0.9,14.255752366311414,18.16469114369678,14.949714796667765,10.466854619458465,1.361990099662718,1.3474383737703295,1.536504859540528,0.7848056569493733,0.7650535143442425,1.5034123952446659,0.953580222780502,0.8344258427230241,1.5034123952446659,12.644554534908817,1.1274222691637286,1.0664794469222758,1.2338010880562322,9.6336084386777,1.4797936263504754,1.4280812754870758,1.592453343951594
power,det_nonpar_dt2000ns_ap0.05_tau5000ns,nv_charge_readout_master_v1_4,thin_all_counts,2,P4.000,4.0,4.0,1.0,37.306330022850005,0.9253066922092468,7.6135460406413324,15.13912743536896,0.1160962041976319,5.219059896625113,1149.6323320374,0.0,0.1,off,2.0,mean,-1.243782928629823,0.91,24.56923651993827,19.240425613311096,18.746592899893578,10.483170877306447,2.343683681921543,1.5562406282837364,2.3848478958761703,1.2769590971491058,0.8537736499946823,1.2961673840232018,1.3105974323514404,0.8797276397462314,1.3257657556429228,13.624338718636665,1.8033342408266857,1.217941339549409,1.8361978112007962,10.601607201675414,2.3175011158737795,1.5804766775388037,2.3733655376790117
power,det_nonpar_dt2000ns_ap0.05_tau5000ns,nv_charge_readout_master_v1_4,thin_all_counts,2,P4.000,4.0,4.0,1.0,37.306330022850005,0.9253066922092468,7.6135460406413324,15.13912743536896,0.1160962041976319,5.219059896625113,1149.6323320374,0.0,0.1,off,2.0,mean,-1.243782928629823,0.92,25.841246771728883,20.379866349107548,20.047104057472467,13.13839449050258,1.9668496626744523,1.4900923884819341,2.195378578685829,1.2679792069814282,1.2519060299222011,1.283335959478646,1.2890264198582178,1.2711471450804666,1.306019180464112,14.68004309742026,1.7602977457382256,1.7257244596813455,1.7972491195079012,12.16223896244188,2.1247113176717747,2.028269131829812,2.237994714464672
power,det_nonpar_dt2000ns_ap0.05_tau5000ns,nv_charge_readout_master_v1_4,thin_all_counts,2,P4.000,4.0,4.0,1.0,37.306330022850005,0.9253066922092468,7.6135460406413324,15.13912743536896,0.1160962041976319,5.219059896625113,1149.6323320374,0.0,0.1,off,2.0,mean,-1.243782928629823,0.93,27.179112146015772,21.586786111433113,21.437835837007505,17.579926651588348,1.5460310321351731,1.5043994358847443,1.575115399477379,1.2590624656081049,1.2467535796154057,1.280185978632067,1.2678104428385104,1.2465458555127151,1.2923331582917879,16.77696374658471,1.6200256826297685,1.5342797720893102,1.7394074831750168,13.966896075230762,1.9459665196632971,1.871630806376338,2.0408383953753533
power,det_nonpar_dt2000ns_ap0.05_tau5000ns,nv_charge_readout_master_v1_4,thin_all_counts,2,P4.000,4.0,4.0,1.0,37.306330022850005,0.9253066922092468,7.6135460406413324,15.13912743536896,0.1160962041976319,5.219059896625113,1149.6323320374,0.0,0.1,off,2.0,mean,-1.243782928629823,0.94,30.326912220170733,22.865181087959762,22.925047131841282,19.43395129355381,1.560511898073455,1.5066161271893803,1.6733880081490105,1.32633597361449,1.2892690246367817,1.3801167960486533,1.3228724043951376,0.9545797263457508,1.3749218871986058,20.09869858924507,1.508899299400352,1.4559554142490556,1.5802757007814205,16.444478981419213,1.8442002482679705,1.725225009481008,1.9879272687641154
power,det_nonpar_dt2000ns_ap0.05_tau5000ns,nv_charge_readout_master_v1_4,thin_all_counts,2,P4.000,4.0,4.0,1.0,37.306330022850005,0.9253066922092468,7.6135460406413324,15.13912743536896,0.1160962041976319,5.219059896625113,1149.6323320374,0.0,0.1,off,2.0,mean,-1.243782928629823,0.95,nan,nan,51.57661858731791,25.30136973586535,nan,1.4109361183106341,1.7600410063793925,nan,nan,nan,nan,0.7994223054794034,0.9208544236128262,24.078116343522304,nan,1.5206348607702076,1.7921504511603248,21.978260373435848,nan,1.6942201000365222,2.0838874339373548
power,det_nonpar_dt2000ns_ap0.05_tau5000ns,nv_charge_readout_master_v1_4,thin_all_counts,2,P4.000,4.0,4.0,1.0,37.306330022850005,0.9253066922092468,7.6135460406413324,15.13912743536896,0.1160962041976319,5.219059896625113,1149.6323320374,0.0,0.1,off,2.0,mean,-1.243782928629823,0.96,nan,nan,nan,nan,nan,nan,nan,nan,nan,nan,nan,nan,nan,nan,nan,nan,nan,nan,nan,nan,nan
power,det_nonpar_dt2000ns_ap0.05_tau5000ns,nv_charge_readout_master_v1_4,thin_all_counts,2,P4.000,4.0,4.0,1.0,37.306330022850005,0.9253066922092468,7.6135460406413324,15.13912743536896,0.1160962041976319,5.219059896625113,1149.6323320374,0.0,0.1,off,2.0,mean,-1.243782928629823,0.97,nan,nan,nan,nan,nan,nan,nan,nan,nan,nan,nan,nan,nan,nan,nan,nan,nan,nan,nan,nan,nan
power,det_nonpar_dt2000ns_ap0.05_tau5000ns,nv_charge_readout_master_v1_4,thin_all_counts,2,P4.000,4.0,4.0,1.0,37.306330022850005,0.9253066922092468,7.6135460406413324,15.13912743536896,0.1160962041976319,5.219059896625113,1149.6323320374,0.0,0.1,off,2.0,mean,-1.243782928629823,0.98,nan,nan,nan,nan,nan,nan,nan,nan,nan,nan,nan,nan,nan,nan,nan,nan,nan,nan,nan,nan,nan
power,det_nonpar_dt2000ns_ap0.05_tau5000ns,nv_charge_readout_master_v1_4,thin_all_counts,2,P4.000,4.0,4.0,1.0,37.306330022850005,0.9253066922092468,7.6135460406413324,15.13912743536896,0.1160962041976319,5.219059896625113,1149.6323320374,0.0,0.1,off,2.0,mean,-1.243782928629823,0.99,nan,nan,nan,nan,nan,nan,nan,nan,nan,nan,nan,nan,nan,nan,nan,nan,nan,nan,nan,nan,nan
power,det_nonpar_dt2000ns_ap0.05_tau5000ns,nv_charge_readout_master_v1_4,thin_all_counts,3,P8.000,8.0,8.0,1.0,18.635386829381762,0.9238337714024277,7.322187453881922,10.530951629190495,0.12016071562213435,19.60191622940256,306.09252329117174,0.0,0.1,off,2.0,mean,-1.1408633525957472,0.55,0.3405090502812392,1.1314567174397254,1.1314567174397254,0.3200772889740265,1.063833836423398,1.0275282726173662,1.0957308324217387,0.30094748215534695,0.2795961608957256,0.32247572958906734,0.30094748215534695,0.2795961608957256,0.32247572958906734,2.3913478382124924,0.14239210408460115,0.13197540466623386,0.15295268462445302,0.33612678420082903,1.013037539066782,0.9988067471890154,1.0518965189508525
power,det_nonpar_dt2000ns_ap0.05_tau5000ns,nv_charge_readout_master_v1_4,thin_all_counts,3,P8.000,8.0,8.0,1.0,18.635386829381762,0.9238337714024277,7.322187453881922,10.530951629190495,0.12016071562213435,19.60191622940256,306.09252329117174,0.0,0.1,off,2.0,mean,-1.1408633525957472,0.56,0.4114930746860496,1.1314567174397254,1.1314567174397254,0.3847431529209261,1.0695266999868385,1.042286451235495,1.097380736846847,0.3636843268889519,0.33920733149652377,0.391195353327667,0.3636843268889519,0.33920733149652377,0.391195353327667,2.3913478382124924,0.172075792618123,0.160065866104818,0.18555006040155037,0.4036747889489027,1.019367783055029,1.0042684121404566,1.0481585252688252
power,det_nonpar_dt2000ns_ap0.05_tau5000ns,nv_charge_readout_master_v1_4,thin_all_counts,3,P8.000,8.0,8.0,1.0,18.635386829381762,0.9238337714024277,7.322187453881922,10.530951629190495,0.12016071562213435,19.60191622940256,306.09252329117174,0.0,0.1,off,2.0,mean,-1.1408633525957472,0.57,0.48399413831691773,1.1314567174397254,1.1314567174397254,0.4624735925314179,1.0465335667442197,1.028637596850698,1.0673380277487272,0.4277619557662849,0.40618003630494237,0.4561791182253219,0.4277619557662849,0.40618003630494237,0.4561791182253219,2.3913478382124924,0.2023938678359307,0.1915914774406322,0.2165425093256255,0.47221536223092325,1.0249436528925004,1.0135370628206222,1.0446421057383795
power,det_nonpar_dt2000ns_ap0.05_tau5000ns,nv_charge_readout_master_v1_4,thin_all_counts,3,P8.000,8.0,8.0,1.0,18.635386829381762,0.9238337714024277,7.322187453881922,10.530951629190495,0.12016071562213435,19.60191622940256,306.09252329117174,0.0,0.1,off,2.0,mean,-1.1408633525957472,0.58,0.5673374145031136,1.1314567174397254,1.1314567174397254,0.5334177999444077,1.0635892063636438,1.0439831459273599,1.0803519909489891,0.5014221098858221,0.4704233974762823,0.5304505803843902,0.5014221098858221,0.4704233974762823,0.5304505803843902,2.3913478382124924,0.2372458767550907,0.22204954078459127,0.25146947782601214,0.5455859994371226,1.039867986144131,1.0210889595486414,1.0603065126626747
power,det_nonpar_dt2000ns_ap0.05_tau5000ns,nv_charge_readout_master_v1_4,thin_all_counts,3,P8.000,8.0,8.0,1.0,18.635386829381762,0.9238337714024277,7.322187453881922,10.530951629190495,0.12016071562213435,19.60191622940256,306.09252329117174,0.0,0.1,off,2.0,mean,-1.1408633525957472,0.59,0.645924975322764,1.1314567174397254,1.1314567174397254,0.6010500336376905,1.074660908699198,1.0572825115299085,1.0933131589058953,0.5708790847822895,0.543298548711458,0.6012086382116413,0.5708790847822895,0.543298548711458,0.6012086382116413,2.3913478382124924,0.2701091681440983,0.2560254415028616,0.28487495231492843,0.6189566366433221,1.0435706430513365,1.03130302475908,1.0638542204153982
power,det_nonpar_dt2000ns_ap0.05_tau5000ns,nv_charge_readout_master_v1_4,thin_all_counts,3,P8.000,8.0,8.0,1.0,18.635386829381762,0.9238337714024277,7.322187453881922,10.530951629190495,0.12016071562213435,19.60191622940256,306.09252329117174,0.0,0.1,off,2.0,mean,-1.1408633525957472,0.6,0.7259380345732358,1.1314567174397254,1.1314567174397254,0.6772573824374047,1.071879101502936,1.056388116933431,1.0870777629368633,0.6415959385666096,0.6103909721056308,0.6744286784322095,0.6415959385666096,0.6103909721056308,0.6744286784322095,2.3913478382124924,0.30356856621739603,0.2876526041138185,0.31984247558885365,0.6926673996204622,1.0480326271613243,1.0425502884759705,1.0625718274577256
power,det_nonpar_dt2000ns_ap0.05_tau5000ns,nv_charge_readout_master_v1_4,thin_all_counts,3,P8.000,8.0,8.0,1.0,18.635386829381762,0.9238337714024277,7.322187453881922,10.530951629190495,0.12016071562213435,19.60191622940256,306.09252329117174,0.0,0.1,off,2.0,mean,-1.1408633525957472,0.61,0.811552064347614,1.1314567174397254,1.1314567174397254,1.1314567174397254,0.7172630219421953,0.7067567669213397,1.0724960478396224,0.7172630219421953,0.6805066459556667,0.7530756091341354,0.7172630219421953,0.6805066459556667,0.7530756091341354,2.3913478382124924,0.33937014573097013,0.3210869304095895,0.35769871374088363,0.7677872550772139,1.0570012187373425,1.04759601885238,1.0669452321681652
power,det_nonpar_dt2000ns_ap0.05_tau5000ns,nv_charge_readout_master_v1_4,thin_all_counts,3,P8.000,8.0,8.0,1.0,18.635386829381762,0.9238337714024277,7.322187453881922,10.530951629190495,0.12016071562213435,19.60191622940256,306.09252329117174,0.0,0.1,off,2.0,mean,-1.1408633525957472,0.62,0.9038705293055781,1.1314567174397254,1.1314567174397254,1.1314567174397254,0.7988555950693967,0.7558794657619567,0.8399458330049672,0.7988555950693967,0.7558794657619567,0.8399458330049672,0.7988555950693967,0.7558794657619567,0.8399458330049672,2.3913478382124924,0.3779753471503384,0.35657469358849797,0.39875311492810345,0.8529565366075729,1.0596911923560646,1.0462668079822521,1.0736777364633736
power,det_nonpar_dt2000ns_ap0.05_tau5000ns,nv_charge_readout_master_v1_4,thin_all_counts,3,P8.000,8.0,8.0,1.0,18.635386829381762,0.9238337714024277,7.322187453881922,10.530951629190495,0.12016071562213435,19.60191622940256,306.09252329117174,0.0,0.1,off,2.0,mean,-1.1408633525957472,0.63,0.9984566929702742,1.1314567174397254,1.1314567174397254,1.1314567174397254,0.8824523974983282,0.8425144738215,0.9246146302085646,0.8824523974983282,0.8425144738215,0.9246146302085646,0.8824523974983282,0.8425144738215,0.9246146302085646,2.3913478382124924,0.41752884169147475,0.39695239607780963,0.4393303787140752,0.9408827403351161,1.06119142180741,1.0460319213640905,1.0807488298187822
power,det_nonpar_dt2000ns_ap0.05_tau5000ns,nv_charge_readout_master_v1_4,thin_all_counts,3,P8.000,8.0,8.0,1.0,18.635386829381762,0.9238337714024277,7.322187453881922,10.530951629190495,0.12016071562213435,19.60191622940256,306.09252329117174,0.0,0.1,off,2.0,mean,-1.1408633525957472,0.64,1.0969525742533943,1.1314567174397254,1.1314567174397254,1.1314567174397254,0.969504672468243,0.926370722352975,1.0210239847739524,0.969504672468243,0.926370722352975,1.0210239847739524,0.969504672468243,0.926370722352975,1.0210239847739524,2.3913478382124924,0.45871727932033296,0.4371258373040807,0.48427004162290954,1.0288089440626593,1.0662354566258365,1.051918152251839,1.0853870097150886
power,det_nonpar_dt2000ns_ap0.05_tau5000ns,nv_charge_readout_master_v1_4,thin_all_counts,3,P8.000,8.0,8.0,1.0,18.635386829381762,0.9238337714024277,7.322187453881922,10.530951629190495,0.12016071562213435,19.60191622940256,306.09252329117174,0.0,0.1,off,2.0,mean,-1.1408633525957472,0.65,1.2138036885359198,1.1314567174397254,1.1314567174397254,1.1314567174397254,1.0727796033440238,1.016766459063279,1.1061004380296626,1.0727796033440238,1.000307230592243,1.0981113068731219,1.0727796033440238,1.0003057629976022,1.0981113068731219,2.3913478382124924,0.5075814020612014,0.47905422549613413,0.5347675734072096,1.1167351477902026,1.086921720819656,1.0670433796998269,1.1019859599905817
power,det_nonpar_dt2000ns_ap0.05_tau5000ns,nv_charge_readout_master_v1_4,thin_all_counts,3,P8.000,8.0,8.0,1.0,18.635386829381762,0.9238337714024277,7.322187453881922,10.530951629190495,0.12016071562213435,19.60191622940256,306.09252329117174,0.0,0.1,off,2.0,mean,-1.1408633525957472,0.66,1.32007578578445,1.2925433219328446,1.2928874274234086,1.2524783900601224,1.0539709078103,1.0478977341098383,1.1133002656222457,1.0213009988790425,1.0094902618011083,1.0383781759900763,1.0210291768520212,1.0093629791678032,1.0379347496324483,2.3913478382124924,0.5520216526806878,0.531722245200905,0.5749884280496134,1.2060983694406082,1.0945009289720746,1.0816440425614242,1.1049644666826919
power,det_nonpar_dt2000ns_ap0.05_tau5000ns,nv_charge_readout_master_v1_4,thin_all_counts,3,P8.000,8.0,8.0,1.0,18.635386829381762,0.9238337714024277,7.322187453881922,10.530951629190495,0.12016071562213435,19.60191622940256,306.09252329117174,0.0,0.1,off,2.0,mean,-1.1408633525957472,0.67,1.4175909525342354,1.358766179310153,1.3596059517424723,1.3175726253737066,1.0759110543391568,1.0617349974715486,1.09127750497012,1.043292785852197,1.0282180974701478,1.0620768844035386,1.042648386995842,1.0273277203794708,1.0611259767606862,2.3913478382124924,0.5927999807814951,0.5722990711221215,0.6165645926251344,1.303021554946074,1.0879259419410778,1.07412959785043,1.1031471793855858
power,det_nonpar_dt2000ns_ap0.05_tau5000ns,nv_charge_readout_master_v1_4,thin_all_counts,3,P8.000,8.0,8.0,1.0,18.635386829381762,0.9238337714024277,7.322187453881922,10.530951629190495,0.12016071562213435,19.60191622940256,306.09252329117174,0.0,0.1,off,2.0,mean,-1.1408633525957472,0.68,1.5196966666952958,1.4283819340587136,1.4297674374461824,1.3860499605512786,1.0964227192004403,1.0804052218345581,1.1117079441922852,1.0639287927544094,1.0466523576532993,1.0857659611210768,1.0628978020437665,1.0450003711130176,1.0844903831607147,2.3913478382124924,0.6354979574327645,0.6130706606807478,0.6614026304819393,1.3999447404515397,1.0855404665509376,1.071152319188519,1.1030552888955367
power,det_nonpar_dt2000ns_ap0.05_tau5000ns,nv_charge_readout_master_v1_4,thin_all_counts,3,P8.000,8.0,8.0,1.0,18.635386829381762,0.9238337714024277,7.322187453881922,10.530951629190495,0.12016071562213435,19.60191622940256,306.09252329117174,0.0,0.1,off,2.0,mean,-1.1408633525957472,0.69,1.6257655379880187,1.5015644197010847,1.5035495560765446,1.4580862232161993,1.114999587885796,1.0988034378275955,1.1273691449270855,1.082714478751207,1.0645325999851716,1.1030879382883698,1.081284970899391,1.0629995816594542,1.1009439087862962,2.3913478382124924,0.6798532241981415,0.6551748759110189,0.7060774590211396,1.4968679259570046,1.086111546513768,1.0692756875819813,1.1043257657371515
power,det_nonpar_dt2000ns_ap0.05_tau5000ns,nv_charge_readout_master_v1_4,thin_all_counts,3,P8.000,8.0,8.0,1.0,18.635386829381762,0.9238337714024277,7.322187453881922,10.530951629190495,0.12016071562213435,19.60191622940256,306.09252329117174,0.0,0.1,off,2.0,mean,-1.1408633525957472,0.7,1.7306645084242926,1.5784963760396997,1.5811391477875008,1.5338663791652167,1.128302003311514,1.1167793397253074,1.1380923704815826,1.0964006852941712,1.0799024780754953,1.1192390666592862,1.0945681225121924,1.07830660819173,1.1180080395046044,2.3913478382124924,0.7237192685937092,0.6985824663282695,0.7519101530016917,1.5937911114624703,1.0858791318243874,1.0705057356435161,1.1061376780551169
power,det_nonpar_dt2000ns_ap0.05_tau5000ns,nv_charge_readout_master_v1_4,thin_all_counts,3,P8.000,8.0,8.0,1.0,18.635386829381762,0.9238337714024277,7.322187453881922,10.530951629190495,0.12016071562213435,19.60191622940256,306.09252329117174,0.0,0.1,off,2.0,mean,-1.1408633525957472,0.71,1.843828181292032,1.6593699054659778,1.662732694484538,1.6135850073007354,1.1426904519746721,1.132707107784403,1.1511897076389832,1.1111616374495206,1.092611553086105,1.132338520975289,1.108914371749715,1.0901861290851211,1.1299276224457222,2.3913478382124924,0.7710413984233571,0.7447162489732031,0.7998567734661927,1.6907142969679358,1.090561654679732,1.0726870808452686,1.111120883658589
power,det_nonpar_dt2000ns_ap0.05_tau5000ns,nv_charge_readout_master_v1_4,thin_all_counts,3,P8.000,8.0,8.0,1.0,18.635386829381762,0.9238337714024277,7.322187453881922,10.530951629190495,0.12016071562213435,19.60191622940256,306.09252329117174,0.0,0.1,off,2.0,mean,-1.1408633525957472,0.72,1.9665625250235976,1.7443869526482316,1.748536817380335,1.700621096901568,1.1563790009465127,1.14786002228081,1.1667341848669364,1.127365990692645,1.1095392322200939,1.1474379974302857,1.1246903728169189,1.106536875452958,1.1449993774257712,2.3913478382124924,0.8223657360083519,0.7940000041569265,0.8526302867426588,1.7876374824734018,1.1000902276353215,1.0824110399715785,1.119706023155677
power,det_nonpar_dt2000ns_ap0.05_tau5000ns,nv_charge_readout_master_v1_4,thin_all_counts,3,P8.000,8.0,8.0,1.0,18.635386829381762,0.9238337714024277,7.322187453881922,10.530951629190495,0.12016071562213435,19.60191622940256,306.09252329117174,0.0,0.1,off,2.0,mean,-1.1408633525957472,0.73,2.094420833639587,1.8337598087961537,1.8387688002264049,1.792923687107083,1.1681594976409595,1.1590509423635724,1.1759104512567633,1.1421456744733405,1.1244821143412085,1.1624357479448135,1.1390343546082053,1.1219001838571592,1.158630380508165,2.3913478382124924,0.8758327835757866,0.8448470166771498,0.9088627605498124,1.8845606679788673,1.111357606696625,1.093657750637771,1.129913181576101
power,det_nonpar_dt2000ns_ap0.05_tau5000ns,nv_charge_readout_master_v1_4,thin_all_counts,3,P8.000,8.0,8.0,1.0,18.635386829381762,0.9238337714024277,7.322187453881922,10.530951629190495,0.12016071562213435,19.60191622940256,306.09252329117174,0.0,0.1,off,2.0,mean,-1.1408633525957472,0.74,2.228530168177296,1.9277116417610667,1.9336571395457296,1.8946457061619613,1.1762252757491503,1.1678521711816108,1.185708387711954,1.1560495459483846,1.1394204973847868,1.1762141001353585,1.1524949912789817,1.1362829326575175,1.1719015581872836,2.3913478382124924,0.9319138489878157,0.8989792363516409,0.969658146813007,1.9814838534843333,1.1246774301282068,1.1081204983716593,1.1463980401739051
power,det_nonpar_dt2000ns_ap0.05_tau5000ns,nv_charge_readout_master_v1_4,thin_all_counts,3,P8.000,8.0,8.0,1.0,18.635386829381762,0.9238337714024277,7.322187453881922,10.530951629190495,0.12016071562213435,19.60191622940256,306.09252329117174,0.0,0.1,off,2.0,mean,-1.1408633525957472,0.75,2.3788738965068643,2.026477053295608,2.0334421232597553,2.0060903598786672,1.1858258950263556,1.0856411514012128,1.1937269990776218,1.173896290924273,1.15477452176034,1.1915492350380548,1.1698753897619456,1.151216030254356,1.1860822615879691,2.3913478382124924,0.9947837192455647,0.9534284425097823,1.0074378063937652,2.078407038989799,1.144565935295863,1.124391256773274,1.1628625179956937
power,det_nonpar_dt2000ns_ap0.05_tau5000ns,nv_charge_readout_master_v1_4,thin_all_counts,3,P8.000,8.0,8.0,1.0,18.635386829381762,0.9238337714024277,7.322187453881922,10.530951629190495,0.12016071562213435,19.60191622940256,306.09252329117174,0.0,0.1,off,2.0,mean,-1.1408633525957472,0.76,2.542398979297579,2.1303026648643595,2.1383764391750146,2.258174683830208,1.125864618668598,1.0932773139001177,1.1931800106554884,1.1934449603007273,1.176160617832416,1.2053468224127255,1.1889389224090199,1.17222075350726,1.200243548081723,2.5194865488095997,1.0090940872451988,0.9970966442356817,1.0207685081824993,2.175330224495265,1.168741623992966,1.1487304822224624,1.183800053358092
power,det_nonpar_dt2000ns_ap0.05_tau5000ns,nv_charge_readout_master_v1_4,thin_all_counts,3,P8.000,8.0,8.0,1.0,18.635386829381762,0.9238337714024277,7.322187453881922,10.530951629190495,0.12016071562213435,19.60191622940256,306.09252329117174,0.0,0.1,off,2.0,mean,-1.1408633525957472,0.77,2.705524952993267,2.2394477334682126,2.248725814870265,2.258174683830208,1.1981025969188022,1.0005669851806116,1.208098514195567,1.2081214991355234,0.997243063447965,1.2164098817333222,1.2031368764934804,0.9911368314727892,1.2107829056668271,2.6605226320195348,1.0169148423817662,1.0022985197343368,1.0304447673152226,2.2722534100007303,1.1906792354609768,1.1761625256000239,1.2017028672618537
power,det_nonpar_dt2000ns_ap0.05_tau5000ns,nv_charge_readout_master_v1_4,thin_all_counts,3,P8.000,8.0,8.0,1.0,18.635386829381762,0.9238337714024277,7.322187453881922,10.530951629190495,0.12016071562213435,19.60191622940256,306.09252329117174,0.0,0.1,off,2.0,mean,-1.1408633525957472,0.78,2.879446830548221,2.834933862277532,2.8444281180304256,2.747368301630917,1.048074562423574,1.0146992053380461,1.0900392303514572,1.0157015896783315,1.00256922387932,1.0317174242230591,1.0123113367835934,0.9983810325742797,1.0278112926869418,2.809453647939707,1.0249134498658994,1.0067129364072953,1.0418756884058018,2.382630540873764,1.2085158740105226,1.197190769274488,1.2160418617784747
power,det_nonpar_dt2000ns_ap0.05_tau5000ns,nv_charge_readout_master_v1_4,thin_all_counts,3,P8.000,8.0,8.0,1.0,18.635386829381762,0.9238337714024277,7.322187453881922,10.530951629190495,0.12016071562213435,19.60191622940256,306.09252329117174,0.0,0.1,off,2.0,mean,-1.1408633525957472,0.79,3.0718783814798583,2.962877654220624,2.971713833661442,2.7652628067962604,1.1108811697499494,1.0720477147908902,1.1497690129342206,1.0367888046622387,1.0191455296141119,1.0545362757922252,1.0337059869910166,1.0156714168443892,1.0508497603590454,2.966721539944327,1.0354454707392269,1.0155440261678406,1.053573544905154,2.5513081016729213,1.204040538837937,1.1914565324158344,1.2177992352705143
power,det_nonpar_dt2000ns_ap0.05_tau5000ns,nv_charge_readout_master_v1_4,thin_all_counts,3,P8.000,8.0,8.0,1.0,18.635386829381762,0.9238337714024277,7.322187453881922,10.530951629190495,0.12016071562213435,19.60191622940256,306.09252329117174,0.0,0.1,off,2.0,mean,-1.1408633525957472,0.8,3.279086824808516,3.096595695120489,3.1046954757604195,2.7832738647058877,1.1781401989900917,1.1380857129234578,1.2178064078762811,1.0589328241899938,1.0397099262732028,1.0797680785729447,1.056170194600288,1.036095977250511,1.0774452633127256,3.1327929905603216,1.0466975745569542,1.0250191336953234,1.0647083679472689,2.719985662472079,1.2055529814183998,1.1877577274285567,1.224263555197437
power,det_nonpar_dt2000ns_ap0.05_tau5000ns,nv_charge_readout_master_v1_4,thin_all_counts,3,P8.000,8.0,8.0,1.0,18.635386829381762,0.9238337714024277,7.322187453881922,10.530951629190495,0.12016071562213435,19.60191622940256,306.09252329117174,0.0,0.1,off,2.0,mean,-1.1408633525957472,0.81,3.5054176858954054,3.23634858340483,3.2436279321454244,2.8014022345058085,1.2513082351109752,1.2098383811332103,1.276751395314023,1.0831397161202885,1.0622631759258223,1.108845235573173,1.0807089343249137,1.058924720584038,1.1061727789764033,3.3081608063182277,1.059627355236311,1.0394554221779777,1.0802356916752656,2.8886632232712364,1.2135086075993766,1.1952993013531161,1.234500912135218
power,det_nonpar_dt2000ns_ap0.05_tau5000ns,nv_charge_readout_master_v1_4,thin_all_counts,3,P8.000,8.0,8.0,1.0,18.635386829381762,0.9238337714024277,7.322187453881922,10.530951629190495,0.12016071562213435,19.60191622940256,306.09252329117174,0.0,0.1,off,2.0,mean,-1.1408633525957472,0.82,3.7682876668507093,3.3824086786050067,3.388777496645498,2.9261221793120695,1.2878094064194656,1.2733467380209775,1.3009181548229793,1.1140840817629551,1.0856682188221858,1.1413004616657458,1.111990288704668,1.0825324589865724,1.1399920948034983,3.493345380124419,1.0787045816570526,1.054313041710724,1.1002360292977427,3.057340784070392,1.2325376636077179,1.2077048311449994,1.2565984772216627
power,det_nonpar_dt2000ns_ap0.05_tau5000ns,nv_charge_readout_master_v1_4,thin_all_counts,3,P8.000,8.0,8.0,1.0,18.635386829381762,0.9238337714024277,7.322187453881922,10.530951629190495,0.12016071562213435,19.60191622940256,306.09252329117174,0.0,0.1,off,2.0,mean,-1.1408633525957472,0.83,4.070507924977684,3.535060632148035,3.540422379509856,3.1200583533953523,1.3046255755274643,1.2944198449038233,1.3153797137106966,1.1514676404586281,1.1236857408340286,1.1818905970917133,1.1497238150271816,1.1218313835262332,1.1807801951122503,3.68889623549416,1.1034487459451143,1.0817349683722643,1.1229249580592915,3.2260183448695496,1.26177457467071,1.2381478287846426,1.2843326269630069
power,det_nonpar_dt2000ns_ap0.05_tau5000ns,nv_charge_readout_master_v1_4,thin_all_counts,3,P8.000,8.0,8.0,1.0,18.635386829381762,0.9238337714024277,7.322187453881922,10.530951629190495,0.12016071562213435,19.60191622940256,306.09252329117174,0.0,0.1,off,2.0,mean,-1.1408633525957472,0.84,4.395450003334226,3.694601942103817,3.6988532406574453,3.3406916020717627,1.3157305513051083,1.3019762679288422,1.333598289993786,1.1896951477352726,1.1624255516108775,1.2205052565183574,1.1883277646757797,1.161340412907316,1.218770780497318,3.895393657227879,1.1283711968823729,1.1100881530496696,1.1460137720802057,3.394695905668707,1.2947993356325047,1.2731120557861981,1.3140681988454062
power,det_nonpar_dt2000ns_ap0.05_tau5000ns,nv_charge_readout_master_v1_4,thin_all_counts,3,P8.000,8.0,8.0,1.0,18.635386829381762,0.9238337714024277,7.322187453881922,10.530951629190495,0.12016071562213435,19.60191622940256,306.09252329117174,0.0,0.1,off,2.0,mean,-1.1408633525957472,0.85,4.7835304038283715,3.8613435329687666,3.864373746788988,3.5750087586255224,1.3380471844403221,1.31538622444809,1.3606924648684031,1.238825388879758,1.2003738523247915,1.2773900021263764,1.2378539751242061,1.1992543982431387,1.2761216658789778,4.11345041336965,1.162899736989854,1.1390918015613425,1.176469363798817,3.6056097318228297,1.3266911173467573,1.3075038344875989,1.3403624456298573
power,det_nonpar_dt2000ns_ap0.05_tau5000ns,nv_charge_readout_master_v1_4,thin_all_counts,3,P8.000,8.0,8.0,1.0,18.635386829381762,0.9238337714024277,7.322187453881922,10.530951629190495,0.12016071562213435,19.60191622940256,306.09252329117174,0.0,0.1,off,2.0,mean,-1.1408633525957472,0.86,5.25848392948646,4.035610361615718,4.037301153429288,3.8257609940178634,1.3744935812009345,1.2659441520159165,1.390245263358722,1.303020722590559,1.2607481817818085,1.3470372286921224,1.3024750271650898,1.2597883251490645,1.3467234625894569,4.47598420069314,1.1748218254819005,1.1566267855061796,1.1974082266836215,3.977021366325819,1.3222166654700485,1.2993761440341889,1.349699618869668
power,det_nonpar_dt2000ns_ap0.05_tau5000ns,nv_charge_readout_master_v1_4,thin_all_counts,3,P8.000,8.0,8.0,1.0,18.635386829381762,0.9238337714024277,7.322187453881922,10.530951629190495,0.12016071562213435,19.60191622940256,306.09252329117174,0.0,0.1,off,2.0,mean,-1.1408633525957472,0.87,5.8423116902551815,4.217742050591042,4.21796691301544,4.244981045052479,1.3762868734277127,1.2570343680092975,1.4053963151670072,1.3851752004218667,0.9763874249038069,1.4085008387202402,1.385101355875381,0.9858317711348347,1.4084724548583263,4.870469448164039,1.1995376939398492,1.1685025879342537,1.241749287196037,4.348433000828809,1.3435441431756314,1.3080403001279781,1.391632110719852
power,det_nonpar_dt2000ns_ap0.05_tau5000ns,nv_charge_readout_master_v1_4,thin_all_counts,3,P8.000,8.0,8.0,1.0,18.635386829381762,0.9238337714024277,7.322187453881922,10.530951629190495,0.12016071562213435,19.60191622940256,306.09252329117174,0.0,0.1,off,2.0,mean,-1.1408633525957472,0.88,6.706116457435972,6.957813238778126,6.611094408101033,4.852778724667253,1.3819126809446272,1.3019867893281047,1.452353856581769,0.9638253036256612,0.8984797628284333,1.00107845071482,1.0143731194064483,0.9883211344299248,1.0420849449095206,5.299722157604103,1.2653713266485034,1.223535068808789,1.2969444444982166,4.719844635331798,1.4208341535726297,1.3751539550833243,1.456734906654105
power,det_nonpar_dt2000ns_ap0.05_tau5000ns,nv_charge_readout_master_v1_4,thin_all_counts,3,P8.000,8.0,8.0,1.0,18.635386829381762,0.9238337714024277,7.322187453881922,10.530951629190495,0.12016071562213435,19.60191622940256,306.09252329117174,0.0,0.1,off,2.0,mean,-1.1408633525957472,0.89,7.874137466678985,15.536072321336736,7.4067837055957675,5.255325940532523,1.4983157192874508,1.3153859054506865,2.1773734122707538,0.5068293519633595,0.4631029599297624,0.9649053754707206,1.063098070587661,1.0050190139486816,1.6487125346918963,5.975586597695551,1.3177179073457992,1.2845626359348261,2.1947146936966244,5.4421916802551555,1.4468688222149884,1.4106258755245673,2.3522325438154263
power,det_nonpar_dt2000ns_ap0.05_tau5000ns,nv_charge_readout_master_v1_4,thin_all_counts,3,P8.000,8.0,8.0,1.0,18.635386829381762,0.9238337714024277,7.322187453881922,10.530951629190495,0.12016071562213435,19.60191622940256,306.09252329117174,0.0,0.1,off,2.0,mean,-1.1408633525957472,0.9,15.826421679585653,nan,14.23073205889875,6.737618026592912,2.3489639242117706,2.16795898353731,2.511688174176908,nan,0.5094228292233576,0.8653744464278736,1.1121298338049368,1.0054051951553324,1.7557744204398857,6.955483816309538,2.275387607469538,2.081234074384551,2.4231982635301823,6.461484072457278,2.4493477817344407,2.232535052862957,2.622219271613317
power,det_nonpar_dt2000ns_ap0.05_tau5000ns,nv_charge_readout_master_v1_4,thin_all_counts,3,P8.000,8.0,8.0,1.0,18.635386829381762,0.9238337714024277,7.322187453881922,10.530951629190495,0.12016071562213435,19.60191622940256,306.09252329117174,0.0,0.1,off,2.0,mean,-1.1408633525957472,0.91,nan,nan,18.802698705358516,7.985636538512024,nan,2.0546155813100215,2.690226504361668,nan,nan,nan,nan,0.9562377101066035,1.170545069376074,8.602636017695321,nan,2.0763780823157223,2.5026639820878445,8.060646655425503,nan,2.181635782810775,2.7124664358829405
power,det_nonpar_dt2000ns_ap0.05_tau5000ns,nv_charge_readout_master_v1_4,thin_all_counts,3,P8.000,8.0,8.0,1.0,18.635386829381762,0.9238337714024277,7.322187453881922,10.530951629190495,0.12016071562213435,19.60191622940256,306.09252329117174,0.0,0.1,off,2.0,mean,-1.1408633525957472,0.92,nan,nan,nan,nan,nan,nan,nan,nan,nan,nan,nan,nan,nan,nan,nan,nan,nan,nan,nan,nan,nan
power,det_nonpar_dt2000ns_ap0.05_tau5000ns,nv_charge_readout_master_v1_4,thin_all_counts,3,P8.000,8.0,8.0,1.0,18.635386829381762,0.9238337714024277,7.322187453881922,10.530951629190495,0.12016071562213435,19.60191622940256,306.09252329117174,0.0,0.1,off,2.0,mean,-1.1408633525957472,0.93,nan,nan,nan,nan,nan,nan,nan,nan,nan,nan,nan,nan,nan,nan,nan,nan,nan,nan,nan,nan,nan
power,det_nonpar_dt2000ns_ap0.05_tau5000ns,nv_charge_readout_master_v1_4,thin_all_counts,3,P8.000,8.0,8.0,1.0,18.635386829381762,0.9238337714024277,7.322187453881922,10.530951629190495,0.12016071562213435,19.60191622940256,306.09252329117174,0.0,0.1,off,2.0,mean,-1.1408633525957472,0.94,nan,nan,nan,nan,nan,nan,nan,nan,nan,nan,nan,nan,nan,nan,nan,nan,nan,nan,nan,nan,nan
power,det_nonpar_dt2000ns_ap0.05_tau5000ns,nv_charge_readout_master_v1_4,thin_all_counts,3,P8.000,8.0,8.0,1.0,18.635386829381762,0.9238337714024277,7.322187453881922,10.530951629190495,0.12016071562213435,19.60191622940256,306.09252329117174,0.0,0.1,off,2.0,mean,-1.1408633525957472,0.95,nan,nan,nan,nan,nan,nan,nan,nan,nan,nan,nan,nan,nan,nan,nan,nan,nan,nan,nan,nan,nan
power,det_nonpar_dt2000ns_ap0.05_tau5000ns,nv_charge_readout_master_v1_4,thin_all_counts,3,P8.000,8.0,8.0,1.0,18.635386829381762,0.9238337714024277,7.322187453881922,10.530951629190495,0.12016071562213435,19.60191622940256,306.09252329117174,0.0,0.1,off,2.0,mean,-1.1408633525957472,0.96,nan,nan,nan,nan,nan,nan,nan,nan,nan,nan,nan,nan,nan,nan,nan,nan,nan,nan,nan,nan,nan
power,det_nonpar_dt2000ns_ap0.05_tau5000ns,nv_charge_readout_master_v1_4,thin_all_counts,3,P8.000,8.0,8.0,1.0,18.635386829381762,0.9238337714024277,7.322187453881922,10.530951629190495,0.12016071562213435,19.60191622940256,306.09252329117174,0.0,0.1,off,2.0,mean,-1.1408633525957472,0.97,nan,nan,nan,nan,nan,nan,nan,nan,nan,nan,nan,nan,nan,nan,nan,nan,nan,nan,nan,nan,nan
power,det_nonpar_dt2000ns_ap0.05_tau5000ns,nv_charge_readout_master_v1_4,thin_all_counts,3,P8.000,8.0,8.0,1.0,18.635386829381762,0.9238337714024277,7.322187453881922,10.530951629190495,0.12016071562213435,19.60191622940256,306.09252329117174,0.0,0.1,off,2.0,mean,-1.1408633525957472,0.98,nan,nan,nan,nan,nan,nan,nan,nan,nan,nan,nan,nan,nan,nan,nan,nan,nan,nan,nan,nan,nan
power,det_nonpar_dt2000ns_ap0.05_tau5000ns,nv_charge_readout_master_v1_4,thin_all_counts,3,P8.000,8.0,8.0,1.0,18.635386829381762,0.9238337714024277,7.322187453881922,10.530951629190495,0.12016071562213435,19.60191622940256,306.09252329117174,0.0,0.1,off,2.0,mean,-1.1408633525957472,0.99,nan,nan,nan,nan,nan,nan,nan,nan,nan,nan,nan,nan,nan,nan,nan,nan,nan,nan,nan,nan,nan
power,det_nonpar_dt2000ns_ap0.05_tau5000ns,nv_charge_readout_master_v1_4,thin_all_counts,4,P15.000,15.0,15.0,1.0,9.932170229495307,0.9199668888580719,6.89454823783182,7.478904304027249,0.1266696927897476,62.300701647345946,96.30710154699524,0.0,0.1,off,2.0,mean,-0.8771323160808453,0.55,0.2037694795420729,0.6746440593147465,0.6746440593147465,0.19295792993398217,1.0560306052816266,1.0106890032501694,1.0895676244019223,0.3020399820151783,0.27567190503328876,0.33045848563232,0.3020399820151783,0.27567190503328876,0.33045848563232,0.7523992308360086,0.27082627306205487,0.24685056606885142,0.2972037021961417,0.19961484352766812,1.02081326188465,1.001157680509199,1.0475110344227652
power,det_nonpar_dt2000ns_ap0.05_tau5000ns,nv_charge_readout_master_v1_4,thin_all_counts,4,P15.000,15.0,15.0,1.0,9.932170229495307,0.9199668888580719,6.89454823783182,7.478904304027249,0.1266696927897476,62.300701647345946,96.30710154699524,0.0,0.1,off,2.0,mean,-0.8771323160808453,0.56,0.2536527114067284,0.6746440593147465,0.6746440593147465,0.2291207630715413,1.107069948643315,1.0781981255821287,1.1403017328415643,0.37598005630460907,0.35164976362997175,0.401716606192001,0.37598005630460907,0.35164976362997175,0.401716606192001,0.7523992308360086,0.33712516043495805,0.3144412710040991,0.3614790760269013,0.24657084662691625,1.0287214197326728,1.0137735495710851,1.0486334435278641
power,det_nonpar_dt2000ns_ap0.05_tau5000ns,nv_charge_readout_master_v1_4,thin_all_counts,4,P15.000,15.0,15.0,1.0,9.932170229495307,0.9199668888580719,6.89454823783182,7.478904304027249,0.1266696927897476,62.300701647345946,96.30710154699524,0.0,0.1,off,2.0,mean,-0.8771323160808453,0.57,0.3050790628058088,0.6746440593147465,0.6746440593147465,0.272060982870443,1.1213627900149477,1.0858956428830269,1.152158256527196,0.4522074397508007,0.4203753753205261,0.48236417921931213,0.4522074397508007,0.4203753753205261,0.48236417921931213,0.7523992308360086,0.40547497964189605,0.37580403315682315,0.43399991656644615,0.2948897314013947,1.034553022094027,1.017895043851184,1.0465044315666927
power,det_nonpar_dt2000ns_ap0.05_tau5000ns,nv_charge_readout_master_v1_4,thin_all_counts,4,P15.000,15.0,15.0,1.0,9.932170229495307,0.9199668888580719,6.89454823783182,7.478904304027249,0.1266696927897476,62.300701647345946,96.30710154699524,0.0,0.1,off,2.0,mean,-0.8771323160808453,0.58,0.3550642223813577,0.6746440593147465,0.6746440593147465,0.3230487599996352,1.0991041178482117,1.0712428740434587,1.1280583420047399,0.5262985977257484,0.49719517739339547,0.551012843204857,0.5262985977257484,0.49719517739339547,0.551012843204857,0.7523992308360086,0.4719093372634598,0.44464081062426186,0.49668258641894186,0.3533901439849515,1.0047371960562588,0.9776055487451708,1.0295508738740269
power,det_nonpar_dt2000ns_ap0.05_tau5000ns,nv_charge_readout_master_v1_4,thin_all_counts,4,P15.000,15.0,15.0,1.0,9.932170229495307,0.9199668888580719,6.89454823783182,7.478904304027249,0.1266696927897476,62.300701647345946,96.30710154699524,0.0,0.1,off,2.0,mean,-0.8771323160808453,0.59,0.40321731436429376,0.6746440593147465,0.6746440593147465,0.38166100992391466,1.056480237383107,1.0455254035235637,1.0841690075789487,0.5976741494972209,0.564376289822682,0.6362061366600534,0.5976741494972209,0.564376289822682,0.6362061366600534,0.7523992308360086,0.5359087274933408,0.5052364529451211,0.5731272974739853,0.41189055656850826,0.9789428476426555,0.9498734933744353,1.0147458056508158
power,det_nonpar_dt2000ns_ap0.05_tau5000ns,nv_charge_readout_master_v1_4,thin_all_counts,4,P15.000,15.0,15.0,1.0,9.932170229495307,0.9199668888580719,6.89454823783182,7.478904304027249,0.1266696927897476,62.300701647345946,96.30710154699524,0.0,0.1,off,2.0,mean,-0.8771323160808453,0.6,0.46079678376678423,0.6746440593147465,0.6746440593147465,0.4214182961832986,1.0934427573271703,1.0774818101624273,1.1129416575362905,0.6830220727576368,0.648492192918818,0.7152359341324901,0.6830220727576368,0.648492192918818,0.7152359341324901,0.7523992308360086,0.6124365428374801,0.580195774918368,0.643699541794513,0.470390969152065,0.9796038061645286,0.9495737414469,1.014473448029311
power,det_nonpar_dt2000ns_ap0.05_tau5000ns,nv_charge_readout_master_v1_4,thin_all_counts,4,P15.000,15.0,15.0,1.0,9.932170229495307,0.9199668888580719,6.89454823783182,7.478904304027249,0.1266696927897476,62.300701647345946,96.30710154699524,0.0,0.1,off,2.0,mean,-0.8771323160808453,0.61,0.508990674871701,0.6746440593147465,0.6746440593147465,0.46531706341561646,1.0938577475227376,1.0766395206722341,1.1103266075123437,0.7544580995624509,0.7235523091855903,0.7840302623564926,0.7544580995624509,0.7235523091855903,0.7840302623564926,0.7523992308360086,0.6764901584311157,0.6474480578382521,0.7055679251462065,0.5288913817356218,0.9623727904232167,0.9355558376854205,0.993935893311402
power,det_nonpar_dt2000ns_ap0.05_tau5000ns,nv_charge_readout_master_v1_4,thin_all_counts,4,P15.000,15.0,15.0,1.0,9.932170229495307,0.9199668888580719,6.89454823783182,7.478904304027249,0.1266696927897476,62.300701647345946,96.30710154699524,0.0,0.1,off,2.0,mean,-0.8771323160808453,0.62,0.5579705181000377,0.6746440593147465,0.6746440593147465,0.5137887259919918,1.0859921401014443,1.0703940229938704,1.100577034403691,0.8270591142042856,0.7912869897330578,0.8654539995276264,0.8270591142042856,0.7912869897330578,0.8654539995276264,0.7523992308360086,0.7415883685580905,0.7070916817271262,0.7774813752238942,0.5873917943191787,0.9499120067667239,0.9208450400093239,0.9827168296320062
power,det_nonpar_dt2000ns_ap0.05_tau5000ns,nv_charge_readout_master_v1_4,thin_all_counts,4,P15.000,15.0,15.0,1.0,9.932170229495307,0.9199668888580719,6.89454823783182,7.478904304027249,0.1266696927897476,62.300701647345946,96.30710154699524,0.0,0.1,off,2.0,mean,-0.8771323160808453,0.63,0.6126355090952047,0.6746440593147465,0.6746440593147465,0.567309638332972,1.0798961760907533,0.9187283849878655,1.0909019846618822,0.9080870136431269,0.8676767522672101,0.9516574037597761,0.9080870136431269,0.8676767522672101,0.9516574037597761,0.7523992308360086,0.8142426041750347,0.7756755058237691,0.8563094337245659,0.6458922069027353,0.9485104519730818,0.9172900388353727,0.982327022394213
power,det_nonpar_dt2000ns_ap0.05_tau5000ns,nv_charge_readout_master_v1_4,thin_all_counts,4,P15.000,15.0,15.0,1.0,9.932170229495307,0.9199668888580719,6.89454823783182,7.478904304027249,0.1266696927897476,62.300701647345946,96.30710154699524,0.0,0.1,off,2.0,mean,-0.8771323160808453,0.64,0.67204008594896,0.6746440593147465,0.6746440593147465,0.6746440593147465,0.9961402263462731,0.951021212862068,1.0417860784645805,0.9961402263462731,0.951021212862068,1.0417860784645805,0.9961402263462731,0.951021212862068,1.0417860784645805,0.7523992308360086,0.8931961363148131,0.850157920586327,0.9377785018457445,0.7043926194862921,0.9540703115814495,0.9197418523667791,0.9865042994102297
power,det_nonpar_dt2000ns_ap0.05_tau5000ns,nv_charge_readout_master_v1_4,thin_all_counts,4,P15.000,15.0,15.0,1.0,9.932170229495307,0.9199668888580719,6.89454823783182,7.478904304027249,0.1266696927897476,62.300701647345946,96.30710154699524,0.0,0.1,off,2.0,mean,-0.8771323160808453,0.65,0.7354583833963498,0.6746440593147465,0.6746440593147465,0.6746440593147465,1.0901428290102695,1.0014273140592467,1.09629727191653,1.0901428290102695,1.0011108969350622,1.09629727191653,1.0901428290102695,1.0011108969350622,1.09629727191653,0.7523992308360086,0.9774842307841871,0.9291045791079593,1.0036465453722458,0.7628930320698488,0.9640386692233058,0.9305030740709563,0.9948421959067002
power,det_nonpar_dt2000ns_ap0.05_tau5000ns,nv_charge_readout_master_v1_4,thin_all_counts,4,P15.000,15.0,15.0,1.0,9.932170229495307,0.9199668888580719,6.89454823783182,7.478904304027249,0.1266696927897476,62.300701647345946,96.30710154699524,0.0,0.1,off,2.0,mean,-0.8771323160808453,0.66,0.7990787691984079,0.7769177886662904,0.7769177886662904,0.7725873365042454,1.0342892401188315,1.0159383190600362,1.056481231689661,1.0285242285031992,1.012915006015443,1.0501539980809171,1.0285242285031992,1.012915006015443,1.0501539980809171,0.7899412176405776,1.0115673816655912,0.9988382317403189,1.0283936355017467,0.8213934446534057,0.9728331464047493,0.9421238733145272,1.005710787624614
power,det_nonpar_dt2000ns_ap0.05_tau5000ns,nv_charge_readout_master_v1_4,thin_all_counts,4,P15.000,15.0,15.0,1.0,9.932170229495307,0.9199668888580719,6.89454823783182,7.478904304027249,0.1266696927897476,62.300701647345946,96.30710154699524,0.0,0.1,off,2.0,mean,-0.8771323160808453,0.67,0.864931857635473,0.8193939994737576,0.8193939994737576,0.8098357118290102,1.0680337320294613,1.049747185646581,1.0900082105881441,1.0555750447171464,1.037154399881585,1.0782552978280993,1.0555750447171464,1.037154399881585,1.0782552978280993,0.8400517827873707,1.0296173109299855,1.0152244346981252,1.0488492600442927,0.8798938572369623,0.982995676718925,0.9559106261316864,1.0125400080955382
power,det_nonpar_dt2000ns_ap0.05_tau5000ns,nv_charge_readout_master_v1_4,thin_all_counts,4,P15.000,15.0,15.0,1.0,9.932170229495307,0.9199668888580719,6.89454823783182,7.478904304027249,0.1266696927897476,62.300701647345946,96.30710154699524,0.0,0.1,off,2.0,mean,-0.8771323160808453,0.68,0.9314127940020022,0.8641925003753386,0.8641925003753386,0.848879924852348,1.0972256107529104,1.0818618804033378,1.110357936127536,1.07778393540498,1.060467437932963,1.0968973284081998,1.07778393540498,1.060467437932963,1.0968973284081998,0.8933411524872812,1.042617136139671,1.0269754335290224,1.0600080091263304,0.9383942698205191,0.9925601892050638,0.9660116197074898,1.018448633841753
power,det_nonpar_dt2000ns_ap0.05_tau5000ns,nv_charge_readout_master_v1_4,thin_all_counts,4,P15.000,15.0,15.0,1.0,9.932170229495307,0.9199668888580719,6.89454823783182,7.478904304027249,0.1266696927897476,62.300701647345946,96.30710154699524,0.0,0.1,off,2.0,mean,-0.8771323160808453,0.69,0.9967998187278673,0.9114402572933382,0.9114402572933382,0.8898065574187417,1.1202432825618913,1.108376872459455,1.1324224615245315,1.0936534904525914,1.0766928162125424,1.1158126944174458,1.0936534904525914,1.0766928162125424,1.1158126944174458,0.9500109767986809,1.0492508434869396,1.0323735330483836,1.0692345119113285,0.9968946824040752,0.9999048408243294,0.976466199358378,1.0273346802009742
power,det_nonpar_dt2000ns_ap0.05_tau5000ns,nv_charge_readout_master_v1_4,thin_all_counts,4,P15.000,15.0,15.0,1.0,9.932170229495307,0.9199668888580719,6.89454823783182,7.478904304027249,0.1266696927897476,62.300701647345946,96.30710154699524,0.0,0.1,off,2.0,mean,-0.8771323160808453,0.7,1.0735516576638413,0.9612711777227237,0.9612711777227237,0.9393295163647711,1.1428914336882687,1.1319715277195503,1.1600294803299973,1.1168041677969716,1.0955367212567597,1.1415034017697434,1.1168041677969716,1.0955367212567597,1.1415034017697434,1.0102756976157927,1.062632368765652,1.0435450253432033,1.0865457496149649,1.055395094987632,1.0172035693196224,0.9910449580526745,1.045816431846249
power,det_nonpar_dt2000ns_ap0.05_tau5000ns,nv_charge_readout_master_v1_4,thin_all_counts,4,P15.000,15.0,15.0,1.0,9.932170229495307,0.9199668888580719,6.89454823783182,7.478904304027249,0.1266696927897476,62.300701647345946,96.30710154699524,0.0,0.1,off,2.0,mean,-0.8771323160808453,0.71,1.1496148205272212,1.013826490245798,1.013826490245798,0.9954639702227247,1.1548532693453555,1.1411361357814485,1.1673237512849923,1.1339364591356276,1.1156114538194961,1.1513346017433361,1.1339364591356276,1.1156114538194961,1.1513346017433361,1.0743633601292237,1.0700428394998003,1.052930282785088,1.0868996855228659,1.113895507571189,1.0320670230854212,1.011247358516391,1.0552439821264514
power,det_nonpar_dt2000ns_ap0.05_tau5000ns,nv_charge_readout_master_v1_4,thin_all_counts,4,P15.000,15.0,15.0,1.0,9.932170229495307,0.9199668888580719,6.89454823783182,7.478904304027249,0.1266696927897476,62.300701647345946,96.30710154699524,0.0,0.1,off,2.0,mean,-0.8771323160808453,0.72,1.2188601089116686,1.0692551447959804,1.0692551447959804,1.0549530263315747,1.155369081360953,1.141406328644285,1.171489867061446,1.139915122077092,1.1238543932793412,1.1586673154317582,1.139915122077092,1.1238543932793412,1.1586673154317582,1.1425164757621629,1.0668205971371902,1.051039038109357,1.083543926117225,1.1723959201547456,1.0396318239923508,1.0194203811549127,1.0634283515199916
power,det_nonpar_dt2000ns_ap0.05_tau5000ns,nv_charge_readout_master_v1_4,thin_all_counts,4,P15.000,15.0,15.0,1.0,9.932170229495307,0.9199668888580719,6.89454823783182,7.478904304027249,0.1266696927897476,62.300701647345946,96.30710154699524,0.0,0.1,off,2.0,mean,-0.8771323160808453,0.73,1.3015688784277406,1.1277142348050924,1.1277142348050924,1.1179971561573872,1.1641969492134476,1.1471806163498357,1.178691005852506,1.154165513085588,1.1343228757078216,1.1701848570658002,1.154165513085588,1.1343228757078216,1.1701848570658002,1.2149929398476387,1.0712563305848992,1.0540976033406597,1.0864348565613922,1.2308963327383022,1.0574155140524444,1.0313897814307467,1.081588402929654
power,det_nonpar_dt2000ns_ap0.05_tau5000ns,nv_charge_readout_master_v1_4,thin_all_counts,4,P15.000,15.0,15.0,1.0,9.932170229495307,0.9199668888580719,6.89454823783182,7.478904304027249,0.1266696927897476,62.300701647345946,96.30710154699524,0.0,0.1,off,2.0,mean,-0.8771323160808453,0.74,1.3967957309107342,1.1893694424305903,1.1893694424305903,1.184808811367069,1.1789207824164205,1.1637956426867606,1.191969269424142,1.1744002166864556,1.1572926486196804,1.1876403515946286,1.1744002166864556,1.1572926486196804,1.1876403515946286,1.2920670075193814,1.0810551796322234,1.0659795788830104,1.093988746538634,1.289396745321859,1.08329397912515,1.057535657047898,1.1087151492804015
power,det_nonpar_dt2000ns_ap0.05_tau5000ns,nv_charge_readout_master_v1_4,thin_all_counts,4,P15.000,15.0,15.0,1.0,9.932170229495307,0.9199668888580719,6.89454823783182,7.478904304027249,0.1266696927897476,62.300701647345946,96.30710154699524,0.0,0.1,off,2.0,mean,-0.8771323160808453,0.75,1.5026381177002026,1.4896967250075015,1.4897281391476387,1.3453596597935762,1.1169043956102849,1.1112743085482704,1.2029547906793667,1.0086872666600217,1.003415697910129,1.2028989561793375,1.0086659963071856,1.0034085884969486,1.2028989561793375,1.3740303315091185,1.0935989426447612,1.0840024508937056,1.1051617320588958,1.347897157905416,1.1148017553766851,1.0900671149068895,1.139631125571299
power,det_nonpar_dt2000ns_ap0.05_tau5000ns,nv_charge_readout_master_v1_4,thin_all_counts,4,P15.000,15.0,15.0,1.0,9.932170229495307,0.9199668888580719,6.89454823783182,7.478904304027249,0.1266696927897476,62.300701647345946,96.30710154699524,0.0,0.1,off,2.0,mean,-0.8771323160808453,0.76,1.612692490828339,1.5560530787051439,1.5564494103449842,1.3786747075507457,1.169741115867232,1.1414387185892192,1.1994664926513912,1.036399408798013,1.0193655007838904,1.0579610109952138,1.0361355018091392,1.0192701223876055,1.0577896556603372,1.4551327352375072,1.1082786138854301,1.096960167059152,1.1204970582018512,1.4063975704889726,1.146683217226863,1.1244989441237205,1.1680771528807974
power,det_nonpar_dt2000ns_ap0.05_tau5000ns,nv_charge_readout_master_v1_4,thin_all_counts,4,P15.000,15.0,15.0,1.0,9.932170229495307,0.9199668888580719,6.89454823783182,7.478904304027249,0.1266696927897476,62.300701647345946,96.30710154699524,0.0,0.1,off,2.0,mean,-0.8771323160808453,0.77,1.7287658513467077,1.6253651787652041,1.6261589637081864,1.4917564033118549,1.1588794574695085,1.1526068893053076,1.21559180059333,1.0636168867971303,1.0431917849403538,1.0878514205152503,1.0630976982745546,1.0427373643843616,1.0869018766336729,1.5406950104375103,1.1220688323354737,1.1058842494703414,1.137669366576227,1.4648979830725295,1.1801271292085012,1.1592659959719855,1.2003188999672392
power,det_nonpar_dt2000ns_ap0.05_tau5000ns,nv_charge_readout_master_v1_4,thin_all_counts,4,P15.000,15.0,15.0,1.0,9.932170229495307,0.9199668888580719,6.89454823783182,7.478904304027249,0.1266696927897476,62.300701647345946,96.30710154699524,0.0,0.1,off,2.0,mean,-0.8771323160808453,0.78,1.8547621359416457,1.6977646845702752,1.6989906370695067,1.540104093113464,1.2043095945495939,1.1809375451281738,1.2291701130067072,1.09247303398298,1.0721111808705854,1.1189479726750804,1.0916847306120654,1.0711119282897665,1.1180309927091885,1.6312883750770664,1.136992186224598,1.1195806719662489,1.1539577584440612,1.5233983956560861,1.217516141037322,1.1986735520132843,1.2247970464208044
power,det_nonpar_dt2000ns_ap0.05_tau5000ns,nv_charge_readout_master_v1_4,thin_all_counts,4,P15.000,15.0,15.0,1.0,9.932170229495307,0.9199668888580719,6.89454823783182,7.478904304027249,0.1266696927897476,62.300701647345946,96.30710154699524,0.0,0.1,off,2.0,mean,-0.8771323160808453,0.79,1.9880154554297333,1.7733891200768674,1.7750842625296017,1.6011801538978374,1.2415938647442029,1.2269167544779502,1.2510298395497848,1.1210260810349186,1.0974414272462698,1.1469662378100278,1.1199555409255286,1.0968745464533354,1.1461363760008842,1.7272086588415079,1.1509990094440337,1.1355081647802896,1.1660591870161319,1.6430006271909257,1.2099906856570635,1.1975789397384986,1.224981122385272
power,det_nonpar_dt2000ns_ap0.05_tau5000ns,nv_charge_readout_master_v1_4,thin_all_counts,4,P15.000,15.0,15.0,1.0,9.932170229495307,0.9199668888580719,6.89454823783182,7.478904304027249,0.1266696927897476,62.300701647345946,96.30710154699524,0.0,0.1,off,2.0,mean,-0.8771323160808453,0.8,2.129716258397812,1.8523821350442453,1.8545859349261116,1.7076708804945107,1.2471467908272142,1.235479638945184,1.2620704533751155,1.1497175545514222,1.127695392307092,1.1769287106412756,1.148351348023494,1.1264797202080168,1.175334012964792,1.828769086297292,1.1645626964910303,1.151124011750061,1.177109343532134,1.7639028974268565,1.2073886048402076,1.1926047315117627,1.2254557052807455
power,det_nonpar_dt2000ns_ap0.05_tau5000ns,nv_charge_readout_master_v1_4,thin_all_counts,4,P15.000,15.0,15.0,1.0,9.932170229495307,0.9199668888580719,6.89454823783182,7.478904304027249,0.1266696927897476,62.300701647345946,96.30710154699524,0.0,0.1,off,2.0,mean,-0.8771323160808453,0.81,2.284197466424579,1.9348937778993178,1.9376482923262925,1.8212440548866315,1.2541962513457678,1.2395463720916704,1.2731810112509379,1.1805286122241267,1.1563268332152508,1.210947521886158,1.1788504010096839,1.155256646563357,1.2092261145776024,1.9403460961055994,1.177211359874979,1.1666109522109853,1.1878949335722127,1.8848051676627873,1.211901105543471,1.1957119229110424,1.2311165426314428
power,det_nonpar_dt2000ns_ap0.05_tau5000ns,nv_charge_readout_master_v1_4,thin_all_counts,4,P15.000,15.0,15.0,1.0,9.932170229495307,0.9199668888580719,6.89454823783182,7.478904304027249,0.1266696927897476,62.300701647345946,96.30710154699524,0.0,0.1,off,2.0,mean,-0.8771323160808453,0.82,2.474801255966663,2.0210807807558937,2.024430809082232,1.9423707140215294,1.2741137611382005,1.245673862513141,1.2979322558773738,1.224493983383027,1.1850739448862881,1.2570760915205947,1.2224676906041578,1.183638924797071,1.254876004970992,2.0766057573315275,1.191753055306378,1.172739499158177,1.2102607463673183,2.0057074378987165,1.2338794827222626,1.2034700880952627,1.2587756019875738
power,det_nonpar_dt2000ns_ap0.05_tau5000ns,nv_charge_readout_master_v1_4,thin_all_counts,4,P15.000,15.0,15.0,1.0,9.932170229495307,0.9199668888580719,6.89454823783182,7.478904304027249,0.1266696927897476,62.300701647345946,96.30710154699524,0.0,0.1,off,2.0,mean,-0.8771323160808453,0.83,2.7129325994256996,2.1111068571297076,2.1151001020112896,2.0715532224061857,1.3096127920259408,1.2791475004774864,1.3323391897829764,1.2850759260543747,1.24184468579626,1.3253184406399563,1.2826497416580518,1.2406088276015026,1.322149933027891,2.2224341729743466,1.2207032417049748,1.1940980475258927,1.2432012598003594,2.1266097081346476,1.2757078033868963,1.2396314117451979,1.3065362085366081
power,det_nonpar_dt2000ns_ap0.05_tau5000ns,nv_charge_readout_master_v1_4,thin_all_counts,4,P15.000,15.0,15.0,1.0,9.932170229495307,0.9199668888580719,6.89454823783182,7.478904304027249,0.1266696927897476,62.300701647345946,96.30710154699524,0.0,0.1,off,2.0,mean,-0.8771323160808453,0.84,2.987393822075855,2.2051430129147125,2.979362492786383,2.207814076129575,1.3531002697985004,1.3262064156462847,1.3628855612248267,1.354739263884377,1.0012691199052781,1.3614184641683096,1.0026956536201679,0.9979068984009618,1.3556272060009888,2.378503303174474,1.2559973400451974,1.2339478672875752,1.2664948474790767,2.2475119783705786,1.329200400632206,1.2985883392032371,1.3468881215770665
power,det_nonpar_dt2000ns_ap0.05_tau5000ns,nv_charge_readout_master_v1_4,thin_all_counts,4,P15.000,15.0,15.0,1.0,9.932170229495307,0.9199668888580719,6.89454823783182,7.478904304027249,0.1266696927897476,62.300701647345946,96.30710154699524,0.0,0.1,off,2.0,mean,-0.8771323160808453,0.85,3.2836716811921716,3.2076574830392834,3.2152059268662074,2.508761612739964,1.3088815073210098,1.27093328094939,1.3835838508728568,1.0236977291231433,1.0030787938513746,1.0610838290621831,1.0212943605738798,0.999907104282511,1.0599767056530476,2.6349418450462383,1.2462027150107935,1.2274319961170195,1.2755873367211972,2.4957893672471,1.315684618375516,1.2938470296269584,1.3480567628873334
power,det_nonpar_dt2000ns_ap0.05_tau5000ns,nv_charge_readout_master_v1_4,thin_all_counts,4,P15.000,15.0,15.0,1.0,9.932170229495307,0.9199668888580719,6.89454823783182,7.478904304027249,0.1266696927897476,62.300701647345946,96.30710154699524,0.0,0.1,off,2.0,mean,-0.8771323160808453,0.86,3.7379603664407095,3.466392494774549,3.4697184975593975,3.0132867204194334,1.240492761976665,1.1909363512355202,1.398171550717916,1.0783430820588087,1.0318247411632444,1.1438125638490313,1.077309403938675,1.030701073119471,1.1447914266986636,2.9299005460662584,1.2757976960888204,1.2372756448872502,1.3314329740609587,2.794769473252403,1.337484326423056,1.3000463249080314,1.394509057192995
power,det_nonpar_dt2000ns_ap0.05_tau5000ns,nv_charge_readout_master_v1_4,thin_all_counts,4,P15.000,15.0,15.0,1.0,9.932170229495307,0.9199668888580719,6.89454823783182,7.478904304027249,0.1266696927897476,62.300701647345946,96.30710154699524,0.0,0.1,off,2.0,mean,-0.8771323160808453,0.87,4.6509598948508835,3.7459975048346412,3.744378035543106,3.1065276134411337,1.4971571070952,1.3123225522755815,1.6182665042577027,1.2415811513083723,1.0980507620419666,1.3842513503257716,1.2421181437082867,0.7026231597314456,1.3944775782198988,3.313120134630211,1.4038005583428665,1.2890491216565259,1.5239923580638741,3.1062037525640904,1.4973132045866717,1.36180859579559,1.5993680063859808
power,det_nonpar_dt2000ns_ap0.05_tau5000ns,nv_charge_readout_master_v1_4,thin_all_counts,4,P15.000,15.0,15.0,1.0,9.932170229495307,0.9199668888580719,6.89454823783182,7.478904304027249,0.1266696927897476,62.300701647345946,96.30710154699524,0.0,0.1,off,2.0,mean,-0.8771323160808453,0.88,nan,nan,8.365317589833394,6.644239940457063,nan,nan,nan,nan,nan,nan,nan,nan,nan,nan,nan,nan,nan,5.198584814688566,nan,nan,nan
power,det_nonpar_dt2000ns_ap0.05_tau5000ns,nv_charge_readout_master_v1_4,thin_all_counts,4,P15.000,15.0,15.0,1.0,9.932170229495307,0.9199668888580719,6.89454823783182,7.478904304027249,0.1266696927897476,62.300701647345946,96.30710154699524,0.0,0.1,off,2.0,mean,-0.8771323160808453,0.89,nan,nan,nan,nan,nan,nan,nan,nan,nan,nan,nan,nan,nan,nan,nan,nan,nan,nan,nan,nan,nan
power,det_nonpar_dt2000ns_ap0.05_tau5000ns,nv_charge_readout_master_v1_4,thin_all_counts,4,P15.000,15.0,15.0,1.0,9.932170229495307,0.9199668888580719,6.89454823783182,7.478904304027249,0.1266696927897476,62.300701647345946,96.30710154699524,0.0,0.1,off,2.0,mean,-0.8771323160808453,0.9,nan,nan,nan,nan,nan,nan,nan,nan,nan,nan,nan,nan,nan,nan,nan,nan,nan,nan,nan,nan,nan
power,det_nonpar_dt2000ns_ap0.05_tau5000ns,nv_charge_readout_master_v1_4,thin_all_counts,4,P15.000,15.0,15.0,1.0,9.932170229495307,0.9199668888580719,6.89454823783182,7.478904304027249,0.1266696927897476,62.300701647345946,96.30710154699524,0.0,0.1,off,2.0,mean,-0.8771323160808453,0.91,nan,nan,nan,nan,nan,nan,nan,nan,nan,nan,nan,nan,nan,nan,nan,nan,nan,nan,nan,nan,nan
power,det_nonpar_dt2000ns_ap0.05_tau5000ns,nv_charge_readout_master_v1_4,thin_all_counts,4,P15.000,15.0,15.0,1.0,9.932170229495307,0.9199668888580719,6.89454823783182,7.478904304027249,0.1266696927897476,62.300701647345946,96.30710154699524,0.0,0.1,off,2.0,mean,-0.8771323160808453,0.92,nan,nan,nan,nan,nan,nan,nan,nan,nan,nan,nan,nan,nan,nan,nan,nan,nan,nan,nan,nan,nan
power,det_nonpar_dt2000ns_ap0.05_tau5000ns,nv_charge_readout_master_v1_4,thin_all_counts,4,P15.000,15.0,15.0,1.0,9.932170229495307,0.9199668888580719,6.89454823783182,7.478904304027249,0.1266696927897476,62.300701647345946,96.30710154699524,0.0,0.1,off,2.0,mean,-0.8771323160808453,0.93,nan,nan,nan,nan,nan,nan,nan,nan,nan,nan,nan,nan,nan,nan,nan,nan,nan,nan,nan,nan,nan
power,det_nonpar_dt2000ns_ap0.05_tau5000ns,nv_charge_readout_master_v1_4,thin_all_counts,4,P15.000,15.0,15.0,1.0,9.932170229495307,0.9199668888580719,6.89454823783182,7.478904304027249,0.1266696927897476,62.300701647345946,96.30710154699524,0.0,0.1,off,2.0,mean,-0.8771323160808453,0.94,nan,nan,nan,nan,nan,nan,nan,nan,nan,nan,nan,nan,nan,nan,nan,nan,nan,nan,nan,nan,nan
power,det_nonpar_dt2000ns_ap0.05_tau5000ns,nv_charge_readout_master_v1_4,thin_all_counts,4,P15.000,15.0,15.0,1.0,9.932170229495307,0.9199668888580719,6.89454823783182,7.478904304027249,0.1266696927897476,62.300701647345946,96.30710154699524,0.0,0.1,off,2.0,mean,-0.8771323160808453,0.95,nan,nan,nan,nan,nan,nan,nan,nan,nan,nan,nan,nan,nan,nan,nan,nan,nan,nan,nan,nan,nan
power,det_nonpar_dt2000ns_ap0.05_tau5000ns,nv_charge_readout_master_v1_4,thin_all_counts,4,P15.000,15.0,15.0,1.0,9.932170229495307,0.9199668888580719,6.89454823783182,7.478904304027249,0.1266696927897476,62.300701647345946,96.30710154699524,0.0,0.1,off,2.0,mean,-0.8771323160808453,0.96,nan,nan,nan,nan,nan,nan,nan,nan,nan,nan,nan,nan,nan,nan,nan,nan,nan,nan,nan,nan,nan
power,det_nonpar_dt2000ns_ap0.05_tau5000ns,nv_charge_readout_master_v1_4,thin_all_counts,4,P15.000,15.0,15.0,1.0,9.932170229495307,0.9199668888580719,6.89454823783182,7.478904304027249,0.1266696927897476,62.300701647345946,96.30710154699524,0.0,0.1,off,2.0,mean,-0.8771323160808453,0.97,nan,nan,nan,nan,nan,nan,nan,nan,nan,nan,nan,nan,nan,nan,nan,nan,nan,nan,nan,nan,nan
power,det_nonpar_dt2000ns_ap0.05_tau5000ns,nv_charge_readout_master_v1_4,thin_all_counts,4,P15.000,15.0,15.0,1.0,9.932170229495307,0.9199668888580719,6.89454823783182,7.478904304027249,0.1266696927897476,62.300701647345946,96.30710154699524,0.0,0.1,off,2.0,mean,-0.8771323160808453,0.98,nan,nan,nan,nan,nan,nan,nan,nan,nan,nan,nan,nan,nan,nan,nan,nan,nan,nan,nan,nan,nan
power,det_nonpar_dt2000ns_ap0.05_tau5000ns,nv_charge_readout_master_v1_4,thin_all_counts,4,P15.000,15.0,15.0,1.0,9.932170229495307,0.9199668888580719,6.89454823783182,7.478904304027249,0.1266696927897476,62.300701647345946,96.30710154699524,0.0,0.1,off,2.0,mean,-0.8771323160808453,0.99,nan,nan,nan,nan,nan,nan,nan,nan,nan,nan,nan,nan,nan,nan,nan,nan,nan,nan,nan,nan,nan
