experiment,detector,physics_layer,efficiency_model,point_index,point,sweep_value,power_uw,detection_efficiency,photons_per_bright_dwell,contrast,switching_ratio,snr_per_bright_dwell,p_bright_stationary,gamma_tot_khz,horizon_us,noise_sigma,noise_tau_c_ms,noise_kind,noise_photon_order,noise_renormalise,q_excess_finest_bin,target_fidelity,t_threshold_us,t_adaptive_count_us,t_fixed_count_mmpp_us,t_adaptive_mmpp_us,speedup_mmpp,speedup_mmpp_ci_low,speedup_mmpp_ci_high,speedup_count,speedup_count_ci_low,speedup_count_ci_high,speedup_fixed_count_mmpp,speedup_fixed_count_mmpp_ci_low,speedup_fixed_count_mmpp_ci_high,t_learned_us,speedup_learned,speedup_learned_ci_low,speedup_learned_ci_high,t_optimal_us,speedup_optimal,speedup_optimal_ci_low,speedup_optimal_ci_high
contrast,det_nonpar_dt50ns_ap0.01_tau100ns,nv_charge_readout_master_v1_4,thin_all_counts,0,contrast0.5,0.5,5.437,1.0,27.43339830432224,0.4999999999999999,7.504300359171423,5.441829145374569,0.11758756837904422,9.422120008455401,636.7993609310438,0.0,0.1,off,2.0,mean,0.04561092944022699,0.55,0.6868705557986484,1.534464202488373,1.534464202488373,0.6550527889675747,1.0485728285825964,1.0310620071473853,1.070351161534194,0.4476289213425642,0.4158975938034698,0.4848357943050023,0.4476289213425642,0.4158975938034698,0.4848357943050023,4.9756859788022245,0.13804539891080422,0.12810002654172264,0.1495087432909732,0.6386693767571863,1.0754712544481173,1.0523397503054452,1.1318291538163894
contrast,det_nonpar_dt50ns_ap0.01_tau100ns,nv_charge_readout_master_v1_4,thin_all_counts,0,contrast0.5,0.5,5.437,1.0,27.43339830432224,0.4999999999999999,7.504300359171423,5.441829145374569,0.11758756837904422,9.422120008455401,636.7993609310438,0.0,0.1,off,2.0,mean,0.04561092944022699,0.56,0.8168567469745815,1.534464202488373,1.534464202488373,0.7628381681954756,1.070812632392122,1.0388504656181836,1.0974879629192382,0.5323400478485721,0.4841054723635868,0.576250653666648,0.5323400478485721,0.4841054723635868,0.576250653666648,4.9756859788022245,0.16416967438351485,0.14898215060520228,0.17787840396876758,0.7674884207564914,1.0643245225373292,1.0497901609491391,1.1081416173373955
contrast,det_nonpar_dt50ns_ap0.01_tau100ns,nv_charge_readout_master_v1_4,thin_all_counts,0,contrast0.5,0.5,5.437,1.0,27.43339830432224,0.4999999999999999,7.504300359171423,5.441829145374569,0.11758756837904422,9.422120008455401,636.7993609310438,0.0,0.1,off,2.0,mean,0.04561092944022699,0.57,0.951563655544835,1.534464202488373,1.534464202488373,0.888359046257924,1.0711475946050764,1.0500706523216152,1.092087910811541,0.6201276341290505,0.5715524320824339,0.6788236353834105,0.6201276341290505,0.5715524320824339,0.6788236353834105,4.9756859788022245,0.1912427069551324,0.17568329884071307,0.20957491170258796,0.8993345141419529,1.0580753218981187,1.0422576864205164,1.104090295464458
contrast,det_nonpar_dt50ns_ap0.01_tau100ns,nv_charge_readout_master_v1_4,thin_all_counts,0,contrast0.5,0.5,5.437,1.0,27.43339830432224,0.4999999999999999,7.504300359171423,5.441829145374569,0.11758756837904422,9.422120008455401,636.7993609310438,0.0,0.1,off,2.0,mean,0.04561092944022699,0.58,1.1052233507939293,1.534464202488373,1.534464202488373,1.0121860764288557,1.0919171647700618,1.071982100283537,1.1211889176950978,0.7202666240122365,0.6663063037593047,0.7755938118191541,0.7202666240122365,0.6663063037593047,0.7755938118191541,4.9756859788022245,0.2221248196736051,0.2052707872858077,0.23923427083280685,1.0313363799872977,1.071641970787011,1.054575255834069,1.1065383702058305
contrast,det_nonpar_dt50ns_ap0.01_tau100ns,nv_charge_readout_master_v1_4,thin_all_counts,0,contrast0.5,0.5,5.437,1.0,27.43339830432224,0.4999999999999999,7.504300359171423,5.441829145374569,0.11758756837904422,9.422120008455401,636.7993609310438,0.0,0.1,off,2.0,mean,0.04561092944022699,0.59,1.2656964061506448,1.534464202488373,1.534464202488373,1.143956352234363,1.1064201913635083,1.0796347669319097,1.1364144564889345,0.824845834851097,0.7612418964723028,0.8908873737459712,0.824845834851097,0.7612418964723028,0.8908873737459712,4.9756859788022245,0.2543762632012663,0.23440867491945255,0.2759912132353836,1.1650517428913452,1.0863864320820007,1.0724875325931822,1.1124083080868676
contrast,det_nonpar_dt50ns_ap0.01_tau100ns,nv_charge_readout_master_v1_4,thin_all_counts,0,contrast0.5,0.5,5.437,1.0,27.43339830432224,0.4999999999999999,7.504300359171423,5.441829145374569,0.11758756837904422,9.422120008455401,636.7993609310438,0.0,0.1,off,2.0,mean,0.04561092944022699,0.6,1.4428061662141496,1.534464202488373,1.534464202488373,1.292880989268707,1.115962086371341,1.0910757556188886,1.1411815470681617,0.9402670742493793,0.864084582355177,1.0266482252962124,0.9402670742493793,0.864084582355177,1.0266482252962124,4.9756859788022245,0.28997130694358453,0.26721731837088536,0.31734090723474945,1.3019470946538825,1.1081910871330098,1.0853547773322356,1.1239771987225697
contrast,det_nonpar_dt50ns_ap0.01_tau100ns,nv_charge_readout_master_v1_4,thin_all_counts,0,contrast0.5,0.5,5.437,1.0,27.43339830432224,0.4999999999999999,7.504300359171423,5.441829145374569,0.11758756837904422,9.422120008455401,636.7993609310438,0.0,0.1,off,2.0,mean,0.04561092944022699,0.61,1.6651462783911632,1.534464202488373,1.534464202488373,1.534464202488373,1.0851646299020001,1.004643248595857,1.149642631853997,1.0851646299020001,0.9827300701591353,1.1468698642919923,1.0851646299020001,0.9827300701591353,1.1386677651380928,4.9756859788022245,0.33465662533470547,0.30317729246932046,0.37327616203068603,1.499017403196262,1.1108251811090886,1.0834310072273872,1.1546838207996801
contrast,det_nonpar_dt50ns_ap0.01_tau100ns,nv_charge_readout_master_v1_4,thin_all_counts,0,contrast0.5,0.5,5.437,1.0,27.43339830432224,0.4999999999999999,7.504300359171423,5.441829145374569,0.11758756837904422,9.422120008455401,636.7993609310438,0.0,0.1,off,2.0,mean,0.04561092944022699,0.62,1.9531298989677908,1.856925746914814,1.8627065354868393,1.8385978980231186,1.0622931207893898,1.0092378999259555,1.1420087286169542,1.051808292395544,1.0068178684676052,1.1334039603085053,1.0485440737755924,1.0030362868078262,1.1281290318435624,4.9756859788022245,0.39253479968162286,0.3511605722841129,0.4383881394057936,1.6960877117386417,1.151550055725395,1.1068706335580332,1.1877507169511603
contrast,det_nonpar_dt50ns_ap0.01_tau100ns,nv_charge_readout_master_v1_4,thin_all_counts,0,contrast0.5,0.5,5.437,1.0,27.43339830432224,0.4999999999999999,7.504300359171423,5.441829145374569,0.11758756837904422,9.422120008455401,636.7993609310438,0.0,0.1,off,2.0,mean,0.04561092944022699,0.63,2.262760742757565,2.0348368127096923,2.0409592466162843,1.9830303519782209,1.141062082332876,1.0777369683017861,1.1901395880612868,1.1120109134178469,1.053598307760375,1.1672677806201504,1.1086751224988967,1.0535227282679582,1.1647616409361863,4.9756859788022245,0.4547635747910019,0.4097820930224011,0.49812921232675283,1.9180937633444337,1.1796924561248567,1.153348123529108,1.207209516884881
contrast,det_nonpar_dt50ns_ap0.01_tau100ns,nv_charge_readout_master_v1_4,thin_all_counts,0,contrast0.5,0.5,5.437,1.0,27.43339830432224,0.4999999999999999,7.504300359171423,5.441829145374569,0.11758756837904422,9.422120008455401,636.7993609310438,0.0,0.1,off,2.0,mean,0.04561092944022699,0.64,2.561970380013823,2.229793442865374,2.2362699475147365,2.138808807023568,1.1978491820309736,0.8774014560980021,1.2231643847733966,1.1489720665433425,1.095529279241058,1.2099306792434048,1.1456445063177867,1.0914789691819307,1.2096300507994833,4.9756859788022245,0.5148979238096041,0.47064101373777933,0.5664609786266452,2.169569329479714,1.1808658728726642,1.1483835973991805,1.2247006224200514
contrast,det_nonpar_dt50ns_ap0.01_tau100ns,nv_charge_readout_master_v1_4,thin_all_counts,0,contrast0.5,0.5,5.437,1.0,27.43339830432224,0.4999999999999999,7.504300359171423,5.441829145374569,0.11758756837904422,9.422120008455401,636.7993609310438,0.0,0.1,off,2.0,mean,0.04561092944022699,0.65,2.9150372144991468,2.443428763815452,2.450271011755175,3.065557656359794,0.9508994908158461,0.8824031472189071,1.2076228699271891,1.1930109269677545,1.1330747646332568,1.265329542721823,1.189679509129503,1.129829672740972,1.260151429735394,4.9756859788022245,0.5858563476308589,0.5315032326500256,0.6528062400174086,2.421044895614994,1.204040957595984,1.1600399410779247,1.249701008415501
contrast,det_nonpar_dt50ns_ap0.01_tau100ns,nv_charge_readout_master_v1_4,thin_all_counts,0,contrast0.5,0.5,5.437,1.0,27.43339830432224,0.4999999999999999,7.504300359171423,5.441829145374569,0.11758756837904422,9.422120008455401,636.7993609310438,0.0,0.1,off,2.0,mean,0.04561092944022699,0.66,3.3317331573970197,2.6775323709664227,2.6847510237840657,3.065557656359794,1.0868277588858977,0.9875129402684091,1.2029400921030562,1.244329739398994,1.1782585031739503,1.3021595490647468,1.2409840346018584,1.1730508321775204,1.2967540877354475,4.9756859788022245,0.6696027787105354,0.6071996584492069,0.7420016932305188,2.6725204617502745,1.2466632922297691,1.1980618716151776,1.273891378804069
contrast,det_nonpar_dt50ns_ap0.01_tau100ns,nv_charge_readout_master_v1_4,thin_all_counts,0,contrast0.5,0.5,5.437,1.0,27.43339830432224,0.4999999999999999,7.504300359171423,5.441829145374569,0.11758756837904422,9.422120008455401,636.7993609310438,0.0,0.1,off,2.0,mean,0.04561092944022699,0.67,3.805621360133039,2.93406531990656,2.9416697276055372,3.065557656359794,1.241412423686735,1.1213016763435262,1.328309399786199,1.2970472519181118,0.9770901845335084,1.3265459581066963,1.2936943003559893,0.9977683904666959,1.319733696202255,4.9756859788022245,0.7648435565158294,0.6902197216359557,0.8761524238413466,3.020834951112076,1.259791223857515,1.2283552844436774,1.3346551592873805
contrast,det_nonpar_dt50ns_ap0.01_tau100ns,nv_charge_readout_master_v1_4,thin_all_counts,0,contrast0.5,0.5,5.437,1.0,27.43339830432224,0.4999999999999999,7.504300359171423,5.441829145374569,0.11758756837904422,9.422120008455401,636.7993609310438,0.0,0.1,off,2.0,mean,0.04561092944022699,0.68,4.60352187828155,4.865121686675272,4.40568994384785,3.3587695523974683,1.3705977163558558,1.269406314767496,1.4131658583416764,0.9462295446565709,0.592699247616055,1.3297610041551566,1.0449037351595645,0.9945170619256407,1.3169079434871147,4.9756859788022245,0.9252034589589869,0.790607885785678,1.009270593926108,3.380409780383939,1.361823618247458,1.2453758191909428,1.420997498025001
contrast,det_nonpar_dt50ns_ap0.01_tau100ns,nv_charge_readout_master_v1_4,thin_all_counts,0,contrast0.5,0.5,5.437,1.0,27.43339830432224,0.4999999999999999,7.504300359171423,5.441829145374569,0.11758756837904422,9.422120008455401,636.7993609310438,0.0,0.1,off,2.0,mean,0.04561092944022699,0.69,5.34401862022404,7.566635933685717,5.08857765003966,3.8878302903383597,1.374550384440507,1.2830747965394522,1.5790642024724693,0.70626083599888,0.6320090445738284,0.8464566697359381,1.0501988940234388,0.7234468323582122,1.1635161897228667,5.1439983835481575,1.0388841950875412,0.9585609844480835,1.1778061230477879,3.739984609655798,1.4288878639839822,1.3535119481596103,1.6261255446172755
contrast,det_nonpar_dt50ns_ap0.01_tau100ns,nv_charge_readout_master_v1_4,thin_all_counts,0,contrast0.5,0.5,5.437,1.0,27.43339830432224,0.4999999999999999,7.504300359171423,5.441829145374569,0.11758756837904422,9.422120008455401,636.7993609310438,0.0,0.1,off,2.0,mean,0.04561092944022699,0.7,8.542253681382759,7.615773479378434,7.590213913399272,4.483043329670232,1.9054586478893387,1.3179078436294496,1.9281372566435726,1.1216528044738983,0.7457265871768106,1.1406257518240344,1.1254298994528753,0.754798827237599,1.1442039158613864,5.672308460067717,1.5059571850718392,1.0531288067554787,1.5458814977912465,4.1018943761521225,2.08251429657631,1.4433264911590071,2.1400272055315885
contrast,det_nonpar_dt50ns_ap0.01_tau100ns,nv_charge_readout_master_v1_4,thin_all_counts,0,contrast0.5,0.5,5.437,1.0,27.43339830432224,0.4999999999999999,7.504300359171423,5.441829145374569,0.11758756837904422,9.422120008455401,636.7993609310438,0.0,0.1,off,2.0,mean,0.04561092944022699,0.71,8.829666425346646,7.665230123071617,7.676418207075936,4.758863849729228,1.8554148015495422,1.3771550827542427,1.916755663179137,1.1519114603970189,1.1233657119762197,1.1710734455923812,1.1502325937906397,1.1248874328404679,1.1651384754584901,6.254878183682965,1.4116448260144385,1.3454344040240018,1.4828197921572916,4.7977001657463845,1.8403956313041092,1.7008009879147412,2.0193145061620426
contrast,det_nonpar_dt50ns_ap0.01_tau100ns,nv_charge_readout_master_v1_4,thin_all_counts,0,contrast0.5,0.5,5.437,1.0,27.43339830432224,0.4999999999999999,7.504300359171423,5.441829145374569,0.11758756837904422,9.422120008455401,636.7993609310438,0.0,0.1,off,2.0,mean,0.04561092944022699,0.72,9.126749461071228,7.715007936979753,7.763601548291064,6.748325116961732,1.352446614958042,1.3313357235976762,1.4930668510494294,1.1829863994468084,1.158897712560345,1.2036653361065435,1.1755819002689831,0.9372414387105874,1.1865675104419016,6.897280246329559,1.3232388905653207,1.2630706186387088,1.3900352673350784,5.4935059553406465,1.6613706320275188,1.55984536784455,1.7958354496211957
contrast,det_nonpar_dt50ns_ap0.01_tau100ns,nv_charge_readout_master_v1_4,thin_all_counts,0,contrast0.5,0.5,5.437,1.0,27.43339830432224,0.4999999999999999,7.504300359171423,5.441829145374569,0.11758756837904422,9.422120008455401,636.7993609310438,0.0,0.1,off,2.0,mean,0.04561092944022699,0.73,9.433828155279807,7.765109006774233,10.151945432345256,6.882790519972471,1.3706400228082982,1.1562629163804035,1.3891166570529179,1.2148996423681617,0.7334090003308557,1.2281754224910884,0.9292630873706782,0.8948319804028805,0.9895768888779491,7.589550734636787,1.2430021861802971,1.1972044214802267,1.3049473192208438,6.189311744934909,1.5242127952272049,1.4500852692841386,1.6263633422409363
contrast,det_nonpar_dt50ns_ap0.01_tau100ns,nv_charge_readout_master_v1_4,thin_all_counts,0,contrast0.5,0.5,5.437,1.0,27.43339830432224,0.4999999999999999,7.504300359171423,5.441829145374569,0.11758756837904422,9.422120008455401,636.7993609310438,0.0,0.1,off,2.0,mean,0.04561092944022699,0.74,10.107733695570387,13.305725265268467,11.151297525608872,8.256049566309166,1.2242820993732246,1.1511917554299544,1.3080998550477314,0.7596529684822442,0.7329009928648751,1.2248851473213846,0.9064177215573391,0.8712803142660638,0.9432571830258976,8.2282697986368,1.22841544369935,1.1737662549461754,1.2874379959346416,6.885117534529172,1.468055359241095,1.4019349672074628,1.548964483709664
contrast,det_nonpar_dt50ns_ap0.01_tau100ns,nv_charge_readout_master_v1_4,thin_all_counts,0,contrast0.5,0.5,5.437,1.0,27.43339830432224,0.4999999999999999,7.504300359171423,5.441829145374569,0.11758756837904422,9.422120008455401,636.7993609310438,0.0,0.1,off,2.0,mean,0.04561092944022699,0.75,11.258552217331932,13.819470297796734,12.249025305874152,8.765496262297743,1.2844169777080792,1.201104719560874,1.378096957602985,0.814687681562361,0.7734789106447512,0.8654951897021634,0.9191386201098606,0.87786236375152,0.9623098984705061,8.920741984129918,1.262064549940016,1.2011810813033443,1.3370738448294897,7.580923324123434,1.4851162234428394,1.4172271744657958,1.5788424065345437
contrast,det_nonpar_dt50ns_ap0.01_tau100ns,nv_charge_readout_master_v1_4,thin_all_counts,0,contrast0.5,0.5,5.437,1.0,27.43339830432224,0.4999999999999999,7.504300359171423,5.441829145374569,0.11758756837904422,9.422120008455401,636.7993609310438,0.0,0.1,off,2.0,mean,0.04561092944022699,0.76,14.182299460806446,14.353051449979182,13.294809840449966,8.800410478525713,1.6115497675265635,1.329015493594123,1.6519978820621715,0.9881034364178369,0.8300484879459658,1.0204690609481315,1.06675459303346,0.9047458655757974,1.0865821763884291,9.671491029694042,1.466402586453632,1.2415866119471308,1.5149974859825708,8.276729113717696,1.7135149968,1.4523480742059274,1.7664033462529551
contrast,det_nonpar_dt50ns_ap0.01_tau100ns,nv_charge_readout_master_v1_4,thin_all_counts,0,contrast0.5,0.5,5.437,1.0,27.43339830432224,0.4999999999999999,7.504300359171423,5.441829145374569,0.11758756837904422,9.422120008455401,636.7993609310438,0.0,0.1,off,2.0,mean,0.04561092944022699,0.77,15.434674642305287,14.907234610764641,14.136506587239207,9.630076240395127,1.6027572634951428,1.530620072050237,1.6859694533345673,1.0353814805570831,0.9983130569997395,1.0737157332706777,1.091830895211262,1.059053695440259,1.12652379249038,10.485421381299542,1.4720128148433407,1.4225184119671628,1.525692175674051,8.972534903311958,1.7202133854734867,1.6206191630952356,1.7964590709556274
contrast,det_nonpar_dt50ns_ap0.01_tau100ns,nv_charge_readout_master_v1_4,thin_all_counts,0,contrast0.5,0.5,5.437,1.0,27.43339830432224,0.4999999999999999,7.504300359171423,5.441829145374569,0.11758756837904422,9.422120008455401,636.7993609310438,0.0,0.1,off,2.0,mean,0.04561092944022699,0.78,16.669929166945632,15.4828152407063,15.031491302946971,13.86254857191755,1.2025154740099675,1.1392639092126606,1.694933127018186,1.076673002150039,1.0403552821085056,1.109911916861373,1.1090003533899155,1.0806930292274854,1.1328706768691201,11.367850231764281,1.466409991958389,1.4196312795077388,1.5152528752261696,10.250041541456707,1.626327961650051,1.5337192439289433,1.7423947332255623
contrast,det_nonpar_dt50ns_ap0.01_tau100ns,nv_charge_readout_master_v1_4,thin_all_counts,0,contrast0.5,0.5,5.437,1.0,27.43339830432224,0.4999999999999999,7.504300359171423,5.441829145374569,0.11758756837904422,9.422120008455401,636.7993609310438,0.0,0.1,off,2.0,mean,0.04561092944022699,0.79,18.08433362944807,16.080619513745706,15.983137658247758,14.842571340535152,1.2184097495330641,1.172511717473491,1.2807409765971205,1.124604286171288,1.0806111962919993,1.1761738646918967,1.1314632968900218,1.0971784665218005,1.1634767302524796,12.324542256575194,1.4673432288976092,1.4115665076349482,1.5363013666886116,11.649754240221307,1.552336062765263,1.4796653096773231,1.6369417322550377
contrast,det_nonpar_dt50ns_ap0.01_tau100ns,nv_charge_readout_master_v1_4,thin_all_counts,0,contrast0.5,0.5,5.437,1.0,27.43339830432224,0.4999999999999999,7.504300359171423,5.441829145374569,0.11758756837904422,9.422120008455401,636.7993609310438,0.0,0.1,off,2.0,mean,0.04561092944022699,0.8,21.02969100109124,35.95820298535474,26.777274661634426,17.1906901059938,1.2233186027685365,1.0781647527688292,1.421627993913032,0.584837095715165,0.5482843957991375,1.230174290469225,0.7853559134313945,0.7395270253223882,1.1942842301088048,13.501189105713102,1.5576176910367407,1.4446257048471445,1.71155931461707,13.049466938985908,1.611536402170117,1.4939729308476173,1.769495171211307
contrast,det_nonpar_dt50ns_ap0.01_tau100ns,nv_charge_readout_master_v1_4,thin_all_counts,0,contrast0.5,0.5,5.437,1.0,27.43339830432224,0.4999999999999999,7.504300359171423,5.441829145374569,0.11758756837904422,9.422120008455401,636.7993609310438,0.0,0.1,off,2.0,mean,0.04561092944022699,0.81,24.336847233244793,36.9228069160657,28.33544837578749,20.664131811969146,1.1777338363254306,1.1260611655917288,1.2383597534451345,0.6591277658973279,0.6345502499665203,0.6827971667236378,0.8588834349994093,0.8377250748525966,0.8797865932777049,14.920670956738915,1.6310826305202493,1.5544736937553612,1.711488934634043,14.449179637750511,1.684306503440608,1.61705389604985,1.7473921633359104
contrast,det_nonpar_dt50ns_ap0.01_tau100ns,nv_charge_readout_master_v1_4,thin_all_counts,0,contrast0.5,0.5,5.437,1.0,27.43339830432224,0.4999999999999999,7.504300359171423,5.441829145374569,0.11758756837904422,9.422120008455401,636.7993609310438,0.0,0.1,off,2.0,mean,0.04561092944022699,0.82,30.112408567858232,37.91328702149878,29.98429245703939,20.721529213458002,1.4531943206344606,1.2146833242354724,1.521560064968879,0.7942442065438153,0.6694099807381642,0.8250287507214086,1.0042727741867647,0.8626337473818207,1.0273192943521048,16.71778817624438,1.8012196500161022,1.5357744316117585,1.9040041433027979,15.848892336515096,1.8999692804071027,1.617616998682755,1.9694949248506968
contrast,det_nonpar_dt50ns_ap0.01_tau100ns,nv_charge_readout_master_v1_4,thin_all_counts,0,contrast0.5,0.5,5.437,1.0,27.43339830432224,0.4999999999999999,7.504300359171423,5.441829145374569,0.11758756837904422,9.422120008455401,636.7993609310438,0.0,0.1,off,2.0,mean,0.04561092944022699,0.83,34.45186370353246,39.01811853612178,33.11243458001538,20.779086043938488,1.6580066914724811,1.4698576494098563,1.8137921036068507,0.8829709118761833,0.8112378340232971,0.9823194314670968,1.0404509405758244,0.9833186893435926,1.1421514188707966,18.92719734017144,1.8202305964449992,1.6821873035968746,2.014413082575385,18.088982282940165,1.9045772263276655,1.7664261298564792,2.1140001205658465
contrast,det_nonpar_dt50ns_ap0.01_tau100ns,nv_charge_readout_master_v1_4,thin_all_counts,0,contrast0.5,0.5,5.437,1.0,27.43339830432224,0.4999999999999999,7.504300359171423,5.441829145374569,0.11758756837904422,9.422120008455401,636.7993609310438,0.0,0.1,off,2.0,mean,0.04561092944022699,0.84,41.43530744069968,40.297519160255156,37.08881694490002,23.38053365903041,1.7722139299714343,1.2981890205052133,1.899951898638115,1.0282346979207273,0.9693427937587075,1.123523428524657,1.1171914030651586,1.0728036326312749,1.2081245833557455,21.41687260158483,1.9347039230010408,1.838153191401671,2.0876775620368693,20.588825196823926,2.012514412288642,1.9214341776046553,2.1742900543421335
contrast,det_nonpar_dt50ns_ap0.01_tau100ns,nv_charge_readout_master_v1_4,thin_all_counts,0,contrast0.5,0.5,5.437,1.0,27.43339830432224,0.4999999999999999,7.504300359171423,5.441829145374569,0.11758756837904422,9.422120008455401,636.7993609310438,0.0,0.1,off,2.0,mean,0.04561092944022699,0.85,59.945755444496676,nan,42.478357455531885,33.03870352392313,1.8144100418798306,1.392311372966845,2.0310156460223374,nan,1.0905808916530328,1.4636339738602135,1.411207001288842,0.9805639184433869,1.6085698264903954,24.146915273037642,2.482542998419011,1.91443266295258,2.8310209223566543,23.08866811070769,2.596327997659423,2.0120781010660194,2.9433963795538878
contrast,det_nonpar_dt50ns_ap0.01_tau100ns,nv_charge_readout_master_v1_4,thin_all_counts,0,contrast0.5,0.5,5.437,1.0,27.43339830432224,0.4999999999999999,7.504300359171423,5.441829145374569,0.11758756837904422,9.422120008455401,636.7993609310438,0.0,0.1,off,2.0,mean,0.04561092944022699,0.86,nan,nan,67.6059630794606,68.84827396522533,nan,nan,nan,nan,nan,nan,nan,nan,nan,28.756087270585354,nan,nan,nan,27.677088636133433,nan,nan,nan
contrast,det_nonpar_dt50ns_ap0.01_tau100ns,nv_charge_readout_master_v1_4,thin_all_counts,0,contrast0.5,0.5,5.437,1.0,27.43339830432224,0.4999999999999999,7.504300359171423,5.441829145374569,0.11758756837904422,9.422120008455401,636.7993609310438,0.0,0.1,off,2.0,mean,0.04561092944022699,0.87,nan,nan,nan,78.36575936595902,nan,nan,nan,nan,nan,nan,nan,nan,nan,44.5175749098883,nan,nan,nan,37.56779468103153,nan,nan,nan
contrast,det_nonpar_dt50ns_ap0.01_tau100ns,nv_charge_readout_master_v1_4,thin_all_counts,0,contrast0.5,0.5,5.437,1.0,27.43339830432224,0.4999999999999999,7.504300359171423,5.441829145374569,0.11758756837904422,9.422120008455401,636.7993609310438,0.0,0.1,off,2.0,mean,0.04561092944022699,0.88,nan,nan,nan,nan,nan,nan,nan,nan,nan,nan,nan,nan,nan,nan,nan,nan,nan,nan,nan,nan,nan
contrast,det_nonpar_dt50ns_ap0.01_tau100ns,nv_charge_readout_master_v1_4,thin_all_counts,0,contrast0.5,0.5,5.437,1.0,27.43339830432224,0.4999999999999999,7.504300359171423,5.441829145374569,0.11758756837904422,9.422120008455401,636.7993609310438,0.0,0.1,off,2.0,mean,0.04561092944022699,0.89,nan,nan,nan,nan,nan,nan,nan,nan,nan,nan,nan,nan,nan,nan,nan,nan,nan,nan,nan,nan,nan
contrast,det_nonpar_dt50ns_ap0.01_tau100ns,nv_charge_readout_master_v1_4,thin_all_counts,0,contrast0.5,0.5,5.437,1.0,27.43339830432224,0.4999999999999999,7.504300359171423,5.441829145374569,0.11758756837904422,9.422120008455401,636.7993609310438,0.0,0.1,off,2.0,mean,0.04561092944022699,0.9,nan,nan,nan,nan,nan,nan,nan,nan,nan,nan,nan,nan,nan,nan,nan,nan,nan,nan,nan,nan,nan
contrast,det_nonpar_dt50ns_ap0.01_tau100ns,nv_charge_readout_master_v1_4,thin_all_counts,0,contrast0.5,0.5,5.437,1.0,27.43339830432224,0.4999999999999999,7.504300359171423,5.441829145374569,0.11758756837904422,9.422120008455401,636.7993609310438,0.0,0.1,off,2.0,mean,0.04561092944022699,0.91,nan,nan,nan,nan,nan,nan,nan,nan,nan,nan,nan,nan,nan,nan,nan,nan,nan,nan,nan,nan,nan
contrast,det_nonpar_dt50ns_ap0.01_tau100ns,nv_charge_readout_master_v1_4,thin_all_counts,0,contrast0.5,0.5,5.437,1.0,27.43339830432224,0.4999999999999999,7.504300359171423,5.441829145374569,0.11758756837904422,9.422120008455401,636.7993609310438,0.0,0.1,off,2.0,mean,0.04561092944022699,0.92,nan,nan,nan,nan,nan,nan,nan,nan,nan,nan,nan,nan,nan,nan,nan,nan,nan,nan,nan,nan,nan
contrast,det_nonpar_dt50ns_ap0.01_tau100ns,nv_charge_readout_master_v1_4,thin_all_counts,0,contrast0.5,0.5,5.437,1.0,27.43339830432224,0.4999999999999999,7.504300359171423,5.441829145374569,0.11758756837904422,9.422120008455401,636.7993609310438,0.0,0.1,off,2.0,mean,0.04561092944022699,0.93,nan,nan,nan,nan,nan,nan,nan,nan,nan,nan,nan,nan,nan,nan,nan,nan,nan,nan,nan,nan,nan
contrast,det_nonpar_dt50ns_ap0.01_tau100ns,nv_charge_readout_master_v1_4,thin_all_counts,0,contrast0.5,0.5,5.437,1.0,27.43339830432224,0.4999999999999999,7.504300359171423,5.441829145374569,0.11758756837904422,9.422120008455401,636.7993609310438,0.0,0.1,off,2.0,mean,0.04561092944022699,0.94,nan,nan,nan,nan,nan,nan,nan,nan,nan,nan,nan,nan,nan,nan,nan,nan,nan,nan,nan,nan,nan
contrast,det_nonpar_dt50ns_ap0.01_tau100ns,nv_charge_readout_master_v1_4,thin_all_counts,0,contrast0.5,0.5,5.437,1.0,27.43339830432224,0.4999999999999999,7.504300359171423,5.441829145374569,0.11758756837904422,9.422120008455401,636.7993609310438,0.0,0.1,off,2.0,mean,0.04561092944022699,0.95,nan,nan,nan,nan,nan,nan,nan,nan,nan,nan,nan,nan,nan,nan,nan,nan,nan,nan,nan,nan,nan
contrast,det_nonpar_dt50ns_ap0.01_tau100ns,nv_charge_readout_master_v1_4,thin_all_counts,0,contrast0.5,0.5,5.437,1.0,27.43339830432224,0.4999999999999999,7.504300359171423,5.441829145374569,0.11758756837904422,9.422120008455401,636.7993609310438,0.0,0.1,off,2.0,mean,0.04561092944022699,0.96,nan,nan,nan,nan,nan,nan,nan,nan,nan,nan,nan,nan,nan,nan,nan,nan,nan,nan,nan,nan,nan
contrast,det_nonpar_dt50ns_ap0.01_tau100ns,nv_charge_readout_master_v1_4,thin_all_counts,0,contrast0.5,0.5,5.437,1.0,27.43339830432224,0.4999999999999999,7.504300359171423,5.441829145374569,0.11758756837904422,9.422120008455401,636.7993609310438,0.0,0.1,off,2.0,mean,0.04561092944022699,0.97,nan,nan,nan,nan,nan,nan,nan,nan,nan,nan,nan,nan,nan,nan,nan,nan,nan,nan,nan,nan,nan
contrast,det_nonpar_dt50ns_ap0.01_tau100ns,nv_charge_readout_master_v1_4,thin_all_counts,0,contrast0.5,0.5,5.437,1.0,27.43339830432224,0.4999999999999999,7.504300359171423,5.441829145374569,0.11758756837904422,9.422120008455401,636.7993609310438,0.0,0.1,off,2.0,mean,0.04561092944022699,0.98,nan,nan,nan,nan,nan,nan,nan,nan,nan,nan,nan,nan,nan,nan,nan,nan,nan,nan,nan,nan,nan
contrast,det_nonpar_dt50ns_ap0.01_tau100ns,nv_charge_readout_master_v1_4,thin_all_counts,0,contrast0.5,0.5,5.437,1.0,27.43339830432224,0.4999999999999999,7.504300359171423,5.441829145374569,0.11758756837904422,9.422120008455401,636.7993609310438,0.0,0.1,off,2.0,mean,0.04561092944022699,0.99,nan,nan,nan,nan,nan,nan,nan,nan,nan,nan,nan,nan,nan,nan,nan,nan,nan,nan,nan,nan,nan
contrast,det_nonpar_dt50ns_ap0.01_tau100ns,nv_charge_readout_master_v1_4,thin_all_counts,1,contrast0.7,0.7,5.437,1.0,27.43339830432224,0.7,7.504300359171423,8.250745973333988,0.11758756837904422,9.422120008455401,636.7993609310438,0.0,0.1,off,2.0,mean,0.02337888837020552,0.55,0.6114276679909558,1.5683672542062348,1.5683672542062348,0.576138531733051,1.0612511302650658,1.0370438271345885,1.09384313167994,0.38984980485352266,0.35533348936607123,0.4266339435972235,0.38984980485352266,0.35533348936607123,0.4266339435972235,4.974995007273436,0.12290015710509244,0.11189228473480418,0.13503354178401175,0.5909841175827996,1.0345923854802952,1.0206823201516033,1.1013702270635268
contrast,det_nonpar_dt50ns_ap0.01_tau100ns,nv_charge_readout_master_v1_4,thin_all_counts,1,contrast0.7,0.7,5.437,1.0,27.43339830432224,0.7,7.504300359171423,8.250745973333988,0.11758756837904422,9.422120008455401,636.7993609310438,0.0,0.1,off,2.0,mean,0.02337888837020552,0.56,0.744256412694618,1.5683672542062348,1.5683672542062348,0.6933957797633007,1.0733500756936813,1.0510289850166181,1.0948755020409484,0.474542177987064,0.43941109950293583,0.5090967962437788,0.474542177987064,0.43941109950293583,0.5090967962437788,4.974995007273436,0.1495994290660626,0.13785746187200745,0.16111177533114365,0.7107760310947322,1.0471039823167918,1.0362653196004026,1.09282270582508
contrast,det_nonpar_dt50ns_ap0.01_tau100ns,nv_charge_readout_master_v1_4,thin_all_counts,1,contrast0.7,0.7,5.437,1.0,27.43339830432224,0.7,7.504300359171423,8.250745973333988,0.11758756837904422,9.422120008455401,636.7993609310438,0.0,0.1,off,2.0,mean,0.02337888837020552,0.57,0.8609889227484976,1.5683672542062348,1.5683672542062348,0.8120675706269647,1.0602429574718304,1.0490479353159203,1.081882829275504,0.5489714991430703,0.5125637663005664,0.5872627437445724,0.5489714991430703,0.5125637663005664,0.5872627437445724,4.974995007273436,0.17306327372986968,0.16114687537049055,0.18574542475175512,0.8305679446066635,1.0366267183068818,1.018922258031804,1.0756617034067553
contrast,det_nonpar_dt50ns_ap0.01_tau100ns,nv_charge_readout_master_v1_4,thin_all_counts,1,contrast0.7,0.7,5.437,1.0,27.43339830432224,0.7,7.504300359171423,8.250745973333988,0.11758756837904422,9.422120008455401,636.7993609310438,0.0,0.1,off,2.0,mean,0.02337888837020552,0.58,0.9960558795642868,1.5683672542062348,1.5683672542062348,0.9208873663589088,1.0816261748736833,1.0514962768097493,1.1096407499187944,0.6350909692184309,0.5899575600995656,0.6842848675159714,0.6350909692184309,0.5899575600995656,0.6842848675159714,4.974995007273436,0.20021243802416977,0.18597442788636154,0.2157470905824515,0.9503598581185962,1.0480828615132733,1.0227787985770638,1.0802547301779744
contrast,det_nonpar_dt50ns_ap0.01_tau100ns,nv_charge_readout_master_v1_4,thin_all_counts,1,contrast0.7,0.7,5.437,1.0,27.43339830432224,0.7,7.504300359171423,8.250745973333988,0.11758756837904422,9.422120008455401,636.7993609310438,0.0,0.1,off,2.0,mean,0.02337888837020552,0.59,1.1435652929372786,1.5683672542062348,1.5683672542062348,1.0442893820580896,1.0950655178390645,1.0713973457419623,1.1127100128851124,0.7291438213022674,0.6814704820072234,0.7816444346939877,0.7291438213022674,0.6814704820072234,0.7816444346939877,4.974995007273436,0.2298626011212851,0.21437682965543212,0.24783496452299916,1.0701517716305289,1.0686010370238361,1.0524277323958786,1.078762239115045
contrast,det_nonpar_dt50ns_ap0.01_tau100ns,nv_charge_readout_master_v1_4,thin_all_counts,1,contrast0.7,0.7,5.437,1.0,27.43339830432224,0.7,7.504300359171423,8.250745973333988,0.11758756837904422,9.422120008455401,636.7993609310438,0.0,0.1,off,2.0,mean,0.02337888837020552,0.6,1.2913223484968126,1.5683672542062348,1.5683672542062348,1.1842276844248043,1.090434183798047,0.842430756218005,1.101274265780047,0.8233545714714394,0.7712285174384667,0.8843446739724906,0.8233545714714394,0.7712285174384667,0.8843446739724906,4.974995007273436,0.2595625415922832,0.24286427605318223,0.27980089269142105,1.2075323468647094,1.069389446874578,1.0515835934036613,1.0954860685140735
contrast,det_nonpar_dt50ns_ap0.01_tau100ns,nv_charge_readout_master_v1_4,thin_all_counts,1,contrast0.7,0.7,5.437,1.0,27.43339830432224,0.7,7.504300359171423,8.250745973333988,0.11758756837904422,9.422120008455401,636.7993609310438,0.0,0.1,off,2.0,mean,0.02337888837020552,0.61,1.4545960724410596,1.5683672542062348,1.5683672542062348,1.5683672542062348,0.9274588388274174,0.8720135474343073,0.9968003591498051,0.9274588388274174,0.8713241058128404,0.9957374103358583,0.9274588388274174,0.8713241058128404,0.9957374103358583,4.974995007273436,0.29238141351186125,0.27408546910632137,0.3147812581691968,1.3477498030218331,1.079277525531566,1.0539578110871823,1.1109104448071627
contrast,det_nonpar_dt50ns_ap0.01_tau100ns,nv_charge_readout_master_v1_4,thin_all_counts,1,contrast0.7,0.7,5.437,1.0,27.43339830432224,0.7,7.504300359171423,8.250745973333988,0.11758756837904422,9.422120008455401,636.7993609310438,0.0,0.1,off,2.0,mean,0.02337888837020552,0.62,1.617092800476119,1.5683672542062348,1.5683672542062348,1.5683672542062348,1.0310676891137622,0.9767079617733445,1.094259781157778,1.0310676891137622,0.9767079617733445,1.094259781157778,1.0310676891137622,0.9767079617733445,1.094259781157778,4.974995007273436,0.32504410519245375,0.3071046313754048,0.345913568211449,1.4879672591789568,1.0867798269757711,1.0624428455455643,1.1183965844873847
contrast,det_nonpar_dt50ns_ap0.01_tau100ns,nv_charge_readout_master_v1_4,thin_all_counts,1,contrast0.7,0.7,5.437,1.0,27.43339830432224,0.7,7.504300359171423,8.250745973333988,0.11758756837904422,9.422120008455401,636.7993609310438,0.0,0.1,off,2.0,mean,0.02337888837020552,0.63,1.7780129978254173,1.7750724810066003,1.7750724810066003,1.6359544092549199,1.0868352979562534,1.0693187647496953,1.1202172320804848,1.0016565615490527,0.9945886139918447,1.1152852172540546,1.0016565615490527,0.9945886139918447,1.1152852172540546,4.974995007273436,0.35738990596492354,0.3380872619873722,0.3784346391736221,1.6281847153360804,1.0920216736332709,1.0667949087288515,1.1197089924519992
contrast,det_nonpar_dt50ns_ap0.01_tau100ns,nv_charge_readout_master_v1_4,thin_all_counts,1,contrast0.7,0.7,5.437,1.0,27.43339830432224,0.7,7.504300359171423,8.250745973333988,0.11758756837904422,9.422120008455401,636.7993609310438,0.0,0.1,off,2.0,mean,0.02337888837020552,0.64,1.9440465142104926,1.8934239608948435,1.8934239608948435,1.7889758055690044,1.0866812777225716,1.066997596467982,1.1262439309688876,1.0267359843126336,1.0056104490293865,1.0548622937868217,1.0267359843126336,1.0056104490293865,1.0548622937868217,4.974995007273436,0.39076351059012104,0.3696865059510504,0.4148733383934507,1.7684021714932041,1.0993237542617231,1.0743679849210812,1.1248313925316724
contrast,det_nonpar_dt50ns_ap0.01_tau100ns,nv_charge_readout_master_v1_4,thin_all_counts,1,contrast0.7,0.7,5.437,1.0,27.43339830432224,0.7,7.504300359171423,8.250745973333988,0.11758756837904422,9.422120008455401,636.7993609310438,0.0,0.1,off,2.0,mean,0.02337888837020552,0.65,2.1346466093175507,2.019666427174693,2.019666427174693,1.8765099403908476,1.1375621111140701,1.0495352787372256,1.1431007920289489,1.056930283434826,1.0301015686344042,1.090851068789288,1.056930283434826,1.0301015686344042,1.090851068789288,4.974995007273436,0.42907512594418695,0.4034218606591815,0.45667060311535707,1.908619627650328,1.11842432006501,1.0957993526374703,1.1434073443998547
contrast,det_nonpar_dt50ns_ap0.01_tau100ns,nv_charge_readout_master_v1_4,thin_all_counts,1,contrast0.7,0.7,5.437,1.0,27.43339830432224,0.7,7.504300359171423,8.250745973333988,0.11758756837904422,9.422120008455401,636.7993609310438,0.0,0.1,off,2.0,mean,0.02337888837020552,0.66,2.3513735037134724,2.1543260047944064,2.1543260047944064,2.3321237610410313,1.0082541685797362,0.9565010247801965,1.1019106811268111,1.0914659612707367,1.0561806552395467,1.1327492973620144,1.0914659612707367,1.0561806552395467,1.1327492973620144,4.974995007273436,0.47263836451609853,0.4409087646773465,0.5045088581807619,2.0488370838074514,1.147662506842078,1.122660793614217,1.1656842922408195
contrast,det_nonpar_dt50ns_ap0.01_tau100ns,nv_charge_readout_master_v1_4,thin_all_counts,1,contrast0.7,0.7,5.437,1.0,27.43339830432224,0.7,7.504300359171423,8.250745973333988,0.11758756837904422,9.422120008455401,636.7993609310438,0.0,0.1,off,2.0,mean,0.02337888837020552,0.67,2.5865059362626424,2.297963897645158,2.297963897645158,2.609026724541042,0.9913681266402661,0.9590787118919869,1.0385896181040226,1.125564217485387,1.0913651360731276,1.1640443335909747,1.125564217485387,1.0913651360731276,1.1640443335909747,4.974995007273436,0.5199012124597461,0.48763812757475017,0.5537752045615092,2.224279925036802,1.162850910601932,1.1504949546276186,1.1798909908762354
contrast,det_nonpar_dt50ns_ap0.01_tau100ns,nv_charge_readout_master_v1_4,thin_all_counts,1,contrast0.7,0.7,5.437,1.0,27.43339830432224,0.7,7.504300359171423,8.250745973333988,0.11758756837904422,9.422120008455401,636.7993609310438,0.0,0.1,off,2.0,mean,0.02337888837020552,0.68,2.8377262297925023,2.4511787274203534,2.4511787274203534,2.678096073780319,1.0596058362412868,1.0106742631279126,1.1031595659784061,1.1576986198713284,1.1206124600206122,1.1946538726067923,1.1576986198713284,1.1206124600206122,1.1946538726067923,4.974995007273436,0.5703978045493011,0.5338421733218421,0.6054012399551673,2.4184596732194636,1.173360987249752,1.1520493166559522,1.2011681952817972
contrast,det_nonpar_dt50ns_ap0.01_tau100ns,nv_charge_readout_master_v1_4,thin_all_counts,1,contrast0.7,0.7,5.437,1.0,27.43339830432224,0.7,7.504300359171423,8.250745973333988,0.11758756837904422,9.422120008455401,636.7993609310438,0.0,0.1,off,2.0,mean,0.02337888837020552,0.69,3.1084816578124985,2.6146090284164387,2.6146090284164387,2.748993911382503,1.1307706593825102,1.0826494990907363,1.174823754346579,1.1888896672613336,1.153562626391702,1.2261082541495216,1.1888896672613336,1.153562626391702,1.2261082541495216,4.974995007273436,0.6248210607785339,0.5857126758478753,0.6614479043450773,2.6126394214021236,1.1897859430385045,1.1643050083751407,1.2209386589687663
contrast,det_nonpar_dt50ns_ap0.01_tau100ns,nv_charge_readout_master_v1_4,thin_all_counts,1,contrast0.7,0.7,5.437,1.0,27.43339830432224,0.7,7.504300359171423,8.250745973333988,0.11758756837904422,9.422120008455401,636.7993609310438,0.0,0.1,off,2.0,mean,0.02337888837020552,0.7,3.3902372007033796,2.7889359086724888,2.7889359086724888,2.821768643329844,1.201458244536558,1.1549446364859095,1.2397199772820804,1.2156024059789547,1.185814969381387,1.2483699041056806,1.2156024059789547,1.185814969381387,1.2483699041056806,4.974995007273436,0.6814553975927328,0.6435316687847273,0.721022741725732,2.8068191695847853,1.2078573630394935,1.180918065638959,1.2375709437402491
contrast,det_nonpar_dt50ns_ap0.01_tau100ns,nv_charge_readout_master_v1_4,thin_all_counts,1,contrast0.7,0.7,5.437,1.0,27.43339830432224,0.7,7.504300359171423,8.250745973333988,0.11758756837904422,9.422120008455401,636.7993609310438,0.0,0.1,off,2.0,mean,0.02337888837020552,0.71,3.6918042781021803,2.974885888539043,2.974885888539043,2.958076962832042,1.2480419963676919,1.1862500349541327,1.2614967271934194,1.240990214893659,1.2124631752200328,1.263112682874272,1.240990214893659,1.2124631752200328,1.263112682874272,4.974995007273436,0.7420719563948843,0.6989515328706357,0.7837099728038586,3.0009989177674474,1.230191805883305,1.2031781259493373,1.2507762929507562
contrast,det_nonpar_dt50ns_ap0.01_tau100ns,nv_charge_readout_master_v1_4,thin_all_counts,1,contrast0.7,0.7,5.437,1.0,27.43339830432224,0.7,7.504300359171423,8.250745973333988,0.11758756837904422,9.422120008455401,636.7993609310438,0.0,0.1,off,2.0,mean,0.02337888837020552,0.72,4.016199909481755,3.1732339285061713,3.1732339285061713,3.200373948045558,1.254915823800658,1.0482280536110462,1.2708102468114129,1.2656488616874262,0.9975291143110975,1.2741149464843797,1.2656488616874262,0.9974581362291765,1.2741149464843797,4.974995007273436,0.8072771738685318,0.7575984922205171,0.8607025541669426,3.1951786659501096,1.2569562861322838,1.234870247661589,1.271036307932647
contrast,det_nonpar_dt50ns_ap0.01_tau100ns,nv_charge_readout_master_v1_4,thin_all_counts,1,contrast0.7,0.7,5.437,1.0,27.43339830432224,0.7,7.504300359171423,8.250745973333988,0.11758756837904422,9.422120008455401,636.7993609310438,0.0,0.1,off,2.0,mean,0.02337888837020552,0.73,4.404832726047108,4.323448914837085,4.323108189329841,3.8856214360914834,1.133623745518013,1.0635523156979931,1.2171284995199108,1.0188238170065411,0.9995547694933914,1.0546463539507163,1.0189041155432974,0.9996685857238601,1.0548858237377832,4.974995007273436,0.8853944013224633,0.8255207460337542,0.9488142008280868,3.4750329665572375,1.2675657377751541,1.2495311701437986,1.293762384928252
contrast,det_nonpar_dt50ns_ap0.01_tau100ns,nv_charge_readout_master_v1_4,thin_all_counts,1,contrast0.7,0.7,5.437,1.0,27.43339830432224,0.7,7.504300359171423,8.250745973333988,0.11758756837904422,9.422120008455401,636.7993609310438,0.0,0.1,off,2.0,mean,0.02337888837020552,0.74,4.838616157228709,4.6339885013429996,4.633202629336441,3.887805629490134,1.2445622591125445,1.164226305729534,1.3308050060774281,1.0441579981966735,1.0114314657065702,1.081887560293665,1.04433510561175,1.013115306448764,1.0805892196040057,4.974995007273436,0.9725871383096182,0.9069100190197984,1.0131617852870358,3.7703367766179583,1.2833379201655857,1.2562781828157776,1.3114363838760232
contrast,det_nonpar_dt50ns_ap0.01_tau100ns,nv_charge_readout_master_v1_4,thin_all_counts,1,contrast0.7,0.7,5.437,1.0,27.43339830432224,0.7,7.504300359171423,8.250745973333988,0.11758756837904422,9.422120008455401,636.7993609310438,0.0,0.1,off,2.0,mean,0.02337888837020552,0.75,5.3377650818111455,4.966833158797323,4.965539992145744,4.3361454613134365,1.2309930857795335,1.1972220095106985,1.358383351814031,1.0746817763259922,1.0363162816395086,1.127773283052281,1.074961653768607,1.0378655032684923,1.1263533019347691,5.257502312687066,1.0152663307309242,0.9937906884443325,1.0466736636259184,4.065640586678679,1.3128964471922728,1.2794624668998555,1.3582129693126865
contrast,det_nonpar_dt50ns_ap0.01_tau100ns,nv_charge_readout_master_v1_4,thin_all_counts,1,contrast0.7,0.7,5.437,1.0,27.43339830432224,0.7,7.504300359171423,8.250745973333988,0.11758756837904422,9.422120008455401,636.7993609310438,0.0,0.1,off,2.0,mean,0.02337888837020552,0.76,5.974846283176511,5.323584989513683,5.321715751752051,4.718769329614302,1.2661874030754703,1.1963802324104147,1.397012306056621,1.1223350984244025,1.0672394183413652,1.2127418488385573,1.1227293154861628,1.070616865246891,1.2126983740231458,5.7067490721188605,1.0469789730842518,1.010522067190744,1.1241714315276892,4.3609443967393995,1.3700808218613834,1.323071696518959,1.4491347598349988
contrast,det_nonpar_dt50ns_ap0.01_tau100ns,nv_charge_readout_master_v1_4,thin_all_counts,1,contrast0.7,0.7,5.437,1.0,27.43339830432224,0.7,7.504300359171423,8.250745973333988,0.11758756837904422,9.422120008455401,636.7993609310438,0.0,0.1,off,2.0,mean,0.02337888837020552,0.77,7.140714587224337,5.705961169720028,5.703439824720408,4.801101368911815,1.4873076068466353,1.313826775734348,1.9184664324111145,1.2514481565556654,1.114879454226612,1.5573347187790718,1.252001389805912,0.7331255215561349,1.515243218794279,6.194383384966074,1.1527724623172393,1.0499349804912192,1.5086433890054736,4.854712372789289,1.4708831417589459,1.3711813512980395,1.898553887940887
contrast,det_nonpar_dt50ns_ap0.01_tau100ns,nv_charge_readout_master_v1_4,thin_all_counts,1,contrast0.7,0.7,5.437,1.0,27.43339830432224,0.7,7.504300359171423,8.250745973333988,0.11758756837904422,9.422120008455401,636.7993609310438,0.0,0.1,off,2.0,mean,0.02337888837020552,0.78,9.827977915737868,13.247048505536577,13.237935825403573,5.5257109605421695,1.7785906620735679,1.5572153249730605,1.8767087755630782,0.7418994436104227,0.6687505256520337,1.4503337483198213,0.7424101495399303,0.672781217035778,1.4755479583260553,6.723685417921697,1.461695083107519,1.2781145028940546,1.5108493275042443,5.438691333379712,1.8070482977070452,1.6162752045907791,1.9049211838581994
contrast,det_nonpar_dt50ns_ap0.01_tau100ns,nv_charge_readout_master_v1_4,thin_all_counts,1,contrast0.7,0.7,5.437,1.0,27.43339830432224,0.7,7.504300359171423,8.250745973333988,0.11758756837904422,9.422120008455401,636.7993609310438,0.0,0.1,off,2.0,mean,0.02337888837020552,0.79,10.310186642900788,13.439720910363858,13.417785864037825,5.772716480389899,1.7860199228430529,1.569822793744772,1.820115177330904,0.7671429125399641,0.7014359709946633,0.7821590539203983,0.7683970177623729,0.7014495747488512,0.7832228014368486,7.298215623671873,1.4126996480426726,1.3648811443234297,1.462911941377535,6.022670293970134,1.7118962419748085,1.6426475937565477,1.7949430242897852
contrast,det_nonpar_dt50ns_ap0.01_tau100ns,nv_charge_readout_master_v1_4,thin_all_counts,1,contrast0.7,0.7,5.437,1.0,27.43339830432224,0.7,7.504300359171423,8.250745973333988,0.11758756837904422,9.422120008455401,636.7993609310438,0.0,0.1,off,2.0,mean,0.02337888837020552,0.8,10.816054891742096,13.635195649278343,13.600079337722931,8.563310125512235,1.2630693894313572,1.2438043717394993,1.804452790569322,0.7932453020807624,0.7343177668763676,0.8139275414095618,0.7952935143357064,0.734260608390503,0.8148288534808567,7.921838690970796,1.3653465203817,1.314934022122468,1.4225040433769354,6.606649254560557,1.6371468311679775,1.5754917630054588,1.715303318643136
contrast,det_nonpar_dt50ns_ap0.01_tau100ns,nv_charge_readout_master_v1_4,thin_all_counts,1,contrast0.7,0.7,5.437,1.0,27.43339830432224,0.7,7.504300359171423,8.250745973333988,0.11758756837904422,9.422120008455401,636.7993609310438,0.0,0.1,off,2.0,mean,0.02337888837020552,0.81,11.447450369404054,13.833513480977903,13.78484944286459,9.522694929630779,1.2021229761109131,1.1758999056675055,1.3414112394895936,0.8275157562209441,0.7749350481969896,0.8481918770694924,0.8304370981236623,0.7749505735267582,0.8517394273391888,8.569320500440888,1.3358644210839223,1.2941271777694638,1.387651048558581,7.19062821515098,1.59199586279315,1.539815153161027,1.6549538020033108
contrast,det_nonpar_dt50ns_ap0.01_tau100ns,nv_charge_readout_master_v1_4,thin_all_counts,1,contrast0.7,0.7,5.437,1.0,27.43339830432224,0.7,7.504300359171423,8.250745973333988,0.11758756837904422,9.422120008455401,636.7993609310438,0.0,0.1,off,2.0,mean,0.02337888837020552,0.82,12.122843296762385,14.03471575697747,13.972129826873473,9.964536060665493,1.2165988685230116,1.191369176089637,1.280043883163828,0.863775476944406,0.8190242271031326,0.8923739440057665,0.8676446216127881,0.8195069259797472,0.8954387547696495,9.178273641969104,1.320819553835132,1.2859664669786668,1.3610938682544007,7.774607175741396,1.5592869225069672,1.5109788052774744,1.6166897085223648
contrast,det_nonpar_dt50ns_ap0.01_tau100ns,nv_charge_readout_master_v1_4,thin_all_counts,1,contrast0.7,0.7,5.437,1.0,27.43339830432224,0.7,7.504300359171423,8.250745973333988,0.11758756837904422,9.422120008455401,636.7993609310438,0.0,0.1,off,2.0,mean,0.02337888837020552,0.83,13.084130269636889,14.238844430231287,14.161954594292558,9.992035436545914,1.3094559514652666,1.2603977796837724,1.367586948221577,0.9189039415205099,0.8714493938425721,0.9554101656741857,0.92389296848261,0.8742653609395402,0.9582071974315923,9.830500217903007,1.3309729901443337,1.2924102124833832,1.3678890046334624,8.35858613633182,1.5653520890051966,1.500616078187594,1.617612505017782
contrast,det_nonpar_dt50ns_ap0.01_tau100ns,nv_charge_readout_master_v1_4,thin_all_counts,1,contrast0.7,0.7,5.437,1.0,27.43339830432224,0.7,7.504300359171423,8.250745973333988,0.11758756837904422,9.422120008455401,636.7993609310438,0.0,0.1,off,2.0,mean,0.02337888837020552,0.84,14.357348599539725,14.445942063880592,14.354358313007697,10.230742234208927,1.4033535662283139,1.3034577759181618,1.4706301383774063,0.9938672421674473,0.9408801201201922,1.0524328445690532,1.0002083190670612,0.9456362802259585,1.06209102537034,10.529075325483346,1.363590643595347,1.31571645088691,1.4285907353028282,9.384239612138469,1.529942669086216,1.4687440599785888,1.6088141162742369
contrast,det_nonpar_dt50ns_ap0.01_tau100ns,nv_charge_readout_master_v1_4,thin_all_counts,1,contrast0.7,0.7,5.437,1.0,27.43339830432224,0.7,7.504300359171423,8.250745973333988,0.11758756837904422,9.422120008455401,636.7993609310438,0.0,0.1,off,2.0,mean,0.02337888837020552,0.85,17.296489527706054,15.265389902070789,14.84042342828853,10.86409596663953,1.5920781242009026,1.4203915364271302,1.8830986736798905,1.1330525874979283,1.0150926588896731,1.3303156268591634,1.1654983842803177,1.0480826254979325,1.3666859919760905,11.277292584542623,1.5337448592416345,1.380363086748031,1.8157949441504913,10.425780660434913,1.6590114535350802,1.4974104994010227,1.9634376258339372
contrast,det_nonpar_dt50ns_ap0.01_tau100ns,nv_charge_readout_master_v1_4,thin_all_counts,1,contrast0.7,0.7,5.437,1.0,27.43339830432224,0.7,7.504300359171423,8.250745973333988,0.11758756837904422,9.422120008455401,636.7993609310438,0.0,0.1,off,2.0,mean,0.02337888837020552,0.86,21.09532882927662,16.226547459077814,16.18131360937409,12.708277521847192,1.6599675914388075,1.6093580933719385,1.7339904672601967,1.300050357753399,1.2804289309436263,1.3212192268527934,1.3036845671822197,1.2653543651935544,1.3376722095024878,12.083460214539011,1.7458019850882107,1.693329249702167,1.7919172862375226,11.467321708731358,1.8396038207609002,1.780774414647581,1.9036250579435325
contrast,det_nonpar_dt50ns_ap0.01_tau100ns,nv_charge_readout_master_v1_4,thin_all_counts,1,contrast0.7,0.7,5.437,1.0,27.43339830432224,0.7,7.504300359171423,8.250745973333988,0.11758756837904422,9.422120008455401,636.7993609310438,0.0,0.1,off,2.0,mean,0.02337888837020552,0.87,22.22043707504139,17.24822255643712,29.719970990644153,13.62816077280033,1.630479522914779,0.9224433453586532,1.6692253387790201,1.2882740237340347,0.641531969942799,1.3053166531814697,0.7476601199252981,0.7352783252154246,1.2936387482063487,13.250368608805008,1.6769674664201928,1.6161474265621993,1.7527875465526774,12.508862757027803,1.7763754792622832,1.7274383495839853,1.8361974982603948
contrast,det_nonpar_dt50ns_ap0.01_tau100ns,nv_charge_readout_master_v1_4,thin_all_counts,1,contrast0.7,0.7,5.437,1.0,27.43339830432224,0.7,7.504300359171423,8.250745973333988,0.11758756837904422,9.422120008455401,636.7993609310438,0.0,0.1,off,2.0,mean,0.02337888837020552,0.88,27.71345709535153,35.71499401137858,29.91973969039185,24.45185814861083,1.1333885926753586,0.9612160576677612,1.3022130682293032,0.7759614095559471,0.6498715927697768,0.8393452778061492,0.9262599669024251,0.7621869303200064,0.9872311552553521,14.704734915797182,1.8846621346148293,1.605649537567677,2.0314378401881323,13.550403805324247,2.045212636723218,1.726681305421935,2.200453678306081
contrast,det_nonpar_dt50ns_ap0.01_tau100ns,nv_charge_readout_master_v1_4,thin_all_counts,1,contrast0.7,0.7,5.437,1.0,27.43339830432224,0.7,7.504300359171423,8.250745973333988,0.11758756837904422,9.422120008455401,636.7993609310438,0.0,0.1,off,2.0,mean,0.02337888837020552,0.89,31.928893361488417,37.055265636234644,32.144676481517074,24.536568144868554,1.3012778793258362,1.2532919752004572,1.4085483434247932,0.8616560376311705,0.8279027736178991,0.9155322308479009,0.9932871273365363,0.9697227418601629,1.0461778026219013,16.318733110577632,1.9565791746904937,1.8781186444996718,2.0660390687991335,15.50151154448949,2.05972774137878,1.9689924040727314,2.176091324084356
contrast,det_nonpar_dt50ns_ap0.01_tau100ns,nv_charge_readout_master_v1_4,thin_all_counts,1,contrast0.7,0.7,5.437,1.0,27.43339830432224,0.7,7.504300359171423,8.250745973333988,0.11758756837904422,9.422120008455401,636.7993609310438,0.0,0.1,off,2.0,mean,0.02337888837020552,0.9,nan,nan,35.125996453507575,25.349528291202162,nan,1.3528228128647233,1.7495502327434032,nan,nan,nan,nan,1.0068709321674107,1.2962412989248961,18.62097541752402,nan,1.88650565906416,2.4667449282047995,17.6079111577055,nan,1.987993146924472,2.618538284720424
contrast,det_nonpar_dt50ns_ap0.01_tau100ns,nv_charge_readout_master_v1_4,thin_all_counts,1,contrast0.7,0.7,5.437,1.0,27.43339830432224,0.7,7.504300359171423,8.250745973333988,0.11758756837904422,9.422120008455401,636.7993609310438,0.0,0.1,off,2.0,mean,0.02337888837020552,0.91,nan,nan,75.95629228196148,89.58604199750124,nan,nan,nan,nan,nan,nan,nan,nan,nan,29.202784822539165,nan,nan,nan,24.55149207269995,nan,nan,nan
contrast,det_nonpar_dt50ns_ap0.01_tau100ns,nv_charge_readout_master_v1_4,thin_all_counts,1,contrast0.7,0.7,5.437,1.0,27.43339830432224,0.7,7.504300359171423,8.250745973333988,0.11758756837904422,9.422120008455401,636.7993609310438,0.0,0.1,off,2.0,mean,0.02337888837020552,0.92,nan,nan,nan,nan,nan,nan,nan,nan,nan,nan,nan,nan,nan,nan,nan,nan,nan,nan,nan,nan,nan
contrast,det_nonpar_dt50ns_ap0.01_tau100ns,nv_charge_readout_master_v1_4,thin_all_counts,1,contrast0.7,0.7,5.437,1.0,27.43339830432224,0.7,7.504300359171423,8.250745973333988,0.11758756837904422,9.422120008455401,636.7993609310438,0.0,0.1,off,2.0,mean,0.02337888837020552,0.93,nan,nan,nan,nan,nan,nan,nan,nan,nan,nan,nan,nan,nan,nan,nan,nan,nan,nan,nan,nan,nan
contrast,det_nonpar_dt50ns_ap0.01_tau100ns,nv_charge_readout_master_v1_4,thin_all_counts,1,contrast0.7,0.7,5.437,1.0,27.43339830432224,0.7,7.504300359171423,8.250745973333988,0.11758756837904422,9.422120008455401,636.7993609310438,0.0,0.1,off,2.0,mean,0.02337888837020552,0.94,nan,nan,nan,nan,nan,nan,nan,nan,nan,nan,nan,nan,nan,nan,nan,nan,nan,nan,nan,nan,nan
contrast,det_nonpar_dt50ns_ap0.01_tau100ns,nv_charge_readout_master_v1_4,thin_all_counts,1,contrast0.7,0.7,5.437,1.0,27.43339830432224,0.7,7.504300359171423,8.250745973333988,0.11758756837904422,9.422120008455401,636.7993609310438,0.0,0.1,off,2.0,mean,0.02337888837020552,0.95,nan,nan,nan,nan,nan,nan,nan,nan,nan,nan,nan,nan,nan,nan,nan,nan,nan,nan,nan,nan,nan
contrast,det_nonpar_dt50ns_ap0.01_tau100ns,nv_charge_readout_master_v1_4,thin_all_counts,1,contrast0.7,0.7,5.437,1.0,27.43339830432224,0.7,7.504300359171423,8.250745973333988,0.11758756837904422,9.422120008455401,636.7993609310438,0.0,0.1,off,2.0,mean,0.02337888837020552,0.96,nan,nan,nan,nan,nan,nan,nan,nan,nan,nan,nan,nan,nan,nan,nan,nan,nan,nan,nan,nan,nan
contrast,det_nonpar_dt50ns_ap0.01_tau100ns,nv_charge_readout_master_v1_4,thin_all_counts,1,contrast0.7,0.7,5.437,1.0,27.43339830432224,0.7,7.504300359171423,8.250745973333988,0.11758756837904422,9.422120008455401,636.7993609310438,0.0,0.1,off,2.0,mean,0.02337888837020552,0.97,nan,nan,nan,nan,nan,nan,nan,nan,nan,nan,nan,nan,nan,nan,nan,nan,nan,nan,nan,nan,nan
contrast,det_nonpar_dt50ns_ap0.01_tau100ns,nv_charge_readout_master_v1_4,thin_all_counts,1,contrast0.7,0.7,5.437,1.0,27.43339830432224,0.7,7.504300359171423,8.250745973333988,0.11758756837904422,9.422120008455401,636.7993609310438,0.0,0.1,off,2.0,mean,0.02337888837020552,0.98,nan,nan,nan,nan,nan,nan,nan,nan,nan,nan,nan,nan,nan,nan,nan,nan,nan,nan,nan,nan,nan
contrast,det_nonpar_dt50ns_ap0.01_tau100ns,nv_charge_readout_master_v1_4,thin_all_counts,1,contrast0.7,0.7,5.437,1.0,27.43339830432224,0.7,7.504300359171423,8.250745973333988,0.11758756837904422,9.422120008455401,636.7993609310438,0.0,0.1,off,2.0,mean,0.02337888837020552,0.99,nan,nan,nan,nan,nan,nan,nan,nan,nan,nan,nan,nan,nan,nan,nan,nan,nan,nan,nan,nan,nan
contrast,det_nonpar_dt50ns_ap0.01_tau100ns,nv_charge_readout_master_v1_4,thin_all_counts,2,contrast0.85,0.85,5.437,1.0,27.43339830432224,0.8500000000000001,7.504300359171423,11.067042915945,0.11758756837904422,9.422120008455401,636.7993609310438,0.0,0.1,off,2.0,mean,0.0322644119752169,0.55,0.5011426269943885,1.5869640930372437,1.5869640930372437,0.48737268430228486,1.0282534149648055,1.0105777503927307,1.0572740023354583,0.3157869980758458,0.2946196442316396,0.344409161970203,0.3157869980758458,0.2946196442316396,0.344409161970203,4.974995007273436,0.10073228742173986,0.09373013313783428,0.11002497869776917,0.4944806323110194,1.0134727110589417,0.9984598876953372,1.0355691177457798
contrast,det_nonpar_dt50ns_ap0.01_tau100ns,nv_charge_readout_master_v1_4,thin_all_counts,2,contrast0.85,0.85,5.437,1.0,27.43339830432224,0.8500000000000001,7.504300359171423,11.067042915945,0.11758756837904422,9.422120008455401,636.7993609310438,0.0,0.1,off,2.0,mean,0.0322644119752169,0.56,0.6319751692246781,1.5869640930372437,1.5869640930372437,0.6021982170817541,1.0494470944919478,1.0177007355329681,1.073755171141939,0.3982290286197714,0.36706464611276707,0.4315873694905571,0.3982290286197714,0.36706464611276707,0.4315873694905571,4.974995007273436,0.1270303122517171,0.11695478591869964,0.1378750240400624,0.6057031777619586,1.0433743662362696,1.0166116783625518,1.0749651053491933
contrast,det_nonpar_dt50ns_ap0.01_tau100ns,nv_charge_readout_master_v1_4,thin_all_counts,2,contrast0.85,0.85,5.437,1.0,27.43339830432224,0.8500000000000001,7.504300359171423,11.067042915945,0.11758756837904422,9.422120008455401,636.7993609310438,0.0,0.1,off,2.0,mean,0.0322644119752169,0.57,0.7588396123304144,1.5869640930372437,1.5869640930372437,0.722178362628679,1.0507648132357372,1.0404579033413288,1.0699365048445513,0.47817062506946434,0.44946878766083825,0.510543695172344,0.47817062506946434,0.44946878766083825,0.510543695172344,4.974995007273436,0.15253072841701187,0.1432078049830992,0.16334490967340196,0.7203073071832571,1.0534942583018307,1.033778601754276,1.0860845241714083
contrast,det_nonpar_dt50ns_ap0.01_tau100ns,nv_charge_readout_master_v1_4,thin_all_counts,2,contrast0.85,0.85,5.437,1.0,27.43339830432224,0.8500000000000001,7.504300359171423,11.067042915945,0.11758756837904422,9.422120008455401,636.7993609310438,0.0,0.1,off,2.0,mean,0.0322644119752169,0.58,0.8816619593382211,1.5869640930372437,1.5869640930372437,0.8173295742676524,1.0787104579302813,1.0558512725173816,1.1066588665264188,0.555565159417586,0.5189667467539444,0.5931642855422987,0.555565159417586,0.5189667467539444,0.5931642855422987,4.974995007273436,0.17721866213920467,0.1651621976822404,0.1899571879402633,0.834911436604557,1.0559945889875344,1.0398484485669792,1.0942102705504535
contrast,det_nonpar_dt50ns_ap0.01_tau100ns,nv_charge_readout_master_v1_4,thin_all_counts,2,contrast0.85,0.85,5.437,1.0,27.43339830432224,0.8500000000000001,7.504300359171423,11.067042915945,0.11758756837904422,9.422120008455401,636.7993609310438,0.0,0.1,off,2.0,mean,0.0322644119752169,0.59,1.00892826188335,1.5869640930372437,1.5869640930372437,0.9250175130434092,1.090712605606639,1.068990810191978,1.1123945101908046,0.635759981155208,0.602625573876759,0.6758886901938616,0.635759981155208,0.602625573876759,0.6758886901938616,4.974995007273436,0.20279985415227517,0.19156776036687487,0.21635404972496713,0.9495155660258568,1.0625715870105863,1.0489144270830253,1.0893468192044053
contrast,det_nonpar_dt50ns_ap0.01_tau100ns,nv_charge_readout_master_v1_4,thin_all_counts,2,contrast0.85,0.85,5.437,1.0,27.43339830432224,0.8500000000000001,7.504300359171423,11.067042915945,0.11758756837904422,9.422120008455401,636.7993609310438,0.0,0.1,off,2.0,mean,0.0322644119752169,0.6,1.1276044433301322,1.5869640930372437,1.5869640930372437,1.046893965881149,1.0770951787663146,1.0665798709556495,1.0919649802065508,0.7105418756967862,0.678306935377735,0.7496093259611017,0.7105418756967862,0.678306935377735,0.7496093259611017,4.974995007273436,0.22665438692532877,0.2153754398472171,0.2397405652831127,1.0641196954471568,1.0596594050035868,1.0466375867424196,1.0802053739007202
contrast,det_nonpar_dt50ns_ap0.01_tau100ns,nv_charge_readout_master_v1_4,thin_all_counts,2,contrast0.85,0.85,5.437,1.0,27.43339830432224,0.8500000000000001,7.504300359171423,11.067042915945,0.11758756837904422,9.422120008455401,636.7993609310438,0.0,0.1,off,2.0,mean,0.0322644119752169,0.61,1.2524850265161862,1.5869640930372437,1.5869640930372437,1.1640245077817304,1.0759954091542576,1.068402428933219,1.0879212070381552,0.7892333745996055,0.7502397169099594,0.8315642028700504,0.7892333745996055,0.7502397169099594,0.8315642028700504,4.974995007273436,0.25175603687743503,0.23812494268714018,0.26596517237083067,1.1787238248684566,1.06257717040373,1.0505892403202317,1.0760315938546534
contrast,det_nonpar_dt50ns_ap0.01_tau100ns,nv_charge_readout_master_v1_4,thin_all_counts,2,contrast0.85,0.85,5.437,1.0,27.43339830432224,0.8500000000000001,7.504300359171423,11.067042915945,0.11758756837904422,9.422120008455401,636.7993609310438,0.0,0.1,off,2.0,mean,0.0322644119752169,0.62,1.3874570463419404,1.5869640930372437,1.5869640930372437,1.2788895473291026,1.0848920059121412,1.0716536918026869,1.0999099630811064,0.8742838306357187,0.8279810966755453,0.9220168056059632,0.8742838306357187,0.8279810966755453,0.9220168056059632,4.974995007273436,0.27888611834051696,0.26387260283313346,0.2946767244703457,1.2955884086309806,1.0709088141719603,1.0607938808180897,1.080572626353167
contrast,det_nonpar_dt50ns_ap0.01_tau100ns,nv_charge_readout_master_v1_4,thin_all_counts,2,contrast0.85,0.85,5.437,1.0,27.43339830432224,0.8500000000000001,7.504300359171423,11.067042915945,0.11758756837904422,9.422120008455401,636.7993609310438,0.0,0.1,off,2.0,mean,0.0322644119752169,0.63,1.5335051331408687,1.5869640930372437,1.5869640930372437,1.405089380278173,1.0913932982948549,1.0750277469347564,1.1066770597227815,0.9663136928359471,0.914569758758153,1.023357073238415,0.9663136928359471,0.914569758758153,1.023357073238415,4.974995007273436,0.308242547158115,0.29101269056323714,0.3275084438911406,1.4264678093090943,1.0750366206186017,1.0568004318369486,1.0965253675343012
contrast,det_nonpar_dt50ns_ap0.01_tau100ns,nv_charge_readout_master_v1_4,thin_all_counts,2,contrast0.85,0.85,5.437,1.0,27.43339830432224,0.8500000000000001,7.504300359171423,11.067042915945,0.11758756837904422,9.422120008455401,636.7993609310438,0.0,0.1,off,2.0,mean,0.0322644119752169,0.64,1.7014446659399454,1.5869640930372437,1.5869640930372437,1.5869640930372437,1.0721380990313403,1.0183662995139773,1.1074331488965152,1.0721380990313403,0.9982242001292349,1.1010277432066815,1.0721380990313403,0.9982242001292349,1.1010277432066815,4.974995007273436,0.34199927104498307,0.32120353351562503,0.35979160720156117,1.557347209987208,1.0925275076929832,1.0679396006411361,1.1139340341115005
contrast,det_nonpar_dt50ns_ap0.01_tau100ns,nv_charge_readout_master_v1_4,thin_all_counts,2,contrast0.85,0.85,5.437,1.0,27.43339830432224,0.8500000000000001,7.504300359171423,11.067042915945,0.11758756837904422,9.422120008455401,636.7993609310438,0.0,0.1,off,2.0,mean,0.0322644119752169,0.65,1.8607512056336437,1.8189483310064327,1.8189483310064327,1.726481114555257,1.077770958481046,1.0350657031386743,1.110716313969391,1.0229818922916196,1.0026529265548882,1.0521215998998714,1.0229818922916196,1.0026529265548882,1.0521215998998714,4.974995007273436,0.37402071819433547,0.35472150603835495,0.3950678123490618,1.6882266106653216,1.102192794426058,1.0792304554743746,1.1279101221198575
contrast,det_nonpar_dt50ns_ap0.01_tau100ns,nv_charge_readout_master_v1_4,thin_all_counts,2,contrast0.85,0.85,5.437,1.0,27.43339830432224,0.8500000000000001,7.504300359171423,11.067042915945,0.11758756837904422,9.422120008455401,636.7993609310438,0.0,0.1,off,2.0,mean,0.0322644119752169,0.66,2.0259395663740394,1.9213686815288402,1.9213686815288402,1.8234511094484807,1.111046825372139,1.1003832532505484,1.1218655907789812,1.054425205245873,1.033097923780041,1.079316889279374,1.054425205245873,1.033097923780041,1.079316889279374,4.974995007273436,0.40722444211745307,0.38808742216026954,0.4269738271168918,1.8191060113434354,1.1137006605117281,1.0902381644218817,1.1378533153231474
contrast,det_nonpar_dt50ns_ap0.01_tau100ns,nv_charge_readout_master_v1_4,thin_all_counts,2,contrast0.85,0.85,5.437,1.0,27.43339830432224,0.8500000000000001,7.504300359171423,11.067042915945,0.11758756837904422,9.422120008455401,636.7993609310438,0.0,0.1,off,2.0,mean,0.0322644119752169,0.67,2.1963573374973655,2.029556061285843,2.029556061285843,1.9434821287318615,1.1301145017116814,1.1198982164161264,1.1359872955158887,1.0821860895558826,1.0577303731926162,1.101620707249221,1.0821860895558826,1.0577303731926162,1.101620707249221,4.974995007273436,0.441479304860868,0.4214537600325888,0.46016917887258335,1.9499854120215492,1.1263455223597814,1.1036581007295865,1.1453790018199934
contrast,det_nonpar_dt50ns_ap0.01_tau100ns,nv_charge_readout_master_v1_4,thin_all_counts,2,contrast0.85,0.85,5.437,1.0,27.43339830432224,0.8500000000000001,7.504300359171423,11.067042915945,0.11758756837904422,9.422120008455401,636.7993609310438,0.0,0.1,off,2.0,mean,0.0322644119752169,0.68,2.350497370533724,2.143835197014101,2.143835197014101,2.0633910909306072,1.139142928776352,1.1304888535874333,1.150307103293373,1.0963983489997078,1.0757125139862704,1.1186496126079828,1.0963983489997078,1.0757125139862704,1.1186496126079828,4.974995007273436,0.47246225716755497,0.45377734710738826,0.4918019918699261,2.0808648126996627,1.1295771624319249,1.1135159786100874,1.1467048742691266
contrast,det_nonpar_dt50ns_ap0.01_tau100ns,nv_charge_readout_master_v1_4,thin_all_counts,2,contrast0.85,0.85,5.437,1.0,27.43339830432224,0.8500000000000001,7.504300359171423,11.067042915945,0.11758756837904422,9.422120008455401,636.7993609310438,0.0,0.1,off,2.0,mean,0.0322644119752169,0.69,2.5160176695844254,2.264549099986246,2.264549099986246,2.190698196391395,1.1485003610852966,1.134835631933252,1.1633149143402752,1.1110457572325134,1.0881621474345888,1.1338967090155845,1.1110457572325134,1.0881621474345888,1.1338967090155845,4.974995007273436,0.5057327024260349,0.4861839686034983,0.526202814436178,2.211744213377775,1.1375717202587203,1.1214340817574522,1.151456534193114
contrast,det_nonpar_dt50ns_ap0.01_tau100ns,nv_charge_readout_master_v1_4,thin_all_counts,2,contrast0.85,0.85,5.437,1.0,27.43339830432224,0.8500000000000001,7.504300359171423,11.067042915945,0.11758756837904422,9.422120008455401,636.7993609310438,0.0,0.1,off,2.0,mean,0.0322644119752169,0.7,2.6947076499223415,2.3920600955665674,2.3920600955665674,2.325859895764139,1.158585542848023,1.1446340724598265,1.1748117067052064,1.126521718629352,1.1052422386142409,1.1516799467580814,1.126521718629352,1.1052422386142409,1.1516799467580814,4.974995007273436,0.5416503224591548,0.5214060589242796,0.564824982761126,2.3426236140558885,1.1502947523255238,1.1393018176775764,1.159646989809195
contrast,det_nonpar_dt50ns_ap0.01_tau100ns,nv_charge_readout_master_v1_4,thin_all_counts,2,contrast0.85,0.85,5.437,1.0,27.43339830432224,0.8500000000000001,7.504300359171423,11.067042915945,0.11758756837904422,9.422120008455401,636.7993609310438,0.0,0.1,off,2.0,mean,0.0322644119752169,0.71,2.8879838748225746,2.5267509107383397,2.5267509107383397,2.4693608017913733,1.1695268964857284,1.1558265978210593,1.1817622744635652,1.1429634249062879,1.1194031291910644,1.1690557157973844,1.1429634249062879,1.1194031291910644,1.1690557157973844,4.974995007273436,0.58049985388937,0.5571734383536927,0.6063253294584662,2.504663560899259,1.1530426361078574,1.1422602069311025,1.1628957754111342
contrast,det_nonpar_dt50ns_ap0.01_tau100ns,nv_charge_readout_master_v1_4,thin_all_counts,2,contrast0.85,0.85,5.437,1.0,27.43339830432224,0.8500000000000001,7.504300359171423,11.067042915945,0.11758756837904422,9.422120008455401,636.7993609310438,0.0,0.1,off,2.0,mean,0.0322644119752169,0.72,3.097271716580776,2.6690258228670656,2.6690258228670656,2.621715426853078,1.1813912695698336,1.1729078368939678,1.1891028237790142,1.1604502624308404,1.137833510185574,1.1861043158256515,1.1604502624308404,1.137833510185574,1.1861043158256515,4.974995007273436,0.6225678039983094,0.5977213226633692,0.6508327764650631,2.6813298865548925,1.1551251981755615,1.1401682649515228,1.1716512946897992
contrast,det_nonpar_dt50ns_ap0.01_tau100ns,nv_charge_readout_master_v1_4,thin_all_counts,2,contrast0.85,0.85,5.437,1.0,27.43339830432224,0.8500000000000001,7.504300359171423,11.067042915945,0.11758756837904422,9.422120008455401,636.7993609310438,0.0,0.1,off,2.0,mean,0.0322644119752169,0.73,3.3417501428973475,2.8193118731476416,2.8193118731476416,2.7950566672751918,1.1955929845798472,1.1860286102157442,1.2064931171537046,1.185307015774181,1.156082778409021,1.2126143659051405,1.185307015774181,1.156082778409021,1.2126143659051405,4.974995007273436,0.6717092455392847,0.6394856903617702,0.7035540550860918,2.857996212210526,1.1692633211408845,1.148004490443252,1.1924045894588622
contrast,det_nonpar_dt50ns_ap0.01_tau100ns,nv_charge_readout_master_v1_4,thin_all_counts,2,contrast0.85,0.85,5.437,1.0,27.43339830432224,0.8500000000000001,7.504300359171423,11.067042915945,0.11758756837904422,9.422120008455401,636.7993609310438,0.0,0.1,off,2.0,mean,0.0322644119752169,0.74,3.607177633578726,2.9780601483776454,2.9780601483776454,2.982962537824265,1.2092601190391603,1.1125595959587211,1.2169543599150434,1.2112507652150022,1.187991407881233,1.2275038853711377,1.2112507652150022,1.187991407881233,1.2275038853711377,4.974995007273436,0.7250615585151416,0.6908310736028789,0.7552278169257342,3.0346625378661596,1.1886585702920147,1.1671518936342509,1.207383341029654
contrast,det_nonpar_dt50ns_ap0.01_tau100ns,nv_charge_readout_master_v1_4,thin_all_counts,2,contrast0.85,0.85,5.437,1.0,27.43339830432224,0.8500000000000001,7.504300359171423,11.067042915945,0.11758756837904422,9.422120008455401,636.7993609310438,0.0,0.1,off,2.0,mean,0.0322644119752169,0.75,3.851643036913165,3.1457471349040227,3.1457471349040227,3.2964366132077845,1.1684262398618082,1.1273359554183289,1.2155929289700622,1.2243968989677485,1.2096193735282883,1.2344033796821627,1.2243968989677485,1.2096193735282883,1.2344033796821627,4.974995007273436,0.7742003823686392,0.7417054446256218,0.8078410184797802,3.211328863521793,1.1993922767191005,1.184418387121055,1.2167343513047626
contrast,det_nonpar_dt50ns_ap0.01_tau100ns,nv_charge_readout_master_v1_4,thin_all_counts,2,contrast0.85,0.85,5.437,1.0,27.43339830432224,0.8500000000000001,7.504300359171423,11.067042915945,0.11758756837904422,9.422120008455401,636.7993609310438,0.0,0.1,off,2.0,mean,0.0322644119752169,0.76,4.120884823038493,4.099385358934345,4.099429043358978,3.646126593413006,1.1302089265038608,1.1210968072268155,1.235803719312141,1.005244557957278,1.0007377534702475,1.2411836261270324,1.0052338458484291,1.0007356134215497,1.2411836261270324,4.974995007273436,0.828319388665469,0.7919259083150045,0.866247541169422,3.3879951891774267,1.216319561551386,1.1992855595922391,1.2329998787909506
contrast,det_nonpar_dt50ns_ap0.01_tau100ns,nv_charge_readout_master_v1_4,thin_all_counts,2,contrast0.85,0.85,5.437,1.0,27.43339830432224,0.8500000000000001,7.504300359171423,11.067042915945,0.11758756837904422,9.422120008455401,636.7993609310438,0.0,0.1,off,2.0,mean,0.0322644119752169,0.77,4.433538161738563,4.300832338102716,4.301192452847468,3.6734197344829687,1.2069239243531698,1.1552612028423186,1.2485294793054027,1.0308558467764846,1.012174893610845,1.051266497459227,1.0307695389922578,1.012045556535191,1.051109293350469,4.974995007273436,0.8911643439353681,0.8475248357134393,0.9310714784457935,3.5646615148330603,1.243747307644775,1.2252182669778628,1.2555898837070365
contrast,det_nonpar_dt50ns_ap0.01_tau100ns,nv_charge_readout_master_v1_4,thin_all_counts,2,contrast0.85,0.85,5.437,1.0,27.43339830432224,0.8500000000000001,7.504300359171423,11.067042915945,0.11758756837904422,9.422120008455401,636.7993609310438,0.0,0.1,off,2.0,mean,0.0322644119752169,0.78,4.757508217749113,4.512178578224347,4.5128861411571926,4.027963191246371,1.181120082747578,1.1594221798781885,1.2622084801491853,1.0543705518901048,1.0321312192942516,1.0754238830641945,1.0542052400482664,1.0320721823712393,1.074913461537973,4.974995007273436,0.9562840185354241,0.9114198362965218,0.995900073567555,3.7932568764029653,1.2542014350107813,1.2435939417257686,1.2651600630501594
contrast,det_nonpar_dt50ns_ap0.01_tau100ns,nv_charge_readout_master_v1_4,thin_all_counts,2,contrast0.85,0.85,5.437,1.0,27.43339830432224,0.8500000000000001,7.504300359171423,11.067042915945,0.11758756837904422,9.422120008455401,636.7993609310438,0.0,0.1,off,2.0,mean,0.0322644119752169,0.79,5.09539099979939,4.733910536667946,4.734998851205994,4.031687731542018,1.263835728133273,1.2138446002723546,1.2929453236333626,1.0763598002817092,1.0504616678780143,1.1008064463073324,1.076112404652771,1.0502980203552539,1.1007193282504069,5.071939679665696,1.004623737980898,0.9760440374167401,1.014366921034017,4.03916191661096,1.2614970889987631,1.2446782965117584,1.2830248309925487
contrast,det_nonpar_dt50ns_ap0.01_tau100ns,nv_charge_readout_master_v1_4,thin_all_counts,2,contrast0.85,0.85,5.437,1.0,27.43339830432224,0.8500000000000001,7.504300359171423,11.067042915945,0.11758756837904422,9.422120008455401,636.7993609310438,0.0,0.1,off,2.0,mean,0.0322644119752169,0.8,5.467764830981789,4.966538575694992,4.968043380587728,4.213872463147878,1.2975629611004458,1.2838484140319204,1.3131116798236822,1.1009206407335028,1.069834773139576,1.1286357204536084,1.1005871752945409,1.068365455830122,1.1280908317003082,5.402617443204517,1.0120584861804744,1.0001778287521457,1.0277532693928275,4.285066956818954,1.2760045259691386,1.2526960488572554,1.2978491246494592
contrast,det_nonpar_dt50ns_ap0.01_tau100ns,nv_charge_readout_master_v1_4,thin_all_counts,2,contrast0.85,0.85,5.437,1.0,27.43339830432224,0.8500000000000001,7.504300359171423,11.067042915945,0.11758756837904422,9.422120008455401,636.7993609310438,0.0,0.1,off,2.0,mean,0.0322644119752169,0.81,5.873126217385391,5.210598137164721,5.21255776548187,4.456075133214654,1.3180043068861955,1.2996399380814716,1.3399894200454,1.127150101155407,1.0939920978578543,1.1628046951140842,1.1267263561620127,1.0935980604524986,1.1629793887870548,5.754854568684773,1.020551631199196,1.0021738794103385,1.044576199718344,4.530971997026949,1.2962177257416536,1.273016896950117,1.3220439138079658
contrast,det_nonpar_dt50ns_ap0.01_tau100ns,nv_charge_readout_master_v1_4,thin_all_counts,2,contrast0.85,0.85,5.437,1.0,27.43339830432224,0.8500000000000001,7.504300359171423,11.067042915945,0.11758756837904422,9.422120008455401,636.7993609310438,0.0,0.1,off,2.0,mean,0.0322644119752169,0.82,6.3719375072988855,5.466650974965026,5.469106522832131,4.723117261635202,1.349095767546716,1.3243407231483433,1.371227714224005,1.1656016702876575,1.1260922762043903,1.2152083428519123,1.1650783323926246,1.126574804713369,1.2152892821284065,6.130056672505782,1.0394581726916123,1.0133557387998031,1.0699921711690066,4.776877037234941,1.3339128174392434,1.3037894334940325,1.3640089973978262
contrast,det_nonpar_dt50ns_ap0.01_tau100ns,nv_charge_readout_master_v1_4,thin_all_counts,2,contrast0.85,0.85,5.437,1.0,27.43339830432224,0.8500000000000001,7.504300359171423,11.067042915945,0.11758756837904422,9.422120008455401,636.7993609310438,0.0,0.1,off,2.0,mean,0.0322644119752169,0.83,7.032335220165247,5.735286448005992,5.738281953661932,5.434846955375372,1.2939343606005074,1.2741403934903799,1.3855200174620248,1.226152396034239,1.1685078701467735,1.29017139129936,1.2255123183128886,1.1681903497310564,1.2891408065132588,6.529721013735497,1.0769733048889047,1.0332448910871885,1.1290158064619564,5.127655731969382,1.3714522947242274,1.3449882950582415,1.3980785531634867
contrast,det_nonpar_dt50ns_ap0.01_tau100ns,nv_charge_readout_master_v1_4,thin_all_counts,2,contrast0.85,0.85,5.437,1.0,27.43339830432224,0.8500000000000001,7.504300359171423,11.067042915945,0.11758756837904422,9.422120008455401,636.7993609310438,0.0,0.1,off,2.0,mean,0.0322644119752169,0.84,7.908203529878442,6.017122876752091,6.0207055105357075,5.686367510682807,1.3907302887162216,1.3269045837945466,1.4458263049979527,1.314283203428133,1.2467552399532338,1.3894326928642122,1.3135011363767548,1.2470760761037216,1.3878052450777842,6.955442468982933,1.1369806543788188,1.0803060002784097,1.2028956143471963,5.648139067664802,1.4001432038301516,1.3584421237397217,1.4540030784335038
contrast,det_nonpar_dt50ns_ap0.01_tau100ns,nv_charge_readout_master_v1_4,thin_all_counts,2,contrast0.85,0.85,5.437,1.0,27.43339830432224,0.8500000000000001,7.504300359171423,11.067042915945,0.11758756837904422,9.422120008455401,636.7993609310438,0.0,0.1,off,2.0,mean,0.0322644119752169,0.85,9.32642510992609,11.251205951996196,11.257888239318516,6.77417505429504,1.3767617510877348,1.372996606892388,1.6895272559814916,0.8289267079207087,0.8231077590167815,1.4768521609416199,0.8284346861210851,0.8238880309117341,1.475329438840281,7.408919896817368,1.2588103582996517,1.1424803484139545,1.51203222064544,6.168622403360223,1.511913762924721,1.4004662998528128,1.805041822632291
contrast,det_nonpar_dt50ns_ap0.01_tau100ns,nv_charge_readout_master_v1_4,thin_all_counts,2,contrast0.85,0.85,5.437,1.0,27.43339830432224,0.8500000000000001,7.504300359171423,11.067042915945,0.11758756837904422,9.422120008455401,636.7993609310438,0.0,0.1,off,2.0,mean,0.0322644119752169,0.86,12.565507527885776,11.744593236748656,11.750579675626982,7.38307715899747,1.7019336595409515,1.6077803889972837,1.817266668895097,1.0698972092595334,0.9904788131274387,1.086807004343989,1.0693521404692157,0.9896094584863764,1.0871016213142835,7.891962917131705,1.592190391646271,1.4909393129162394,1.6260581037224804,6.689105739055644,1.8785033482905822,1.7675195431397899,1.9307288052623124
contrast,det_nonpar_dt50ns_ap0.01_tau100ns,nv_charge_readout_master_v1_4,thin_all_counts,2,contrast0.85,0.85,5.437,1.0,27.43339830432224,0.8500000000000001,7.504300359171423,11.067042915945,0.11758756837904422,9.422120008455401,636.7993609310438,0.0,0.1,off,2.0,mean,0.0322644119752169,0.87,13.237699227264818,12.259616514459914,12.26483331314507,7.393552926501093,1.7904381504886844,1.6507052057709353,1.84293028162308,1.0797808570644343,1.0593856251825045,1.0978120549702308,1.0793215765172333,1.0601670374470666,1.0980854049026407,8.40649913250334,1.574698220818446,1.5323559625091965,1.613770216205991,7.209589074751063,1.836123957969393,1.7790947535636579,1.8897510257858285
contrast,det_nonpar_dt50ns_ap0.01_tau100ns,nv_charge_readout_master_v1_4,thin_all_counts,2,contrast0.85,0.85,5.437,1.0,27.43339830432224,0.8500000000000001,7.504300359171423,11.067042915945,0.11758756837904422,9.422120008455401,636.7993609310438,0.0,0.1,off,2.0,mean,0.0322644119752169,0.88,13.963823206256254,12.797224565541997,12.801592802374389,8.05205794690671,1.7341930843431914,1.6290736532454824,1.7973983175370825,1.0911602851649145,1.0695634422845588,1.1167186974772334,1.0907879528605455,1.0694548827673338,1.116438709727999,9.063349788410545,1.5406911939018426,1.4725269652755324,1.6002520966391898,7.768829381861715,1.7974166402544907,1.7161271749005198,1.864757095359036
contrast,det_nonpar_dt50ns_ap0.01_tau100ns,nv_charge_readout_master_v1_4,thin_all_counts,2,contrast0.85,0.85,5.437,1.0,27.43339830432224,0.8500000000000001,7.504300359171423,11.067042915945,0.11758756837904422,9.422120008455401,636.7993609310438,0.0,0.1,off,2.0,mean,0.0322644119752169,0.89,14.939948799166302,13.358407776275062,13.361843091838956,9.76129875394804,1.5305287929153601,1.2230245708402192,1.7276893923742938,1.1183929289611974,1.092876207422951,1.1434587856624407,1.1181053913356616,1.0925309258365126,1.1434806710748644,10.23728646053781,1.4593660983070158,1.4022621026526496,1.5293729188759093,8.796676706992866,1.6983628359662097,1.6354371859316494,1.7773291233048227
contrast,det_nonpar_dt50ns_ap0.01_tau100ns,nv_charge_readout_master_v1_4,thin_all_counts,2,contrast0.85,0.85,5.437,1.0,27.43339830432224,0.8500000000000001,7.504300359171423,11.067042915945,0.11758756837904422,9.422120008455401,636.7993609310438,0.0,0.1,off,2.0,mean,0.0322644119752169,0.9,16.106086992933047,13.944199963305742,13.94661223545633,12.131431866990663,1.327632811157051,1.271814247398328,1.3670110195551424,1.1550384414535309,1.121494573050015,1.1921317736508312,1.154838660530527,1.1211504603852807,1.1927152983456568,11.563278094940443,1.3928651426259762,1.3379002978680512,1.4549104419022545,9.824524032124017,1.6393758049010527,1.5876094152293734,1.6996134649199257
contrast,det_nonpar_dt50ns_ap0.01_tau100ns,nv_charge_readout_master_v1_4,thin_all_counts,2,contrast0.85,0.85,5.437,1.0,27.43339830432224,0.8500000000000001,7.504300359171423,11.067042915945,0.11758756837904422,9.422120008455401,636.7993609310438,0.0,0.1,off,2.0,mean,0.0322644119752169,0.91,17.74855994056896,14.55568027815325,14.556973279006728,13.062299269931257,1.358762310815006,1.309254949105278,1.4473075216262643,1.2193562651419274,1.1857545854687832,1.2917593392709372,1.2192479576894575,1.1853396946879537,1.2916147433354825,12.92138671392859,1.3735801221270567,1.3306833220131509,1.453680728434716,10.852371357255171,1.635454533971827,1.5929460395626946,1.7114049296086877
contrast,det_nonpar_dt50ns_ap0.01_tau100ns,nv_charge_readout_master_v1_4,thin_all_counts,2,contrast0.85,0.85,5.437,1.0,27.43339830432224,0.8500000000000001,7.504300359171423,11.067042915945,0.11758756837904422,9.422120008455401,636.7993609310438,0.0,0.1,off,2.0,mean,0.0322644119752169,0.92,25.77480549897525,15.193975195231783,15.194046229161714,17.537007844992694,1.469737923755031,1.2539152993976648,1.6835003357879272,1.6963832813853728,0.7617053107611687,1.7425527416051827,1.6963753505966066,0.9084102844429414,1.7277115700313184,14.141228839809811,1.8226708435984764,1.4121862513544268,1.9413592627222451,12.403982007708427,2.0779460565935644,1.6273549906089824,2.1945566109926924
contrast,det_nonpar_dt50ns_ap0.01_tau100ns,nv_charge_readout_master_v1_4,thin_all_counts,2,contrast0.85,0.85,5.437,1.0,27.43339830432224,0.8500000000000001,7.504300359171423,11.067042915945,0.11758756837904422,9.422120008455401,636.7993609310438,0.0,0.1,off,2.0,mean,0.0322644119752169,0.93,nan,nan,31.30576893192949,19.660166617784217,nan,1.5630271875670405,1.997847747862066,nan,nan,nan,nan,0.9467316681307867,1.195793945697453,15.98505565386506,nan,1.8722790462990488,2.4073188955007017,14.540975198227576,nan,2.0214307424658435,2.6170546709390603
contrast,det_nonpar_dt50ns_ap0.01_tau100ns,nv_charge_readout_master_v1_4,thin_all_counts,2,contrast0.85,0.85,5.437,1.0,27.43339830432224,0.8500000000000001,7.504300359171423,11.067042915945,0.11758756837904422,9.422120008455401,636.7993609310438,0.0,0.1,off,2.0,mean,0.0322644119752169,0.94,nan,nan,nan,nan,nan,nan,nan,nan,nan,nan,nan,nan,nan,nan,nan,nan,nan,nan,nan,nan,nan
contrast,det_nonpar_dt50ns_ap0.01_tau100ns,nv_charge_readout_master_v1_4,thin_all_counts,2,contrast0.85,0.85,5.437,1.0,27.43339830432224,0.8500000000000001,7.504300359171423,11.067042915945,0.11758756837904422,9.422120008455401,636.7993609310438,0.0,0.1,off,2.0,mean,0.0322644119752169,0.95,nan,nan,nan,nan,nan,nan,nan,nan,nan,nan,nan,nan,nan,nan,nan,nan,nan,nan,nan,nan,nan
contrast,det_nonpar_dt50ns_ap0.01_tau100ns,nv_charge_readout_master_v1_4,thin_all_counts,2,contrast0.85,0.85,5.437,1.0,27.43339830432224,0.8500000000000001,7.504300359171423,11.067042915945,0.11758756837904422,9.422120008455401,636.7993609310438,0.0,0.1,off,2.0,mean,0.0322644119752169,0.96,nan,nan,nan,nan,nan,nan,nan,nan,nan,nan,nan,nan,nan,nan,nan,nan,nan,nan,nan,nan,nan
contrast,det_nonpar_dt50ns_ap0.01_tau100ns,nv_charge_readout_master_v1_4,thin_all_counts,2,contrast0.85,0.85,5.437,1.0,27.43339830432224,0.8500000000000001,7.504300359171423,11.067042915945,0.11758756837904422,9.422120008455401,636.7993609310438,0.0,0.1,off,2.0,mean,0.0322644119752169,0.97,nan,nan,nan,nan,nan,nan,nan,nan,nan,nan,nan,nan,nan,nan,nan,nan,nan,nan,nan,nan,nan
contrast,det_nonpar_dt50ns_ap0.01_tau100ns,nv_charge_readout_master_v1_4,thin_all_counts,2,contrast0.85,0.85,5.437,1.0,27.43339830432224,0.8500000000000001,7.504300359171423,11.067042915945,0.11758756837904422,9.422120008455401,636.7993609310438,0.0,0.1,off,2.0,mean,0.0322644119752169,0.98,nan,nan,nan,nan,nan,nan,nan,nan,nan,nan,nan,nan,nan,nan,nan,nan,nan,nan,nan,nan,nan
contrast,det_nonpar_dt50ns_ap0.01_tau100ns,nv_charge_readout_master_v1_4,thin_all_counts,2,contrast0.85,0.85,5.437,1.0,27.43339830432224,0.8500000000000001,7.504300359171423,11.067042915945,0.11758756837904422,9.422120008455401,636.7993609310438,0.0,0.1,off,2.0,mean,0.0322644119752169,0.99,nan,nan,nan,nan,nan,nan,nan,nan,nan,nan,nan,nan,nan,nan,nan,nan,nan,nan,nan,nan,nan
contrast,det_nonpar_dt50ns_ap0.01_tau100ns,nv_charge_readout_master_v1_4,thin_all_counts,3,contrast0.95,0.95,5.437,1.0,27.43339830432224,0.9500000000000001,7.504300359171423,13.628995098846458,0.11758756837904422,9.422120008455401,636.7993609310438,0.0,0.1,off,2.0,mean,-0.0182811951365629,0.55,0.45233512323317887,1.5943833988984033,1.5943833988984033,0.44000375652449164,1.0280255941587646,1.0209755700647056,1.0799685928866463,0.283705364434745,0.27498016611126985,0.30741607108090513,0.283705364434745,0.27498016611126985,0.30741607108090513,4.974995007273436,0.09092172405637906,0.08812669685752093,0.09873955751290385,0.45045370419373587,1.004176720097819,0.9899187821009325,1.0436677367730562
contrast,det_nonpar_dt50ns_ap0.01_tau100ns,nv_charge_readout_master_v1_4,thin_all_counts,3,contrast0.95,0.95,5.437,1.0,27.43339830432224,0.9500000000000001,7.504300359171423,13.628995098846458,0.11758756837904422,9.422120008455401,636.7993609310438,0.0,0.1,off,2.0,mean,-0.0182811951365629,0.56,0.5571984325975384,1.5943833988984033,1.5943833988984033,0.5303814530283351,1.0505616842672112,1.0272954048100396,1.073678220422469,0.3494758117668058,0.3277723554004125,0.37677781753833506,0.3494758117668058,0.3277723554004125,0.37677781753833506,4.974995007273436,0.11199979734309584,0.10474255347293153,0.12131441612617494,0.5475478163771378,1.0176251569849262,1.003291718675942,1.0499881756196041
contrast,det_nonpar_dt50ns_ap0.01_tau100ns,nv_charge_readout_master_v1_4,thin_all_counts,3,contrast0.95,0.95,5.437,1.0,27.43339830432224,0.9500000000000001,7.504300359171423,13.628995098846458,0.11758756837904422,9.422120008455401,636.7993609310438,0.0,0.1,off,2.0,mean,-0.0182811951365629,0.57,0.6672723777857175,1.5943833988984033,1.5943833988984033,0.6393229183732876,1.0437172805935775,1.0305830887230953,1.0651552453669941,0.41851437881675857,0.39679816334258716,0.4443875865476201,0.41851437881675857,0.39679816334258716,0.4443875865476201,4.974995007273436,0.1341252356655969,0.1267663941041715,0.14293344229511698,0.6472767042895213,1.0308920023904526,1.0145511471442459,1.0566558881682337
contrast,det_nonpar_dt50ns_ap0.01_tau100ns,nv_charge_readout_master_v1_4,thin_all_counts,3,contrast0.95,0.95,5.437,1.0,27.43339830432224,0.9500000000000001,7.504300359171423,13.628995098846458,0.11758756837904422,9.422120008455401,636.7993609310438,0.0,0.1,off,2.0,mean,-0.0182811951365629,0.58,0.7742541993126055,1.5943833988984033,1.5943833988984033,0.7284320252893153,1.062905216180042,1.045268427935432,1.0843921077809422,0.4856135606075401,0.461276121695416,0.5150362623342669,0.4856135606075401,0.461276121695416,0.5150362623342669,4.974995007273436,0.15562914097012095,0.14737075010467138,0.16562099935883218,0.7470055922019061,1.0364771126148873,1.0200890835413325,1.0656266441024431
contrast,det_nonpar_dt50ns_ap0.01_tau100ns,nv_charge_readout_master_v1_4,thin_all_counts,3,contrast0.95,0.95,5.437,1.0,27.43339830432224,0.9500000000000001,7.504300359171423,13.628995098846458,0.11758756837904422,9.422120008455401,636.7993609310438,0.0,0.1,off,2.0,mean,-0.0182811951365629,0.59,0.8830333100296385,1.5943833988984033,1.5943833988984033,0.8233093511204977,1.0725413343451746,1.0552503770926769,1.0915372041275364,0.5538400052583003,0.5290297158560963,0.5838802851056294,0.5538400052583003,0.5290297158560963,0.5838802851056294,4.974995007273436,0.1774943107960199,0.16904524999349965,0.1874182170719445,0.8467344801142909,1.0428692001658513,1.030556252528858,1.0659589414726576
contrast,det_nonpar_dt50ns_ap0.01_tau100ns,nv_charge_readout_master_v1_4,thin_all_counts,3,contrast0.95,0.95,5.437,1.0,27.43339830432224,0.9500000000000001,7.504300359171423,13.628995098846458,0.11758756837904422,9.422120008455401,636.7993609310438,0.0,0.1,off,2.0,mean,-0.0182811951365629,0.6,0.9967731012793116,1.5943833988984033,1.5943833988984033,0.9305443254958956,1.0711720806508838,1.0564596490057907,1.0874281485679809,0.6251777972399897,0.5972323364169414,0.6588706509201988,0.6251777972399897,0.5972323364169414,0.6588706509201988,4.974995007273436,0.20035660333769797,0.19070066444193903,0.21229270760446928,0.9464633680266756,1.0531554996761565,1.0417429534768028,1.0681604179708788
contrast,det_nonpar_dt50ns_ap0.01_tau100ns,nv_charge_readout_master_v1_4,thin_all_counts,3,contrast0.95,0.95,5.437,1.0,27.43339830432224,0.9500000000000001,7.504300359171423,13.628995098846458,0.11758756837904422,9.422120008455401,636.7993609310438,0.0,0.1,off,2.0,mean,-0.0182811951365629,0.61,1.1149949722490646,1.5943833988984033,1.5943833988984033,1.049376972846617,1.062530435773188,1.0542614411692586,1.0764985300654515,0.6993267573028173,0.6659973220096985,0.7370522997558493,0.6993267573028173,0.6659973220096985,0.7370522997558493,4.974995007273436,0.22411981733025732,0.21288513404362347,0.2370099500035701,1.051849543986373,1.0600327571787298,1.0529846558782885,1.0714387677856592
contrast,det_nonpar_dt50ns_ap0.01_tau100ns,nv_charge_readout_master_v1_4,thin_all_counts,3,contrast0.95,0.95,5.437,1.0,27.43339830432224,0.9500000000000001,7.504300359171423,13.628995098846458,0.11758756837904422,9.422120008455401,636.7993609310438,0.0,0.1,off,2.0,mean,-0.0182811951365629,0.62,1.2405922588332938,1.5943833988984033,1.5943833988984033,1.1481536116001358,1.0805106967388536,1.0673707061796234,1.0952816577526485,0.778101590677906,0.7419829076998151,0.817160148299515,0.778101590677906,0.7419829076998151,0.817160148299515,4.974995007273436,0.2493655284114958,0.2368648169899318,0.2627055916452351,1.1643073300052118,1.065519581352924,1.0583788069493532,1.0804112228971545
contrast,det_nonpar_dt50ns_ap0.01_tau100ns,nv_charge_readout_master_v1_4,thin_all_counts,3,contrast0.95,0.95,5.437,1.0,27.43339830432224,0.9500000000000001,7.504300359171423,13.628995098846458,0.11758756837904422,9.422120008455401,636.7993609310438,0.0,0.1,off,2.0,mean,-0.0182811951365629,0.63,1.3712528602897487,1.5943833988984033,1.5943833988984033,1.256227980927041,1.0915636979187682,1.0766131537547086,1.105926384366783,0.8600521438175908,0.8262782182124327,0.8979345759515943,0.8600521438175908,0.8262782182124327,0.8979345759515943,4.974995007273436,0.27562899224722415,0.2638041779137061,0.2887294573087754,1.2767651160240505,1.0740055810421423,1.0676756357535384,1.0862940731036437
contrast,det_nonpar_dt50ns_ap0.01_tau100ns,nv_charge_readout_master_v1_4,thin_all_counts,3,contrast0.95,0.95,5.437,1.0,27.43339830432224,0.9500000000000001,7.504300359171423,13.628995098846458,0.11758756837904422,9.422120008455401,636.7993609310438,0.0,0.1,off,2.0,mean,-0.0182811951365629,0.64,1.4986696614534112,1.5943833988984033,1.5943833988984033,1.3744752654348076,1.0903576798665164,1.0761936389266293,1.1007704953107982,0.9399681798549063,0.9015814596153374,0.9805410645354165,0.9399681798549063,0.9015814596153374,0.9805410645354165,4.974995007273436,0.30124043526925315,0.2884412575805648,0.3153963721977515,1.3910548221687018,1.0773620403521798,1.0687474424236767,1.0850420576810627
contrast,det_nonpar_dt50ns_ap0.01_tau100ns,nv_charge_readout_master_v1_4,thin_all_counts,3,contrast0.95,0.95,5.437,1.0,27.43339830432224,0.9500000000000001,7.504300359171423,13.628995098846458,0.11758756837904422,9.422120008455401,636.7993609310438,0.0,0.1,off,2.0,mean,-0.0182811951365629,0.65,1.633927538647485,1.5943833988984033,1.5943833988984033,1.5943833988984033,1.0248021522153352,0.9947637183246469,1.090301209466552,1.0248021522153352,0.9840585862690153,1.0678290907947252,1.0248021522153352,0.9840585862690153,1.0678290907947252,4.974995007273436,0.3284279755575001,0.31422758784104826,0.3434836867233672,1.51550335810195,1.0781418133535858,1.06611130458105,1.0942367559239488
contrast,det_nonpar_dt50ns_ap0.01_tau100ns,nv_charge_readout_master_v1_4,thin_all_counts,3,contrast0.95,0.95,5.437,1.0,27.43339830432224,0.9500000000000001,7.504300359171423,13.628995098846458,0.11758756837904422,9.422120008455401,636.7993609310438,0.0,0.1,off,2.0,mean,-0.0182811951365629,0.66,1.772611728806854,1.7693785204451729,1.7693785204451729,1.6276776782377194,1.089043458976506,1.0311294013347605,1.102177415446771,1.0018273129939814,0.9946793668502294,1.098550496231722,1.0018273129939814,0.9946793668502294,1.098550496231722,4.974995007273436,0.3563042226605852,0.34302156973501136,0.3716185944206943,1.639951894035198,1.0808925159659644,1.0648279718832099,1.0972095326396563
contrast,det_nonpar_dt50ns_ap0.01_tau100ns,nv_charge_readout_master_v1_4,thin_all_counts,3,contrast0.95,0.95,5.437,1.0,27.43339830432224,0.9500000000000001,7.504300359171423,13.628995098846458,0.11758756837904422,9.422120008455401,636.7993609310438,0.0,0.1,off,2.0,mean,-0.0182811951365629,0.67,1.9143593423294052,1.8586714784983052,1.8586714784983052,1.793908007961005,1.0671446550402035,1.0432122463006441,1.0914413211259362,1.0299611117270129,1.012623016308682,1.0477779246812298,1.0299611117270129,1.012623016308682,1.0477779246812298,4.974995007273436,0.38479623387171535,0.36954712491900427,0.3997460185253986,1.7644004299684461,1.08499142814403,1.0661333128543038,1.102408218667789
contrast,det_nonpar_dt50ns_ap0.01_tau100ns,nv_charge_readout_master_v1_4,thin_all_counts,3,contrast0.95,0.95,5.437,1.0,27.43339830432224,0.9500000000000001,7.504300359171423,13.628995098846458,0.11758756837904422,9.422120008455401,636.7993609310438,0.0,0.1,off,2.0,mean,-0.0182811951365629,0.68,2.060875587458627,1.952470669822469,1.952470669822469,1.8510784861597307,1.1133377665331434,1.0902448618002811,1.1231644164685455,1.0555219186191487,1.0360973409712522,1.0754591956637214,1.0555219186191487,1.0360973409712522,1.0754591956637214,4.974995007273436,0.41424676496069435,0.39889326516621815,0.43130640780656115,1.8888489659016943,1.0910748422253078,1.0733198780828852,1.1084343351090673
contrast,det_nonpar_dt50ns_ap0.01_tau100ns,nv_charge_readout_master_v1_4,thin_all_counts,3,contrast0.95,0.95,5.437,1.0,27.43339830432224,0.9500000000000001,7.504300359171423,13.628995098846458,0.11758756837904422,9.422120008455401,636.7993609310438,0.0,0.1,off,2.0,mean,-0.0182811951365629,0.69,2.214287277600994,2.051003504716702,2.051003504716702,1.9640157055842236,1.1274284983084306,1.1171350038095407,1.1374563962140023,1.0796116498625123,1.0580455426820299,1.0981826595109756,1.0796116498625123,1.0580455426820299,1.0981826595109756,4.974995007273436,0.44508331653875205,0.429301419417902,0.4621822497255854,2.0132975018349413,1.099831135529085,1.0821495768839329,1.115535588785029
contrast,det_nonpar_dt50ns_ap0.01_tau100ns,nv_charge_readout_master_v1_4,thin_all_counts,3,contrast0.95,0.95,5.437,1.0,27.43339830432224,0.9500000000000001,7.504300359171423,13.628995098846458,0.11758756837904422,9.422120008455401,636.7993609310438,0.0,0.1,off,2.0,mean,-0.0182811951365629,0.7,2.3660899737252703,2.1545088699041455,2.1545088699041455,2.083843402979642,1.135445192446827,1.1224783044988293,1.1488580595718663,1.0982038676083696,1.077311350598153,1.1203139446930233,1.0982038676083696,1.077311350598153,1.1203139446930233,4.974995007273436,0.47559645190920796,0.45981351905433915,0.4944689577607269,2.137746037768189,1.1068152773635698,1.0908861212216077,1.122036989382462
contrast,det_nonpar_dt50ns_ap0.01_tau100ns,nv_charge_readout_master_v1_4,thin_all_counts,3,contrast0.95,0.95,5.437,1.0,27.43339830432224,0.9500000000000001,7.504300359171423,13.628995098846458,0.11758756837904422,9.422120008455401,636.7993609310438,0.0,0.1,off,2.0,mean,-0.0182811951365629,0.71,2.528070286346438,2.2632377076980217,2.2632377076980217,2.210981977280099,1.1434151487098119,1.1281315903455615,1.1558329702202164,1.11701491970889,1.0934368172720499,1.1385233961013335,1.11701491970889,1.0934368172720499,1.1385233961013335,4.974995007273436,0.5081553413923838,0.4894658393566442,0.5274046637389366,2.262194573701437,1.1175299931031004,1.1018634500121862,1.1303442585756127
contrast,det_nonpar_dt50ns_ap0.01_tau100ns,nv_charge_readout_master_v1_4,thin_all_counts,3,contrast0.95,0.95,5.437,1.0,27.43339830432224,0.9500000000000001,7.504300359171423,13.628995098846458,0.11758756837904422,9.422120008455401,636.7993609310438,0.0,0.1,off,2.0,mean,-0.0182811951365629,0.72,2.700718886533242,2.3774536243956548,2.3774536243956548,2.345877476622063,1.1512616977857393,1.138831360827726,1.1623791704624364,1.1359712167759994,1.1130611844332625,1.1583048342968612,1.1359712167759994,1.1130611844332625,1.1583048342968612,4.974995007273436,0.5428586124377602,0.5228146578835219,0.5635270357669406,2.3866431096346856,1.1315972948073627,1.1193377252999512,1.1419471568946515
contrast,det_nonpar_dt50ns_ap0.01_tau100ns,nv_charge_readout_master_v1_4,thin_all_counts,3,contrast0.95,0.95,5.437,1.0,27.43339830432224,0.9500000000000001,7.504300359171423,13.628995098846458,0.11758756837904422,9.422120008455401,636.7993609310438,0.0,0.1,off,2.0,mean,-0.0182811951365629,0.73,2.881416645063212,2.4974335293755217,2.4974335293755217,2.4890031632426695,1.1576588923693076,1.1462887752434583,1.1663487117569513,1.1537510853326713,1.1309655539003027,1.174404860061053,1.1537510853326713,1.1309655539003027,1.174404860061053,4.974995007273436,0.5791798063818325,0.5579487388505893,0.5999795446482866,2.5170437143655473,1.1447622576509402,1.1367308173098827,1.1518835412307884
contrast,det_nonpar_dt50ns_ap0.01_tau100ns,nv_charge_readout_master_v1_4,thin_all_counts,3,contrast0.95,0.95,5.437,1.0,27.43339830432224,0.9500000000000001,7.504300359171423,13.628995098846458,0.11758756837904422,9.422120008455401,636.7993609310438,0.0,0.1,off,2.0,mean,-0.0182811951365629,0.74,3.0702177735186265,2.6234683064467994,2.6234683064467994,2.6287138187954384,1.167954362915587,1.1583437623638477,1.1760325648294645,1.1702896375664245,1.1480729796102225,1.1906131468017398,1.1702896375664245,1.1480729796102225,1.1906131468017398,4.974995007273436,0.6171298200359945,0.5940558112933859,0.6390067622953066,2.6732366172194033,1.1485020644046644,1.1373639515960827,1.1621813894161697
contrast,det_nonpar_dt50ns_ap0.01_tau100ns,nv_charge_readout_master_v1_4,thin_all_counts,3,contrast0.95,0.95,5.437,1.0,27.43339830432224,0.9500000000000001,7.504300359171423,13.628995098846458,0.11758756837904422,9.422120008455401,636.7993609310438,0.0,0.1,off,2.0,mean,-0.0182811951365629,0.75,3.2551544085054256,2.7558635190790497,2.7558635190790497,2.764239374068184,1.1775949793070029,1.1713156214693188,1.1844197678767672,1.1811740262062136,1.1639438380470861,1.1972453433830514,1.1811740262062136,1.1639438380470861,1.1972453433830514,4.974995007273436,0.6543030503038484,0.6342341332067473,0.6764850173724803,2.8294295200732593,1.150463153583392,1.137751227187415,1.1643888951616832
contrast,det_nonpar_dt50ns_ap0.01_tau100ns,nv_charge_readout_master_v1_4,thin_all_counts,3,contrast0.95,0.95,5.437,1.0,27.43339830432224,0.9500000000000001,7.504300359171423,13.628995098846458,0.11758756837904422,9.422120008455401,636.7993609310438,0.0,0.1,off,2.0,mean,-0.0182811951365629,0.76,3.437521636026359,2.8949401512218262,2.8949401512218262,2.901396956393121,1.184781568220752,1.0350157176866182,1.191214717935492,1.187424076651648,1.1745563554898908,1.2037239955064194,1.187424076651648,1.1745563554898908,1.2037239955064194,4.974995007273436,0.6909598162411634,0.6708012290118864,0.7150799227346452,2.9856224229271153,1.1513584603428186,1.1383819687112338,1.1679448953698177
contrast,det_nonpar_dt50ns_ap0.01_tau100ns,nv_charge_readout_master_v1_4,thin_all_counts,3,contrast0.95,0.95,5.437,1.0,27.43339830432224,0.9500000000000001,7.504300359171423,13.628995098846458,0.11758756837904422,9.422120008455401,636.7993609310438,0.0,0.1,off,2.0,mean,-0.0182811951365629,0.77,3.63574570329218,3.0410353855102707,3.0410353855102707,3.34197670042171,1.0879027680933266,1.0577494544726518,1.1239606747493702,1.1955617881381935,1.1825250273084145,1.2090987198558227,1.1955617881381935,1.1825250273084145,1.2090987198558227,4.974995007273436,0.7308038898484772,0.7080580940452003,0.7580883109524007,3.1418153257809713,1.1572117792723642,1.140748009711218,1.177837750704698
contrast,det_nonpar_dt50ns_ap0.01_tau100ns,nv_charge_readout_master_v1_4,thin_all_counts,3,contrast0.95,0.95,5.437,1.0,27.43339830432224,0.9500000000000001,7.504300359171423,13.628995098846458,0.11758756837904422,9.422120008455401,636.7993609310438,0.0,0.1,off,2.0,mean,-0.0182811951365629,0.78,3.859925596674062,3.1945034207434215,3.1945034207434215,3.34197670042171,1.1549827969138728,1.1218936419675758,1.1932933096887253,1.20830222675917,1.199516323947527,1.215853779418286,1.20830222675917,1.199516323947527,1.215853779418286,4.974995007273436,0.7758652201722527,0.7508681200081788,0.8056696228810993,3.2980082286348273,1.170380826572963,1.1552440189090312,1.191563164800239
contrast,det_nonpar_dt50ns_ap0.01_tau100ns,nv_charge_readout_master_v1_4,thin_all_counts,3,contrast0.95,0.95,5.437,1.0,27.43339830432224,0.9500000000000001,7.504300359171423,13.628995098846458,0.11758756837904422,9.422120008455401,636.7993609310438,0.0,0.1,off,2.0,mean,-0.0182811951365629,0.79,4.098890686680839,4.085123742822275,4.085123742822275,3.450613583184162,1.1878729935614696,1.1813554623540083,1.2211342954095838,1.0033700188109977,1.0010609203108127,1.2245526892190202,1.0033700188109977,1.0010609203108127,1.2245526892190202,4.974995007273436,0.8238984522975936,0.7971479803201112,0.8545353234987496,3.4542011314886834,1.186639263508755,1.171043167375225,1.204596203807603
contrast,det_nonpar_dt50ns_ap0.01_tau100ns,nv_charge_readout_master_v1_4,thin_all_counts,3,contrast0.95,0.95,5.437,1.0,27.43339830432224,0.9500000000000001,7.504300359171423,13.628995098846458,0.11758756837904422,9.422120008455401,636.7993609310438,0.0,0.1,off,2.0,mean,-0.0182811951365629,0.8,4.356088817699549,4.260906024845958,4.260906024845958,3.5511745305724163,1.2266614271412304,1.128806347000378,1.235172762834168,1.0223386275826236,1.0111469580731607,1.0366604095186442,1.0223386275826236,1.0111469580731607,1.0366604095186442,4.974995007273436,0.8755966209676498,0.8456456357558265,0.90679527455318,3.6103940343425394,1.206541107774903,1.1917412603317667,1.221999127440409
contrast,det_nonpar_dt50ns_ap0.01_tau100ns,nv_charge_readout_master_v1_4,thin_all_counts,3,contrast0.95,0.95,5.437,1.0,27.43339830432224,0.9500000000000001,7.504300359171423,13.628995098846458,0.11758756837904422,9.422120008455401,636.7993609310438,0.0,0.1,off,2.0,mean,-0.0182811951365629,0.81,4.627007922744438,4.444252192964339,4.444252192964339,3.8972476308693715,1.187250172684633,1.1539784158395414,1.2273319818904425,1.0411218179898563,1.026254080771862,1.0561203169049898,1.0411218179898563,1.026254080771862,1.0561203169049898,4.974995007273436,0.9300527771344009,0.8999788041309501,0.9590107546035926,3.7665869371963954,1.2284351854595674,1.2132589953172674,1.241392275324969
contrast,det_nonpar_dt50ns_ap0.01_tau100ns,nv_charge_readout_master_v1_4,thin_all_counts,3,contrast0.95,0.95,5.437,1.0,27.43339830432224,0.9500000000000001,7.504300359171423,13.628995098846458,0.11758756837904422,9.422120008455401,636.7993609310438,0.0,0.1,off,2.0,mean,-0.0182811951365629,0.82,4.904605624053097,4.635487720098776,4.635487720098776,3.905375682931632,1.2558601328647023,1.2062132119281803,1.258696283192939,1.0580560062293913,1.0429892113315329,1.0747683157118715,1.0580560062293913,1.0429892113315329,1.0747683157118715,4.974995007273436,0.985851366058171,0.9553669406484506,1.0042726872555534,3.92277984005025,1.250288271082343,1.238299556736887,1.259765549719073
contrast,det_nonpar_dt50ns_ap0.01_tau100ns,nv_charge_readout_master_v1_4,thin_all_counts,3,contrast0.95,0.95,5.437,1.0,27.43339830432224,0.9500000000000001,7.504300359171423,13.628995098846458,0.11758756837904422,9.422120008455401,636.7993609310438,0.0,0.1,off,2.0,mean,-0.0182811951365629,0.83,5.205565494585843,4.834952084223221,4.834952084223221,4.1012106148652245,1.2692753392663572,1.2336814256447781,1.2789682025451672,1.0766529644775509,1.0584116067503233,1.1016356808010364,1.0766529644775509,1.0584116067503233,1.1016356808010364,5.197559582369733,1.001540321392999,0.9938540708044102,1.0119908103753203,4.171946860976302,1.2477545060024227,1.2370229080032042,1.2625938615157914
contrast,det_nonpar_dt50ns_ap0.01_tau100ns,nv_charge_readout_master_v1_4,thin_all_counts,3,contrast0.95,0.95,5.437,1.0,27.43339830432224,0.9500000000000001,7.504300359171423,13.628995098846458,0.11758756837904422,9.422120008455401,636.7993609310438,0.0,0.1,off,2.0,mean,-0.0182811951365629,0.84,5.603913949723044,5.0429993709995955,5.0429993709995955,4.34843164866581,1.2887207164547343,1.2797711830349676,1.2983393191434005,1.1112263828445148,1.0881260484756754,1.1349819065349789,1.1112263828445148,1.0881260484756754,1.1349819065349789,5.512882780311382,1.0165124442218814,1.003668759457009,1.031584577501276,4.4445595290683855,1.260847990238904,1.2474510322279504,1.2779201511567277
contrast,det_nonpar_dt50ns_ap0.01_tau100ns,nv_charge_readout_master_v1_4,thin_all_counts,3,contrast0.95,0.95,5.437,1.0,27.43339830432224,0.9500000000000001,7.504300359171423,13.628995098846458,0.11758756837904422,9.422120008455401,636.7993609310438,0.0,0.1,off,2.0,mean,-0.0182811951365629,0.85,6.0150234401124765,5.259998902344483,5.259998902344483,4.596764851707146,1.3085340743237317,1.2991041306466404,1.3180897991834746,1.14354081660197,1.120578021979234,1.1642917259093395,1.14354081660197,1.120578021979234,1.1642917259093395,5.8473358636510575,1.0286776029924705,1.0129418434401523,1.0437930198885026,4.717172197160469,1.2751333190111773,1.2598088334618847,1.2902501260955832
contrast,det_nonpar_dt50ns_ap0.01_tau100ns,nv_charge_readout_master_v1_4,thin_all_counts,3,contrast0.95,0.95,5.437,1.0,27.43339830432224,0.9500000000000001,7.504300359171423,13.628995098846458,0.11758756837904422,9.422120008455401,636.7993609310438,0.0,0.1,off,2.0,mean,-0.0182811951365629,0.86,6.428985845249445,5.4863358920429635,5.4863358920429635,4.832809029897385,1.3302793066056555,1.3180958107145222,1.3383567620130183,1.1718177617549157,1.149582288371355,1.1946433534205056,1.1718177617549157,1.149582288371355,1.1946433534205056,6.202079395638565,1.0365855441596645,1.0205417287001841,1.0561347206446399,4.9897848652525525,1.288429465169747,1.2751642201027173,1.3035459201696884
contrast,det_nonpar_dt50ns_ap0.01_tau100ns,nv_charge_readout_master_v1_4,thin_all_counts,3,contrast0.95,0.95,5.437,1.0,27.43339830432224,0.9500000000000001,7.504300359171423,13.628995098846458,0.11758756837904422,9.422120008455401,636.7993609310438,0.0,0.1,off,2.0,mean,-0.0182811951365629,0.87,6.9553746341588605,5.722412129573403,5.722412129573403,5.27379159075177,1.3188565597389075,1.2813628362203109,1.3509629214241057,1.2154620248712098,1.1820763994872894,1.251850746762389,1.2154620248712098,1.1820763994872894,1.251850746762389,6.578344348050926,1.0573138568247258,1.0300101490980988,1.087561345889148,5.262397533344636,1.3217121264759744,1.2986721709254607,1.3442964241734097
contrast,det_nonpar_dt50ns_ap0.01_tau100ns,nv_charge_readout_master_v1_4,thin_all_counts,3,contrast0.95,0.95,5.437,1.0,27.43339830432224,0.9500000000000001,7.504300359171423,13.628995098846458,0.11758756837904422,9.422120008455401,636.7993609310438,0.0,0.1,off,2.0,mean,-0.0182811951365629,0.88,7.6033395805793615,5.968646693357137,5.968646693357137,5.579321102266368,1.3627714629098546,1.3331421871299778,1.3865131520390277,1.2738799884137173,1.2392848190892876,1.311487671673774,1.2738799884137173,1.2392848190892876,1.311487671673774,6.977436372705129,1.0897038932985026,1.0644183445809259,1.1214224664590733,5.6089015188736795,1.3555844321734827,1.3428570557648432,1.3688630566195503
contrast,det_nonpar_dt50ns_ap0.01_tau100ns,nv_charge_readout_master_v1_4,thin_all_counts,3,contrast0.95,0.95,5.437,1.0,27.43339830432224,0.9500000000000001,7.504300359171423,13.628995098846458,0.11758756837904422,9.422120008455401,636.7993609310438,0.0,0.1,off,2.0,mean,-0.0182811951365629,0.89,8.3406635994024,6.2254766946991715,6.2254766946991715,6.3213200621023375,1.319449658846806,1.2903805346659918,1.4034379365298306,1.3397630428051004,1.3018546428226712,1.3756503902214228,1.3397630428051004,1.3018546428226712,1.3756503902214228,7.400740332113066,1.1270039516466817,1.1008799610711955,1.1556545967882645,6.094321181184206,1.3685960013321288,1.3524657329721572,1.390751373351125
contrast,det_nonpar_dt50ns_ap0.01_tau100ns,nv_charge_readout_master_v1_4,thin_all_counts,3,contrast0.95,0.95,5.437,1.0,27.43339830432224,0.9500000000000001,7.504300359171423,13.628995098846458,0.11758756837904422,9.422120008455401,636.7993609310438,0.0,0.1,off,2.0,mean,-0.0182811951365629,0.9,9.168219392327487,6.49335805374056,6.49335805374056,6.515798045284586,1.407075438589204,1.3589926600615894,1.430915178381792,1.4119380629327913,0.981876558626727,1.4325928043966272,1.4119380629327913,0.9911834887411871,1.4325928043966272,7.849725105000202,1.16796693765587,1.1425938243246858,1.1925903582880861,6.579740843494734,1.3934012919964671,1.3739405431543885,1.4203517004426405
contrast,det_nonpar_dt50ns_ap0.01_tau100ns,nv_charge_readout_master_v1_4,thin_all_counts,3,contrast0.95,0.95,5.437,1.0,27.43339830432224,0.9500000000000001,7.504300359171423,13.628995098846458,0.11758756837904422,9.422120008455401,636.7993609310438,0.0,0.1,off,2.0,mean,-0.0182811951365629,0.91,10.336173880244829,11.04964016059243,10.376244687284066,7.684889702842935,1.344999639542137,1.3141687581205161,1.468655982617826,0.9354308131325293,0.8800935313500571,0.9742753977650409,0.9961382168359673,0.9772299556237064,1.021737099888005,8.45886724240783,1.2219335738507962,1.1930627274692949,1.2556382752113477,7.065160505805261,1.4629779283502278,1.4156124962640586,1.5101033722980541
contrast,det_nonpar_dt50ns_ap0.01_tau100ns,nv_charge_readout_master_v1_4,thin_all_counts,3,contrast0.95,0.95,5.437,1.0,27.43339830432224,0.9500000000000001,7.504300359171423,13.628995098846458,0.11758756837904422,9.422120008455401,636.7993609310438,0.0,0.1,off,2.0,mean,-0.0182811951365629,0.92,12.242184952485934,13.085932568443637,11.841682716667998,7.943107368807534,1.5412337242929404,1.3587800210250385,1.7211432369898059,0.9355225459443084,0.8823106388855941,1.0933665783347035,1.0338213956074165,0.9944851437687849,1.1770887866725561,9.38835203793671,1.303975916435321,1.2470555220702808,1.5132072057592842,7.923712417941292,1.5450062176368902,1.4865061026641062,1.7849927977629412
contrast,det_nonpar_dt50ns_ap0.01_tau100ns,nv_charge_readout_master_v1_4,thin_all_counts,3,contrast0.95,0.95,5.437,1.0,27.43339830432224,0.9500000000000001,7.504300359171423,13.628995098846458,0.11758756837904422,9.422120008455401,636.7993609310438,0.0,0.1,off,2.0,mean,-0.0182811951365629,0.93,19.14258973053149,14.32076973260192,13.42029363649103,10.230754589042421,1.8710828770180872,1.7827954353184545,1.940992960971892,1.3367011751437121,1.2860987892782088,1.3882331244136237,1.4263912734726611,1.379114243750419,1.491841864670366,10.41997131085614,1.8371057999543257,1.758553253452773,1.9271204949491982,8.9160287215242,2.1469860998001646,2.0606825825355606,2.2527805319719696
contrast,det_nonpar_dt50ns_ap0.01_tau100ns,nv_charge_readout_master_v1_4,thin_all_counts,3,contrast0.95,0.95,5.437,1.0,27.43339830432224,0.9500000000000001,7.504300359171423,13.628995098846458,0.11758756837904422,9.422120008455401,636.7993609310438,0.0,0.1,off,2.0,mean,-0.0182811951365629,0.94,21.99671319660002,nan,15.109479048122974,11.352299697633082,1.9376438063193717,1.7287909207122996,1.9881756537863728,nan,0.7770846219664937,1.409416537379926,1.4558220787455034,0.9108559505287909,1.4899601862238037,11.56494789291335,1.9020157635192578,1.8244857805594372,1.9807179749242563,10.300285268133832,2.1355440770802363,2.036767651613243,2.262924234778629
contrast,det_nonpar_dt50ns_ap0.01_tau100ns,nv_charge_readout_master_v1_4,thin_all_counts,3,contrast0.95,0.95,5.437,1.0,27.43339830432224,0.9500000000000001,7.504300359171423,13.628995098846458,0.11758756837904422,9.422120008455401,636.7993609310438,0.0,0.1,off,2.0,mean,-0.0182811951365629,0.95,27.799089953630627,nan,29.22920504863428,14.4002672237417,1.9304565340147513,1.6143272915319493,2.068548481241218,nan,nan,nan,0.9510723917183483,0.8786976943345027,0.9964633563826831,14.77396377962919,1.8816270547489018,1.6717537902865809,2.0659194329878465,12.625294087918247,2.2018568248824333,1.971755148993695,2.398208641906017
contrast,det_nonpar_dt50ns_ap0.01_tau100ns,nv_charge_readout_master_v1_4,thin_all_counts,3,contrast0.95,0.95,5.437,1.0,27.43339830432224,0.9500000000000001,7.504300359171423,13.628995098846458,0.11758756837904422,9.422120008455401,636.7993609310438,0.0,0.1,off,2.0,mean,-0.0182811951365629,0.96,nan,nan,nan,nan,nan,nan,nan,nan,nan,nan,nan,nan,nan,nan,nan,nan,nan,nan,nan,nan,nan
contrast,det_nonpar_dt50ns_ap0.01_tau100ns,nv_charge_readout_master_v1_4,thin_all_counts,3,contrast0.95,0.95,5.437,1.0,27.43339830432224,0.9500000000000001,7.504300359171423,13.628995098846458,0.11758756837904422,9.422120008455401,636.7993609310438,0.0,0.1,off,2.0,mean,-0.0182811951365629,0.97,nan,nan,nan,nan,nan,nan,nan,nan,nan,nan,nan,nan,nan,nan,nan,nan,nan,nan,nan,nan,nan
contrast,det_nonpar_dt50ns_ap0.01_tau100ns,nv_charge_readout_master_v1_4,thin_all_counts,3,contrast0.95,0.95,5.437,1.0,27.43339830432224,0.9500000000000001,7.504300359171423,13.628995098846458,0.11758756837904422,9.422120008455401,636.7993609310438,0.0,0.1,off,2.0,mean,-0.0182811951365629,0.98,nan,nan,nan,nan,nan,nan,nan,nan,nan,nan,nan,nan,nan,nan,nan,nan,nan,nan,nan,nan,nan
contrast,det_nonpar_dt50ns_ap0.01_tau100ns,nv_charge_readout_master_v1_4,thin_all_counts,3,contrast0.95,0.95,5.437,1.0,27.43339830432224,0.9500000000000001,7.504300359171423,13.628995098846458,0.11758756837904422,9.422120008455401,636.7993609310438,0.0,0.1,off,2.0,mean,-0.0182811951365629,0.99,nan,nan,nan,nan,nan,nan,nan,nan,nan,nan,nan,nan,nan,nan,nan,nan,nan,nan,nan,nan,nan
contrast,det_nonpar_dt50ns_ap0.01_tau100ns,nv_charge_readout_master_v1_4,thin_all_counts,4,contrast0.99,0.99,5.437,1.0,27.43339830432224,0.99,7.504300359171423,14.918776292748513,0.11758756837904422,9.422120008455401,636.7993609310438,0.0,0.1,off,2.0,mean,0.01159757953045304,0.55,0.46860323997378683,1.6008611202952467,1.6008611202952467,0.45121092564900683,1.0385458625581008,1.0262399969228304,1.059534360600526,0.2927194833036874,0.27503343161320776,0.31226692943748363,0.2927194833036874,0.27503343161320776,0.31226692943748363,4.974995007273436,0.09419170055219946,0.08812669685752093,0.10086963756272789,0.46195878791977363,1.0143832138878308,0.998774313313533,1.0582416273481967
contrast,det_nonpar_dt50ns_ap0.01_tau100ns,nv_charge_readout_master_v1_4,thin_all_counts,4,contrast0.99,0.99,5.437,1.0,27.43339830432224,0.99,7.504300359171423,14.918776292748513,0.11758756837904422,9.422120008455401,636.7993609310438,0.0,0.1,off,2.0,mean,0.01159757953045304,0.56,0.5662367096688502,1.6008611202952467,1.6008611202952467,0.5404642729032085,1.0476857362415466,1.027431164841805,1.0683519142444355,0.3537075780592505,0.3310044138951692,0.3766415151085458,0.3537075780592505,0.3310044138951692,0.3766415151085458,4.974995007273436,0.11381653827612147,0.10621527391706505,0.12167412980023377,0.5549110761971728,1.0204098169193023,1.004322502818129,1.0584159720480113
contrast,det_nonpar_dt50ns_ap0.01_tau100ns,nv_charge_readout_master_v1_4,thin_all_counts,4,contrast0.99,0.99,5.437,1.0,27.43339830432224,0.99,7.504300359171423,14.918776292748513,0.11758756837904422,9.422120008455401,636.7993609310438,0.0,0.1,off,2.0,mean,0.01159757953045304,0.57,0.6659530671642694,1.6008611202952467,1.6008611202952467,0.645796419083206,1.0312120778087908,1.02192637165685,1.0549279291649818,0.4159967774352891,0.3979358865118937,0.43675472586505215,0.4159967774352891,0.3979358865118937,0.43675472586505215,4.974995007273436,0.13386004733485096,0.12745621871494237,0.14093195266826375,0.647863364474571,1.0279220954319117,1.0118616921061538,1.0516945884596784
contrast,det_nonpar_dt50ns_ap0.01_tau100ns,nv_charge_readout_master_v1_4,thin_all_counts,4,contrast0.99,0.99,5.437,1.0,27.43339830432224,0.99,7.504300359171423,14.918776292748513,0.11758756837904422,9.422120008455401,636.7993609310438,0.0,0.1,off,2.0,mean,0.01159757953045304,0.58,0.7605305394398844,1.6008611202952467,1.6008611202952467,0.7295805156186467,1.042421669930417,1.0228305897242937,1.0649721103140402,0.4750759012122299,0.4487013448911745,0.5042843057884971,0.4750759012122299,0.4487013448911745,0.5042843057884971,4.974995007273436,0.1528706136042327,0.14407404253354386,0.16283703911158579,0.7408156527519703,1.0266124056837589,1.0115632192660633,1.0442163628098764
contrast,det_nonpar_dt50ns_ap0.01_tau100ns,nv_charge_readout_master_v1_4,thin_all_counts,4,contrast0.99,0.99,5.437,1.0,27.43339830432224,0.99,7.504300359171423,14.918776292748513,0.11758756837904422,9.422120008455401,636.7993609310438,0.0,0.1,off,2.0,mean,0.01159757953045304,0.59,0.869589748629498,1.6008611202952467,1.6008611202952467,0.8242345622263184,1.0550270377896698,1.0368452041151521,1.0731789691917875,0.5432012418848173,0.518095606560101,0.573914496032931,0.5432012418848173,0.518095606560101,0.573914496032931,4.974995007273436,0.17479208468715224,0.16608521331209106,0.18539778277255592,0.8376133407599775,1.0381756191233869,1.0284429638702965,1.0500645647615223
contrast,det_nonpar_dt50ns_ap0.01_tau100ns,nv_charge_readout_master_v1_4,thin_all_counts,4,contrast0.99,0.99,5.437,1.0,27.43339830432224,0.99,7.504300359171423,14.918776292748513,0.11758756837904422,9.422120008455401,636.7993609310438,0.0,0.1,off,2.0,mean,0.01159757953045304,0.6,0.9869971612274978,1.6008611202952467,1.6008611202952467,0.9311688004611064,1.0599551453385743,1.0447961730074282,1.073829126225664,0.6165414030702838,0.5847915720179843,0.6531800997321098,0.6165414030702838,0.5847915720179843,0.6531800997321098,4.974995007273436,0.19839158828993986,0.1874244938117008,0.21138710917210354,0.9473455551345753,1.041855483332362,1.028457928964485,1.0612374603907706
contrast,det_nonpar_dt50ns_ap0.01_tau100ns,nv_charge_readout_master_v1_4,thin_all_counts,4,contrast0.99,0.99,5.437,1.0,27.43339830432224,0.99,7.504300359171423,14.918776292748513,0.11758756837904422,9.422120008455401,636.7993609310438,0.0,0.1,off,2.0,mean,0.01159757953045304,0.61,1.114895568038582,1.6008611202952467,1.6008611202952467,1.0452069460624518,1.0666744726856858,1.0551105154505662,1.083172214364156,0.6964349086277777,0.6605408898173345,0.7380430019221903,0.6964349086277777,0.6605408898173345,0.7380430019221903,4.974995007273436,0.22409983656437968,0.21161842126909647,0.23831953725257227,1.057077769509173,1.054695879713992,1.0425511295142977,1.0761462404319966
contrast,det_nonpar_dt50ns_ap0.01_tau100ns,nv_charge_readout_master_v1_4,thin_all_counts,4,contrast0.99,0.99,5.437,1.0,27.43339830432224,0.99,7.504300359171423,14.918776292748513,0.11758756837904422,9.422120008455401,636.7993609310438,0.0,0.1,off,2.0,mean,0.01159757953045304,0.62,1.2505989782614626,1.6008611202952467,1.6008611202952467,1.1459248407791842,1.0913446796485395,1.0760644898666594,1.106922610319252,0.7812039173209571,0.7428011829174049,0.8251756061458392,0.7812039173209571,0.7428011829174049,0.8251756061458392,4.974995007273436,0.25137693132014977,0.23819555500651102,0.26661326537747077,1.1668099838837709,1.0718103166196753,1.0598273291697107,1.0933487125342498
contrast,det_nonpar_dt50ns_ap0.01_tau100ns,nv_charge_readout_master_v1_4,thin_all_counts,4,contrast0.99,0.99,5.437,1.0,27.43339830432224,0.99,7.504300359171423,14.918776292748513,0.11758756837904422,9.422120008455401,636.7993609310438,0.0,0.1,off,2.0,mean,0.01159757953045304,0.63,1.382755876445863,1.6008611202952467,1.6008611202952467,1.256348080790823,1.1006152654569037,1.087522344112523,1.1129085451844296,0.8637575483067771,0.8283522918002065,0.9006188986576877,0.8637575483067771,0.8283522918002065,0.9006188986576877,4.974995007273436,0.27794115861910934,0.2656120168103281,0.29078092518600385,1.2765421982583687,1.083204204555404,1.072502405921096,1.0984099217871361
contrast,det_nonpar_dt50ns_ap0.01_tau100ns,nv_charge_readout_master_v1_4,thin_all_counts,4,contrast0.99,0.99,5.437,1.0,27.43339830432224,0.99,7.504300359171423,14.918776292748513,0.11758756837904422,9.422120008455401,636.7993609310438,0.0,0.1,off,2.0,mean,0.01159757953045304,0.64,1.5060858005119777,1.6008611202952467,1.6008611202952467,1.3774118894512544,1.093417163047711,0.9701004839981291,1.1037155726559205,0.9407972880459552,0.903104335454193,0.9765332251887301,0.9407972880459552,0.903104335454193,0.9765332251887301,4.974995007273436,0.3027311179830497,0.28961502232915665,0.3151045457157276,1.3862744126329665,1.0864268912324884,1.076072650432647,1.0980392372995267
contrast,det_nonpar_dt50ns_ap0.01_tau100ns,nv_charge_readout_master_v1_4,thin_all_counts,4,contrast0.99,0.99,5.437,1.0,27.43339830432224,0.99,7.504300359171423,14.918776292748513,0.11758756837904422,9.422120008455401,636.7993609310438,0.0,0.1,off,2.0,mean,0.01159757953045304,0.65,1.6218350741433747,1.6008611202952467,1.6008611202952467,1.6008611202952467,1.0131016698339577,0.9823539729256952,1.0684500345269827,1.0131016698339577,0.9799713168134437,1.054363027147948,1.0131016698339577,0.9799713168134437,1.054363027147948,4.974995007273436,0.32599732698671136,0.314165983691319,0.3406493699533585,1.500034447153052,1.0811985532875534,1.07010372167642,1.093141259697274
contrast,det_nonpar_dt50ns_ap0.01_tau100ns,nv_charge_readout_master_v1_4,thin_all_counts,4,contrast0.99,0.99,5.437,1.0,27.43339830432224,0.99,7.504300359171423,14.918776292748513,0.11758756837904422,9.422120008455401,636.7993609310438,0.0,0.1,off,2.0,mean,0.01159757953045304,0.66,1.7512762649607438,1.6008611202952467,1.6008611202952467,1.6008611202952467,1.0939588967203826,1.0162303505891264,1.1066542354303068,1.0939588967203826,1.0075205349872265,1.1058096479141706,1.0939588967203826,1.0075205349872265,1.1058096479141706,4.974995007273436,0.35201568291031055,0.3384015347734152,0.3689896705905161,1.6254425020938723,1.0774150809424352,1.0662088584311866,1.0918841692160792
contrast,det_nonpar_dt50ns_ap0.01_tau100ns,nv_charge_readout_master_v1_4,thin_all_counts,4,contrast0.99,0.99,5.437,1.0,27.43339830432224,0.99,7.504300359171423,14.918776292748513,0.11758756837904422,9.422120008455401,636.7993609310438,0.0,0.1,off,2.0,mean,0.01159757953045304,0.67,1.9014487890065934,1.8332141901973724,1.8332141901973724,1.7868157080545684,1.0641549547808902,1.0353838059189515,1.089743519074444,1.0372212909839382,1.0201148527861577,1.0533621305705543,1.0372212909839382,1.0201148527861577,1.0533621305705543,4.974995007273436,0.38220114517234244,0.3664940766101554,0.39691641391292504,1.7508505570346926,1.0860143267892377,1.0721237235362813,1.1029643399397204
contrast,det_nonpar_dt50ns_ap0.01_tau100ns,nv_charge_readout_master_v1_4,thin_all_counts,4,contrast0.99,0.99,5.437,1.0,27.43339830432224,0.99,7.504300359171423,14.918776292748513,0.11758756837904422,9.422120008455401,636.7993609310438,0.0,0.1,off,2.0,mean,0.01159757953045304,0.68,2.037639025128987,1.9300636112428557,1.9300636112428557,1.8402018806285887,1.107291024196191,1.0903557273882665,1.1141703390823134,1.0557367193803826,1.0415339475453391,1.0721139476633714,1.0557367193803826,1.0415339475453391,1.0721139476633714,4.974995007273436,0.40957609447847915,0.39592168724537974,0.4260239989190444,1.876258611975513,1.0860118174133557,1.0720208970755982,1.1013466374004182
contrast,det_nonpar_dt50ns_ap0.01_tau100ns,nv_charge_readout_master_v1_4,thin_all_counts,4,contrast0.99,0.99,5.437,1.0,27.43339830432224,0.99,7.504300359171423,14.918776292748513,0.11758756837904422,9.422120008455401,636.7993609310438,0.0,0.1,off,2.0,mean,0.01159757953045304,0.69,2.177872219569812,2.0320296249958356,2.0320296249958356,1.9528183372657073,1.1152456826164485,1.1055127916681011,1.1269284959696906,1.0717718840217574,1.0521238289663901,1.0919334540101318,1.0717718840217574,1.0521238289663901,1.0919334540101318,4.974995007273436,0.4377636995385454,0.42285766312944684,0.4573338329367365,2.0016666669163317,1.0880294184670287,1.0721302766346141,1.104528124428182
contrast,det_nonpar_dt50ns_ap0.01_tau100ns,nv_charge_readout_master_v1_4,thin_all_counts,4,contrast0.99,0.99,5.437,1.0,27.43339830432224,0.99,7.504300359171423,14.918776292748513,0.11758756837904422,9.422120008455401,636.7993609310438,0.0,0.1,off,2.0,mean,0.01159757953045304,0.7,2.3380949377196347,2.139382543045706,2.139382543045706,2.0723266824716875,1.1282463124640958,1.1152933426584153,1.1409459846382413,1.0928830588619436,1.070155700847307,1.1144993328762913,1.0928830588619436,1.070155700847307,1.1144993328762913,4.974995007273436,0.4699693033463035,0.45289586399969733,0.4908753609094118,2.127074721857152,1.0992067714848497,1.0820171519578465,1.1159917982042844
contrast,det_nonpar_dt50ns_ap0.01_tau100ns,nv_charge_readout_master_v1_4,thin_all_counts,4,contrast0.99,0.99,5.437,1.0,27.43339830432224,0.99,7.504300359171423,14.918776292748513,0.11758756837904422,9.422120008455401,636.7993609310438,0.0,0.1,off,2.0,mean,0.01159757953045304,0.71,2.5056990746909897,2.2524069576486077,2.2524069576486077,2.1991486852265156,1.1393950265954387,1.12549401320527,1.1518852454624169,1.1124539755936491,1.0923927570180214,1.132448977765902,1.1124539755936491,1.0923927570180214,1.132448977765902,4.974995007273436,0.5036586109187369,0.4861129158302944,0.5227654859898109,2.2524827767979723,1.1124165301068265,1.0946044600692948,1.1268771136236293
contrast,det_nonpar_dt50ns_ap0.01_tau100ns,nv_charge_readout_master_v1_4,thin_all_counts,4,contrast0.99,0.99,5.437,1.0,27.43339830432224,0.99,7.504300359171423,14.918776292748513,0.11758756837904422,9.422120008455401,636.7993609310438,0.0,0.1,off,2.0,mean,0.01159757953045304,0.72,2.669881791439959,2.371402496180633,2.371402496180633,2.333731925878239,1.144039622475156,1.1341869113358132,1.154432138996534,1.1258661470332663,1.1071713628879813,1.145969499061292,1.1258661470332663,1.1071713628879813,1.145969499061292,4.974995007273436,0.5366601951432304,0.5186307818402955,0.5570450714341566,2.3778908317387923,1.122794097947572,1.1104260240091022,1.134175895699985
contrast,det_nonpar_dt50ns_ap0.01_tau100ns,nv_charge_readout_master_v1_4,thin_all_counts,4,contrast0.99,0.99,5.437,1.0,27.43339830432224,0.99,7.504300359171423,14.918776292748513,0.11758756837904422,9.422120008455401,636.7993609310438,0.0,0.1,off,2.0,mean,0.01159757953045304,0.73,2.8472374745503095,2.496684615449075,2.496684615449075,2.476551375744008,1.149678339983938,1.1407335063458433,1.158182468806764,1.1404073453779748,1.1205291365971688,1.161140151173008,1.1404073453779748,1.1205291365971688,1.161140151173008,4.974995007273436,0.5723096144594421,0.5533412182571232,0.596246284604768,2.5032988866796133,1.1373941360741378,1.125431707050593,1.1478460632667344
contrast,det_nonpar_dt50ns_ap0.01_tau100ns,nv_charge_readout_master_v1_4,thin_all_counts,4,contrast0.99,0.99,5.437,1.0,27.43339830432224,0.99,7.504300359171423,14.918776292748513,0.11758756837904422,9.422120008455401,636.7993609310438,0.0,0.1,off,2.0,mean,0.01159757953045304,0.74,3.0424327093850465,2.6285854379674602,2.6285854379674602,2.627060927881816,1.1581127324055414,1.1527421967462572,1.1639502042504901,1.1574410576274026,1.1376490697425947,1.1781533316511366,1.1574410576274026,1.1376490697425947,1.1781533316511366,4.974995007273436,0.6115448769168641,0.5909079118483131,0.6382558670300434,2.6417348532029394,1.1516798158968473,1.1432830261569418,1.161498007090135
contrast,det_nonpar_dt50ns_ap0.01_tau100ns,nv_charge_readout_master_v1_4,thin_all_counts,4,contrast0.99,0.99,5.437,1.0,27.43339830432224,0.99,7.504300359171423,14.918776292748513,0.11758756837904422,9.422120008455401,636.7993609310438,0.0,0.1,off,2.0,mean,0.01159757953045304,0.75,3.254288628655186,2.7674546324113063,2.7674546324113063,2.7828643824157195,1.1694025225297675,1.1623827170919896,1.1763125934296008,1.1759139935095149,1.1548059058322642,1.1960687570915975,1.1759139935095149,1.1548059058322642,1.1960687570915975,4.974995007273436,0.6541290240286514,0.6304691123932185,0.6809380794364626,2.805429015651534,1.1599967814189762,1.148118830161251,1.1721150992979517
contrast,det_nonpar_dt50ns_ap0.01_tau100ns,nv_charge_readout_master_v1_4,thin_all_counts,4,contrast0.99,0.99,5.437,1.0,27.43339830432224,0.99,7.504300359171423,14.918776292748513,0.11758756837904422,9.422120008455401,636.7993609310438,0.0,0.1,off,2.0,mean,0.01159757953045304,0.76,3.485411318331847,2.9136603405887116,2.9136603405887116,3.374842877512561,1.0327625447560929,1.013301038133212,1.1856007330127865,1.196231170043524,1.1775448428755135,1.2142454615406522,1.196231170043524,1.1775448428755135,1.2142454615406522,4.974995007273436,0.7005858926966119,0.6739298068482638,0.7261901603677182,2.9691231781001286,1.173885726277641,1.1585796803079742,1.1906030766030649
contrast,det_nonpar_dt50ns_ap0.01_tau100ns,nv_charge_readout_master_v1_4,thin_all_counts,4,contrast0.99,0.99,5.437,1.0,27.43339830432224,0.99,7.504300359171423,14.918776292748513,0.11758756837904422,9.422120008455401,636.7993609310438,0.0,0.1,off,2.0,mean,0.01159757953045304,0.77,3.6923801135961924,3.067590153383158,3.067590153383158,3.374842877512561,1.09408948730605,1.0647165419751712,1.1225859319333833,1.2036745226620222,1.1920291619837748,1.2137964539328212,1.2036745226620222,1.1920291619837748,1.2137964539328212,4.974995007273436,0.7421877023389848,0.7194665050942893,0.7651513690550215,3.132817340548723,1.1786132775137985,1.1644517695737207,1.1918764713179053
contrast,det_nonpar_dt50ns_ap0.01_tau100ns,nv_charge_readout_master_v1_4,thin_all_counts,4,contrast0.99,0.99,5.437,1.0,27.43339830432224,0.99,7.504300359171423,14.918776292748513,0.11758756837904422,9.422120008455401,636.7993609310438,0.0,0.1,off,2.0,mean,0.01159757953045304,0.78,3.887554337949566,3.229652138255748,3.229652138255748,3.374842877512561,1.1519215794765831,1.1224904571673462,1.1816085312815003,1.2037068301879514,1.1962367607570783,1.2106899944299054,1.2037068301879514,1.1962367607570783,1.2106899944299054,4.974995007273436,0.781418741579834,0.7589714089786822,0.8052591088613186,3.2965115029973178,1.1792934240984292,1.1655283331286659,1.192982243582069
contrast,det_nonpar_dt50ns_ap0.01_tau100ns,nv_charge_readout_master_v1_4,thin_all_counts,4,contrast0.99,0.99,5.437,1.0,27.43339830432224,0.99,7.504300359171423,14.918776292748513,0.11758756837904422,9.422120008455401,636.7993609310438,0.0,0.1,off,2.0,mean,0.01159757953045304,0.79,4.096367865870395,4.093773721794584,4.093773721794584,3.497573458808844,1.1712028107811294,1.1646871035570514,1.2056255850482613,1.0006336803771054,0.9977405393907298,1.2101244324804077,1.0006336803771054,0.9977405393907298,1.2101244324804077,4.974995007273436,0.8233913521282957,0.7992475030480288,0.8492047035882299,3.4602056654459123,1.1838509793730718,1.1692465923118136,1.2003145794602295
contrast,det_nonpar_dt50ns_ap0.01_tau100ns,nv_charge_readout_master_v1_4,thin_all_counts,4,contrast0.99,0.99,5.437,1.0,27.43339830432224,0.99,7.504300359171423,14.918776292748513,0.11758756837904422,9.422120008455401,636.7993609310438,0.0,0.1,off,2.0,mean,0.01159757953045304,0.8,4.327319199954744,4.254790742930189,4.254790742930189,3.80171254684271,1.138255232776225,1.1294533182609219,1.2150131718782542,1.0170463041325988,1.0064748193845674,1.0278313629788873,1.0170463041325988,1.0064748193845674,1.0278313629788873,4.974995007273436,0.869813777426552,0.8434976885708455,0.8975988643424649,3.6238998278945065,1.194105633562428,1.181187775701711,1.208237208422029
contrast,det_nonpar_dt50ns_ap0.01_tau100ns,nv_charge_readout_master_v1_4,thin_all_counts,4,contrast0.99,0.99,5.437,1.0,27.43339830432224,0.99,7.504300359171423,14.918776292748513,0.11758756837904422,9.422120008455401,636.7993609310438,0.0,0.1,off,2.0,mean,0.01159757953045304,0.81,4.571291463912051,4.422140913589268,4.422140913589268,3.844746112719116,1.1889709567009878,1.1617565121688904,1.2139748255506477,1.033728131517574,1.0197461347731318,1.047320805408932,1.033728131517574,1.0197461347731318,1.047320805408932,4.974995007273436,0.918853477687682,0.8905823536468037,0.9479145917772843,3.7875939903431015,1.2069116899982086,1.19518001731594,1.2214574116601744
contrast,det_nonpar_dt50ns_ap0.01_tau100ns,nv_charge_readout_master_v1_4,thin_all_counts,4,contrast0.99,0.99,5.437,1.0,27.43339830432224,0.99,7.504300359171423,14.918776292748513,0.11758756837904422,9.422120008455401,636.7993609310438,0.0,0.1,off,2.0,mean,0.01159757953045304,0.82,4.836539492469856,4.596073330312067,4.596073330312067,4.071050639427759,1.188032260180801,1.1823768363526572,1.2401910220352295,1.0523199141693116,1.0358662712107098,1.0674618962684097,1.0523199141693116,1.0358662712107098,1.0674618962684097,4.974995007273436,0.9721697178386797,0.9405542602895299,0.9989414734313694,3.951288152791694,1.224041200096406,1.212309724669902,1.2335094935917628
contrast,det_nonpar_dt50ns_ap0.01_tau100ns,nv_charge_readout_master_v1_4,thin_all_counts,4,contrast0.99,0.99,5.437,1.0,27.43339830432224,0.99,7.504300359171423,14.918776292748513,0.11758756837904422,9.422120008455401,636.7993609310438,0.0,0.1,off,2.0,mean,0.01159757953045304,0.83,5.117234158381979,4.776846887147358,4.776846887147358,4.093169529202892,1.2501886672107898,1.2257868350033794,1.2566521121228333,1.071257731151164,1.0540888740390624,1.0897426394935197,1.071257731151164,1.0540888740390624,1.0897426394935197,5.095905783840147,1.004185394205966,0.995360074569976,1.0116966949754413,4.1149823152402885,1.243561640454624,1.2345248596782512,1.249423450023344
contrast,det_nonpar_dt50ns_ap0.01_tau100ns,nv_charge_readout_master_v1_4,thin_all_counts,4,contrast0.99,0.99,5.437,1.0,27.43339830432224,0.99,7.504300359171423,14.918776292748513,0.11758756837904422,9.422120008455401,636.7993609310438,0.0,0.1,off,2.0,mean,0.01159757953045304,0.84,5.430926354968721,4.964730661009726,4.964730661009726,4.297206515047164,1.2638271714314184,1.2557159956371977,1.2706334356000062,1.0939015076125358,1.0731366297759617,1.1142773309764618,1.0939015076125358,1.0731366297759617,1.1142773309764618,5.365811348978126,1.0121351649835761,1.0032099351348964,1.0224096750984457,4.353656730342502,1.2474401845047323,1.2394700438644621,1.256618714158028
contrast,det_nonpar_dt50ns_ap0.01_tau100ns,nv_charge_readout_master_v1_4,thin_all_counts,4,contrast0.99,0.99,5.437,1.0,27.43339830432224,0.99,7.504300359171423,14.918776292748513,0.11758756837904422,9.422120008455401,636.7993609310438,0.0,0.1,off,2.0,mean,0.01159757953045304,0.85,5.768136376792981,5.160004312193838,5.160004312193838,4.512382435464354,1.2782906722309768,1.2707385299801606,1.2860392086995975,1.1178549527879345,1.0982270770771865,1.1404382786761464,1.1178549527879345,1.0982270770771865,1.1404382786761464,5.650012510852504,1.0209068326333057,1.0086609543660643,1.0357107299513468,4.611239209157367,1.2508863919568853,1.2386006999674486,1.2659035847185063
contrast,det_nonpar_dt50ns_ap0.01_tau100ns,nv_charge_readout_master_v1_4,thin_all_counts,4,contrast0.99,0.99,5.437,1.0,27.43339830432224,0.99,7.504300359171423,14.918776292748513,0.11758756837904422,9.422120008455401,636.7993609310438,0.0,0.1,off,2.0,mean,0.01159757953045304,0.86,6.160367235506426,5.3629585006417795,5.3629585006417795,4.753607253938411,1.2959352564102766,1.286799095704381,1.3060599659133416,1.148688216544883,1.1257446503746944,1.1734675300296926,1.148688216544883,1.1257446503746944,1.1734675300296926,5.949266438312112,1.0354835002572529,1.0191216115266288,1.0535328239010493,4.868821687972233,1.2652686071303005,1.2499354169117047,1.2825387225310196
contrast,det_nonpar_dt50ns_ap0.01_tau100ns,nv_charge_readout_master_v1_4,thin_all_counts,4,contrast0.99,0.99,5.437,1.0,27.43339830432224,0.99,7.504300359171423,14.918776292748513,0.11758756837904422,9.422120008455401,636.7993609310438,0.0,0.1,off,2.0,mean,0.01159757953045304,0.87,6.591000883004502,5.573895318583117,5.573895318583117,5.0290210613453095,1.3105932153804398,1.3035186234243874,1.317625144212301,1.1824766175694763,1.1591263263004086,1.205572843254272,1.1824766175694763,1.1591263263004086,1.205572843254272,6.264370403789865,1.0521409907397923,1.033129708156122,1.0711789032422385,5.126404166787097,1.2856966927629743,1.2685812988484255,1.30369304389538
contrast,det_nonpar_dt50ns_ap0.01_tau100ns,nv_charge_readout_master_v1_4,thin_all_counts,4,contrast0.99,0.99,5.437,1.0,27.43339830432224,0.99,7.504300359171423,14.918776292748513,0.11758756837904422,9.422120008455401,636.7993609310438,0.0,0.1,off,2.0,mean,0.01159757953045304,0.88,7.029363521612959,5.793128740191607,5.793128740191607,5.3139360347839695,1.3228167361443837,1.3154565239466407,1.3306358640848817,1.213396738940841,1.1916496852362837,1.2363199316640145,1.213396738940841,1.1916496852362837,1.2363199316640145,6.596163907396285,1.0656744769078474,1.047978390502061,1.0848137434725924,5.383986645601962,1.3056056755555034,1.2915954387466781,1.3185510927429038
contrast,det_nonpar_dt50ns_ap0.01_tau100ns,nv_charge_readout_master_v1_4,thin_all_counts,4,contrast0.99,0.99,5.437,1.0,27.43339830432224,0.99,7.504300359171423,14.918776292748513,0.11758756837904422,9.422120008455401,636.7993609310438,0.0,0.1,off,2.0,mean,0.01159757953045304,0.89,7.495734224483803,6.0209850889279055,6.0209850889279055,5.614992627257298,1.3349499673600058,1.3258579743016252,1.3482312730913235,1.2449348592920184,1.2244033041918545,1.2729162370379032,1.2449348592920184,1.2244033041918545,1.2729162370379032,6.9455309135160315,1.0792168831754925,1.063221543954114,1.1037019473975098,5.641569124416828,1.328661239307006,1.3177142552784837,1.3427859155774804
contrast,det_nonpar_dt50ns_ap0.01_tau100ns,nv_charge_readout_master_v1_4,thin_all_counts,4,contrast0.99,0.99,5.437,1.0,27.43339830432224,0.99,7.504300359171423,14.918776292748513,0.11758756837904422,9.422120008455401,636.7993609310438,0.0,0.1,off,2.0,mean,0.01159757953045304,0.9,8.08978990794077,6.257803523263861,6.257803523263861,5.958670773248549,1.3576500893890426,1.347722583775606,1.3691806113213711,1.2927523016448759,1.2680043495754638,1.3195208798699345,1.2927523016448759,1.2680043495754638,1.3195208798699345,7.313402205866177,1.1061595793886245,1.0856755107514122,1.1303474098974293,6.02073958358245,1.343653847776488,1.3315296571576387,1.357222780053407
contrast,det_nonpar_dt50ns_ap0.01_tau100ns,nv_charge_readout_master_v1_4,thin_all_counts,4,contrast0.99,0.99,5.437,1.0,27.43339830432224,0.99,7.504300359171423,14.918776292748513,0.11758756837904422,9.422120008455401,636.7993609310438,0.0,0.1,off,2.0,mean,0.01159757953045304,0.91,8.784761673944598,6.503936541511421,6.503936541511421,6.364683380123877,1.3802354570186992,1.3633139739245945,1.3960178166757933,1.3506837924810295,1.3175427282690646,1.3798884976453436,1.3506837924810295,1.3175427282690646,1.3798884976453436,7.7007578672905455,1.140765860365306,1.115226702899519,1.167076598939779,6.4607040329234495,1.3597220410001538,1.3394325705048944,1.3804812169783176
contrast,det_nonpar_dt50ns_ap0.01_tau100ns,nv_charge_readout_master_v1_4,thin_all_counts,4,contrast0.99,0.99,5.437,1.0,27.43339830432224,0.99,7.504300359171423,14.918776292748513,0.11758756837904422,9.422120008455401,636.7993609310438,0.0,0.1,off,2.0,mean,0.01159757953045304,0.92,9.632713060020425,9.624580893455459,9.624907227230993,6.85602196222284,1.405000321337555,1.2597096719926446,1.4239852717878259,1.000844937213889,0.993817434889745,1.4127664950973629,1.000811003431529,0.9937571111288184,1.4127664950973629,8.108629890896818,1.1879581618140722,1.1667037061043115,1.2079187865129457,6.90066848226445,1.3959101331671937,1.3726256320424783,1.417668167049651
contrast,det_nonpar_dt50ns_ap0.01_tau100ns,nv_charge_readout_master_v1_4,thin_all_counts,4,contrast0.99,0.99,5.437,1.0,27.43339830432224,0.99,7.504300359171423,14.918776292748513,0.11758756837904422,9.422120008455401,636.7993609310438,0.0,0.1,off,2.0,mean,0.01159757953045304,0.93,10.577132862714615,10.512125804495044,10.514193250055444,7.868441976085359,1.344247424694979,1.3035327627535163,1.397805918461439,1.006184006872499,0.993101535568305,1.0226849588436298,1.0059861571080444,0.9927782413181478,1.022113843575119,8.821156313605432,1.1990642141099834,1.1863105850876006,1.2176187571794381,7.34063293160545,1.440902025923985,1.4228481343444628,1.452686640914563
contrast,det_nonpar_dt50ns_ap0.01_tau100ns,nv_charge_readout_master_v1_4,thin_all_counts,4,contrast0.99,0.99,5.437,1.0,27.43339830432224,0.99,7.504300359171423,14.918776292748513,0.11758756837904422,9.422120008455401,636.7993609310438,0.0,0.1,off,2.0,mean,0.01159757953045304,0.94,12.08549985409176,11.481516977499956,11.485644182288418,9.01673069182754,1.3403416678559168,1.3020590195883697,1.4926981039217966,1.052604797586888,1.0223582585627404,1.091012906024699,1.052226558848859,1.0212246959334934,1.0902552015742466,9.829088985935774,1.2295645986504582,1.1980975690626026,1.2607647832961535,8.247925084709857,1.4652775976949721,1.4452841004496657,1.4914722707817836
contrast,det_nonpar_dt50ns_ap0.01_tau100ns,nv_charge_readout_master_v1_4,thin_all_counts,4,contrast0.99,0.99,5.437,1.0,27.43339830432224,0.99,7.504300359171423,14.918776292748513,0.11758756837904422,9.422120008455401,636.7993609310438,0.0,0.1,off,2.0,mean,0.01159757953045304,0.95,14.560369271872556,12.54030198613591,12.546851588583861,10.240380161516537,1.4218582750072684,1.3380080961523932,1.5682849499891656,1.1610860159484162,1.094941640420789,1.2779617938669334,1.1604799155447696,1.0946250666614707,1.2779217772215705,10.952191170723824,1.329448057005589,1.26657533113737,1.4425506111599258,9.417223866348094,1.5461424171833906,1.5001526214210597,1.661795787030521
contrast,det_nonpar_dt50ns_ap0.01_tau100ns,nv_charge_readout_master_v1_4,thin_all_counts,4,contrast0.99,0.99,5.437,1.0,27.43339830432224,0.99,7.504300359171423,14.918776292748513,0.11758756837904422,9.422120008455401,636.7993609310438,0.0,0.1,off,2.0,mean,0.01159757953045304,0.96,nan,nan,30.014456725834762,13.336110970152605,nan,nan,nan,nan,nan,nan,nan,nan,nan,13.727538928912962,nan,nan,nan,12.017384169242447,nan,nan,nan
contrast,det_nonpar_dt50ns_ap0.01_tau100ns,nv_charge_readout_master_v1_4,thin_all_counts,4,contrast0.99,0.99,5.437,1.0,27.43339830432224,0.99,7.504300359171423,14.918776292748513,0.11758756837904422,9.422120008455401,636.7993609310438,0.0,0.1,off,2.0,mean,0.01159757953045304,0.97,nan,nan,nan,nan,nan,nan,nan,nan,nan,nan,nan,nan,nan,nan,nan,nan,nan,nan,nan,nan,nan
contrast,det_nonpar_dt50ns_ap0.01_tau100ns,nv_charge_readout_master_v1_4,thin_all_counts,4,contrast0.99,0.99,5.437,1.0,27.43339830432224,0.99,7.504300359171423,14.918776292748513,0.11758756837904422,9.422120008455401,636.7993609310438,0.0,0.1,off,2.0,mean,0.01159757953045304,0.98,nan,nan,nan,nan,nan,nan,nan,nan,nan,nan,nan,nan,nan,nan,nan,nan,nan,nan,nan,nan,nan
contrast,det_nonpar_dt50ns_ap0.01_tau100ns,nv_charge_readout_master_v1_4,thin_all_counts,4,contrast0.99,0.99,5.437,1.0,27.43339830432224,0.99,7.504300359171423,14.918776292748513,0.11758756837904422,9.422120008455401,636.7993609310438,0.0,0.1,off,2.0,mean,0.01159757953045304,0.99,nan,nan,nan,nan,nan,nan,nan,nan,nan,nan,nan,nan,nan,nan,nan,nan,nan,nan,nan,nan,nan
