experiment,detector,physics_layer,efficiency_model,point_index,point,sweep_value,power_uw,detection_efficiency,photons_per_bright_dwell,contrast,switching_ratio,snr_per_bright_dwell,p_bright_stationary,gamma_tot_khz,horizon_us,noise_sigma,noise_tau_c_ms,noise_kind,noise_photon_order,noise_renormalise,q_excess_finest_bin,target_fidelity,t_threshold_us,t_adaptive_count_us,t_fixed_count_mmpp_us,t_adaptive_mmpp_us,speedup_mmpp,speedup_mmpp_ci_low,speedup_mmpp_ci_high,speedup_count,speedup_count_ci_low,speedup_count_ci_high,speedup_fixed_count_mmpp,speedup_fixed_count_mmpp_ci_low,speedup_fixed_count_mmpp_ci_high,t_learned_us,speedup_learned,speedup_learned_ci_low,speedup_learned_ci_high,t_optimal_us,speedup_optimal,speedup_optimal_ci_low,speedup_optimal_ci_high
efficiency,det_nonpar_dt2000ns_ap0.05_tau5000ns,nv_charge_readout_master_v1_4,thin_all_counts,0,eta0.02,0.02,5.437,0.02,0.5486679660864447,0.9249776330930898,7.504300359171423,1.8259971054859974,0.11758756837904422,9.422120008455401,636.7993609310438,0.0,0.1,off,2.0,mean,0.046722744022080494,0.55,27.233646549281048,80.72062821717944,80.72062821717944,26.241178308130667,1.037821024250381,1.0130873897553812,1.0699695457268417,0.3373814990142138,0.31188464683022477,0.3641269231866545,0.3373814990142138,0.31188464683022477,0.3641269231866545,26.51517129216684,1.0270967609146262,1.0045380204774625,1.0542177790994456,26.3087496881197,1.0351554852330747,1.0015815751124204,1.0700995753568874
efficiency,det_nonpar_dt2000ns_ap0.05_tau5000ns,nv_charge_readout_master_v1_4,thin_all_counts,0,eta0.02,0.02,5.437,0.02,0.5486679660864447,0.9249776330930898,7.504300359171423,1.8259971054859974,0.11758756837904422,9.422120008455401,636.7993609310438,0.0,0.1,off,2.0,mean,0.046722744022080494,0.56,33.45921320312672,80.72062821717944,80.72062821717944,32.107529833111684,1.042098640943131,1.0152288170524277,1.06905962533704,0.41450635286316734,0.38871871452050544,0.4437406492934727,0.41450635286316734,0.38871871452050544,0.4437406492934727,32.495596118079234,1.029653774669835,1.0043980336403946,1.0567393629569752,32.310497222593426,1.0355524080183467,1.013638978458099,1.0481975939112471
efficiency,det_nonpar_dt2000ns_ap0.05_tau5000ns,nv_charge_readout_master_v1_4,thin_all_counts,0,eta0.02,0.02,5.437,0.02,0.5486679660864447,0.9249776330930898,7.504300359171423,1.8259971054859974,0.11758756837904422,9.422120008455401,636.7993609310438,0.0,0.1,off,2.0,mean,0.046722744022080494,0.57,40.55484266852192,80.72062821717944,80.72062821717944,39.22275098282212,1.0339622196893634,1.0223390736890525,1.0524080001705196,0.5024098989840469,0.4694117612995132,0.5345762551609845,0.5024098989840469,0.4694117612995132,0.5345762551609845,39.50948059804745,1.0264585121001597,1.017671763867098,1.0382543067928174,40.37505839081465,1.00445285492759,0.9793234297361918,1.0333059736379748
efficiency,det_nonpar_dt2000ns_ap0.05_tau5000ns,nv_charge_readout_master_v1_4,thin_all_counts,0,eta0.02,0.02,5.437,0.02,0.5486679660864447,0.9249776330930898,7.504300359171423,1.8259971054859974,0.11758756837904422,9.422120008455401,636.7993609310438,0.0,0.1,off,2.0,mean,0.046722744022080494,0.58,49.26122406202266,80.72062821717944,80.72062821717944,46.90195644062893,1.0503021153153862,1.0228653352200932,1.0820177774235107,0.6102680956531332,0.5592090224134866,0.6604604299137631,0.6102680956531332,0.5592090224134866,0.6604604299137631,47.097396942110365,1.0459436669625704,1.0248995382699175,1.0667492746506027,48.43961955903596,1.016961415272582,0.9888254241335269,1.0425337368168743
efficiency,det_nonpar_dt2000ns_ap0.05_tau5000ns,nv_charge_readout_master_v1_4,thin_all_counts,0,eta0.02,0.02,5.437,0.02,0.5486679660864447,0.9249776330930898,7.504300359171423,1.8259971054859974,0.11758756837904422,9.422120008455401,636.7993609310438,0.0,0.1,off,2.0,mean,0.046722744022080494,0.59,60.661025046759384,80.72062821717944,80.72062821717944,56.08463105818533,1.0815980046980473,1.0419197454826394,1.116726641426844,0.7514934705853683,0.6740556509353575,0.8089058642031707,0.7514934705853683,0.6740556509353575,0.8089058642031707,57.02169473171444,1.0638236084032209,1.0373542256182116,1.081415134329075,57.73972749822561,1.0505942385790363,1.018399360788761,1.067940711137299
efficiency,det_nonpar_dt2000ns_ap0.05_tau5000ns,nv_charge_readout_master_v1_4,thin_all_counts,0,eta0.02,0.02,5.437,0.02,0.5486679660864447,0.9249776330930898,7.504300359171423,1.8259971054859974,0.11758756837904422,9.422120008455401,636.7993609310438,0.0,0.1,off,2.0,mean,0.046722744022080494,0.6,72.50048434762901,80.72062821717944,80.72062821717944,67.06513074597422,1.0810458958507445,1.0435117656703536,1.1033397736225743,0.8981655117024849,0.820891445123109,0.976248052581087,0.8981655117024849,0.820891445123109,0.976248052581087,68.68094852410093,1.0556127413148315,1.0313169963944246,1.0732706394033662,70.48636064064279,1.0285746588230698,0.9974242392012587,1.0538022404515357
efficiency,det_nonpar_dt2000ns_ap0.05_tau5000ns,nv_charge_readout_master_v1_4,thin_all_counts,0,eta0.02,0.02,5.437,0.02,0.5486679660864447,0.9249776330930898,7.504300359171423,1.8259971054859974,0.11758756837904422,9.422120008455401,636.7993609310438,0.0,0.1,off,2.0,mean,0.046722744022080494,0.61,90.61757417068233,89.38480169080376,89.38480169080376,105.07600430166255,0.8624002670536317,0.8394760733424691,1.089543113409314,1.0137917459854409,0.9880874984797788,1.0895431134093139,1.0137917459854409,0.9880874984797788,1.0895431134093139,83.36949747148586,1.0869391914192055,1.0571671757492045,1.1068582003513412,83.61179478891081,1.0837893672711911,1.0366695685502125,1.103564174977746
efficiency,det_nonpar_dt2000ns_ap0.05_tau5000ns,nv_charge_readout_master_v1_4,thin_all_counts,0,eta0.02,0.02,5.437,0.02,0.5486679660864447,0.9249776330930898,7.504300359171423,1.8259971054859974,0.11758756837904422,9.422120008455401,636.7993609310438,0.0,0.1,off,2.0,mean,0.046722744022080494,0.62,112.4512280590306,101.95487133051041,101.95487133051041,105.07600430166255,1.070189419614725,0.8607584133187376,1.110781357624507,1.102951007554056,1.0006436012272955,1.1188593809129337,1.102951007554056,0.9984829101409107,1.1188593809129337,103.11545833562958,1.0905370530673888,1.0732281479034365,1.1056656572022192,102.41924402494183,1.097950186311136,1.0716772087430686,1.1272833871747645
efficiency,det_nonpar_dt2000ns_ap0.05_tau5000ns,nv_charge_readout_master_v1_4,thin_all_counts,0,eta0.02,0.02,5.437,0.02,0.5486679660864447,0.9249776330930898,7.504300359171423,1.8259971054859974,0.11758756837904422,9.422120008455401,636.7993609310438,0.0,0.1,off,2.0,mean,0.046722744022080494,0.63,136.88035577574684,130.265873921766,132.19300040249473,136.3495023496363,1.003893328666131,0.8896432773569055,1.1272183985495317,1.0507767817836413,0.9966428880702727,1.1347170100322486,1.0354584233581223,0.9479902060968052,1.0724061268901,123.88153960994698,1.1049294043868674,1.065940239554738,1.1516384961015758,123.19953868697209,1.1110460090563752,1.0767250080800659,1.1554950258054033
efficiency,det_nonpar_dt2000ns_ap0.05_tau5000ns,nv_charge_readout_master_v1_4,thin_all_counts,0,eta0.02,0.02,5.437,0.02,0.5486679660864447,0.9249776330930898,7.504300359171423,1.8259971054859974,0.11758756837904422,9.422120008455401,636.7993609310438,0.0,0.1,off,2.0,mean,0.046722744022080494,0.64,nan,nan,nan,278.88526216506864,nan,0.8139573152847902,1.1247201944708003,nan,0.7376236907142594,1.148597989824183,nan,0.7437633848337891,1.1201479784057993,214.44854173156784,nan,1.1005878926277695,1.275542646069201,nan,nan,1.0419172845708373,1.2148270269664965
efficiency,det_nonpar_dt2000ns_ap0.05_tau5000ns,nv_charge_readout_master_v1_4,thin_all_counts,0,eta0.02,0.02,5.437,0.02,0.5486679660864447,0.9249776330930898,7.504300359171423,1.8259971054859974,0.11758756837904422,9.422120008455401,636.7993609310438,0.0,0.1,off,2.0,mean,0.046722744022080494,0.65,nan,nan,nan,nan,nan,nan,nan,nan,nan,nan,nan,nan,nan,nan,nan,nan,nan,nan,nan,nan,nan
efficiency,det_nonpar_dt2000ns_ap0.05_tau5000ns,nv_charge_readout_master_v1_4,thin_all_counts,0,eta0.02,0.02,5.437,0.02,0.5486679660864447,0.9249776330930898,7.504300359171423,1.8259971054859974,0.11758756837904422,9.422120008455401,636.7993609310438,0.0,0.1,off,2.0,mean,0.046722744022080494,0.66,nan,nan,nan,nan,nan,nan,nan,nan,nan,nan,nan,nan,nan,nan,nan,nan,nan,nan,nan,nan,nan
efficiency,det_nonpar_dt2000ns_ap0.05_tau5000ns,nv_charge_readout_master_v1_4,thin_all_counts,0,eta0.02,0.02,5.437,0.02,0.5486679660864447,0.9249776330930898,7.504300359171423,1.8259971054859974,0.11758756837904422,9.422120008455401,636.7993609310438,0.0,0.1,off,2.0,mean,0.046722744022080494,0.67,nan,nan,nan,nan,nan,nan,nan,nan,nan,nan,nan,nan,nan,nan,nan,nan,nan,nan,nan,nan,nan
efficiency,det_nonpar_dt2000ns_ap0.05_tau5000ns,nv_charge_readout_master_v1_4,thin_all_counts,0,eta0.02,0.02,5.437,0.02,0.5486679660864447,0.9249776330930898,7.504300359171423,1.8259971054859974,0.11758756837904422,9.422120008455401,636.7993609310438,0.0,0.1,off,2.0,mean,0.046722744022080494,0.68,nan,nan,nan,nan,nan,nan,nan,nan,nan,nan,nan,nan,nan,nan,nan,nan,nan,nan,nan,nan,nan
efficiency,det_nonpar_dt2000ns_ap0.05_tau5000ns,nv_charge_readout_master_v1_4,thin_all_counts,0,eta0.02,0.02,5.437,0.02,0.5486679660864447,0.9249776330930898,7.504300359171423,1.8259971054859974,0.11758756837904422,9.422120008455401,636.7993609310438,0.0,0.1,off,2.0,mean,0.046722744022080494,0.69,nan,nan,nan,nan,nan,nan,nan,nan,nan,nan,nan,nan,nan,nan,nan,nan,nan,nan,nan,nan,nan
efficiency,det_nonpar_dt2000ns_ap0.05_tau5000ns,nv_charge_readout_master_v1_4,thin_all_counts,0,eta0.02,0.02,5.437,0.02,0.5486679660864447,0.9249776330930898,7.504300359171423,1.8259971054859974,0.11758756837904422,9.422120008455401,636.7993609310438,0.0,0.1,off,2.0,mean,0.046722744022080494,0.7,nan,nan,nan,nan,nan,nan,nan,nan,nan,nan,nan,nan,nan,nan,nan,nan,nan,nan,nan,nan,nan
efficiency,det_nonpar_dt2000ns_ap0.05_tau5000ns,nv_charge_readout_master_v1_4,thin_all_counts,0,eta0.02,0.02,5.437,0.02,0.5486679660864447,0.9249776330930898,7.504300359171423,1.8259971054859974,0.11758756837904422,9.422120008455401,636.7993609310438,0.0,0.1,off,2.0,mean,0.046722744022080494,0.71,nan,nan,nan,nan,nan,nan,nan,nan,nan,nan,nan,nan,nan,nan,nan,nan,nan,nan,nan,nan,nan
efficiency,det_nonpar_dt2000ns_ap0.05_tau5000ns,nv_charge_readout_master_v1_4,thin_all_counts,0,eta0.02,0.02,5.437,0.02,0.5486679660864447,0.9249776330930898,7.504300359171423,1.8259971054859974,0.11758756837904422,9.422120008455401,636.7993609310438,0.0,0.1,off,2.0,mean,0.046722744022080494,0.72,nan,nan,nan,nan,nan,nan,nan,nan,nan,nan,nan,nan,nan,nan,nan,nan,nan,nan,nan,nan,nan
efficiency,det_nonpar_dt2000ns_ap0.05_tau5000ns,nv_charge_readout_master_v1_4,thin_all_counts,0,eta0.02,0.02,5.437,0.02,0.5486679660864447,0.9249776330930898,7.504300359171423,1.8259971054859974,0.11758756837904422,9.422120008455401,636.7993609310438,0.0,0.1,off,2.0,mean,0.046722744022080494,0.73,nan,nan,nan,nan,nan,nan,nan,nan,nan,nan,nan,nan,nan,nan,nan,nan,nan,nan,nan,nan,nan
efficiency,det_nonpar_dt2000ns_ap0.05_tau5000ns,nv_charge_readout_master_v1_4,thin_all_counts,0,eta0.02,0.02,5.437,0.02,0.5486679660864447,0.9249776330930898,7.504300359171423,1.8259971054859974,0.11758756837904422,9.422120008455401,636.7993609310438,0.0,0.1,off,2.0,mean,0.046722744022080494,0.74,nan,nan,nan,nan,nan,nan,nan,nan,nan,nan,nan,nan,nan,nan,nan,nan,nan,nan,nan,nan,nan
efficiency,det_nonpar_dt2000ns_ap0.05_tau5000ns,nv_charge_readout_master_v1_4,thin_all_counts,0,eta0.02,0.02,5.437,0.02,0.5486679660864447,0.9249776330930898,7.504300359171423,1.8259971054859974,0.11758756837904422,9.422120008455401,636.7993609310438,0.0,0.1,off,2.0,mean,0.046722744022080494,0.75,nan,nan,nan,nan,nan,nan,nan,nan,nan,nan,nan,nan,nan,nan,nan,nan,nan,nan,nan,nan,nan
efficiency,det_nonpar_dt2000ns_ap0.05_tau5000ns,nv_charge_readout_master_v1_4,thin_all_counts,0,eta0.02,0.02,5.437,0.02,0.5486679660864447,0.9249776330930898,7.504300359171423,1.8259971054859974,0.11758756837904422,9.422120008455401,636.7993609310438,0.0,0.1,off,2.0,mean,0.046722744022080494,0.76,nan,nan,nan,nan,nan,nan,nan,nan,nan,nan,nan,nan,nan,nan,nan,nan,nan,nan,nan,nan,nan
efficiency,det_nonpar_dt2000ns_ap0.05_tau5000ns,nv_charge_readout_master_v1_4,thin_all_counts,0,eta0.02,0.02,5.437,0.02,0.5486679660864447,0.9249776330930898,7.504300359171423,1.8259971054859974,0.11758756837904422,9.422120008455401,636.7993609310438,0.0,0.1,off,2.0,mean,0.046722744022080494,0.77,nan,nan,nan,nan,nan,nan,nan,nan,nan,nan,nan,nan,nan,nan,nan,nan,nan,nan,nan,nan,nan
efficiency,det_nonpar_dt2000ns_ap0.05_tau5000ns,nv_charge_readout_master_v1_4,thin_all_counts,0,eta0.02,0.02,5.437,0.02,0.5486679660864447,0.9249776330930898,7.504300359171423,1.8259971054859974,0.11758756837904422,9.422120008455401,636.7993609310438,0.0,0.1,off,2.0,mean,0.046722744022080494,0.78,nan,nan,nan,nan,nan,nan,nan,nan,nan,nan,nan,nan,nan,nan,nan,nan,nan,nan,nan,nan,nan
efficiency,det_nonpar_dt2000ns_ap0.05_tau5000ns,nv_charge_readout_master_v1_4,thin_all_counts,0,eta0.02,0.02,5.437,0.02,0.5486679660864447,0.9249776330930898,7.504300359171423,1.8259971054859974,0.11758756837904422,9.422120008455401,636.7993609310438,0.0,0.1,off,2.0,mean,0.046722744022080494,0.79,nan,nan,nan,nan,nan,nan,nan,nan,nan,nan,nan,nan,nan,nan,nan,nan,nan,nan,nan,nan,nan
efficiency,det_nonpar_dt2000ns_ap0.05_tau5000ns,nv_charge_readout_master_v1_4,thin_all_counts,0,eta0.02,0.02,5.437,0.02,0.5486679660864447,0.9249776330930898,7.504300359171423,1.8259971054859974,0.11758756837904422,9.422120008455401,636.7993609310438,0.0,0.1,off,2.0,mean,0.046722744022080494,0.8,nan,nan,nan,nan,nan,nan,nan,nan,nan,nan,nan,nan,nan,nan,nan,nan,nan,nan,nan,nan,nan
efficiency,det_nonpar_dt2000ns_ap0.05_tau5000ns,nv_charge_readout_master_v1_4,thin_all_counts,0,eta0.02,0.02,5.437,0.02,0.5486679660864447,0.9249776330930898,7.504300359171423,1.8259971054859974,0.11758756837904422,9.422120008455401,636.7993609310438,0.0,0.1,off,2.0,mean,0.046722744022080494,0.81,nan,nan,nan,nan,nan,nan,nan,nan,nan,nan,nan,nan,nan,nan,nan,nan,nan,nan,nan,nan,nan
efficiency,det_nonpar_dt2000ns_ap0.05_tau5000ns,nv_charge_readout_master_v1_4,thin_all_counts,0,eta0.02,0.02,5.437,0.02,0.5486679660864447,0.9249776330930898,7.504300359171423,1.8259971054859974,0.11758756837904422,9.422120008455401,636.7993609310438,0.0,0.1,off,2.0,mean,0.046722744022080494,0.82,nan,nan,nan,nan,nan,nan,nan,nan,nan,nan,nan,nan,nan,nan,nan,nan,nan,nan,nan,nan,nan
efficiency,det_nonpar_dt2000ns_ap0.05_tau5000ns,nv_charge_readout_master_v1_4,thin_all_counts,0,eta0.02,0.02,5.437,0.02,0.5486679660864447,0.9249776330930898,7.504300359171423,1.8259971054859974,0.11758756837904422,9.422120008455401,636.7993609310438,0.0,0.1,off,2.0,mean,0.046722744022080494,0.83,nan,nan,nan,nan,nan,nan,nan,nan,nan,nan,nan,nan,nan,nan,nan,nan,nan,nan,nan,nan,nan
efficiency,det_nonpar_dt2000ns_ap0.05_tau5000ns,nv_charge_readout_master_v1_4,thin_all_counts,0,eta0.02,0.02,5.437,0.02,0.5486679660864447,0.9249776330930898,7.504300359171423,1.8259971054859974,0.11758756837904422,9.422120008455401,636.7993609310438,0.0,0.1,off,2.0,mean,0.046722744022080494,0.84,nan,nan,nan,nan,nan,nan,nan,nan,nan,nan,nan,nan,nan,nan,nan,nan,nan,nan,nan,nan,nan
efficiency,det_nonpar_dt2000ns_ap0.05_tau5000ns,nv_charge_readout_master_v1_4,thin_all_counts,0,eta0.02,0.02,5.437,0.02,0.5486679660864447,0.9249776330930898,7.504300359171423,1.8259971054859974,0.11758756837904422,9.422120008455401,636.7993609310438,0.0,0.1,off,2.0,mean,0.046722744022080494,0.85,nan,nan,nan,nan,nan,nan,nan,nan,nan,nan,nan,nan,nan,nan,nan,nan,nan,nan,nan,nan,nan
efficiency,det_nonpar_dt2000ns_ap0.05_tau5000ns,nv_charge_readout_master_v1_4,thin_all_counts,0,eta0.02,0.02,5.437,0.02,0.5486679660864447,0.9249776330930898,7.504300359171423,1.8259971054859974,0.11758756837904422,9.422120008455401,636.7993609310438,0.0,0.1,off,2.0,mean,0.046722744022080494,0.86,nan,nan,nan,nan,nan,nan,nan,nan,nan,nan,nan,nan,nan,nan,nan,nan,nan,nan,nan,nan,nan
efficiency,det_nonpar_dt2000ns_ap0.05_tau5000ns,nv_charge_readout_master_v1_4,thin_all_counts,0,eta0.02,0.02,5.437,0.02,0.5486679660864447,0.9249776330930898,7.504300359171423,1.8259971054859974,0.11758756837904422,9.422120008455401,636.7993609310438,0.0,0.1,off,2.0,mean,0.046722744022080494,0.87,nan,nan,nan,nan,nan,nan,nan,nan,nan,nan,nan,nan,nan,nan,nan,nan,nan,nan,nan,nan,nan
efficiency,det_nonpar_dt2000ns_ap0.05_tau5000ns,nv_charge_readout_master_v1_4,thin_all_counts,0,eta0.02,0.02,5.437,0.02,0.5486679660864447,0.9249776330930898,7.504300359171423,1.8259971054859974,0.11758756837904422,9.422120008455401,636.7993609310438,0.0,0.1,off,2.0,mean,0.046722744022080494,0.88,nan,nan,nan,nan,nan,nan,nan,nan,nan,nan,nan,nan,nan,nan,nan,nan,nan,nan,nan,nan,nan
efficiency,det_nonpar_dt2000ns_ap0.05_tau5000ns,nv_charge_readout_master_v1_4,thin_all_counts,0,eta0.02,0.02,5.437,0.02,0.5486679660864447,0.9249776330930898,7.504300359171423,1.8259971054859974,0.11758756837904422,9.422120008455401,636.7993609310438,0.0,0.1,off,2.0,mean,0.046722744022080494,0.89,nan,nan,nan,nan,nan,nan,nan,nan,nan,nan,nan,nan,nan,nan,nan,nan,nan,nan,nan,nan,nan
efficiency,det_nonpar_dt2000ns_ap0.05_tau5000ns,nv_charge_readout_master_v1_4,thin_all_counts,0,eta0.02,0.02,5.437,0.02,0.5486679660864447,0.9249776330930898,7.504300359171423,1.8259971054859974,0.11758756837904422,9.422120008455401,636.7993609310438,0.0,0.1,off,2.0,mean,0.046722744022080494,0.9,nan,nan,nan,nan,nan,nan,nan,nan,nan,nan,nan,nan,nan,nan,nan,nan,nan,nan,nan,nan,nan
efficiency,det_nonpar_dt2000ns_ap0.05_tau5000ns,nv_charge_readout_master_v1_4,thin_all_counts,0,eta0.02,0.02,5.437,0.02,0.5486679660864447,0.9249776330930898,7.504300359171423,1.8259971054859974,0.11758756837904422,9.422120008455401,636.7993609310438,0.0,0.1,off,2.0,mean,0.046722744022080494,0.91,nan,nan,nan,nan,nan,nan,nan,nan,nan,nan,nan,nan,nan,nan,nan,nan,nan,nan,nan,nan,nan
efficiency,det_nonpar_dt2000ns_ap0.05_tau5000ns,nv_charge_readout_master_v1_4,thin_all_counts,0,eta0.02,0.02,5.437,0.02,0.5486679660864447,0.9249776330930898,7.504300359171423,1.8259971054859974,0.11758756837904422,9.422120008455401,636.7993609310438,0.0,0.1,off,2.0,mean,0.046722744022080494,0.92,nan,nan,nan,nan,nan,nan,nan,nan,nan,nan,nan,nan,nan,nan,nan,nan,nan,nan,nan,nan,nan
efficiency,det_nonpar_dt2000ns_ap0.05_tau5000ns,nv_charge_readout_master_v1_4,thin_all_counts,0,eta0.02,0.02,5.437,0.02,0.5486679660864447,0.9249776330930898,7.504300359171423,1.8259971054859974,0.11758756837904422,9.422120008455401,636.7993609310438,0.0,0.1,off,2.0,mean,0.046722744022080494,0.93,nan,nan,nan,nan,nan,nan,nan,nan,nan,nan,nan,nan,nan,nan,nan,nan,nan,nan,nan,nan,nan
efficiency,det_nonpar_dt2000ns_ap0.05_tau5000ns,nv_charge_readout_master_v1_4,thin_all_counts,0,eta0.02,0.02,5.437,0.02,0.5486679660864447,0.9249776330930898,7.504300359171423,1.8259971054859974,0.11758756837904422,9.422120008455401,636.7993609310438,0.0,0.1,off,2.0,mean,0.046722744022080494,0.94,nan,nan,nan,nan,nan,nan,nan,nan,nan,nan,nan,nan,nan,nan,nan,nan,nan,nan,nan,nan,nan
efficiency,det_nonpar_dt2000ns_ap0.05_tau5000ns,nv_charge_readout_master_v1_4,thin_all_counts,0,eta0.02,0.02,5.437,0.02,0.5486679660864447,0.9249776330930898,7.504300359171423,1.8259971054859974,0.11758756837904422,9.422120008455401,636.7993609310438,0.0,0.1,off,2.0,mean,0.046722744022080494,0.95,nan,nan,nan,nan,nan,nan,nan,nan,nan,nan,nan,nan,nan,nan,nan,nan,nan,nan,nan,nan,nan
efficiency,det_nonpar_dt2000ns_ap0.05_tau5000ns,nv_charge_readout_master_v1_4,thin_all_counts,0,eta0.02,0.02,5.437,0.02,0.5486679660864447,0.9249776330930898,7.504300359171423,1.8259971054859974,0.11758756837904422,9.422120008455401,636.7993609310438,0.0,0.1,off,2.0,mean,0.046722744022080494,0.96,nan,nan,nan,nan,nan,nan,nan,nan,nan,nan,nan,nan,nan,nan,nan,nan,nan,nan,nan,nan,nan
efficiency,det_nonpar_dt2000ns_ap0.05_tau5000ns,nv_charge_readout_master_v1_4,thin_all_counts,0,eta0.02,0.02,5.437,0.02,0.5486679660864447,0.9249776330930898,7.504300359171423,1.8259971054859974,0.11758756837904422,9.422120008455401,636.7993609310438,0.0,0.1,off,2.0,mean,0.046722744022080494,0.97,nan,nan,nan,nan,nan,nan,nan,nan,nan,nan,nan,nan,nan,nan,nan,nan,nan,nan,nan,nan,nan
efficiency,det_nonpar_dt2000ns_ap0.05_tau5000ns,nv_charge_readout_master_v1_4,thin_all_counts,0,eta0.02,0.02,5.437,0.02,0.5486679660864447,0.9249776330930898,7.504300359171423,1.8259971054859974,0.11758756837904422,9.422120008455401,636.7993609310438,0.0,0.1,off,2.0,mean,0.046722744022080494,0.98,nan,nan,nan,nan,nan,nan,nan,nan,nan,nan,nan,nan,nan,nan,nan,nan,nan,nan,nan,nan,nan
efficiency,det_nonpar_dt2000ns_ap0.05_tau5000ns,nv_charge_readout_master_v1_4,thin_all_counts,0,eta0.02,0.02,5.437,0.02,0.5486679660864447,0.9249776330930898,7.504300359171423,1.8259971054859974,0.11758756837904422,9.422120008455401,636.7993609310438,0.0,0.1,off,2.0,mean,0.046722744022080494,0.99,nan,nan,nan,nan,nan,nan,nan,nan,nan,nan,nan,nan,nan,nan,nan,nan,nan,nan,nan,nan,nan
efficiency,det_nonpar_dt2000ns_ap0.05_tau5000ns,nv_charge_readout_master_v1_4,thin_all_counts,1,eta0.05,0.05,5.437,0.05,1.3716699152161123,0.9249776330930898,7.504300359171423,2.887154927105247,0.11758756837904422,9.422120008455401,636.7993609310438,0.0,0.1,off,2.0,mean,0.026276700651314905,0.55,10.358452283650909,32.066897421343036,32.066897421343036,10.091744275154678,1.0264283359966673,1.00452203871461,1.048365806720523,0.32302633296717215,0.3063773777476063,0.3433698738275516,0.32302633296717215,0.3063773777476063,0.3433698738275516,10.235211877786279,1.012040826055795,0.9969985960825964,1.0289390086186876,10.277186304008982,1.007907415243628,0.9730234168012238,1.0585976973595563
efficiency,det_nonpar_dt2000ns_ap0.05_tau5000ns,nv_charge_readout_master_v1_4,thin_all_counts,1,eta0.05,0.05,5.437,0.05,1.3716699152161123,0.9249776330930898,7.504300359171423,2.887154927105247,0.11758756837904422,9.422120008455401,636.7993609310438,0.0,0.1,off,2.0,mean,0.026276700651314905,0.56,12.423171950949435,32.066897421343036,32.066897421343036,12.183349895404417,1.019684410084576,0.9971348325458333,1.0444021991077967,0.3874142168391021,0.3615809606155598,0.42354193408677665,0.3874142168391021,0.3615809606155598,0.42354193408677665,11.789387212015352,1.0537589212684566,1.0203548685924841,1.1069928780830858,12.506162973264662,0.9933639900189496,0.9562548278818497,1.0509114385414415
efficiency,det_nonpar_dt2000ns_ap0.05_tau5000ns,nv_charge_readout_master_v1_4,thin_all_counts,1,eta0.05,0.05,5.437,0.05,1.3716699152161123,0.9249776330930898,7.504300359171423,2.887154927105247,0.11758756837904422,9.422120008455401,636.7993609310438,0.0,0.1,off,2.0,mean,0.026276700651314905,0.57,15.140423375653398,32.066897421343036,32.066897421343036,14.470610234007173,1.0462878296640252,1.0339184353881086,1.0641253712949506,0.4721511774811198,0.4442959806186659,0.5010346637167904,0.4721511774811198,0.4442959806186659,0.5010346637167904,13.57955775556375,1.1149423013757676,1.0807608598553011,1.1505711220904598,14.735139642520316,1.0275045736223347,0.997590919839763,1.0630990764731476
efficiency,det_nonpar_dt2000ns_ap0.05_tau5000ns,nv_charge_readout_master_v1_4,thin_all_counts,1,eta0.05,0.05,5.437,0.05,1.3716699152161123,0.9249776330930898,7.504300359171423,2.887154927105247,0.11758756837904422,9.422120008455401,636.7993609310438,0.0,0.1,off,2.0,mean,0.026276700651314905,0.58,17.465858814841106,32.066897421343036,32.066897421343036,16.473962094531387,1.0602099673787027,1.0382533074947466,1.081918347215367,0.5446694323229476,0.5139744865181833,0.5797976910503858,0.5446694323229476,0.5139744865181833,0.5797976910503858,15.641558422031732,1.116631626055865,1.0834014155467278,1.1514085367249216,16.964116311776,1.029576695528597,1.0045591261811468,1.057128827813283
efficiency,det_nonpar_dt2000ns_ap0.05_tau5000ns,nv_charge_readout_master_v1_4,thin_all_counts,1,eta0.05,0.05,5.437,0.05,1.3716699152161123,0.9249776330930898,7.504300359171423,2.887154927105247,0.11758756837904422,9.422120008455401,636.7993609310438,0.0,0.1,off,2.0,mean,0.026276700651314905,0.59,19.920751540441923,32.066897421343036,32.066897421343036,18.754663604597948,1.0621758918436743,1.0392767158060128,1.0832831229498197,0.6212247876273524,0.5901160469360522,0.657441561739062,0.6212247876273524,0.5901160469360522,0.657441561739062,18.01666551103931,1.105684707763261,1.0745571261495466,1.1362238602984236,19.19309298103168,1.0379125219749303,1.0179079115150538,1.0533100411638718
efficiency,det_nonpar_dt2000ns_ap0.05_tau5000ns,nv_charge_readout_master_v1_4,thin_all_counts,1,eta0.05,0.05,5.437,0.05,1.3716699152161123,0.9249776330930898,7.504300359171423,2.887154927105247,0.11758756837904422,9.422120008455401,636.7993609310438,0.0,0.1,off,2.0,mean,0.026276700651314905,0.6,22.635987566734038,32.066897421343036,32.066897421343036,21.351111827457206,1.0601783995915612,1.0337975367631809,1.077857425416982,0.7058988984593194,0.6611491380760276,0.7599583231187347,0.7058988984593194,0.6611491380760276,0.7599583231187347,20.752422960583093,1.0907635994952765,1.0539982314710947,1.127526043814468,21.491043241478025,1.053275418619337,1.039126162244846,1.0691170270126422
efficiency,det_nonpar_dt2000ns_ap0.05_tau5000ns,nv_charge_readout_master_v1_4,thin_all_counts,1,eta0.05,0.05,5.437,0.05,1.3716699152161123,0.9249776330930898,7.504300359171423,2.887154927105247,0.11758756837904422,9.422120008455401,636.7993609310438,0.0,0.1,off,2.0,mean,0.026276700651314905,0.61,26.156897722959776,32.066897421343036,32.066897421343036,32.06689742134304,0.8156978013579294,0.7868805276779227,1.0784618998807032,0.8156978013579296,0.7673973182579612,0.864937152531497,0.8156978013579296,0.7673973182579612,0.864937152531497,23.90359406245609,1.0942663121962406,1.0664768683027277,1.1173353793865857,24.4840350746918,1.068324630444479,1.0484494919106475,1.0883530509705532
efficiency,det_nonpar_dt2000ns_ap0.05_tau5000ns,nv_charge_readout_master_v1_4,thin_all_counts,1,eta0.05,0.05,5.437,0.05,1.3716699152161123,0.9249776330930898,7.504300359171423,2.887154927105247,0.11758756837904422,9.422120008455401,636.7993609310438,0.0,0.1,off,2.0,mean,0.026276700651314905,0.62,29.420959145671898,32.066897421343036,32.066897421343036,32.06689742134304,0.9174869261311802,0.8694961638878104,0.9700760508531187,0.9174869261311804,0.8694961638878101,0.9700760508531187,0.9174869261311804,0.8694961638878101,0.9700760508531187,27.533257691786726,1.068560773847269,1.0609319797683967,1.0894716700509943,27.477026907905575,1.0707475464606042,1.0533226539018783,1.0901393720719945
efficiency,det_nonpar_dt2000ns_ap0.05_tau5000ns,nv_charge_readout_master_v1_4,thin_all_counts,1,eta0.05,0.05,5.437,0.05,1.3716699152161123,0.9249776330930898,7.504300359171423,2.887154927105247,0.11758756837904422,9.422120008455401,636.7993609310438,0.0,0.1,off,2.0,mean,0.026276700651314905,0.63,32.919439368365516,32.066897421343036,32.066897421343036,32.06689742134304,1.026586355886586,0.9727011134733037,1.0780050306032076,1.0265863558865862,0.9727011134733036,1.0780050306032076,1.0265863558865862,0.9727011134733036,1.0780050306032076,30.444622054037175,1.0812891455816303,1.0686628451605646,1.094612940796599,30.470018741119354,1.0803878936884495,1.0681002232837715,1.0916317642280924
efficiency,det_nonpar_dt2000ns_ap0.05_tau5000ns,nv_charge_readout_master_v1_4,thin_all_counts,1,eta0.05,0.05,5.437,0.05,1.3716699152161123,0.9249776330930898,7.504300359171423,2.887154927105247,0.11758756837904422,9.422120008455401,636.7993609310438,0.0,0.1,off,2.0,mean,0.026276700651314905,0.64,36.538073478270526,36.17767913929295,36.17767913929295,34.29908497446165,1.0652783742037426,1.0300055142184474,1.0962649238463449,1.0099617871447744,0.9985432544948286,1.0791052677608697,1.0099617871447744,0.9985432544948286,1.0791052677608697,33.49237141156929,1.0909371877337166,1.074393864171787,1.104585367425519,34.09937468092825,1.0715174052357692,1.0564614528569782,1.087898504598442
efficiency,det_nonpar_dt2000ns_ap0.05_tau5000ns,nv_charge_readout_master_v1_4,thin_all_counts,1,eta0.05,0.05,5.437,0.05,1.3716699152161123,0.9249776330930898,7.504300359171423,2.887154927105247,0.11758756837904422,9.422120008455401,636.7993609310438,0.0,0.1,off,2.0,mean,0.026276700651314905,0.65,40.20119595933685,39.069264147415225,39.069264147415225,36.99617769253078,1.0866310647938404,1.077268017872597,1.1019415046034065,1.0289724374549427,1.0133987918539267,1.0481991450921508,1.0289724374549427,1.0133987918539267,1.0481991450921508,36.89325796069791,1.0896623985380436,1.0785771374187358,1.100339540680147,38.170442177079636,1.0532022598228277,1.0351177052019693,1.0762603639485906
efficiency,det_nonpar_dt2000ns_ap0.05_tau5000ns,nv_charge_readout_master_v1_4,thin_all_counts,1,eta0.05,0.05,5.437,0.05,1.3716699152161123,0.9249776330930898,7.504300359171423,2.887154927105247,0.11758756837904422,9.422120008455401,636.7993609310438,0.0,0.1,off,2.0,mean,0.026276700651314905,0.66,45.061334829695596,42.191965801439665,42.191965801439665,40.14637274790985,1.1224260560885075,0.9747373488587899,1.1292643859865787,1.0680074742608467,1.0327737335386982,1.0989136543086728,1.0680074742608467,1.0327737335386982,1.0989136543086728,41.065253105779675,1.0973105343737306,1.073150187022019,1.1206845962616914,42.24150967323103,1.0667548385054886,1.0320496563771722,1.0944146030859931
efficiency,det_nonpar_dt2000ns_ap0.05_tau5000ns,nv_charge_readout_master_v1_4,thin_all_counts,1,eta0.05,0.05,5.437,0.05,1.3716699152161123,0.9249776330930898,7.504300359171423,2.887154927105247,0.11758756837904422,9.422120008455401,636.7993609310438,0.0,0.1,off,2.0,mean,0.026276700651314905,0.67,50.59726526987485,45.56425663593223,45.56425663593223,46.74722106825826,1.0823587822684673,0.8021333778435701,1.1312689266051574,1.1104595796252619,0.9989362994966885,1.1329772683218995,1.1104595796252619,0.9989083889446265,1.1329772683218995,45.70902939605409,1.1069424561931902,1.090306265594726,1.1262127938465998,46.312577169382415,1.0925167279035612,1.0699185277884284,1.1228814996082375
efficiency,det_nonpar_dt2000ns_ap0.05_tau5000ns,nv_charge_readout_master_v1_4,thin_all_counts,1,eta0.05,0.05,5.437,0.05,1.3716699152161123,0.9249776330930898,7.504300359171423,2.887154927105247,0.11758756837904422,9.422120008455401,636.7993609310438,0.0,0.1,off,2.0,mean,0.026276700651314905,0.68,56.850135106553324,55.64207336819187,55.72618228475881,67.40480143477923,0.8434137316102239,0.8086574800754439,1.1107018511863938,1.0217112998354236,1.0052542695049134,1.0534032854620776,1.0201692054921536,1.0048550447055382,1.0508579174265669,50.75477874448503,1.1200942357123487,1.1077342229670584,1.134199681277313,50.3836446655338,1.1283450310898824,1.113649908680576,1.136484460988938
efficiency,det_nonpar_dt2000ns_ap0.05_tau5000ns,nv_charge_readout_master_v1_4,thin_all_counts,1,eta0.05,0.05,5.437,0.05,1.3716699152161123,0.9249776330930898,7.504300359171423,2.887154927105247,0.11758756837904422,9.422120008455401,636.7993609310438,0.0,0.1,off,2.0,mean,0.026276700651314905,0.69,63.84426747276178,59.73579911015075,59.961797646959944,67.40480143477923,0.9471768496275058,0.890675954357152,1.013227851115767,1.0687773232100763,1.0374842680874086,1.1045621939628694,1.0647490565353102,1.0350828812231383,1.0974506829133517,56.171977351720045,1.136585722681646,1.118149305341973,1.1528967892427398,56.417783726677754,1.1316337377246588,1.1117082966642726,1.1533510353747407
efficiency,det_nonpar_dt2000ns_ap0.05_tau5000ns,nv_charge_readout_master_v1_4,thin_all_counts,1,eta0.05,0.05,5.437,0.05,1.3716699152161123,0.9249776330930898,7.504300359171423,2.887154927105247,0.11758756837904422,9.422120008455401,636.7993609310438,0.0,0.1,off,2.0,mean,0.026276700651314905,0.7,72.06005302489488,64.13071043769129,64.51935211858805,67.40480143477923,1.0690640947087438,0.9953864029283824,1.1539443956323514,1.12364345464265,1.0807307139646973,1.1683837541617412,1.1168750252241662,1.0635307669128886,1.15798004163821,62.57376522828968,1.1516016778276983,1.1374386859991257,1.1759814190171474,62.663330494821,1.1499556831064144,1.1274264982509814,1.1776062467219712
efficiency,det_nonpar_dt2000ns_ap0.05_tau5000ns,nv_charge_readout_master_v1_4,thin_all_counts,1,eta0.05,0.05,5.437,0.05,1.3716699152161123,0.9249776330930898,7.504300359171423,2.887154927105247,0.11758756837904422,9.422120008455401,636.7993609310438,0.0,0.1,off,2.0,mean,0.026276700651314905,0.71,84.36596394994716,82.33583462512773,82.929143098668,80.34178813565734,1.050088203258496,1.0039060074487294,1.1838600290500803,1.0246566921202966,0.9976792842469414,1.1859848769101378,1.0173258856608423,0.9811362932187948,1.1620369137863509,70.67951745636925,1.1936409158710881,1.1526756413185524,1.2077530763974804,70.3674414704507,1.1989346519778588,1.1678186400563517,1.2197045198683827
efficiency,det_nonpar_dt2000ns_ap0.05_tau5000ns,nv_charge_readout_master_v1_4,thin_all_counts,1,eta0.05,0.05,5.437,0.05,1.3716699152161123,0.9249776330930898,7.504300359171423,2.887154927105247,0.11758756837904422,9.422120008455401,636.7993609310438,0.0,0.1,off,2.0,mean,0.026276700651314905,0.72,95.76541150321451,89.54210219814253,89.8387705193352,80.48658150735693,1.1898307731514353,1.1085242260026023,1.2467653099307772,1.0695014875940791,1.0328166404776986,1.1522032348776934,1.0659697472440786,1.0285425567716255,1.1504125933434086,79.71949286401596,1.2012797380255464,1.1875027120060873,1.2231486058014625,79.20599127412545,1.2090677733175292,1.1943030267901795,1.2372375546361767
efficiency,det_nonpar_dt2000ns_ap0.05_tau5000ns,nv_charge_readout_master_v1_4,thin_all_counts,1,eta0.05,0.05,5.437,0.05,1.3716699152161123,0.9249776330930898,7.504300359171423,2.887154927105247,0.11758756837904422,9.422120008455401,636.7993609310438,0.0,0.1,off,2.0,mean,0.026276700651314905,0.73,125.40856361835293,nan,126.49663054654542,123.22482601318079,1.0177215718278925,0.6553225203227604,1.2753585126318083,nan,0.9420915014211058,1.2568576161175395,0.9913984512987314,0.9640623452114554,1.249033576469657,103.93541070742266,1.2066009338374293,1.176467941014522,1.254534827635801,100.42190153815231,1.2488168586481871,1.2042540432341293,1.3031028577142034
efficiency,det_nonpar_dt2000ns_ap0.05_tau5000ns,nv_charge_readout_master_v1_4,thin_all_counts,1,eta0.05,0.05,5.437,0.05,1.3716699152161123,0.9249776330930898,7.504300359171423,2.887154927105247,0.11758756837904422,9.422120008455401,636.7993609310438,0.0,0.1,off,2.0,mean,0.026276700651314905,0.74,nan,nan,nan,nan,nan,nan,nan,nan,nan,nan,nan,nan,nan,nan,nan,nan,nan,nan,nan,nan,nan
efficiency,det_nonpar_dt2000ns_ap0.05_tau5000ns,nv_charge_readout_master_v1_4,thin_all_counts,1,eta0.05,0.05,5.437,0.05,1.3716699152161123,0.9249776330930898,7.504300359171423,2.887154927105247,0.11758756837904422,9.422120008455401,636.7993609310438,0.0,0.1,off,2.0,mean,0.026276700651314905,0.75,nan,nan,nan,nan,nan,nan,nan,nan,nan,nan,nan,nan,nan,nan,nan,nan,nan,nan,nan,nan,nan
efficiency,det_nonpar_dt2000ns_ap0.05_tau5000ns,nv_charge_readout_master_v1_4,thin_all_counts,1,eta0.05,0.05,5.437,0.05,1.3716699152161123,0.9249776330930898,7.504300359171423,2.887154927105247,0.11758756837904422,9.422120008455401,636.7993609310438,0.0,0.1,off,2.0,mean,0.026276700651314905,0.76,nan,nan,nan,nan,nan,nan,nan,nan,nan,nan,nan,nan,nan,nan,nan,nan,nan,nan,nan,nan,nan
efficiency,det_nonpar_dt2000ns_ap0.05_tau5000ns,nv_charge_readout_master_v1_4,thin_all_counts,1,eta0.05,0.05,5.437,0.05,1.3716699152161123,0.9249776330930898,7.504300359171423,2.887154927105247,0.11758756837904422,9.422120008455401,636.7993609310438,0.0,0.1,off,2.0,mean,0.026276700651314905,0.77,nan,nan,nan,nan,nan,nan,nan,nan,nan,nan,nan,nan,nan,nan,nan,nan,nan,nan,nan,nan,nan
efficiency,det_nonpar_dt2000ns_ap0.05_tau5000ns,nv_charge_readout_master_v1_4,thin_all_counts,1,eta0.05,0.05,5.437,0.05,1.3716699152161123,0.9249776330930898,7.504300359171423,2.887154927105247,0.11758756837904422,9.422120008455401,636.7993609310438,0.0,0.1,off,2.0,mean,0.026276700651314905,0.78,nan,nan,nan,nan,nan,nan,nan,nan,nan,nan,nan,nan,nan,nan,nan,nan,nan,nan,nan,nan,nan
efficiency,det_nonpar_dt2000ns_ap0.05_tau5000ns,nv_charge_readout_master_v1_4,thin_all_counts,1,eta0.05,0.05,5.437,0.05,1.3716699152161123,0.9249776330930898,7.504300359171423,2.887154927105247,0.11758756837904422,9.422120008455401,636.7993609310438,0.0,0.1,off,2.0,mean,0.026276700651314905,0.79,nan,nan,nan,nan,nan,nan,nan,nan,nan,nan,nan,nan,nan,nan,nan,nan,nan,nan,nan,nan,nan
efficiency,det_nonpar_dt2000ns_ap0.05_tau5000ns,nv_charge_readout_master_v1_4,thin_all_counts,1,eta0.05,0.05,5.437,0.05,1.3716699152161123,0.9249776330930898,7.504300359171423,2.887154927105247,0.11758756837904422,9.422120008455401,636.7993609310438,0.0,0.1,off,2.0,mean,0.026276700651314905,0.8,nan,nan,nan,nan,nan,nan,nan,nan,nan,nan,nan,nan,nan,nan,nan,nan,nan,nan,nan,nan,nan
efficiency,det_nonpar_dt2000ns_ap0.05_tau5000ns,nv_charge_readout_master_v1_4,thin_all_counts,1,eta0.05,0.05,5.437,0.05,1.3716699152161123,0.9249776330930898,7.504300359171423,2.887154927105247,0.11758756837904422,9.422120008455401,636.7993609310438,0.0,0.1,off,2.0,mean,0.026276700651314905,0.81,nan,nan,nan,nan,nan,nan,nan,nan,nan,nan,nan,nan,nan,nan,nan,nan,nan,nan,nan,nan,nan
efficiency,det_nonpar_dt2000ns_ap0.05_tau5000ns,nv_charge_readout_master_v1_4,thin_all_counts,1,eta0.05,0.05,5.437,0.05,1.3716699152161123,0.9249776330930898,7.504300359171423,2.887154927105247,0.11758756837904422,9.422120008455401,636.7993609310438,0.0,0.1,off,2.0,mean,0.026276700651314905,0.82,nan,nan,nan,nan,nan,nan,nan,nan,nan,nan,nan,nan,nan,nan,nan,nan,nan,nan,nan,nan,nan
efficiency,det_nonpar_dt2000ns_ap0.05_tau5000ns,nv_charge_readout_master_v1_4,thin_all_counts,1,eta0.05,0.05,5.437,0.05,1.3716699152161123,0.9249776330930898,7.504300359171423,2.887154927105247,0.11758756837904422,9.422120008455401,636.7993609310438,0.0,0.1,off,2.0,mean,0.026276700651314905,0.83,nan,nan,nan,nan,nan,nan,nan,nan,nan,nan,nan,nan,nan,nan,nan,nan,nan,nan,nan,nan,nan
efficiency,det_nonpar_dt2000ns_ap0.05_tau5000ns,nv_charge_readout_master_v1_4,thin_all_counts,1,eta0.05,0.05,5.437,0.05,1.3716699152161123,0.9249776330930898,7.504300359171423,2.887154927105247,0.11758756837904422,9.422120008455401,636.7993609310438,0.0,0.1,off,2.0,mean,0.026276700651314905,0.84,nan,nan,nan,nan,nan,nan,nan,nan,nan,nan,nan,nan,nan,nan,nan,nan,nan,nan,nan,nan,nan
efficiency,det_nonpar_dt2000ns_ap0.05_tau5000ns,nv_charge_readout_master_v1_4,thin_all_counts,1,eta0.05,0.05,5.437,0.05,1.3716699152161123,0.9249776330930898,7.504300359171423,2.887154927105247,0.11758756837904422,9.422120008455401,636.7993609310438,0.0,0.1,off,2.0,mean,0.026276700651314905,0.85,nan,nan,nan,nan,nan,nan,nan,nan,nan,nan,nan,nan,nan,nan,nan,nan,nan,nan,nan,nan,nan
efficiency,det_nonpar_dt2000ns_ap0.05_tau5000ns,nv_charge_readout_master_v1_4,thin_all_counts,1,eta0.05,0.05,5.437,0.05,1.3716699152161123,0.9249776330930898,7.504300359171423,2.887154927105247,0.11758756837904422,9.422120008455401,636.7993609310438,0.0,0.1,off,2.0,mean,0.026276700651314905,0.86,nan,nan,nan,nan,nan,nan,nan,nan,nan,nan,nan,nan,nan,nan,nan,nan,nan,nan,nan,nan,nan
efficiency,det_nonpar_dt2000ns_ap0.05_tau5000ns,nv_charge_readout_master_v1_4,thin_all_counts,1,eta0.05,0.05,5.437,0.05,1.3716699152161123,0.9249776330930898,7.504300359171423,2.887154927105247,0.11758756837904422,9.422120008455401,636.7993609310438,0.0,0.1,off,2.0,mean,0.026276700651314905,0.87,nan,nan,nan,nan,nan,nan,nan,nan,nan,nan,nan,nan,nan,nan,nan,nan,nan,nan,nan,nan,nan
efficiency,det_nonpar_dt2000ns_ap0.05_tau5000ns,nv_charge_readout_master_v1_4,thin_all_counts,1,eta0.05,0.05,5.437,0.05,1.3716699152161123,0.9249776330930898,7.504300359171423,2.887154927105247,0.11758756837904422,9.422120008455401,636.7993609310438,0.0,0.1,off,2.0,mean,0.026276700651314905,0.88,nan,nan,nan,nan,nan,nan,nan,nan,nan,nan,nan,nan,nan,nan,nan,nan,nan,nan,nan,nan,nan
efficiency,det_nonpar_dt2000ns_ap0.05_tau5000ns,nv_charge_readout_master_v1_4,thin_all_counts,1,eta0.05,0.05,5.437,0.05,1.3716699152161123,0.9249776330930898,7.504300359171423,2.887154927105247,0.11758756837904422,9.422120008455401,636.7993609310438,0.0,0.1,off,2.0,mean,0.026276700651314905,0.89,nan,nan,nan,nan,nan,nan,nan,nan,nan,nan,nan,nan,nan,nan,nan,nan,nan,nan,nan,nan,nan
efficiency,det_nonpar_dt2000ns_ap0.05_tau5000ns,nv_charge_readout_master_v1_4,thin_all_counts,1,eta0.05,0.05,5.437,0.05,1.3716699152161123,0.9249776330930898,7.504300359171423,2.887154927105247,0.11758756837904422,9.422120008455401,636.7993609310438,0.0,0.1,off,2.0,mean,0.026276700651314905,0.9,nan,nan,nan,nan,nan,nan,nan,nan,nan,nan,nan,nan,nan,nan,nan,nan,nan,nan,nan,nan,nan
efficiency,det_nonpar_dt2000ns_ap0.05_tau5000ns,nv_charge_readout_master_v1_4,thin_all_counts,1,eta0.05,0.05,5.437,0.05,1.3716699152161123,0.9249776330930898,7.504300359171423,2.887154927105247,0.11758756837904422,9.422120008455401,636.7993609310438,0.0,0.1,off,2.0,mean,0.026276700651314905,0.91,nan,nan,nan,nan,nan,nan,nan,nan,nan,nan,nan,nan,nan,nan,nan,nan,nan,nan,nan,nan,nan
efficiency,det_nonpar_dt2000ns_ap0.05_tau5000ns,nv_charge_readout_master_v1_4,thin_all_counts,1,eta0.05,0.05,5.437,0.05,1.3716699152161123,0.9249776330930898,7.504300359171423,2.887154927105247,0.11758756837904422,9.422120008455401,636.7993609310438,0.0,0.1,off,2.0,mean,0.026276700651314905,0.92,nan,nan,nan,nan,nan,nan,nan,nan,nan,nan,nan,nan,nan,nan,nan,nan,nan,nan,nan,nan,nan
efficiency,det_nonpar_dt2000ns_ap0.05_tau5000ns,nv_charge_readout_master_v1_4,thin_all_counts,1,eta0.05,0.05,5.437,0.05,1.3716699152161123,0.9249776330930898,7.504300359171423,2.887154927105247,0.11758756837904422,9.422120008455401,636.7993609310438,0.0,0.1,off,2.0,mean,0.026276700651314905,0.93,nan,nan,nan,nan,nan,nan,nan,nan,nan,nan,nan,nan,nan,nan,nan,nan,nan,nan,nan,nan,nan
efficiency,det_nonpar_dt2000ns_ap0.05_tau5000ns,nv_charge_readout_master_v1_4,thin_all_counts,1,eta0.05,0.05,5.437,0.05,1.3716699152161123,0.9249776330930898,7.504300359171423,2.887154927105247,0.11758756837904422,9.422120008455401,636.7993609310438,0.0,0.1,off,2.0,mean,0.026276700651314905,0.94,nan,nan,nan,nan,nan,nan,nan,nan,nan,nan,nan,nan,nan,nan,nan,nan,nan,nan,nan,nan,nan
efficiency,det_nonpar_dt2000ns_ap0.05_tau5000ns,nv_charge_readout_master_v1_4,thin_all_counts,1,eta0.05,0.05,5.437,0.05,1.3716699152161123,0.9249776330930898,7.504300359171423,2.887154927105247,0.11758756837904422,9.422120008455401,636.7993609310438,0.0,0.1,off,2.0,mean,0.026276700651314905,0.95,nan,nan,nan,nan,nan,nan,nan,nan,nan,nan,nan,nan,nan,nan,nan,nan,nan,nan,nan,nan,nan
efficiency,det_nonpar_dt2000ns_ap0.05_tau5000ns,nv_charge_readout_master_v1_4,thin_all_counts,1,eta0.05,0.05,5.437,0.05,1.3716699152161123,0.9249776330930898,7.504300359171423,2.887154927105247,0.11758756837904422,9.422120008455401,636.7993609310438,0.0,0.1,off,2.0,mean,0.026276700651314905,0.96,nan,nan,nan,nan,nan,nan,nan,nan,nan,nan,nan,nan,nan,nan,nan,nan,nan,nan,nan,nan,nan
efficiency,det_nonpar_dt2000ns_ap0.05_tau5000ns,nv_charge_readout_master_v1_4,thin_all_counts,1,eta0.05,0.05,5.437,0.05,1.3716699152161123,0.9249776330930898,7.504300359171423,2.887154927105247,0.11758756837904422,9.422120008455401,636.7993609310438,0.0,0.1,off,2.0,mean,0.026276700651314905,0.97,nan,nan,nan,nan,nan,nan,nan,nan,nan,nan,nan,nan,nan,nan,nan,nan,nan,nan,nan,nan,nan
efficiency,det_nonpar_dt2000ns_ap0.05_tau5000ns,nv_charge_readout_master_v1_4,thin_all_counts,1,eta0.05,0.05,5.437,0.05,1.3716699152161123,0.9249776330930898,7.504300359171423,2.887154927105247,0.11758756837904422,9.422120008455401,636.7993609310438,0.0,0.1,off,2.0,mean,0.026276700651314905,0.98,nan,nan,nan,nan,nan,nan,nan,nan,nan,nan,nan,nan,nan,nan,nan,nan,nan,nan,nan,nan,nan
efficiency,det_nonpar_dt2000ns_ap0.05_tau5000ns,nv_charge_readout_master_v1_4,thin_all_counts,1,eta0.05,0.05,5.437,0.05,1.3716699152161123,0.9249776330930898,7.504300359171423,2.887154927105247,0.11758756837904422,9.422120008455401,636.7993609310438,0.0,0.1,off,2.0,mean,0.026276700651314905,0.99,nan,nan,nan,nan,nan,nan,nan,nan,nan,nan,nan,nan,nan,nan,nan,nan,nan,nan,nan,nan,nan
efficiency,det_nonpar_dt2000ns_ap0.05_tau5000ns,nv_charge_readout_master_v1_4,thin_all_counts,2,eta0.15,0.15,5.437,0.15,4.115009745648336,0.9249776330930897,7.504300359171423,5.000699023069105,0.11758756837904422,9.422120008455401,636.7993609310438,0.0,0.1,off,2.0,mean,-0.04572727362786605,0.55,3.276022571777536,10.663980932122643,10.663980932122643,3.1531778376853734,1.0389590249633172,1.0221761589145557,1.0671550005543704,0.307204466383592,0.2844069927637529,0.33117428391098425,0.307204466383592,0.2844069927637529,0.33117428391098425,9.559245615017295,0.34270722855274277,0.3168875254421491,0.36985660075428134,3.237561955169258,1.0118794998028904,0.9887638719243589,1.0449626176446756
efficiency,det_nonpar_dt2000ns_ap0.05_tau5000ns,nv_charge_readout_master_v1_4,thin_all_counts,2,eta0.15,0.15,5.437,0.15,4.115009745648336,0.9249776330930897,7.504300359171423,5.000699023069105,0.11758756837904422,9.422120008455401,636.7993609310438,0.0,0.1,off,2.0,mean,-0.04572727362786605,0.56,4.001822877062027,10.663980932122643,10.663980932122643,3.8060696370778526,1.0514318598055044,1.029143890883531,1.0754259998064457,0.37526538189950354,0.3531393325185623,0.39833675421644155,0.37526538189950354,0.3531393325185623,0.39833675421644155,9.559245615017295,0.41863375398318886,0.3936752551322302,0.44476579487174206,3.9466767355185493,1.0139728042702825,0.9977388923113094,1.038457595777123
efficiency,det_nonpar_dt2000ns_ap0.05_tau5000ns,nv_charge_readout_master_v1_4,thin_all_counts,2,eta0.15,0.15,5.437,0.15,4.115009745648336,0.9249776330930897,7.504300359171423,5.000699023069105,0.11758756837904422,9.422120008455401,636.7993609310438,0.0,0.1,off,2.0,mean,-0.04572727362786605,0.57,4.775640322232845,10.663980932122643,10.663980932122643,4.594148134987414,1.0395050794864995,1.026728043096692,1.0590154808092227,0.44782903801406776,0.4159801713222448,0.4780284648196682,0.44782903801406776,0.4159801713222448,0.4780284648196682,9.559245615017295,0.49958338916728473,0.4632079468326581,0.5338002884943033,4.6745836512905035,1.0216183254982383,0.9946673870856703,1.0551432006307713
efficiency,det_nonpar_dt2000ns_ap0.05_tau5000ns,nv_charge_readout_master_v1_4,thin_all_counts,2,eta0.15,0.15,5.437,0.15,4.115009745648336,0.9249776330930897,7.504300359171423,5.000699023069105,0.11758756837904422,9.422120008455401,636.7993609310438,0.0,0.1,off,2.0,mean,-0.04572727362786605,0.58,5.590477985080365,10.663980932122643,10.663980932122643,5.231883495085736,1.068540228453377,1.0476865810380582,1.099740383677657,0.5242393080655661,0.4938952512761727,0.5635107998473555,0.5242393080655661,0.4938952512761727,0.5635107998473555,9.559245615017295,0.5848241807175545,0.5503947529956575,0.6296147135197219,5.402490567062465,1.0347964361407698,1.0223577066495897,1.0629522606678317
efficiency,det_nonpar_dt2000ns_ap0.05_tau5000ns,nv_charge_readout_master_v1_4,thin_all_counts,2,eta0.15,0.15,5.437,0.15,4.115009745648336,0.9249776330930897,7.504300359171423,5.000699023069105,0.11758756837904422,9.422120008455401,636.7993609310438,0.0,0.1,off,2.0,mean,-0.04572727362786605,0.59,6.427934577229362,10.663980932122643,10.663980932122643,5.9377834941700245,1.0825478199972411,1.0625011073673525,1.1034590980888592,0.6027706367953806,0.576711697779621,0.6341878152083201,0.6027706367953806,0.576711697779621,0.6341878152083201,9.559245615017295,0.6724311557735544,0.6423061939516521,0.7086062889334908,6.156897480898162,1.044021700405455,1.0297687826535018,1.0635626106614573
efficiency,det_nonpar_dt2000ns_ap0.05_tau5000ns,nv_charge_readout_master_v1_4,thin_all_counts,2,eta0.15,0.15,5.437,0.15,4.115009745648336,0.9249776330930897,7.504300359171423,5.000699023069105,0.11758756837904422,9.422120008455401,636.7993609310438,0.0,0.1,off,2.0,mean,-0.04572727362786605,0.6,7.225046899716425,10.663980932122643,10.663980932122643,6.738925447547683,1.0721363451714163,1.0561207324250013,1.0876893368512384,0.6775187376744769,0.6425682424436052,0.715847306568046,0.6775187376744769,0.6425682424436052,0.715847306568046,9.559245615017295,0.7558176859025453,0.7158879699318548,0.7994115136715034,6.9182780784348425,1.044341788202735,1.0250777287588853,1.069059306440549
efficiency,det_nonpar_dt2000ns_ap0.05_tau5000ns,nv_charge_readout_master_v1_4,thin_all_counts,2,eta0.15,0.15,5.437,0.15,4.115009745648336,0.9249776330930897,7.504300359171423,5.000699023069105,0.11758756837904422,9.422120008455401,636.7993609310438,0.0,0.1,off,2.0,mean,-0.04572727362786605,0.61,8.120943388016466,10.663980932122643,10.663980932122643,7.606338465785015,1.0676547493312658,1.0631674377082276,1.0759143988738427,0.7615301864948111,0.7232228993284865,0.8003626032060726,0.7615301864948111,0.7232228993284865,0.8003626032060726,9.559245615017295,0.849538103222152,0.8068234346884013,0.8939973146171093,7.679658675971522,1.0574615006557069,1.0393111660416985,1.0745431391831266
efficiency,det_nonpar_dt2000ns_ap0.05_tau5000ns,nv_charge_readout_master_v1_4,thin_all_counts,2,eta0.15,0.15,5.437,0.15,4.115009745648336,0.9249776330930897,7.504300359171423,5.000699023069105,0.11758756837904422,9.422120008455401,636.7993609310438,0.0,0.1,off,2.0,mean,-0.04572727362786605,0.62,9.00921701781016,10.663980932122643,10.663980932122643,8.34128459445237,1.0800754866704847,1.066090532620469,1.0951299868402202,0.844826812346606,0.8073468093816689,0.8879841049033316,0.844826812346606,0.8073468093816689,0.8879841049033316,9.559245615017295,0.9424610874792195,0.8984408714567521,0.9928471450437889,8.441039273508203,1.0673113494549369,1.0554541898332266,1.0772959397776305
efficiency,det_nonpar_dt2000ns_ap0.05_tau5000ns,nv_charge_readout_master_v1_4,thin_all_counts,2,eta0.15,0.15,5.437,0.15,4.115009745648336,0.9249776330930897,7.504300359171423,5.000699023069105,0.11758756837904422,9.422120008455401,636.7993609310438,0.0,0.1,off,2.0,mean,-0.04572727362786605,0.63,9.976775924802094,10.663980932122643,10.663980932122643,9.147243315377205,1.0906866233710415,1.0728252690019517,1.1079126540057251,0.9355583049430902,0.892568687172362,0.9858742222662641,0.9355583049430902,0.892568687172362,0.9858742222662641,9.559245615017295,1.0436781652653502,0.9947886006393822,1.0633290873073618,9.298891636274421,1.0728994717911635,1.0612979454251212,1.0839648896911076
efficiency,det_nonpar_dt2000ns_ap0.05_tau5000ns,nv_charge_readout_master_v1_4,thin_all_counts,2,eta0.15,0.15,5.437,0.15,4.115009745648336,0.9249776330930897,7.504300359171423,5.000699023069105,0.11758756837904422,9.422120008455401,636.7993609310438,0.0,0.1,off,2.0,mean,-0.04572727362786605,0.64,10.986653290016386,10.663980932122643,10.663980932122643,10.031076067871082,1.0952616863514733,1.0834207510362805,1.106020483528825,1.030258152180465,0.9888253872847079,1.0807628212013909,1.030258152180465,0.9888253872847079,1.0807628212013909,10.303107369069767,1.066343666668819,1.0529969597563478,1.0824489645153823,10.233921411224273,1.0735526342782482,1.0545045727788098,1.091655568231822
efficiency,det_nonpar_dt2000ns_ap0.05_tau5000ns,nv_charge_readout_master_v1_4,thin_all_counts,2,eta0.15,0.15,5.437,0.15,4.115009745648336,0.9249776330930897,7.504300359171423,5.000699023069105,0.11758756837904422,9.422120008455401,636.7993609310438,0.0,0.1,off,2.0,mean,-0.04572727362786605,0.65,11.996759543130496,11.896482951866389,11.896482951866389,11.762987726247921,1.019873506826921,1.0009971288271327,1.0997989907829353,1.0084290955293114,0.9986117448351624,1.0987415826636386,1.0084290955293114,0.9986117448351624,1.0987415826636386,11.147454126388169,1.0761882854249076,1.0590212151736633,1.0911020473800213,11.168951186174123,1.074116928542145,1.0521955951688873,1.093475938266883
efficiency,det_nonpar_dt2000ns_ap0.05_tau5000ns,nv_charge_readout_master_v1_4,thin_all_counts,2,eta0.15,0.15,5.437,0.15,4.115009745648336,0.9249776330930897,7.504300359171423,5.000699023069105,0.11758756837904422,9.422120008455401,636.7993609310438,0.0,0.1,off,2.0,mean,-0.04572727362786605,0.66,13.045072287010035,12.627091165050794,12.627091165050794,12.011552425971107,1.086043820514347,1.0531440769008502,1.1104095178842512,1.0331019327013435,1.0158242800134922,1.0547605896716752,1.0331019327013435,1.0158242800134922,1.0547605896716752,12.060995683008993,1.0815916554374831,1.063619120561308,1.0959817174452096,12.103980961123973,1.0777505623074504,1.0563891435960715,1.0987259515965895
efficiency,det_nonpar_dt2000ns_ap0.05_tau5000ns,nv_charge_readout_master_v1_4,thin_all_counts,2,eta0.15,0.15,5.437,0.15,4.115009745648336,0.9249776330930897,7.504300359171423,5.000699023069105,0.11758756837904422,9.422120008455401,636.7993609310438,0.0,0.1,off,2.0,mean,-0.04572727362786605,0.67,14.159716758481457,13.40256880421027,13.40256880421027,12.697378463868313,1.1151685207127107,1.107416599662165,1.1232077171382904,1.0564927489149196,1.0384768809165146,1.077363402756728,1.0564927489149196,1.0384768809165146,1.077363402756728,13.049402600474643,1.0850854396941074,1.0731983636462115,1.095286294826785,13.039010736073825,1.0859502338860016,1.0654681103089212,1.1062695343836744
efficiency,det_nonpar_dt2000ns_ap0.05_tau5000ns,nv_charge_readout_master_v1_4,thin_all_counts,2,eta0.15,0.15,5.437,0.15,4.115009745648336,0.9249776330930897,7.504300359171423,5.000699023069105,0.11758756837904422,9.422120008455401,636.7993609310438,0.0,0.1,off,2.0,mean,-0.04572727362786605,0.68,15.345164329958202,14.225671471254305,14.225671471254305,13.628363084449441,1.125972667067236,0.86927829040484,1.1329777419334102,1.0786952560352632,1.0595038187967327,1.10158263971412,1.0786952560352632,1.0595038187967327,1.10158263971412,14.084858955118222,1.0894794458969008,1.082992157161603,1.099054516156552,13.974040511023675,1.0981193533719107,1.0787618757977608,1.11643084967646
efficiency,det_nonpar_dt2000ns_ap0.05_tau5000ns,nv_charge_readout_master_v1_4,thin_all_counts,2,eta0.15,0.15,5.437,0.15,4.115009745648336,0.9249776330930897,7.504300359171423,5.000699023069105,0.11758756837904422,9.422120008455401,636.7993609310438,0.0,0.1,off,2.0,mean,-0.04572727362786605,0.69,16.673666887617138,15.09932400007425,15.09932400007425,17.795912645084687,0.9369380048189032,0.8972845491671251,0.9794130543803135,1.1042657861726224,1.084425473910596,1.1237480541028293,1.1042657861726224,1.084425473910596,1.1237480541028293,15.104254971526633,1.1039052849047528,1.0918088067045157,1.1170559411267085,14.909070285973517,1.118357252853235,1.1039647035085132,1.1312289070725736
efficiency,det_nonpar_dt2000ns_ap0.05_tau5000ns,nv_charge_readout_master_v1_4,thin_all_counts,2,eta0.15,0.15,5.437,0.15,4.115009745648336,0.9249776330930897,7.504300359171423,5.000699023069105,0.11758756837904422,9.422120008455401,636.7993609310438,0.0,0.1,off,2.0,mean,-0.04572727362786605,0.7,18.005454610616372,16.026630849722274,16.026630849722274,17.795912645084687,1.0117747243263504,0.9731955999523071,1.0545218536101542,1.1234709764921296,1.1057810077201147,1.139580295302108,1.1234709764921296,1.1057810077201147,1.139580295302108,16.197430089421317,1.1116241595866427,1.0995263390460952,1.1238431845762284,15.844100060923367,1.1364138412015965,1.126758535946043,1.1401947709900269
efficiency,det_nonpar_dt2000ns_ap0.05_tau5000ns,nv_charge_readout_master_v1_4,thin_all_counts,2,eta0.15,0.15,5.437,0.15,4.115009745648336,0.9249776330930897,7.504300359171423,5.000699023069105,0.11758756837904422,9.422120008455401,636.7993609310438,0.0,0.1,off,2.0,mean,-0.04572727362786605,0.71,19.382963772750585,17.01088713587487,17.01088713587487,17.795912645084687,1.0891806539691151,1.04604661060388,1.1393916035904388,1.13944461672861,1.125656245706145,1.1524186832138519,1.13944461672861,1.125656245706145,1.1524186832138519,17.36972409405599,1.1159051040645798,1.109574252937828,1.1226599138592546,17.12226378266799,1.132032774332737,1.1202340817581098,1.145076632918865
efficiency,det_nonpar_dt2000ns_ap0.05_tau5000ns,nv_charge_readout_master_v1_4,thin_all_counts,2,eta0.15,0.15,5.437,0.15,4.115009745648336,0.9249776330930897,7.504300359171423,5.000699023069105,0.11758756837904422,9.422120008455401,636.7993609310438,0.0,0.1,off,2.0,mean,-0.04572727362786605,0.72,21.010445971959694,20.94361569598955,20.947454932676635,18.948965642539477,1.108791179862203,1.0945476425547918,1.1578362408107237,1.0031909617202794,0.9931396177967042,1.1622687070775672,1.003007097496355,0.9930949965931689,1.1622687070775672,18.631015517560872,1.1277134062904979,1.119010906553521,1.1423288979359707,18.426034515367448,1.140258689651147,1.1244702332449994,1.1621886993508002
efficiency,det_nonpar_dt2000ns_ap0.05_tau5000ns,nv_charge_readout_master_v1_4,thin_all_counts,2,eta0.15,0.15,5.437,0.15,4.115009745648336,0.9249776330930897,7.504300359171423,5.000699023069105,0.11758756837904422,9.422120008455401,636.7993609310438,0.0,0.1,off,2.0,mean,-0.04572727362786605,0.73,22.80217277731209,21.993609755366442,22.014236870916015,19.503729310971536,1.169118603614185,1.1229692371180564,1.1827233212372006,1.0367635431809168,1.0147259346333304,1.0617009218720486,1.0357921063090336,1.0141136008414513,1.0605507379116428,19.986412612968547,1.1408837202988837,1.125995366953199,1.1597824842119904,19.72980524806691,1.1557221417350891,1.1395430160944258,1.1759684730189812
efficiency,det_nonpar_dt2000ns_ap0.05_tau5000ns,nv_charge_readout_master_v1_4,thin_all_counts,2,eta0.15,0.15,5.437,0.15,4.115009745648336,0.9249776330930897,7.504300359171423,5.000699023069105,0.11758756837904422,9.422120008455401,636.7993609310438,0.0,0.1,off,2.0,mean,-0.04572727362786605,0.74,24.63526674520754,23.096244559337315,23.13534634953733,21.033589595433355,1.1712345452702069,1.1369288731773477,1.198379010583603,1.0666351701427597,1.0459617073446297,1.0895958814096829,1.0648324158631068,1.0440566288827775,1.088390272333534,21.440414171697512,1.1490107676057586,1.1332451582531573,1.1659014854767265,21.033575980766372,1.1712353033899061,1.1570141508426273,1.1848546580046033
efficiency,det_nonpar_dt2000ns_ap0.05_tau5000ns,nv_charge_readout_master_v1_4,thin_all_counts,2,eta0.15,0.15,5.437,0.15,4.115009745648336,0.9249776330930897,7.504300359171423,5.000699023069105,0.11758756837904422,9.422120008455401,636.7993609310438,0.0,0.1,off,2.0,mean,-0.04572727362786605,0.75,26.615702380260494,24.25415921615867,24.313550083590922,22.15802909710332,1.2011764342226592,0.9591581903029551,1.2109333689456545,1.0973665235333538,1.0699352787770144,1.1307850561065815,1.094685979166131,1.0670890202382075,1.1275825697935526,23.000193619321568,1.1571947097828637,1.1394937997358596,1.1758669736978102,22.33734671346583,1.1915337448836527,1.175477358764107,1.2050772989375311
efficiency,det_nonpar_dt2000ns_ap0.05_tau5000ns,nv_charge_readout_master_v1_4,thin_all_counts,2,eta0.15,0.15,5.437,0.15,4.115009745648336,0.9249776330930897,7.504300359171423,5.000699023069105,0.11758756837904422,9.422120008455401,636.7993609310438,0.0,0.1,off,2.0,mean,-0.04572727362786605,0.76,29.119242767280262,25.470125144001038,25.551755687422677,28.950181348579722,1.0058397360854126,0.9684083984895956,1.212583303589196,1.1432705023099856,1.1110328159361025,1.1744807708832334,1.1396180803972547,1.107736323758542,1.1701115351671225,24.673446244550664,1.180185470593168,1.1633170422467167,1.1942458679143035,24.162589143844542,1.2051375204009722,1.1897959060319137,1.2200317469283424
efficiency,det_nonpar_dt2000ns_ap0.05_tau5000ns,nv_charge_readout_master_v1_4,thin_all_counts,2,eta0.15,0.15,5.437,0.15,4.115009745648336,0.9249776330930897,7.504300359171423,5.000699023069105,0.11758756837904422,9.422120008455401,636.7993609310438,0.0,0.1,off,2.0,mean,-0.04572727362786605,0.77,31.80659894550035,26.74705270421732,26.85301885019129,28.950181348579722,1.0986666564373961,1.0396472804034769,1.1610758015619165,1.1891627573786951,1.1548277254025794,1.2236327779260705,1.1844701380855647,1.1508885391353276,1.2171948372245944,26.57597181307307,1.196817906386184,1.18397571291215,1.2114070299528052,26.130890181551187,1.2172030391814321,1.1954952712795965,1.2406051147413202
efficiency,det_nonpar_dt2000ns_ap0.05_tau5000ns,nv_charge_readout_master_v1_4,thin_all_counts,2,eta0.15,0.15,5.437,0.15,4.115009745648336,0.9249776330930897,7.504300359171423,5.000699023069105,0.11758756837904422,9.422120008455401,636.7993609310438,0.0,0.1,off,2.0,mean,-0.04572727362786605,0.78,34.94036106754343,28.08799816716557,28.22055087680993,28.950181348579722,1.2069133746292604,1.1413326599348568,1.2587565121678161,1.2439605293191796,1.1956466055684787,1.2670580784533931,1.2381176122346875,1.0061323104342368,1.2596121653871126,28.672421459981543,1.2186051713947539,1.20567544782165,1.2292325122881673,28.099191219257836,1.2434650091849258,1.2186686803700826,1.260351968061568
efficiency,det_nonpar_dt2000ns_ap0.05_tau5000ns,nv_charge_readout_master_v1_4,thin_all_counts,2,eta0.15,0.15,5.437,0.15,4.115009745648336,0.9249776330930897,7.504300359171423,5.000699023069105,0.11758756837904422,9.422120008455401,636.7993609310438,0.0,0.1,off,2.0,mean,-0.04572727362786605,0.79,38.19615632365306,37.48398181499639,37.68924498467507,32.41770998798044,1.17824967703811,1.1680695667038736,1.279288477289153,1.0189994358702774,1.0058149205230604,1.2809467801810284,1.0134497610441415,0.997283242605583,1.2681896721003667,30.971387820648648,1.2332723526902354,1.2194102666313733,1.2453744779840394,30.264854776543824,1.2620630961446486,1.2402902327106509,1.2698106090733432
efficiency,det_nonpar_dt2000ns_ap0.05_tau5000ns,nv_charge_readout_master_v1_4,thin_all_counts,2,eta0.15,0.15,5.437,0.15,4.115009745648336,0.9249776330930897,7.504300359171423,5.000699023069105,0.11758756837904422,9.422120008455401,636.7993609310438,0.0,0.1,off,2.0,mean,-0.04572727362786605,0.8,42.139102206024596,39.79851463884952,39.95228173992421,33.32323869367567,1.2645560233022028,1.1814457513785406,1.2975729955980375,1.0588109277045807,1.0275239105994323,1.1189542886521666,1.0547358090918522,1.0224555100968749,1.114274466416937,34.00041052499889,1.2393703945145518,1.2221480895583479,1.271402504846739,33.65416595522176,1.2521214241973013,1.2328079707357926,1.2895264645004823
efficiency,det_nonpar_dt2000ns_ap0.05_tau5000ns,nv_charge_readout_master_v1_4,thin_all_counts,2,eta0.15,0.15,5.437,0.15,4.115009745648336,0.9249776330930897,7.504300359171423,5.000699023069105,0.11758756837904422,9.422120008455401,636.7993609310438,0.0,0.1,off,2.0,mean,-0.04572727362786605,0.81,48.657055787922474,42.25596350132238,42.351201698927945,40.70309670841353,1.1954141016957271,1.1771256078357146,1.3020938798476078,1.1514837612541902,1.0874077447562716,1.2375507258157599,1.1488943367846431,1.0831280872348334,1.2353967169412692,37.723474170956315,1.2898349597234084,1.2503667314481388,1.319793871472695,37.156392384879055,1.3095204530061875,1.2672609321050756,1.3325668657822312
efficiency,det_nonpar_dt2000ns_ap0.05_tau5000ns,nv_charge_readout_master_v1_4,thin_all_counts,2,eta0.15,0.15,5.437,0.15,4.115009745648336,0.9249776330930897,7.504300359171423,5.000699023069105,0.11758756837904422,9.422120008455401,636.7993609310438,0.0,0.1,off,2.0,mean,-0.04572727362786605,0.82,57.706888481601375,44.865153074886315,44.894163918325376,42.37106744908984,1.3619408704049762,1.2607663426655944,1.3974160240977946,1.2862296131093185,1.1984676583171248,1.3885009416784633,1.2853984448086795,1.1727727937737478,1.3879858605479294,44.426423569804435,1.2989316682431162,1.2286411428519632,1.3437095868587496,43.91689054554826,1.3140021473458112,1.2626290288852635,1.3624399374966274
efficiency,det_nonpar_dt2000ns_ap0.05_tau5000ns,nv_charge_readout_master_v1_4,thin_all_counts,2,eta0.15,0.15,5.437,0.15,4.115009745648336,0.9249776330930897,7.504300359171423,5.000699023069105,0.11758756837904422,9.422120008455401,636.7993609310438,0.0,0.1,off,2.0,mean,-0.04572727362786605,0.83,nan,nan,nan,136.25613635124202,nan,1.2964878711175012,1.4114427196723858,nan,nan,nan,nan,0.9269767463457217,1.412576303500645,nan,nan,nan,nan,66.07230513312733,nan,1.222368460238229,1.4154715306269692
efficiency,det_nonpar_dt2000ns_ap0.05_tau5000ns,nv_charge_readout_master_v1_4,thin_all_counts,2,eta0.15,0.15,5.437,0.15,4.115009745648336,0.9249776330930897,7.504300359171423,5.000699023069105,0.11758756837904422,9.422120008455401,636.7993609310438,0.0,0.1,off,2.0,mean,-0.04572727362786605,0.84,nan,nan,nan,nan,nan,nan,nan,nan,nan,nan,nan,nan,nan,nan,nan,nan,nan,nan,nan,nan,nan
efficiency,det_nonpar_dt2000ns_ap0.05_tau5000ns,nv_charge_readout_master_v1_4,thin_all_counts,2,eta0.15,0.15,5.437,0.15,4.115009745648336,0.9249776330930897,7.504300359171423,5.000699023069105,0.11758756837904422,9.422120008455401,636.7993609310438,0.0,0.1,off,2.0,mean,-0.04572727362786605,0.85,nan,nan,nan,nan,nan,nan,nan,nan,nan,nan,nan,nan,nan,nan,nan,nan,nan,nan,nan,nan,nan
efficiency,det_nonpar_dt2000ns_ap0.05_tau5000ns,nv_charge_readout_master_v1_4,thin_all_counts,2,eta0.15,0.15,5.437,0.15,4.115009745648336,0.9249776330930897,7.504300359171423,5.000699023069105,0.11758756837904422,9.422120008455401,636.7993609310438,0.0,0.1,off,2.0,mean,-0.04572727362786605,0.86,nan,nan,nan,nan,nan,nan,nan,nan,nan,nan,nan,nan,nan,nan,nan,nan,nan,nan,nan,nan,nan
efficiency,det_nonpar_dt2000ns_ap0.05_tau5000ns,nv_charge_readout_master_v1_4,thin_all_counts,2,eta0.15,0.15,5.437,0.15,4.115009745648336,0.9249776330930897,7.504300359171423,5.000699023069105,0.11758756837904422,9.422120008455401,636.7993609310438,0.0,0.1,off,2.0,mean,-0.04572727362786605,0.87,nan,nan,nan,nan,nan,nan,nan,nan,nan,nan,nan,nan,nan,nan,nan,nan,nan,nan,nan,nan,nan
efficiency,det_nonpar_dt2000ns_ap0.05_tau5000ns,nv_charge_readout_master_v1_4,thin_all_counts,2,eta0.15,0.15,5.437,0.15,4.115009745648336,0.9249776330930897,7.504300359171423,5.000699023069105,0.11758756837904422,9.422120008455401,636.7993609310438,0.0,0.1,off,2.0,mean,-0.04572727362786605,0.88,nan,nan,nan,nan,nan,nan,nan,nan,nan,nan,nan,nan,nan,nan,nan,nan,nan,nan,nan,nan,nan
efficiency,det_nonpar_dt2000ns_ap0.05_tau5000ns,nv_charge_readout_master_v1_4,thin_all_counts,2,eta0.15,0.15,5.437,0.15,4.115009745648336,0.9249776330930897,7.504300359171423,5.000699023069105,0.11758756837904422,9.422120008455401,636.7993609310438,0.0,0.1,off,2.0,mean,-0.04572727362786605,0.89,nan,nan,nan,nan,nan,nan,nan,nan,nan,nan,nan,nan,nan,nan,nan,nan,nan,nan,nan,nan,nan
efficiency,det_nonpar_dt2000ns_ap0.05_tau5000ns,nv_charge_readout_master_v1_4,thin_all_counts,2,eta0.15,0.15,5.437,0.15,4.115009745648336,0.9249776330930897,7.504300359171423,5.000699023069105,0.11758756837904422,9.422120008455401,636.7993609310438,0.0,0.1,off,2.0,mean,-0.04572727362786605,0.9,nan,nan,nan,nan,nan,nan,nan,nan,nan,nan,nan,nan,nan,nan,nan,nan,nan,nan,nan,nan,nan
efficiency,det_nonpar_dt2000ns_ap0.05_tau5000ns,nv_charge_readout_master_v1_4,thin_all_counts,2,eta0.15,0.15,5.437,0.15,4.115009745648336,0.9249776330930897,7.504300359171423,5.000699023069105,0.11758756837904422,9.422120008455401,636.7993609310438,0.0,0.1,off,2.0,mean,-0.04572727362786605,0.91,nan,nan,nan,nan,nan,nan,nan,nan,nan,nan,nan,nan,nan,nan,nan,nan,nan,nan,nan,nan,nan
efficiency,det_nonpar_dt2000ns_ap0.05_tau5000ns,nv_charge_readout_master_v1_4,thin_all_counts,2,eta0.15,0.15,5.437,0.15,4.115009745648336,0.9249776330930897,7.504300359171423,5.000699023069105,0.11758756837904422,9.422120008455401,636.7993609310438,0.0,0.1,off,2.0,mean,-0.04572727362786605,0.92,nan,nan,nan,nan,nan,nan,nan,nan,nan,nan,nan,nan,nan,nan,nan,nan,nan,nan,nan,nan,nan
efficiency,det_nonpar_dt2000ns_ap0.05_tau5000ns,nv_charge_readout_master_v1_4,thin_all_counts,2,eta0.15,0.15,5.437,0.15,4.115009745648336,0.9249776330930897,7.504300359171423,5.000699023069105,0.11758756837904422,9.422120008455401,636.7993609310438,0.0,0.1,off,2.0,mean,-0.04572727362786605,0.93,nan,nan,nan,nan,nan,nan,nan,nan,nan,nan,nan,nan,nan,nan,nan,nan,nan,nan,nan,nan,nan
efficiency,det_nonpar_dt2000ns_ap0.05_tau5000ns,nv_charge_readout_master_v1_4,thin_all_counts,2,eta0.15,0.15,5.437,0.15,4.115009745648336,0.9249776330930897,7.504300359171423,5.000699023069105,0.11758756837904422,9.422120008455401,636.7993609310438,0.0,0.1,off,2.0,mean,-0.04572727362786605,0.94,nan,nan,nan,nan,nan,nan,nan,nan,nan,nan,nan,nan,nan,nan,nan,nan,nan,nan,nan,nan,nan
efficiency,det_nonpar_dt2000ns_ap0.05_tau5000ns,nv_charge_readout_master_v1_4,thin_all_counts,2,eta0.15,0.15,5.437,0.15,4.115009745648336,0.9249776330930897,7.504300359171423,5.000699023069105,0.11758756837904422,9.422120008455401,636.7993609310438,0.0,0.1,off,2.0,mean,-0.04572727362786605,0.95,nan,nan,nan,nan,nan,nan,nan,nan,nan,nan,nan,nan,nan,nan,nan,nan,nan,nan,nan,nan,nan
efficiency,det_nonpar_dt2000ns_ap0.05_tau5000ns,nv_charge_readout_master_v1_4,thin_all_counts,2,eta0.15,0.15,5.437,0.15,4.115009745648336,0.9249776330930897,7.504300359171423,5.000699023069105,0.11758756837904422,9.422120008455401,636.7993609310438,0.0,0.1,off,2.0,mean,-0.04572727362786605,0.96,nan,nan,nan,nan,nan,nan,nan,nan,nan,nan,nan,nan,nan,nan,nan,nan,nan,nan,nan,nan,nan
efficiency,det_nonpar_dt2000ns_ap0.05_tau5000ns,nv_charge_readout_master_v1_4,thin_all_counts,2,eta0.15,0.15,5.437,0.15,4.115009745648336,0.9249776330930897,7.504300359171423,5.000699023069105,0.11758756837904422,9.422120008455401,636.7993609310438,0.0,0.1,off,2.0,mean,-0.04572727362786605,0.97,nan,nan,nan,nan,nan,nan,nan,nan,nan,nan,nan,nan,nan,nan,nan,nan,nan,nan,nan,nan,nan
efficiency,det_nonpar_dt2000ns_ap0.05_tau5000ns,nv_charge_readout_master_v1_4,thin_all_counts,2,eta0.15,0.15,5.437,0.15,4.115009745648336,0.9249776330930897,7.504300359171423,5.000699023069105,0.11758756837904422,9.422120008455401,636.7993609310438,0.0,0.1,off,2.0,mean,-0.04572727362786605,0.98,nan,nan,nan,nan,nan,nan,nan,nan,nan,nan,nan,nan,nan,nan,nan,nan,nan,nan,nan,nan,nan
efficiency,det_nonpar_dt2000ns_ap0.05_tau5000ns,nv_charge_readout_master_v1_4,thin_all_counts,2,eta0.15,0.15,5.437,0.15,4.115009745648336,0.9249776330930897,7.504300359171423,5.000699023069105,0.11758756837904422,9.422120008455401,636.7993609310438,0.0,0.1,off,2.0,mean,-0.04572727362786605,0.99,nan,nan,nan,nan,nan,nan,nan,nan,nan,nan,nan,nan,nan,nan,nan,nan,nan,nan,nan,nan,nan
efficiency,det_nonpar_dt2000ns_ap0.05_tau5000ns,nv_charge_readout_master_v1_4,thin_all_counts,3,eta0.4,0.4,5.437,0.4,10.973359321728898,0.9249776330930898,7.504300359171423,8.16610730916909,0.11758756837904422,9.422120008455401,636.7993609310438,0.0,0.1,off,2.0,mean,-0.3399730444398653,0.55,1.2194330819176855,3.982912509460686,3.982912509460686,1.1759835571567057,1.036947391395533,1.0084354863202298,1.0720014955625763,0.30616617337718155,0.2884559455839429,0.3251869138198087,0.30616617337718155,0.2884559455839429,0.3251869138198087,4.974995007273436,0.24511242325567684,0.2306519560941662,0.2609628153588815,1.1922695006174275,1.0227830882918594,0.9973388756252075,1.0531547156545016
efficiency,det_nonpar_dt2000ns_ap0.05_tau5000ns,nv_charge_readout_master_v1_4,thin_all_counts,3,eta0.4,0.4,5.437,0.4,10.973359321728898,0.9249776330930898,7.504300359171423,8.16610730916909,0.11758756837904422,9.422120008455401,636.7993609310438,0.0,0.1,off,2.0,mean,-0.3399730444398653,0.56,1.4614166369901858,3.982912509460686,3.982912509460686,1.4187299211277309,1.0300879788511994,1.0108869365697406,1.0553822734727403,0.36692160159653414,0.3442285190049192,0.3930698751766875,0.36692160159653414,0.3442285190049192,0.3930698751766875,4.974995007273436,0.2937523826362834,0.2749574089526897,0.3148610508667177,1.4352494487042167,1.0182318051468988,1.0009141441173628,1.0358219518767886
efficiency,det_nonpar_dt2000ns_ap0.05_tau5000ns,nv_charge_readout_master_v1_4,thin_all_counts,3,eta0.4,0.4,5.437,0.4,10.973359321728898,0.9249776330930898,7.504300359171423,8.16610730916909,0.11758756837904422,9.422120008455401,636.7993609310438,0.0,0.1,off,2.0,mean,-0.3399730444398653,0.57,1.757902403176335,3.982912509460686,3.982912509460686,1.6715607483566877,1.0516533155642294,1.030718867008744,1.0691745609308165,0.4413610389384042,0.41523382058369873,0.47073919895779265,0.4413610389384042,0.41523382058369873,0.47073919895779265,4.974995007273436,0.3533475713254554,0.331400006157849,0.37783184382690205,1.7052130633078437,1.030898977378394,1.0107248206222823,1.051972021750531
efficiency,det_nonpar_dt2000ns_ap0.05_tau5000ns,nv_charge_readout_master_v1_4,thin_all_counts,3,eta0.4,0.4,5.437,0.4,10.973359321728898,0.9249776330930898,7.504300359171423,8.16610730916909,0.11758756837904422,9.422120008455401,636.7993609310438,0.0,0.1,off,2.0,mean,-0.3399730444398653,0.58,2.06022136464078,3.982912509460686,3.982912509460686,1.9466433194372317,1.0583455859989714,1.0447310204831124,1.0773117167775552,0.5172650314931845,0.4873757403765663,0.5491712425197518,0.5172650314931845,0.4873757403765663,0.5491712425197518,4.974995007273436,0.41411526275478455,0.3888049646495035,0.4405908380600184,1.999319958479174,1.0304610604737483,0.9983088360082748,1.062095354703451
efficiency,det_nonpar_dt2000ns_ap0.05_tau5000ns,nv_charge_readout_master_v1_4,thin_all_counts,3,eta0.4,0.4,5.437,0.4,10.973359321728898,0.9249776330930898,7.504300359171423,8.16610730916909,0.11758756837904422,9.422120008455401,636.7993609310438,0.0,0.1,off,2.0,mean,-0.3399730444398653,0.59,2.362525054913334,3.982912509460686,3.982912509460686,2.1764407209453958,1.0854993807904438,1.0652772036942515,1.1012547907946555,0.5931651898708757,0.5632722362801862,0.6216364182829506,0.5931651898708757,0.5632722362801862,0.6216364182829506,4.974995007273436,0.47487988459472336,0.4495999355685235,0.49923874570802657,2.2934268536505042,1.0301288009917755,0.9992754117394209,1.0588501121928187
efficiency,det_nonpar_dt2000ns_ap0.05_tau5000ns,nv_charge_readout_master_v1_4,thin_all_counts,3,eta0.4,0.4,5.437,0.4,10.973359321728898,0.9249776330930898,7.504300359171423,8.16610730916909,0.11758756837904422,9.422120008455401,636.7993609310438,0.0,0.1,off,2.0,mean,-0.3399730444398653,0.6,2.6238345327661174,3.982912509460686,3.982912509460686,2.433365252119599,1.0782740200964933,1.0586303921265943,1.099898706105172,0.6587728268029174,0.6290558166862458,0.7013437383718014,0.6587728268029174,0.6290558166862458,0.7013437383718014,4.974995007273436,0.5274044554678095,0.5023978908105073,0.5635103028390767,2.587533748821835,1.0140291054989374,0.984909120388698,1.0522851414398515
efficiency,det_nonpar_dt2000ns_ap0.05_tau5000ns,nv_charge_readout_master_v1_4,thin_all_counts,3,eta0.4,0.4,5.437,0.4,10.973359321728898,0.9249776330930898,7.504300359171423,8.16610730916909,0.11758756837904422,9.422120008455401,636.7993609310438,0.0,0.1,off,2.0,mean,-0.3399730444398653,0.61,2.9626263471515935,3.982912509460686,3.982912509460686,2.7206192170724597,1.088952959150067,1.0717970416530929,1.1046639039335713,0.7438341515447332,0.7064400762969174,0.7817707162335905,0.7438341515447332,0.7064400762969174,0.7817707162335905,4.974995007273436,0.5955033809722899,0.5639734834806052,0.6278078065426054,2.881640643993165,1.0281040258532044,0.9947110828934421,1.058837053395666
efficiency,det_nonpar_dt2000ns_ap0.05_tau5000ns,nv_charge_readout_master_v1_4,thin_all_counts,3,eta0.4,0.4,5.437,0.4,10.973359321728898,0.9249776330930898,7.504300359171423,8.16610730916909,0.11758756837904422,9.422120008455401,636.7993609310438,0.0,0.1,off,2.0,mean,-0.3399730444398653,0.62,3.2593707396910108,3.982912509460686,3.982912509460686,3.982912509460686,0.818338522864604,0.816463527016092,1.0841651660019886,0.818338522864604,0.7848874631639102,0.8552991964941836,0.818338522864604,0.7848874631639102,0.8552991964941836,4.974995007273436,0.6551505549102693,0.6270725909836241,0.6857943244531464,3.1757475391644956,1.0263318162087014,0.9986851202870841,1.0544085081002255
efficiency,det_nonpar_dt2000ns_ap0.05_tau5000ns,nv_charge_readout_master_v1_4,thin_all_counts,3,eta0.4,0.4,5.437,0.4,10.973359321728898,0.9249776330930898,7.504300359171423,8.16610730916909,0.11758756837904422,9.422120008455401,636.7993609310438,0.0,0.1,off,2.0,mean,-0.3399730444398653,0.63,3.560129153869952,3.982912509460686,3.982912509460686,3.982912509460686,0.8938507048330867,0.857366349458839,0.9345840307370906,0.8938507048330867,0.8573663494588392,0.9345840307370906,0.8938507048330867,0.8573663494588392,0.9345840307370906,4.974995007273436,0.7156045681784702,0.6854477210661788,0.7509956799441659,3.4698544343358257,1.0260168607192326,0.9976378305706405,1.052888842408919
efficiency,det_nonpar_dt2000ns_ap0.05_tau5000ns,nv_charge_readout_master_v1_4,thin_all_counts,3,eta0.4,0.4,5.437,0.4,10.973359321728898,0.9249776330930898,7.504300359171423,8.16610730916909,0.11758756837904422,9.422120008455401,636.7993609310438,0.0,0.1,off,2.0,mean,-0.3399730444398653,0.64,3.9093518768805073,3.982912509460686,3.982912509460686,3.982912509460686,0.9815309444017541,0.9370801941882739,1.0254571308592906,0.9815309444017541,0.9370801941882738,1.0254571308592906,0.9815309444017541,0.9370801941882738,1.0254571308592906,4.974995007273436,0.7858001608373557,0.7478121503718518,0.8232424256388016,3.763961329507156,1.0386270034799716,1.007486633783041,1.0681550413548646
efficiency,det_nonpar_dt2000ns_ap0.05_tau5000ns,nv_charge_readout_master_v1_4,thin_all_counts,3,eta0.4,0.4,5.437,0.4,10.973359321728898,0.9249776330930898,7.504300359171423,8.16610730916909,0.11758756837904422,9.422120008455401,636.7993609310438,0.0,0.1,off,2.0,mean,-0.3399730444398653,0.65,4.260866405293277,3.982912509460686,3.982912509460686,3.982912509460686,1.0697865933967574,1.0230540432846165,1.095380396274666,1.0697865933967574,0.9951223072335138,1.0936682913644704,1.0697865933967574,0.9951223072335138,1.0936682913644704,4.974995007273436,0.8564564183610026,0.8170137432071848,0.8984769175490498,4.058068224678486,1.049974068790048,1.0255323756812253,1.0760980695711126
efficiency,det_nonpar_dt2000ns_ap0.05_tau5000ns,nv_charge_readout_master_v1_4,thin_all_counts,3,eta0.4,0.4,5.437,0.4,10.973359321728898,0.9249776330930898,7.504300359171423,8.16610730916909,0.11758756837904422,9.422120008455401,636.7993609310438,0.0,0.1,off,2.0,mean,-0.3399730444398653,0.66,4.642243546874688,4.550493791407373,4.550493791407373,4.193836332787017,1.1069205325401152,1.060580641961666,1.112013786048391,1.0201625932641782,0.9999415608798522,1.0467956203761386,1.0201625932641782,0.9999415608798522,1.0467956203761386,4.974995007273436,0.9331152172188585,0.8872209633278014,0.9830154887809307,4.352175119849816,1.066649070645595,1.038653370868507,1.0944612843047026
efficiency,det_nonpar_dt2000ns_ap0.05_tau5000ns,nv_charge_readout_master_v1_4,thin_all_counts,3,eta0.4,0.4,5.437,0.4,10.973359321728898,0.9249776330930898,7.504300359171423,8.16610730916909,0.11758756837904422,9.422120008455401,636.7993609310438,0.0,0.1,off,2.0,mean,-0.3399730444398653,0.67,5.053460065285689,4.7983975098127125,4.7983975098127125,4.5977754239216235,1.0991098084071698,1.0796984475943843,1.114639189977519,1.0531557785596908,1.031365889161675,1.0756493844723132,1.0531557785596908,1.031365889161675,1.0756493844723132,5.036403164634498,1.0033867226458286,0.9685032377521605,1.0153066567299756,4.646282015021146,1.087635242318086,1.064638494617429,1.1090906159824157
efficiency,det_nonpar_dt2000ns_ap0.05_tau5000ns,nv_charge_readout_master_v1_4,thin_all_counts,3,eta0.4,0.4,5.437,0.4,10.973359321728898,0.9249776330930898,7.504300359171423,8.16610730916909,0.11758756837904422,9.422120008455401,636.7993609310438,0.0,0.1,off,2.0,mean,-0.3399730444398653,0.68,5.443376944499214,5.0598066314591765,5.0598066314591765,4.845917580463385,1.1232912764436034,1.1122271711552214,1.1314117233386718,1.0758073066775322,1.054520675070713,1.096838581217214,1.0758073066775322,1.054520675070713,1.096838581217214,5.341879841468006,1.019000259467333,1.0071377597114881,1.0334855892820585,4.9403889101924765,1.1018114248594937,1.0817810523223892,1.1201390359815115
efficiency,det_nonpar_dt2000ns_ap0.05_tau5000ns,nv_charge_readout_master_v1_4,thin_all_counts,3,eta0.4,0.4,5.437,0.4,10.973359321728898,0.9249776330930898,7.504300359171423,8.16610730916909,0.11758756837904422,9.422120008455401,636.7993609310438,0.0,0.1,off,2.0,mean,-0.3399730444398653,0.69,5.831962587940501,5.335456909395884,5.335456909395884,5.145811447891399,1.1333416793439384,1.1279064550459108,1.1388019188438256,1.0930577618704513,1.0741679491384042,1.1140841685228156,1.0930577618704513,1.0741679491384042,1.1140841685228156,5.665884820551915,1.0293118855480738,1.0168467910816905,1.0456874704506043,5.234495805363804,1.1141402734461017,1.100423267700817,1.1275781281951192
efficiency,det_nonpar_dt2000ns_ap0.05_tau5000ns,nv_charge_readout_master_v1_4,thin_all_counts,3,eta0.4,0.4,5.437,0.4,10.973359321728898,0.9249776330930898,7.504300359171423,8.16610730916909,0.11758756837904422,9.422120008455401,636.7993609310438,0.0,0.1,off,2.0,mean,-0.3399730444398653,0.7,6.240179267979034,5.62612417933663,5.62612417933663,5.462432952004992,1.1423809358957109,1.1374298971334138,1.149691805847661,1.109143536308295,1.0896738570365703,1.1298582810179998,1.109143536308295,1.0896738570365703,1.1298582810179998,6.009541912672183,1.0383785251285977,1.023334919634588,1.0569048118660131,5.528602700535134,1.1287082118190594,1.115457707498129,1.14053146693562
efficiency,det_nonpar_dt2000ns_ap0.05_tau5000ns,nv_charge_readout_master_v1_4,thin_all_counts,3,eta0.4,0.4,5.437,0.4,10.973359321728898,0.9249776330930898,7.504300359171423,8.16610730916909,0.11758756837904422,9.422120008455401,636.7993609310438,0.0,0.1,off,2.0,mean,-0.3399730444398653,0.71,6.680157059415283,5.932626543300161,5.932626543300161,5.792707306096738,1.1532012073844153,1.142327070881887,1.167310462051848,1.126003298987246,1.1061604008779273,1.1486116287599717,1.126003298987246,1.1061604008779273,1.1486116287599717,6.3740430919394715,1.0480250859714015,1.0314433775022407,1.0676128550512767,5.847467470924322,1.1424017478731414,1.1318929993441644,1.1515163934672699
efficiency,det_nonpar_dt2000ns_ap0.05_tau5000ns,nv_charge_readout_master_v1_4,thin_all_counts,3,eta0.4,0.4,5.437,0.4,10.973359321728898,0.9249776330930898,7.504300359171423,8.16610730916909,0.11758756837904422,9.422120008455401,636.7993609310438,0.0,0.1,off,2.0,mean,-0.3399730444398653,0.72,7.184640682451073,6.255826672211767,6.255826672211767,6.142950994353162,1.169574800296384,1.152486823212094,1.1862807137079834,1.148471826172083,1.1276854891640582,1.1717572282127693,1.148471826172083,1.1276854891640582,1.1717572282127693,6.760652630149573,1.0627140714804215,1.0409145265874786,1.0856214279626475,6.260412167141371,1.1476306177028794,1.1347318516718503,1.1635857388054518
efficiency,det_nonpar_dt2000ns_ap0.05_tau5000ns,nv_charge_readout_master_v1_4,thin_all_counts,3,eta0.4,0.4,5.437,0.4,10.973359321728898,0.9249776330930898,7.504300359171423,8.16610730916909,0.11758756837904422,9.422120008455401,636.7993609310438,0.0,0.1,off,2.0,mean,-0.3399730444398653,0.73,7.72832162301374,6.596634233946941,6.596634233946941,6.514371419959036,1.186349553133453,1.168851730204945,1.1985956654082037,1.1715552733306058,1.1518805494158018,1.186231538630058,1.1715552733306058,1.1518805494158018,1.186231538630058,7.170711481908253,1.0777621777856132,1.0583394828028048,1.0950120965049326,6.6733568633584195,1.1580860699130064,1.1399577869866742,1.1744366631103742
efficiency,det_nonpar_dt2000ns_ap0.05_tau5000ns,nv_charge_readout_master_v1_4,thin_all_counts,3,eta0.4,0.4,5.437,0.4,10.973359321728898,0.9249776330930898,7.504300359171423,8.16610730916909,0.11758756837904422,9.422120008455401,636.7993609310438,0.0,0.1,off,2.0,mean,-0.3399730444398653,0.74,8.211801282440922,6.956008453651045,6.956008453651045,6.908248989156658,1.1886950362284783,1.176817208902834,1.1998597241378828,1.1805335397674424,1.168809163888304,1.191918543080262,1.1805335397674424,1.168809163888304,1.191918543080262,7.605641935730285,1.0796986436954101,1.0664083955012842,1.0953391971252302,7.0863015595754675,1.1588275228485876,1.1427722453498959,1.1740557894831858
efficiency,det_nonpar_dt2000ns_ap0.05_tau5000ns,nv_charge_readout_master_v1_4,thin_all_counts,3,eta0.4,0.4,5.437,0.4,10.973359321728898,0.9249776330930898,7.504300359171423,8.16610730916909,0.11758756837904422,9.422120008455401,636.7993609310438,0.0,0.1,off,2.0,mean,-0.3399730444398653,0.75,8.765793065372812,7.334960813541144,7.334960813541144,7.325941525219954,1.1965415005287838,1.1267417145372116,1.2068226618530944,1.1950701971290962,1.0042901267476458,1.2056226970755894,1.1950701971290962,1.0042901267476458,1.2056226970755894,8.066952547245055,1.0866300519353393,1.0721073177652563,1.101581256624361,7.499246255792516,1.168889881246665,1.1501362823874266,1.1875401085102395
efficiency,det_nonpar_dt2000ns_ap0.05_tau5000ns,nv_charge_readout_master_v1_4,thin_all_counts,3,eta0.4,0.4,5.437,0.4,10.973359321728898,0.9249776330930898,7.504300359171423,8.16610730916909,0.11758756837904422,9.422120008455401,636.7993609310438,0.0,0.1,off,2.0,mean,-0.3399730444398653,0.76,9.419431414381348,9.188461250633537,9.188461250633537,7.819129145199543,1.2046650259209863,1.1547957157675426,1.2152727932872827,1.0251369796800183,1.0092936415094576,1.0434529833694612,1.0251369796800183,1.0092936415094576,1.0434529833694612,8.556243371619486,1.1008839984174599,1.0877789059253125,1.1116518172034673,7.912190952009565,1.1904959664792933,1.1701370642064468,1.2079424314919338
efficiency,det_nonpar_dt2000ns_ap0.05_tau5000ns,nv_charge_readout_master_v1_4,thin_all_counts,3,eta0.4,0.4,5.437,0.4,10.973359321728898,0.9249776330930898,7.504300359171423,8.16610730916909,0.11758756837904422,9.422120008455401,636.7993609310438,0.0,0.1,off,2.0,mean,-0.3399730444398653,0.77,10.055803631436511,9.592881603655949,9.592881603655949,8.225581202703541,1.2225037214551382,1.2121887756698282,1.2305288452537728,1.048256826979303,1.0313880678629543,1.0666125738579184,1.048256826979303,1.0313880678629543,1.0666125738579184,9.075331808997785,1.1080370220146256,1.1001192888734752,1.1174501003579018,8.325135648226613,1.2078846587416936,1.194694518494239,1.2196640293833325
efficiency,det_nonpar_dt2000ns_ap0.05_tau5000ns,nv_charge_readout_master_v1_4,thin_all_counts,3,eta0.4,0.4,5.437,0.4,10.973359321728898,0.9249776330930898,7.504300359171423,8.16610730916909,0.11758756837904422,9.422120008455401,636.7993609310438,0.0,0.1,off,2.0,mean,-0.3399730444398653,0.78,10.750515580103853,10.015102088547827,10.015102088547827,9.050383413495004,1.187851949352089,1.1801524653886553,1.237070714717755,1.0734304538340118,1.0518090362037473,1.0988913460207377,1.0734304538340118,1.0518090362037473,1.0988913460207377,9.626865452086472,1.1167202485180519,1.1034913192328675,1.132316805391939,8.759934609340382,1.227236966887971,1.2158757002238187,1.2346203606227177
efficiency,det_nonpar_dt2000ns_ap0.05_tau5000ns,nv_charge_readout_master_v1_4,thin_all_counts,3,eta0.4,0.4,5.437,0.4,10.973359321728898,0.9249776330930898,7.504300359171423,8.16610730916909,0.11758756837904422,9.422120008455401,636.7993609310438,0.0,0.1,off,2.0,mean,-0.3399730444398653,0.79,11.56783480361311,10.455906159188782,10.455906159188782,9.50362241510234,1.217202693704508,1.199738201738372,1.2368357532016987,1.1063445508687118,1.0823466380918012,1.132393533041883,1.1063445508687118,1.0823466380918012,1.132393533041883,10.211917358293334,1.1327779493063175,1.1166734472864805,1.15138108498249,9.414957316721097,1.2286656661808197,1.2124404859880418,1.2450676512230672
efficiency,det_nonpar_dt2000ns_ap0.05_tau5000ns,nv_charge_readout_master_v1_4,thin_all_counts,3,eta0.4,0.4,5.437,0.4,10.973359321728898,0.9249776330930898,7.504300359171423,8.16610730916909,0.11758756837904422,9.422120008455401,636.7993609310438,0.0,0.1,off,2.0,mean,-0.3399730444398653,0.8,12.443991288887299,10.916111752348003,10.916111752348003,9.979559415589117,1.2469479633989133,1.2277589894731564,1.2640872429646992,1.1399655455350808,1.1125079302649983,1.1687489447071033,1.1399655455350808,1.1125079302649983,1.1687489447071033,10.83252452749414,1.14876188438836,1.1312185880594363,1.1671939501732687,10.06998002410181,1.2357513380466947,1.2178981541229421,1.2548734517146367
efficiency,det_nonpar_dt2000ns_ap0.05_tau5000ns,nv_charge_readout_master_v1_4,thin_all_counts,3,eta0.4,0.4,5.437,0.4,10.973359321728898,0.9249776330930898,7.504300359171423,8.16610730916909,0.11758756837904422,9.422120008455401,636.7993609310438,0.0,0.1,off,2.0,mean,-0.3399730444398653,0.81,13.410171805587987,11.396572805411951,11.396572805411951,10.479331120206437,1.279678221039342,1.2586178051692574,1.2950695429868124,1.1766846081323525,1.1462290168851021,1.2084175631159324,1.1766846081323525,1.1462290168851021,1.2084175631159324,11.490847753822125,1.1670306745755508,1.1472089393783302,1.1834895352970503,10.725002731482522,1.2503653510710382,1.2274186997931367,1.2700523521770657
efficiency,det_nonpar_dt2000ns_ap0.05_tau5000ns,nv_charge_readout_master_v1_4,thin_all_counts,3,eta0.4,0.4,5.437,0.4,10.973359321728898,0.9249776330930898,7.504300359171423,8.16610730916909,0.11758756837904422,9.422120008455401,636.7993609310438,0.0,0.1,off,2.0,mean,-0.3399730444398653,0.82,14.516265585063545,11.898180840913263,11.898180840913263,11.152257371252935,1.3016437033171402,1.286897008734252,1.3175604089247277,1.220040759100559,1.1883815325805762,1.2525061856479622,1.220040759100559,1.1883815325805762,1.2525061856479622,12.189179148995963,1.190914122076815,1.1753339273813683,1.2075111583112,11.380025438863228,1.2755916639245757,1.25260732226413,1.296993127735656
efficiency,det_nonpar_dt2000ns_ap0.05_tau5000ns,nv_charge_readout_master_v1_4,thin_all_counts,3,eta0.4,0.4,5.437,0.4,10.973359321728898,0.9249776330930898,7.504300359171423,8.16610730916909,0.11758756837904422,9.422120008455401,636.7993609310438,0.0,0.1,off,2.0,mean,-0.3399730444398653,0.83,15.80992861703004,12.421866620801037,12.421866620801037,12.34225310525667,1.280959682336806,1.2474352022198394,1.3261903944065894,1.2727498289633479,1.2358144857155846,1.3038634574146388,1.2727498289633479,1.2358144857155846,1.3038634574146388,13.015443579183605,1.214705324551199,1.2010118490522106,1.233731698815601,12.035048146243941,1.313657280379407,1.2896966142259048,1.3254542176621622
efficiency,det_nonpar_dt2000ns_ap0.05_tau5000ns,nv_charge_readout_master_v1_4,thin_all_counts,3,eta0.4,0.4,5.437,0.4,10.973359321728898,0.9249776330930898,7.504300359171423,8.16610730916909,0.11758756837904422,9.422120008455401,636.7993609310438,0.0,0.1,off,2.0,mean,-0.3399730444398653,0.84,17.16977289358664,12.968601873521973,12.968601873521973,13.185412578136615,1.3021794192512937,1.2595330143971493,1.344616413044652,1.3239494172954918,1.2838957537925708,1.3483523550362577,1.3239494172954918,1.2838957537925708,1.3483523550362577,13.949582512551144,1.2308449287380556,1.2147547665321865,1.248532279851571,12.999200516533095,1.320832990594243,1.3079658171810686,1.3358849722601207
efficiency,det_nonpar_dt2000ns_ap0.05_tau5000ns,nv_charge_readout_master_v1_4,thin_all_counts,3,eta0.4,0.4,5.437,0.4,10.973359321728898,0.9249776330930898,7.504300359171423,8.16610730916909,0.11758756837904422,9.422120008455401,636.7993609310438,0.0,0.1,off,2.0,mean,-0.3399730444398653,0.85,18.8131356532794,18.6242684103761,18.621368962711685,14.590576563917832,1.2894031686043073,1.2843617518899353,1.380832381000638,1.0101409214440915,0.9993067459485507,1.3584408856554677,1.0102982058382344,0.9992037034947462,1.3584408856554677,14.950766071906582,1.2583392424706885,1.22807904769731,1.286510168120163,13.999298196462767,1.3438627700660706,1.3123387455792523,1.3794954790507699
efficiency,det_nonpar_dt2000ns_ap0.05_tau5000ns,nv_charge_readout_master_v1_4,thin_all_counts,3,eta0.4,0.4,5.437,0.4,10.973359321728898,0.9249776330930898,7.504300359171423,8.16610730916909,0.11758756837904422,9.422120008455401,636.7993609310438,0.0,0.1,off,2.0,mean,-0.3399730444398653,0.86,21.271349868674967,20.079223909985135,20.06631549507865,16.897785944178786,1.2588246731816872,1.1974392665830063,1.4040349894447708,1.0593711173317313,1.0188804739768893,1.1297798945408604,1.0600525977921484,1.019532860571398,1.1279207171523637,16.356199011552313,1.300506912006335,1.2770492585404911,1.3481459852011337,14.999395876392441,1.418147106988086,1.3695080463612737,1.4564170935785996
efficiency,det_nonpar_dt2000ns_ap0.05_tau5000ns,nv_charge_readout_master_v1_4,thin_all_counts,3,eta0.4,0.4,5.437,0.4,10.973359321728898,0.9249776330930898,7.504300359171423,8.16610730916909,0.11758756837904422,9.422120008455401,636.7993609310438,0.0,0.1,off,2.0,mean,-0.3399730444398653,0.87,25.265413162096028,21.647842693391304,21.62338431478013,18.220205927460384,1.3866700114523698,1.2592634536778666,1.479438845681083,1.1671099758041525,1.0856093911705795,1.2475777615049397,1.1684301029985615,1.092774364788653,1.2429011718177687,18.308238649142908,1.380002393800936,1.3111729192944537,1.4420759599687532,17.148184237326564,1.4733579259721643,1.4237753807963038,1.5290873669609721
efficiency,det_nonpar_dt2000ns_ap0.05_tau5000ns,nv_charge_readout_master_v1_4,thin_all_counts,3,eta0.4,0.4,5.437,0.4,10.973359321728898,0.9249776330930898,7.504300359171423,8.16610730916909,0.11758756837904422,9.422120008455401,636.7993609310438,0.0,0.1,off,2.0,mean,-0.3399730444398653,0.88,48.936947687057085,42.589941875636825,39.99719579425255,20.936902418127367,2.33735376464701,1.3725121002292093,2.8011952358701477,1.1490259326944752,0.7223214444630524,1.4660609630148853,1.2235094664833766,0.8479294096610069,1.5311977816666231,20.999660336740305,2.3303685346490406,1.3954297893840555,2.7725810261428085,19.526710734461567,2.5061541778611534,1.4842923985580434,2.9614135750764254
efficiency,det_nonpar_dt2000ns_ap0.05_tau5000ns,nv_charge_readout_master_v1_4,thin_all_counts,3,eta0.4,0.4,5.437,0.4,10.973359321728898,0.9249776330930898,7.504300359171423,8.16610730916909,0.11758756837904422,9.422120008455401,636.7993609310438,0.0,0.1,off,2.0,mean,-0.3399730444398653,0.89,nan,nan,47.02052841302669,26.974276868177316,nan,nan,nan,nan,nan,nan,nan,nan,nan,25.74293119110008,nan,nan,nan,23.37805583759016,nan,nan,nan
efficiency,det_nonpar_dt2000ns_ap0.05_tau5000ns,nv_charge_readout_master_v1_4,thin_all_counts,3,eta0.4,0.4,5.437,0.4,10.973359321728898,0.9249776330930898,7.504300359171423,8.16610730916909,0.11758756837904422,9.422120008455401,636.7993609310438,0.0,0.1,off,2.0,mean,-0.3399730444398653,0.9,nan,nan,nan,nan,nan,nan,nan,nan,nan,nan,nan,nan,nan,nan,nan,nan,nan,nan,nan,nan,nan
efficiency,det_nonpar_dt2000ns_ap0.05_tau5000ns,nv_charge_readout_master_v1_4,thin_all_counts,3,eta0.4,0.4,5.437,0.4,10.973359321728898,0.9249776330930898,7.504300359171423,8.16610730916909,0.11758756837904422,9.422120008455401,636.7993609310438,0.0,0.1,off,2.0,mean,-0.3399730444398653,0.91,nan,nan,nan,nan,nan,nan,nan,nan,nan,nan,nan,nan,nan,nan,nan,nan,nan,nan,nan,nan,nan
efficiency,det_nonpar_dt2000ns_ap0.05_tau5000ns,nv_charge_readout_master_v1_4,thin_all_counts,3,eta0.4,0.4,5.437,0.4,10.973359321728898,0.9249776330930898,7.504300359171423,8.16610730916909,0.11758756837904422,9.422120008455401,636.7993609310438,0.0,0.1,off,2.0,mean,-0.3399730444398653,0.92,nan,nan,nan,nan,nan,nan,nan,nan,nan,nan,nan,nan,nan,nan,nan,nan,nan,nan,nan,nan,nan
efficiency,det_nonpar_dt2000ns_ap0.05_tau5000ns,nv_charge_readout_master_v1_4,thin_all_counts,3,eta0.4,0.4,5.437,0.4,10.973359321728898,0.9249776330930898,7.504300359171423,8.16610730916909,0.11758756837904422,9.422120008455401,636.7993609310438,0.0,0.1,off,2.0,mean,-0.3399730444398653,0.93,nan,nan,nan,nan,nan,nan,nan,nan,nan,nan,nan,nan,nan,nan,nan,nan,nan,nan,nan,nan,nan
efficiency,det_nonpar_dt2000ns_ap0.05_tau5000ns,nv_charge_readout_master_v1_4,thin_all_counts,3,eta0.4,0.4,5.437,0.4,10.973359321728898,0.9249776330930898,7.504300359171423,8.16610730916909,0.11758756837904422,9.422120008455401,636.7993609310438,0.0,0.1,off,2.0,mean,-0.3399730444398653,0.94,nan,nan,nan,nan,nan,nan,nan,nan,nan,nan,nan,nan,nan,nan,nan,nan,nan,nan,nan,nan,nan
efficiency,det_nonpar_dt2000ns_ap0.05_tau5000ns,nv_charge_readout_master_v1_4,thin_all_counts,3,eta0.4,0.4,5.437,0.4,10.973359321728898,0.9249776330930898,7.504300359171423,8.16610730916909,0.11758756837904422,9.422120008455401,636.7993609310438,0.0,0.1,off,2.0,mean,-0.3399730444398653,0.95,nan,nan,nan,nan,nan,nan,nan,nan,nan,nan,nan,nan,nan,nan,nan,nan,nan,nan,nan,nan,nan
efficiency,det_nonpar_dt2000ns_ap0.05_tau5000ns,nv_charge_readout_master_v1_4,thin_all_counts,3,eta0.4,0.4,5.437,0.4,10.973359321728898,0.9249776330930898,7.504300359171423,8.16610730916909,0.11758756837904422,9.422120008455401,636.7993609310438,0.0,0.1,off,2.0,mean,-0.3399730444398653,0.96,nan,nan,nan,nan,nan,nan,nan,nan,nan,nan,nan,nan,nan,nan,nan,nan,nan,nan,nan,nan,nan
efficiency,det_nonpar_dt2000ns_ap0.05_tau5000ns,nv_charge_readout_master_v1_4,thin_all_counts,3,eta0.4,0.4,5.437,0.4,10.973359321728898,0.9249776330930898,7.504300359171423,8.16610730916909,0.11758756837904422,9.422120008455401,636.7993609310438,0.0,0.1,off,2.0,mean,-0.3399730444398653,0.97,nan,nan,nan,nan,nan,nan,nan,nan,nan,nan,nan,nan,nan,nan,nan,nan,nan,nan,nan,nan,nan
efficiency,det_nonpar_dt2000ns_ap0.05_tau5000ns,nv_charge_readout_master_v1_4,thin_all_counts,3,eta0.4,0.4,5.437,0.4,10.973359321728898,0.9249776330930898,7.504300359171423,8.16610730916909,0.11758756837904422,9.422120008455401,636.7993609310438,0.0,0.1,off,2.0,mean,-0.3399730444398653,0.98,nan,nan,nan,nan,nan,nan,nan,nan,nan,nan,nan,nan,nan,nan,nan,nan,nan,nan,nan,nan,nan
efficiency,det_nonpar_dt2000ns_ap0.05_tau5000ns,nv_charge_readout_master_v1_4,thin_all_counts,3,eta0.4,0.4,5.437,0.4,10.973359321728898,0.9249776330930898,7.504300359171423,8.16610730916909,0.11758756837904422,9.422120008455401,636.7993609310438,0.0,0.1,off,2.0,mean,-0.3399730444398653,0.99,nan,nan,nan,nan,nan,nan,nan,nan,nan,nan,nan,nan,nan,nan,nan,nan,nan,nan,nan,nan,nan
efficiency,det_nonpar_dt2000ns_ap0.05_tau5000ns,nv_charge_readout_master_v1_4,thin_all_counts,4,eta1,1.0,5.437,1.0,27.43339830432224,0.9249776330930897,7.504300359171423,12.911749357161563,0.11758756837904422,9.422120008455401,636.7993609310438,0.0,0.1,off,2.0,mean,-1.1962228594309758,0.55,0.5055796168797135,1.597636221149865,1.597636221149865,0.4649595031598201,1.0873626916835617,1.0530726393552654,1.124445648117752,0.31645477874546013,0.2910958501190109,0.3426822729788786,0.31645477874546013,0.2910958501190109,0.3426822729788786,4.974995007273436,0.10162414558015774,0.09312554440946352,0.11047696800206165,0.4962429700038089,1.0188146682981383,0.9973227756166326,1.048670818346126
efficiency,det_nonpar_dt2000ns_ap0.05_tau5000ns,nv_charge_readout_master_v1_4,thin_all_counts,4,eta1,1.0,5.437,1.0,27.43339830432224,0.9249776330930897,7.504300359171423,12.911749357161563,0.11758756837904422,9.422120008455401,636.7993609310438,0.0,0.1,off,2.0,mean,-1.1962228594309758,0.56,0.624692980635441,1.597636221149865,1.597636221149865,0.5977889952084428,1.0450058225270893,1.0344368446199816,1.0694003211714453,0.3910107772755874,0.36034369441672476,0.4182825902277426,0.3910107772755874,0.36034369441672476,0.4182825902277426,4.974995007273436,0.12556655428239438,0.11543216345622104,0.13466751949803568,0.606628007892051,1.029779325234526,1.000667418615157,1.0678591419434533
efficiency,det_nonpar_dt2000ns_ap0.05_tau5000ns,nv_charge_readout_master_v1_4,thin_all_counts,4,eta1,1.0,5.437,1.0,27.43339830432224,0.9249776330930897,7.504300359171423,12.911749357161563,0.11758756837904422,9.422120008455401,636.7993609310438,0.0,0.1,off,2.0,mean,-1.1962228594309758,0.57,0.7400698086871087,1.597636221149865,1.597636221149865,0.703067163418521,1.0526303135658759,1.0335241568463505,1.0780065408457187,0.46322798575163693,0.4319160342612183,0.4974047940998352,0.46322798575163693,0.4319160342612183,0.4974047940998352,4.974995007273436,0.14875789977781437,0.13859536404477163,0.1603108596223863,0.7170130457802917,1.0321566853525315,1.0176162159379194,1.077490462821686
efficiency,det_nonpar_dt2000ns_ap0.05_tau5000ns,nv_charge_readout_master_v1_4,thin_all_counts,4,eta1,1.0,5.437,1.0,27.43339830432224,0.9249776330930897,7.504300359171423,12.911749357161563,0.11758756837904422,9.422120008455401,636.7993609310438,0.0,0.1,off,2.0,mean,-1.1962228594309758,0.58,0.868492274069437,1.597636221149865,1.597636221149865,0.8177305588375879,1.0620763339259418,1.0440560912977384,1.0822149344699792,0.5436107810852949,0.5138947785637925,0.577417946872285,0.5436107810852949,0.5138947785637925,0.577417946872285,4.974995007273436,0.17457148656424828,0.16483002494584392,0.18580989711041895,0.8273980836685337,1.0496667700977733,1.0332949613983584,1.0871174099019107
efficiency,det_nonpar_dt2000ns_ap0.05_tau5000ns,nv_charge_readout_master_v1_4,thin_all_counts,4,eta1,1.0,5.437,1.0,27.43339830432224,0.9249776330930897,7.504300359171423,12.911749357161563,0.11758756837904422,9.422120008455401,636.7993609310438,0.0,0.1,off,2.0,mean,-1.1962228594309758,0.59,0.9913882783376472,1.597636221149865,1.597636221149865,0.9437611932846418,1.0504651869476063,1.0381005161442465,1.0715370658011492,0.6205344278086763,0.5854902238099696,0.6553101245617342,0.6205344278086763,0.5854902238099696,0.6553101245617342,4.974995007273436,0.19927422578077744,0.1873186317534525,0.21091863461106156,0.9377831215567758,1.0571615713150004,1.0360954948360188,1.092846928539085
efficiency,det_nonpar_dt2000ns_ap0.05_tau5000ns,nv_charge_readout_master_v1_4,thin_all_counts,4,eta1,1.0,5.437,1.0,27.43339830432224,0.9249776330930897,7.504300359171423,12.911749357161563,0.11758756837904422,9.422120008455401,636.7993609310438,0.0,0.1,off,2.0,mean,-1.1962228594309758,0.6,1.1183848817780413,1.597636221149865,1.597636221149865,1.0317710231106736,1.0839467834696856,1.0612769099451596,1.107222412405394,0.700024740909484,0.6616651584828869,0.7403832449740767,0.700024740909484,0.6616651584828869,0.7403832449740767,4.974995007273436,0.22480120686412028,0.21183474066811156,0.23805494256572957,1.0481681594450178,1.0669899402116942,1.0469423173806767,1.0973249312671542
efficiency,det_nonpar_dt2000ns_ap0.05_tau5000ns,nv_charge_readout_master_v1_4,thin_all_counts,4,eta1,1.0,5.437,1.0,27.43339830432224,0.9249776330930897,7.504300359171423,12.911749357161563,0.11758756837904422,9.422120008455401,636.7993609310438,0.0,0.1,off,2.0,mean,-1.1962228594309758,0.61,1.237930618541039,1.597636221149865,1.597636221149865,1.1279881517757782,1.0974677496321037,1.0808334350049367,1.1152716001707705,0.7748513723919358,0.7426845149300356,0.8102534605547421,0.7748513723919358,0.7426845149300356,0.8102534605547421,4.974995007273436,0.24883052480076587,0.2373926817767433,0.2608254126676174,1.15855319733326,1.0685142653703679,1.0540525953293702,1.0916262658507798
efficiency,det_nonpar_dt2000ns_ap0.05_tau5000ns,nv_charge_readout_master_v1_4,thin_all_counts,4,eta1,1.0,5.437,1.0,27.43339830432224,0.9249776330930897,7.504300359171423,12.911749357161563,0.11758756837904422,9.422120008455401,636.7993609310438,0.0,0.1,off,2.0,mean,-1.1962228594309758,0.62,1.3547910349025218,1.597636221149865,1.597636221149865,1.2331779455392358,1.0986176324375538,1.0818230031780656,1.116341412183806,0.8479971954613295,0.8095190420981054,0.8869018907776222,0.8479971954613295,0.8095190420981054,0.8869018907776222,4.974995007273436,0.27232007930094787,0.2593655190018121,0.28558008174658567,1.2689382352215017,1.0676571934693369,1.053669540985156,1.0887565757047584
efficiency,det_nonpar_dt2000ns_ap0.05_tau5000ns,nv_charge_readout_master_v1_4,thin_all_counts,4,eta1,1.0,5.437,1.0,27.43339830432224,0.9249776330930897,7.504300359171423,12.911749357161563,0.11758756837904422,9.422120008455401,636.7993609310438,0.0,0.1,off,2.0,mean,-1.1962228594309758,0.63,1.482683052476249,1.597636221149865,1.597636221149865,1.348177144387826,1.0997687200442037,1.0858943935162164,1.1143510992607417,0.9280479704003701,0.8857573556736009,0.9663296814139016,0.9280479704003701,0.8857573556736009,0.9663296814139016,4.974995007273436,0.2980270433052834,0.2828253840477786,0.31109978385957426,1.3793857330288688,1.0748864635714037,1.0671567509833348,1.0884000214131875
efficiency,det_nonpar_dt2000ns_ap0.05_tau5000ns,nv_charge_readout_master_v1_4,thin_all_counts,4,eta1,1.0,5.437,1.0,27.43339830432224,0.9249776330930897,7.504300359171423,12.911749357161563,0.11758756837904422,9.422120008455401,636.7993609310438,0.0,0.1,off,2.0,mean,-1.1962228594309758,0.64,1.606740529786538,1.597636221149865,1.597636221149865,1.4739005179458782,1.090128207584725,1.0064191674727205,1.1033835022260152,1.0056986118092144,0.9638176028849864,1.047501300109955,1.0056986118092144,0.9638176028849864,1.047501300109955,4.974995007273436,0.32296324467411236,0.30863173827324414,0.33732793218544316,1.4942678850941216,1.075269398355123,1.0663784453090288,1.0873116990949736
efficiency,det_nonpar_dt2000ns_ap0.05_tau5000ns,nv_charge_readout_master_v1_4,thin_all_counts,4,eta1,1.0,5.437,1.0,27.43339830432224,0.9249776330930897,7.504300359171423,12.911749357161563,0.11758756837904422,9.422120008455401,636.7993609310438,0.0,0.1,off,2.0,mean,-1.1962228594309758,0.65,1.7386603698158012,1.597636221149865,1.597636221149865,1.597636221149865,1.0882705003798907,0.9967753592493658,1.0954159465559943,1.0882705003798907,0.9955089412836159,1.0954159465559943,1.0882705003798907,0.9955089412836159,1.0954159465559943,4.974995007273436,0.3494798220448226,0.3343183602819751,0.3645902274572514,1.6091500371593743,1.0804836899392247,1.0675454587805202,1.0917867865674902
efficiency,det_nonpar_dt2000ns_ap0.05_tau5000ns,nv_charge_readout_master_v1_4,thin_all_counts,4,eta1,1.0,5.437,1.0,27.43339830432224,0.9249776330930897,7.504300359171423,12.911749357161563,0.11758756837904422,9.422120008455401,636.7993609310438,0.0,0.1,off,2.0,mean,-1.1962228594309758,0.66,1.8849294105590024,1.8441869892934295,1.8441869892934295,1.8220247285573454,1.0345246038737708,1.0138069470993467,1.0564067233898398,1.0220923482825257,1.0061625213805447,1.0419111173447873,1.0220923482825257,1.0061625213805447,1.0419111173447873,4.974995007273436,0.378880663760112,0.36314085430953685,0.3952911957183805,1.724032189224627,1.0933261120876971,1.085632524050192,1.0988710415783585
efficiency,det_nonpar_dt2000ns_ap0.05_tau5000ns,nv_charge_readout_master_v1_4,thin_all_counts,4,eta1,1.0,5.437,1.0,27.43339830432224,0.9249776330930897,7.504300359171423,12.911749357161563,0.11758756837904422,9.422120008455401,636.7993609310438,0.0,0.1,off,2.0,mean,-1.1962228594309758,0.67,2.0359084637691987,1.9466146394496684,1.9466146394496684,1.8983958210483398,1.0724362333693513,1.052780891472348,1.0934450880880053,1.0458713412043252,1.0271548907495094,1.0652123125966122,1.0458713412043252,1.0271548907495094,1.0652123125966122,4.974995007273436,0.4092282425997822,0.3932480562210416,0.4271841276820209,1.860971568345752,1.0940029919849614,1.0842194133599383,1.1036334112705146
efficiency,det_nonpar_dt2000ns_ap0.05_tau5000ns,nv_charge_readout_master_v1_4,thin_all_counts,4,eta1,1.0,5.437,1.0,27.43339830432224,0.9249776330930897,7.504300359171423,12.911749357161563,0.11758756837904422,9.422120008455401,636.7993609310438,0.0,0.1,off,2.0,mean,-1.1962228594309758,0.68,2.195897596376664,2.0547312048717874,2.0547312048717874,1.977968046694583,1.1101784986093517,1.0900252274908206,1.1294024953823232,1.0687030941906999,1.0470194909331245,1.0914080747259853,1.0687030941906999,1.0470194909331245,1.0914080747259853,4.974995007273436,0.4413868944926105,0.42326729455287077,0.46060149995,2.0047286358296006,1.0953590212312967,1.0809665653558858,1.1131204109806663
efficiency,det_nonpar_dt2000ns_ap0.05_tau5000ns,nv_charge_readout_master_v1_4,thin_all_counts,4,eta1,1.0,5.437,1.0,27.43339830432224,0.9249776330930897,7.504300359171423,12.911749357161563,0.11758756837904422,9.422120008455401,636.7993609310438,0.0,0.1,off,2.0,mean,-1.1962228594309758,0.69,2.3691556572176653,2.1688526525555427,2.1688526525555427,2.0782722468377877,1.1399640546720833,1.1286458398414347,1.1496064255090037,1.0923543627669252,1.0680119289765078,1.1175848505830674,1.0923543627669252,1.0680119289765078,1.1175848505830674,4.974995007273436,0.4762126703150381,0.45646170349787735,0.4966773802619467,2.1484857033134475,1.1027095286526205,1.0865660746322454,1.1225933776578247
efficiency,det_nonpar_dt2000ns_ap0.05_tau5000ns,nv_charge_readout_master_v1_4,thin_all_counts,4,eta1,1.0,5.437,1.0,27.43339830432224,0.9249776330930897,7.504300359171423,12.911749357161563,0.11758756837904422,9.422120008455401,636.7993609310438,0.0,0.1,off,2.0,mean,-1.1962228594309758,0.7,2.545241669366183,2.289312498561453,2.289312498561453,2.218445958628452,1.1473083937279098,1.1381169258438186,1.1557473359925476,1.1117930256203772,1.0881700814105848,1.132962980234115,1.1117930256203772,1.0881700814105848,1.132962980234115,4.974995007273436,0.5116068791315455,0.49162665294728025,0.532666052103577,2.292242770797296,1.1103717729169182,1.0927695647141622,1.1275481804637515
efficiency,det_nonpar_dt2000ns_ap0.05_tau5000ns,nv_charge_readout_master_v1_4,thin_all_counts,4,eta1,1.0,5.437,1.0,27.43339830432224,0.9249776330930897,7.504300359171423,12.911749357161563,0.11758756837904422,9.422120008455401,636.7993609310438,0.0,0.1,off,2.0,mean,-1.1962228594309758,0.71,2.721089560192999,2.416462782704168,2.416462782704168,2.3580994326165343,1.1539333424857716,1.1440978790415843,1.165172564883275,1.1260630950615906,1.1036486178752234,1.1483160129594279,1.1260630950615906,1.1036486178752234,1.1483160129594279,4.974995007273436,0.5469532243177672,0.5269857363601176,0.5708142863953979,2.4359998382811447,1.117031913316142,1.0999295602220271,1.1351379502812464
efficiency,det_nonpar_dt2000ns_ap0.05_tau5000ns,nv_charge_readout_master_v1_4,thin_all_counts,4,eta1,1.0,5.437,1.0,27.43339830432224,0.9249776330930897,7.504300359171423,12.911749357161563,0.11758756837904422,9.422120008455401,636.7993609310438,0.0,0.1,off,2.0,mean,-1.1962228594309758,0.72,2.9055816306344115,2.5506750973768924,2.5506750973768924,2.4944144452117976,1.1648351524791232,0.9129806328232054,1.1729576987659314,1.139142195578929,1.1174098435113466,1.1593420154861243,1.139142195578929,1.1174098435113466,1.1593420154861243,4.974995007273436,0.5840370947883274,0.5637705055319687,0.6079246294151823,2.579756905764993,1.126300553413113,1.1099375274311494,1.1436748407843622
efficiency,det_nonpar_dt2000ns_ap0.05_tau5000ns,nv_charge_readout_master_v1_4,thin_all_counts,4,eta1,1.0,5.437,1.0,27.43339830432224,0.9249776330930897,7.504300359171423,12.911749357161563,0.11758756837904422,9.422120008455401,636.7993609310438,0.0,0.1,off,2.0,mean,-1.1962228594309758,0.73,3.100271829064392,2.6923416735175514,2.6923416735175514,3.338422017069237,0.9286638457369406,0.9082079986055589,1.176636589769342,1.1515150025568184,1.131875731364079,1.1722875674254885,1.1515150025568184,1.131875731364079,1.1722875674254885,4.974995007273436,0.6231708422886453,0.6011971874214609,0.6483190723051316,2.7235139732488416,1.1383352020647506,1.1220245910936117,1.1557765813167684
efficiency,det_nonpar_dt2000ns_ap0.05_tau5000ns,nv_charge_readout_master_v1_4,thin_all_counts,4,eta1,1.0,5.437,1.0,27.43339830432224,0.9249776330930897,7.504300359171423,12.911749357161563,0.11758756837904422,9.422120008455401,636.7993609310438,0.0,0.1,off,2.0,mean,-1.1962228594309758,0.74,3.315043493252359,2.8418765268904056,2.8418765268904056,3.338422017069237,0.9929971334668461,0.9581939113804337,1.0320390505633592,1.166498073327519,1.1453960896221662,1.184174893321102,1.166498073327519,1.1453960896221662,1.184174893321102,4.974995007273436,0.6663410693690688,0.6412153435462682,0.6947976998399749,2.86727104073269,1.1561667683865866,1.139631496681823,1.1714189869199048
efficiency,det_nonpar_dt2000ns_ap0.05_tau5000ns,nv_charge_readout_master_v1_4,thin_all_counts,4,eta1,1.0,5.437,1.0,27.43339830432224,0.9249776330930897,7.504300359171423,12.911749357161563,0.11758756837904422,9.422120008455401,636.7993609310438,0.0,0.1,off,2.0,mean,-1.1962228594309758,0.75,3.5476927552117847,2.99971666803308,2.99971666803308,3.338422017069237,1.0626855253986924,1.02688224095996,1.1067932236526867,1.1826759483714886,1.1640589027867965,1.1989678117899845,1.1826759483714886,1.1640589027867965,1.1989678117899845,4.974995007273436,0.7131047870450247,0.6859940860380439,0.7448183769181256,3.0110281082165384,1.1782330246372619,1.1638229895166314,1.1937799011707049
efficiency,det_nonpar_dt2000ns_ap0.05_tau5000ns,nv_charge_readout_master_v1_4,thin_all_counts,4,eta1,1.0,5.437,1.0,27.43339830432224,0.9249776330930897,7.504300359171423,12.911749357161563,0.11758756837904422,9.422120008455401,636.7993609310438,0.0,0.1,off,2.0,mean,-1.1962228594309758,0.76,3.8048845854795528,3.166323379405038,3.166323379405038,3.338422017069237,1.1397254649128565,1.098234075803887,1.189704645050466,1.201672769821288,1.1856568415517952,1.2131879844160163,1.201672769821288,1.1856568415517952,1.2131879844160163,4.974995007273436,0.7648016892312086,0.734201807096202,0.8016198885076022,3.1741999752751875,1.1986908875045557,1.188608221834788,1.2114135166343438
efficiency,det_nonpar_dt2000ns_ap0.05_tau5000ns,nv_charge_readout_master_v1_4,thin_all_counts,4,eta1,1.0,5.437,1.0,27.43339830432224,0.9249776330930897,7.504300359171423,12.911749357161563,0.11758756837904422,9.422120008455401,636.7993609310438,0.0,0.1,off,2.0,mean,-1.1962228594309758,0.77,4.0741214369558145,4.074205963442598,4.074205963442598,3.43847452878513,1.1848630556513877,1.1756109851657428,1.2195452441237535,0.9999792532612387,0.9982092959525025,1.223748251909783,0.9999792532612387,0.9982092959525025,1.223748251909783,4.974995007273436,0.8189197036377834,0.7869973450791155,0.8505604688659252,3.371721103120021,1.208321006498974,1.194677212930464,1.2227223854145253
efficiency,det_nonpar_dt2000ns_ap0.05_tau5000ns,nv_charge_readout_master_v1_4,thin_all_counts,4,eta1,1.0,5.437,1.0,27.43339830432224,0.9249776330930897,7.504300359171423,12.911749357161563,0.11758756837904422,9.422120008455401,636.7993609310438,0.0,0.1,off,2.0,mean,-1.1962228594309758,0.78,4.312122349543207,4.240749316322785,4.240749316322785,3.5115401435604223,1.227986061173448,1.2057835506614938,1.2361926396870888,1.0168302882100824,1.006562521242743,1.0313777626813068,1.0168302882100824,1.006562521242743,1.0313777626813068,4.974995007273436,0.8667591310622202,0.8375450202488782,0.8989194298693504,3.5692422309648544,1.2081338476087498,1.1953855525915709,1.223162949705401
efficiency,det_nonpar_dt2000ns_ap0.05_tau5000ns,nv_charge_readout_master_v1_4,thin_all_counts,4,eta1,1.0,5.437,1.0,27.43339830432224,0.9249776330930897,7.504300359171423,12.911749357161563,0.11758756837904422,9.422120008455401,636.7993609310438,0.0,0.1,off,2.0,mean,-1.1962228594309758,0.79,4.564026734393016,4.414100545053495,4.414100545053495,3.6847819032088576,1.238615162112709,1.2159384257320747,1.2467826062534908,1.0339652864290847,1.020161669273462,1.053591624893069,1.0339652864290847,1.020161669273462,1.053591624893069,4.974995007273436,0.9173932290827257,0.886530738792612,0.9537673262011667,3.766763358809688,1.2116574097278217,1.1968908803281064,1.2305499129729873
efficiency,det_nonpar_dt2000ns_ap0.05_tau5000ns,nv_charge_readout_master_v1_4,thin_all_counts,4,eta1,1.0,5.437,1.0,27.43339830432224,0.9249776330930897,7.504300359171423,12.911749357161563,0.11758756837904422,9.422120008455401,636.7993609310438,0.0,0.1,off,2.0,mean,-1.1962228594309758,0.8,4.854689617931436,4.594537938577483,4.594537938577483,3.9133627168671485,1.2405416949998105,1.2227993220300277,1.2558125468186752,1.0566219460654838,1.0380609161244045,1.0779191370462575,1.0566219460654838,1.0380609161244045,1.0779191370462575,4.974995007273436,0.9758179879243872,0.9405100688579898,0.9999802027726291,3.9642844866545213,1.2246067693361564,1.2074163653846943,1.2442974371880229
efficiency,det_nonpar_dt2000ns_ap0.05_tau5000ns,nv_charge_readout_master_v1_4,thin_all_counts,4,eta1,1.0,5.437,1.0,27.43339830432224,0.9249776330930897,7.504300359171423,12.911749357161563,0.11758756837904422,9.422120008455401,636.7993609310438,0.0,0.1,off,2.0,mean,-1.1962228594309758,0.81,5.164785844028057,4.782351161593669,4.782351161593669,4.144121261839044,1.2462921612810314,1.2374263282386613,1.266018797271287,1.0799679215331703,1.0580585056672756,1.1020475921380304,1.0799679215331703,1.0580585056672756,1.1020475921380304,5.169275583134333,0.9991314568097465,0.9910530787409157,1.00715254703032,4.161805614499355,1.2409964141608176,1.22133400619499,1.2613327420249545
efficiency,det_nonpar_dt2000ns_ap0.05_tau5000ns,nv_charge_readout_master_v1_4,thin_all_counts,4,eta1,1.0,5.437,1.0,27.43339830432224,0.9249776330930897,7.504300359171423,12.911749357161563,0.11758756837904422,9.422120008455401,636.7993609310438,0.0,0.1,off,2.0,mean,-1.1962228594309758,0.82,5.490144838028043,4.9778417195696,4.9778417195696,4.335272203345477,1.266389878308302,1.2529617524936973,1.279438740202256,1.1029167151788704,1.080862978256856,1.1247404382698927,1.1029167151788704,1.080862978256856,1.1247404382698927,5.481711938873562,1.001538369627685,0.9919056920942645,1.0131495581783767,4.3593267423441855,1.2594020046030712,1.242557803413182,1.2753106159741372
efficiency,det_nonpar_dt2000ns_ap0.05_tau5000ns,nv_charge_readout_master_v1_4,thin_all_counts,4,eta1,1.0,5.437,1.0,27.43339830432224,0.9249776330930897,7.504300359171423,12.911749357161563,0.11758756837904422,9.422120008455401,636.7993609310438,0.0,0.1,off,2.0,mean,-1.1962228594309758,0.83,5.835862057114192,5.181323442762478,5.181323442762478,4.535240136472128,1.2867812687982145,1.2713846671104443,1.303903952705624,1.126326530582839,1.1035350195895948,1.153187095727339,1.126326530582839,1.1035350195895948,1.153187095727339,5.813032270678243,1.0039273455526998,0.9909154401093578,1.021415357372388,4.556847870189019,1.2806795889089269,1.26509318456051,1.2989874458725894
efficiency,det_nonpar_dt2000ns_ap0.05_tau5000ns,nv_charge_readout_master_v1_4,thin_all_counts,4,eta1,1.0,5.437,1.0,27.43339830432224,0.9249776330930897,7.504300359171423,12.911749357161563,0.11758756837904422,9.422120008455401,636.7993609310438,0.0,0.1,off,2.0,mean,-1.1962228594309758,0.84,6.238810944147419,5.393122990025728,5.393122990025728,4.744431752081296,1.3149753795932602,1.2980554565828981,1.3297986466827088,1.1568085793121614,1.1316355608883015,1.1842316602657674,1.1568085793121614,1.1316355608883015,1.1842316602657674,6.1643779455675745,1.0120746974369677,0.9961988418019971,1.0287387939671058,4.790638051238337,1.3022922786944304,1.2871541616431663,1.3137457038875844
efficiency,det_nonpar_dt2000ns_ap0.05_tau5000ns,nv_charge_readout_master_v1_4,thin_all_counts,4,eta1,1.0,5.437,1.0,27.43339830432224,0.9249776330930897,7.504300359171423,12.911749357161563,0.11758756837904422,9.422120008455401,636.7993609310438,0.0,0.1,off,2.0,mean,-1.1962228594309758,0.85,6.684259061603617,5.613580373209951,5.613580373209951,5.020849595914637,1.331300397255967,1.3210974951782972,1.3457645335405521,1.190730089748663,1.1632631794666226,1.228209460294836,1.190730089748663,1.1632631794666226,1.228209460294836,6.536959315962347,1.0225333734725233,1.001828180012357,1.0472156933753012,5.151369918503347,1.2975692228186222,1.281047742783482,1.3168667557854865
efficiency,det_nonpar_dt2000ns_ap0.05_tau5000ns,nv_charge_readout_master_v1_4,thin_all_counts,4,eta1,1.0,5.437,1.0,27.43339830432224,0.9249776330930897,7.504300359171423,12.911749357161563,0.11758756837904422,9.422120008455401,636.7993609310438,0.0,0.1,off,2.0,mean,-1.1962228594309758,0.86,7.271599092452145,5.8430495030000476,5.8430495030000476,5.363011235978458,1.3558798914441343,1.3409693239284812,1.3752096188094525,1.244486990691868,1.2102335968391007,1.2848804376860374,1.244486990691868,1.2102335968391007,1.2848804376860374,6.93205988923388,1.0489809967951373,1.0234155609075946,1.075033192301451,5.512101785768357,1.3192062438372631,1.2951298624841507,1.345839356194054
efficiency,det_nonpar_dt2000ns_ap0.05_tau5000ns,nv_charge_readout_master_v1_4,thin_all_counts,4,eta1,1.0,5.437,1.0,27.43339830432224,0.9249776330930897,7.504300359171423,12.911749357161563,0.11758756837904422,9.422120008455401,636.7993609310438,0.0,0.1,off,2.0,mean,-1.1962228594309758,0.87,7.973939085967881,6.081898757064827,6.081898757064827,5.724663839499784,1.3929095767944057,1.3702329781525586,1.4201102940434922,1.3110936903882577,1.266070846872577,1.3609791513223193,1.3110936903882577,1.266070846872577,1.3609791513223193,7.3510407492647785,1.084736074516442,1.0528073760503245,1.1180729844810797,5.872833653033368,1.3577668902386286,1.325690619357264,1.3933746331947559
efficiency,det_nonpar_dt2000ns_ap0.05_tau5000ns,nv_charge_readout_master_v1_4,thin_all_counts,4,eta1,1.0,5.437,1.0,27.43339830432224,0.9249776330930897,7.504300359171423,12.911749357161563,0.11758756837904422,9.422120008455401,636.7993609310438,0.0,0.1,off,2.0,mean,-1.1962228594309758,0.88,8.838685042776966,6.330511571431126,6.330511571431126,6.179256076792089,1.4303801190523728,1.4102976850351887,1.4615656531837322,1.3962039154410426,1.3419613524846923,1.448031914134251,1.3962039154410426,1.3419613524846923,1.448031914134251,7.795345245253419,1.1338413841463708,1.0944339734013384,1.1675303612346979,6.233565520298379,1.417918046099865,1.3746735378000547,1.4595061638087874
efficiency,det_nonpar_dt2000ns_ap0.05_tau5000ns,nv_charge_readout_master_v1_4,thin_all_counts,4,eta1,1.0,5.437,1.0,27.43339830432224,0.9249776330930897,7.504300359171423,12.911749357161563,0.11758756837904422,9.422120008455401,636.7993609310438,0.0,0.1,off,2.0,mean,-1.1962228594309758,0.89,10.163223265794814,12.512919222775198,10.134818137047569,7.541852900693968,1.3475764377292003,1.2800467755665477,1.481907743413136,0.8122184028245287,0.7827235521473778,1.4673899845425549,1.002802727031027,0.9733275290288691,1.4673899845425549,8.37798631334205,1.213086639877861,1.1655779939707072,1.2781074683393683,6.8465923613724895,1.4844206766470118,1.442006764613292,1.569374866542535
efficiency,det_nonpar_dt2000ns_ap0.05_tau5000ns,nv_charge_readout_master_v1_4,thin_all_counts,4,eta1,1.0,5.437,1.0,27.43339830432224,0.9249776330930897,7.504300359171423,12.911749357161563,0.11758756837904422,9.422120008455401,636.7993609310438,0.0,0.1,off,2.0,mean,-1.1962228594309758,0.9,13.567814269431903,13.513034648496868,12.437467744773368,8.336585237344481,1.627502614458215,1.4504211937618836,2.327922951046251,1.0040538356009565,0.8699693395489944,1.345470362567548,1.090882368328838,0.9597392374343253,1.4395618257332388,9.568583610226293,1.4179542994149612,1.2554899126765964,1.8939258466027347,7.79329965167799,1.7409588846632622,1.5378717790886702,2.3318313056660966
efficiency,det_nonpar_dt2000ns_ap0.05_tau5000ns,nv_charge_readout_master_v1_4,thin_all_counts,4,eta1,1.0,5.437,1.0,27.43339830432224,0.9249776330930897,7.504300359171423,12.911749357161563,0.11758756837904422,9.422120008455401,636.7993609310438,0.0,0.1,off,2.0,mean,-1.1962228594309758,0.91,19.062747757338656,14.593085926673009,13.854349645796688,8.71857489739676,2.186452256438207,2.0337987638693993,2.2303774667817295,1.3062862682454346,1.2874008174870142,1.3285735735592112,1.3759395601165703,1.3468016520977752,1.405777565954848,10.928376925143015,1.744334761503405,1.697242295270512,1.809817666168841,8.795395015458933,2.1673554995351147,2.0349943702288016,2.251586539362878
efficiency,det_nonpar_dt2000ns_ap0.05_tau5000ns,nv_charge_readout_master_v1_4,thin_all_counts,4,eta1,1.0,5.437,1.0,27.43339830432224,0.9249776330930897,7.504300359171423,12.911749357161563,0.11758756837904422,9.422120008455401,636.7993609310438,0.0,0.1,off,2.0,mean,-1.1962228594309758,0.92,20.745149312506573,15.75946206035595,15.432643368152458,14.601005597450703,1.4208027778667944,1.3486834616960799,2.150551008973012,1.3163615124079948,1.2924825145398833,1.3390252073096875,1.344238236938544,1.3070814394110508,1.3769390144734697,11.853030792096694,1.7501978756639123,1.6944472090413734,1.815727265122383,10.467182540352027,1.9819229513321244,1.883964987559087,2.0928214825676865
efficiency,det_nonpar_dt2000ns_ap0.05_tau5000ns,nv_charge_readout_master_v1_4,thin_all_counts,4,eta1,1.0,5.437,1.0,27.43339830432224,0.9249776330930897,7.504300359171423,12.911749357161563,0.11758756837904422,9.422120008455401,636.7993609310438,0.0,0.1,off,2.0,mean,-1.1962228594309758,0.93,24.03534551597928,nan,26.17133340549614,18.895016848882573,1.2720467892782377,1.1830055374272532,1.4734620880973799,nan,nan,nan,0.9183844454379887,0.8771540581983895,1.0145535469823814,13.87223102732182,1.7326229262359363,1.5936176929446617,1.9285245559800948,12.479240963364411,1.9260262372159,1.7428398110300731,2.1433587786158346
efficiency,det_nonpar_dt2000ns_ap0.05_tau5000ns,nv_charge_readout_master_v1_4,thin_all_counts,4,eta1,1.0,5.437,1.0,27.43339830432224,0.9249776330930897,7.504300359171423,12.911749357161563,0.11758756837904422,9.422120008455401,636.7993609310438,0.0,0.1,off,2.0,mean,-1.1962228594309758,0.94,nan,nan,75.35600629347017,30.27130457931096,nan,nan,nan,nan,nan,nan,nan,nan,nan,nan,nan,nan,nan,20.00721786546107,nan,nan,nan
efficiency,det_nonpar_dt2000ns_ap0.05_tau5000ns,nv_charge_readout_master_v1_4,thin_all_counts,4,eta1,1.0,5.437,1.0,27.43339830432224,0.9249776330930897,7.504300359171423,12.911749357161563,0.11758756837904422,9.422120008455401,636.7993609310438,0.0,0.1,off,2.0,mean,-1.1962228594309758,0.95,nan,nan,nan,nan,nan,nan,nan,nan,nan,nan,nan,nan,nan,nan,nan,nan,nan,nan,nan,nan,nan
efficiency,det_nonpar_dt2000ns_ap0.05_tau5000ns,nv_charge_readout_master_v1_4,thin_all_counts,4,eta1,1.0,5.437,1.0,27.43339830432224,0.9249776330930897,7.504300359171423,12.911749357161563,0.11758756837904422,9.422120008455401,636.7993609310438,0.0,0.1,off,2.0,mean,-1.1962228594309758,0.96,nan,nan,nan,nan,nan,nan,nan,nan,nan,nan,nan,nan,nan,nan,nan,nan,nan,nan,nan,nan,nan
efficiency,det_nonpar_dt2000ns_ap0.05_tau5000ns,nv_charge_readout_master_v1_4,thin_all_counts,4,eta1,1.0,5.437,1.0,27.43339830432224,0.9249776330930897,7.504300359171423,12.911749357161563,0.11758756837904422,9.422120008455401,636.7993609310438,0.0,0.1,off,2.0,mean,-1.1962228594309758,0.97,nan,nan,nan,nan,nan,nan,nan,nan,nan,nan,nan,nan,nan,nan,nan,nan,nan,nan,nan,nan,nan
efficiency,det_nonpar_dt2000ns_ap0.05_tau5000ns,nv_charge_readout_master_v1_4,thin_all_counts,4,eta1,1.0,5.437,1.0,27.43339830432224,0.9249776330930897,7.504300359171423,12.911749357161563,0.11758756837904422,9.422120008455401,636.7993609310438,0.0,0.1,off,2.0,mean,-1.1962228594309758,0.98,nan,nan,nan,nan,nan,nan,nan,nan,nan,nan,nan,nan,nan,nan,nan,nan,nan,nan,nan,nan,nan
efficiency,det_nonpar_dt2000ns_ap0.05_tau5000ns,nv_charge_readout_master_v1_4,thin_all_counts,4,eta1,1.0,5.437,1.0,27.43339830432224,0.9249776330930897,7.504300359171423,12.911749357161563,0.11758756837904422,9.422120008455401,636.7993609310438,0.0,0.1,off,2.0,mean,-1.1962228594309758,0.99,nan,nan,nan,nan,nan,nan,nan,nan,nan,nan,nan,nan,nan,nan,nan,nan,nan,nan,nan,nan,nan
