experiment,detector,physics_layer,efficiency_model,point_index,point,sweep_value,power_uw,detection_efficiency,photons_per_bright_dwell,contrast,switching_ratio,snr_per_bright_dwell,p_bright_stationary,gamma_tot_khz,horizon_us,noise_sigma,noise_tau_c_ms,noise_kind,noise_photon_order,noise_renormalise,q_excess_finest_bin,target_fidelity,t_threshold_us,t_adaptive_count_us,t_fixed_count_mmpp_us,t_adaptive_mmpp_us,speedup_mmpp,speedup_mmpp_ci_low,speedup_mmpp_ci_high,speedup_count,speedup_count_ci_low,speedup_count_ci_high,speedup_fixed_count_mmpp,speedup_fixed_count_mmpp_ci_low,speedup_fixed_count_mmpp_ci_high,t_learned_us,speedup_learned,speedup_learned_ci_low,speedup_learned_ci_high,t_optimal_us,speedup_optimal,speedup_optimal_ci_low,speedup_optimal_ci_high
ratio,det_nonpar_dt50ns_ap0.01_tau100ns,nv_charge_readout_master_v1_4,thin_all_counts,0,ratio0.5,0.5,5.437,1.0,72.62271511602958,0.9249776330930897,0.5,9.9340572406218,0.6666666666666666,9.422120008455401,636.7993609310438,0.0,0.1,off,2.0,mean,-0.018820558966563317,0.55,0.5197046552390624,1.5986005170481763,1.5986005170481763,0.5023970274417814,1.0344500999247783,1.0100227287001682,1.0680130636599083,0.3250997667626804,0.3024733123883287,0.3518918572022491,0.3250997667626804,0.3024733123883287,0.3518918572022491,4.974995007273436,0.10446335211980211,0.09698834698669231,0.1133793568042593,0.5111126764779811,1.0168103417436007,1.0015046724881291,1.0706053953987547
ratio,det_nonpar_dt50ns_ap0.01_tau100ns,nv_charge_readout_master_v1_4,thin_all_counts,0,ratio0.5,0.5,5.437,1.0,72.62271511602958,0.9249776330930897,0.5,9.9340572406218,0.6666666666666666,9.422120008455401,636.7993609310438,0.0,0.1,off,2.0,mean,-0.018820558966563317,0.56,0.6279947982811063,1.5986005170481763,1.5986005170481763,0.5987398060718391,1.0488609441239607,1.0315226145183038,1.067830595888785,0.3928403572899512,0.3682877775685266,0.41611162865592594,0.3928403572899512,0.3682877775685266,0.41611162865592594,4.974995007273436,0.12623023688726898,0.11798512856787123,0.13413683709580418,0.6151211669973257,1.0209286104502344,1.0031993113825284,1.0560187962141832
ratio,det_nonpar_dt50ns_ap0.01_tau100ns,nv_charge_readout_master_v1_4,thin_all_counts,0,ratio0.5,0.5,5.437,1.0,72.62271511602958,0.9249776330930897,0.5,9.9340572406218,0.6666666666666666,9.422120008455401,636.7993609310438,0.0,0.1,off,2.0,mean,-0.018820558966563317,0.57,0.7394189025300683,1.5986005170481763,1.5986005170481763,0.699923489972456,1.0564281855423463,1.0400211896888374,1.0708467630995675,0.46254138832346237,0.43516042751707856,0.48876328021203924,0.46254138832346237,0.43516042751707856,0.48876328021203924,4.974995007273436,0.14862706423806232,0.13921546246715197,0.1575273242847393,0.7192347137063013,1.0280634241355724,1.0107974886374538,1.055420201376158
ratio,det_nonpar_dt50ns_ap0.01_tau100ns,nv_charge_readout_master_v1_4,thin_all_counts,0,ratio0.5,0.5,5.437,1.0,72.62271511602958,0.9249776330930897,0.5,9.9340572406218,0.6666666666666666,9.422120008455401,636.7993609310438,0.0,0.1,off,2.0,mean,-0.018820558966563317,0.58,0.8601520176723728,1.5986005170481763,1.5986005170481763,0.7951325147253826,1.081771908132126,1.0584235115123715,1.10638466490917,0.5380656446056002,0.5065136893632972,0.5729567974703988,0.5380656446056002,0.5065136893632972,0.5729567974703988,4.974995007273436,0.17289505143519376,0.16206082747508427,0.1845625234733281,0.8238071623235931,1.044118158970926,1.0320606713790497,1.0757197501896851
ratio,det_nonpar_dt50ns_ap0.01_tau100ns,nv_charge_readout_master_v1_4,thin_all_counts,0,ratio0.5,0.5,5.437,1.0,72.62271511602958,0.9249776330930897,0.5,9.9340572406218,0.6666666666666666,9.422120008455401,636.7993609310438,0.0,0.1,off,2.0,mean,-0.018820558966563317,0.59,0.9817648061264264,1.5986005170481763,1.5986005170481763,0.9032926098799614,1.086873506312526,1.0690150247620722,1.1068901700076217,0.6141401780222491,0.5855687837600011,0.6458794786476932,0.6141401780222491,0.5855687837600011,0.6458794786476932,4.974995007273436,0.1973398575659046,0.18744299599124312,0.20833077567440064,0.932326167352393,1.0530271920978347,1.0451646305029874,1.0782906832999912
ratio,det_nonpar_dt50ns_ap0.01_tau100ns,nv_charge_readout_master_v1_4,thin_all_counts,0,ratio0.5,0.5,5.437,1.0,72.62271511602958,0.9249776330930897,0.5,9.9340572406218,0.6666666666666666,9.422120008455401,636.7993609310438,0.0,0.1,off,2.0,mean,-0.018820558966563317,0.6,1.1026861690307372,1.5986005170481763,1.5986005170481763,1.0261654805369833,1.0745695406297544,1.0627070007188313,1.0885318872481873,0.6897821921557067,0.6528311462752111,0.7263909734611708,0.6897821921557067,0.6528311462752111,0.7263909734611708,4.974995007273436,0.22164568354714156,0.20922005040366556,0.23388565468860784,1.040845172381193,1.059414212882467,1.047551869955067,1.0860496231822143
ratio,det_nonpar_dt50ns_ap0.01_tau100ns,nv_charge_readout_master_v1_4,thin_all_counts,0,ratio0.5,0.5,5.437,1.0,72.62271511602958,0.9249776330930897,0.5,9.9340572406218,0.6666666666666666,9.422120008455401,636.7993609310438,0.0,0.1,off,2.0,mean,-0.018820558966563317,0.61,1.2280067603854385,1.5986005170481763,1.5986005170481763,1.130396958646362,1.0863500215499193,1.0754094479810263,1.1004312336647573,0.7681761311155829,0.7330192554525593,0.8045163271312689,0.7681761311155829,0.7330192554525593,0.8045163271312689,4.974995007273436,0.24683577744100133,0.23473151142446014,0.25928618366511924,1.1493641774099927,1.0684226849253828,1.060328997499618,1.0866418012957422
ratio,det_nonpar_dt50ns_ap0.01_tau100ns,nv_charge_readout_master_v1_4,thin_all_counts,0,ratio0.5,0.5,5.437,1.0,72.62271511602958,0.9249776330930897,0.5,9.9340572406218,0.6666666666666666,9.422120008455401,636.7993609310438,0.0,0.1,off,2.0,mean,-0.018820558966563317,0.62,1.3495255839243183,1.5986005170481763,1.5986005170481763,1.232497663232705,1.0949518398149836,1.078913424214826,1.1109432386602884,0.8441918850471937,0.8059311926077917,0.8791004138012777,0.8441918850471937,0.8059311926077917,0.8791004138012777,4.974995007273436,0.271261696132622,0.25819103432595847,0.28353033925737914,1.2578831824387928,1.072854461181243,1.0652391404737298,1.0865537900018984
ratio,det_nonpar_dt50ns_ap0.01_tau100ns,nv_charge_readout_master_v1_4,thin_all_counts,0,ratio0.5,0.5,5.437,1.0,72.62271511602958,0.9249776330930897,0.5,9.9340572406218,0.6666666666666666,9.422120008455401,636.7993609310438,0.0,0.1,off,2.0,mean,-0.018820558966563317,0.63,1.4698916518801923,1.5986005170481763,1.5986005170481763,1.343820397122374,1.0938155537955698,1.0810263648978715,1.1074621036598382,0.9194865360073537,0.8812756802315393,0.9571653741497621,0.9194865360073537,0.8812756802315393,0.9571653741497621,4.974995007273436,0.29545590492678137,0.28199648758310397,0.30840213446659004,1.3664021874675927,1.075738655398672,1.0678127953237915,1.0826158383975044
ratio,det_nonpar_dt50ns_ap0.01_tau100ns,nv_charge_readout_master_v1_4,thin_all_counts,0,ratio0.5,0.5,5.437,1.0,72.62271511602958,0.9249776330930897,0.5,9.9340572406218,0.6666666666666666,9.422120008455401,636.7993609310438,0.0,0.1,off,2.0,mean,-0.018820558966563317,0.64,1.5960866853239326,1.5986005170481763,1.5986005170481763,1.4651981205267213,1.089331649395072,1.0009105140502579,1.1021989242385926,0.9984274797252752,0.961170870330195,1.041329037529557,0.9984274797252752,0.961170870330195,1.041329037529557,4.974995007273436,0.320821766251113,0.30771160765573835,0.3355208621736322,1.48415205492598,1.075419920773236,1.0655529754989133,1.088792880302161
ratio,det_nonpar_dt50ns_ap0.01_tau100ns,nv_charge_readout_master_v1_4,thin_all_counts,0,ratio0.5,0.5,5.437,1.0,72.62271511602958,0.9249776330930897,0.5,9.9340572406218,0.6666666666666666,9.422120008455401,636.7993609310438,0.0,0.1,off,2.0,mean,-0.018820558966563317,0.65,1.7307525595578257,1.5986005170481763,1.5986005170481763,1.5986005170481763,1.0826673337712094,1.0428044715542992,1.0944310005454314,1.0826673337712094,0.9930474870850563,1.0894423260828558,1.0826673337712094,0.9930474870850563,1.0894423260828558,4.974995007273436,0.3478903108500547,0.33420544212902537,0.3636807305170468,1.602817962167456,1.0798185448442108,1.0632285365660097,1.0984821299301337
ratio,det_nonpar_dt50ns_ap0.01_tau100ns,nv_charge_readout_master_v1_4,thin_all_counts,0,ratio0.5,0.5,5.437,1.0,72.62271511602958,0.9249776330930897,0.5,9.9340572406218,0.6666666666666666,9.422120008455401,636.7993609310438,0.0,0.1,off,2.0,mean,-0.018820558966563317,0.66,1.875670653923965,1.8334313202802595,1.8334313202802595,1.7724301288858777,1.0582480084013144,1.0422202814604422,1.1012912253224216,1.023038405189483,1.0061993172836339,1.0425179972952276,1.023038405189483,1.0061993172836339,1.0425179972952276,4.974995007273436,0.3770196052823645,0.36247739242856636,0.39297513176383275,1.721483869408932,1.0895662092773326,1.0725471905143862,1.1098799416994543
ratio,det_nonpar_dt50ns_ap0.01_tau100ns,nv_charge_readout_master_v1_4,thin_all_counts,0,ratio0.5,0.5,5.437,1.0,72.62271511602958,0.9249776330930897,0.5,9.9340572406218,0.6666666666666666,9.422120008455401,636.7993609310438,0.0,0.1,off,2.0,mean,-0.018820558966563317,0.67,2.011347768942249,1.9274460171994443,1.9274460171994443,1.8336561309349584,1.0969056493251481,1.0799904265674203,1.1140468347220784,1.0435300138079682,1.0302064902963444,1.059960385223018,1.0435300138079682,1.0302064902963444,1.059960385223018,4.974995007273436,0.40429141456456974,0.3911112765221502,0.41949831108277674,1.8401497766504082,1.0930348140483812,1.078844240479263,1.1097560627491052
ratio,det_nonpar_dt50ns_ap0.01_tau100ns,nv_charge_readout_master_v1_4,thin_all_counts,0,ratio0.5,0.5,5.437,1.0,72.62271511602958,0.9249776330930897,0.5,9.9340572406218,0.6666666666666666,9.422120008455401,636.7993609310438,0.0,0.1,off,2.0,mean,-0.018820558966563317,0.68,2.145110923767182,2.0262816000384,2.0262816000384,1.9126518551663432,1.1215375751592922,1.113330384055226,1.1310112255643192,1.0586440323627921,1.0425772171421157,1.0781227480502384,1.0586440323627921,1.0425772171421157,1.0781227480502384,4.974995007273436,0.4311785078439341,0.41725379543991176,0.44800036405586313,1.9588156838918844,1.0951060589351398,1.0802731241777122,1.114496396248932
ratio,det_nonpar_dt50ns_ap0.01_tau100ns,nv_charge_readout_master_v1_4,thin_all_counts,0,ratio0.5,0.5,5.437,1.0,72.62271511602958,0.9249776330930897,0.5,9.9340572406218,0.6666666666666666,9.422120008455401,636.7993609310438,0.0,0.1,off,2.0,mean,-0.018820558966563317,0.69,2.300656782428472,2.1301852742002487,2.1301852742002487,2.027094294485009,1.1349530155985972,1.1227184834330066,1.1486303495424328,1.0800266109680174,1.0603158996523825,1.104900138453452,1.0800266109680174,1.0603158996523825,1.104900138453452,4.974995007273436,0.46244403844926774,0.4461015326757176,0.481939072392032,2.0774815911333593,1.1074258333973301,1.091386797435256,1.1258206734101395
ratio,det_nonpar_dt50ns_ap0.01_tau100ns,nv_charge_readout_master_v1_4,thin_all_counts,0,ratio0.5,0.5,5.437,1.0,72.62271511602958,0.9249776330930897,0.5,9.9340572406218,0.6666666666666666,9.422120008455401,636.7993609310438,0.0,0.1,off,2.0,mean,-0.018820558966563317,0.7,2.471339596622381,2.239416921287544,2.239416921287544,2.1483843322737433,1.1503247158793222,1.1354451680303812,1.1626804758254101,1.1035638666164467,1.0806342772942226,1.122598518020083,1.1035638666164467,1.0806342772942226,1.122598518020083,4.974995007273436,0.4967521762352094,0.4781794216682945,0.5136689071976535,2.1961474983748355,1.1253067466785311,1.108468300126616,1.139814738787498
ratio,det_nonpar_dt50ns_ap0.01_tau100ns,nv_charge_readout_master_v1_4,thin_all_counts,0,ratio0.5,0.5,5.437,1.0,72.62271511602958,0.9249776330930897,0.5,9.9340572406218,0.6666666666666666,9.422120008455401,636.7993609310438,0.0,0.1,off,2.0,mean,-0.018820558966563317,0.71,2.6196078085273906,2.354249749112455,2.354249749112455,2.2769316907045494,1.1504990769911096,1.139588594902014,1.1606176093201586,1.1127144898348083,1.0960690316661297,1.1312150066006033,1.1127144898348083,1.0960690316661297,1.1312150066006033,4.974995007273436,0.5265548618033843,0.510282580288159,0.5446236168410745,2.314813405616311,1.1316712622155949,1.1218714050780625,1.141268383804444
ratio,det_nonpar_dt50ns_ap0.01_tau100ns,nv_charge_readout_master_v1_4,thin_all_counts,0,ratio0.5,0.5,5.437,1.0,72.62271511602958,0.9249776330930897,0.5,9.9340572406218,0.6666666666666666,9.422120008455401,636.7993609310438,0.0,0.1,off,2.0,mean,-0.018820558966563317,0.72,2.7767713833730316,2.4749709750381914,2.4749709750381914,2.4131706074432904,1.1506734645317802,1.1397071578526192,1.1615788392109454,1.1219409889565202,1.1051914658085735,1.1433436708416131,1.1219409889565202,1.1051914658085735,1.1433436708416131,4.974995007273436,0.5581455618173276,0.5406648982409639,0.579146022237319,2.433479312857788,1.1410704700473062,1.1334043651501151,1.1489745596414715
ratio,det_nonpar_dt50ns_ap0.01_tau100ns,nv_charge_readout_master_v1_4,thin_all_counts,0,ratio0.5,0.5,5.437,1.0,72.62271511602958,0.9249776330930897,0.5,9.9340572406218,0.6666666666666666,9.422120008455401,636.7993609310438,0.0,0.1,off,2.0,mean,-0.018820558966563317,0.73,2.959802184800517,2.6018825443608025,2.6018825443608025,2.5575613025203636,1.1572751675135853,1.1484909812314767,1.166969796484343,1.1375617977896246,1.1184408568882958,1.1583714998185042,1.1375617977896246,1.1184408568882958,1.1583714998185042,4.974995007273436,0.5949357095782589,0.5744676702689174,0.6183882721905557,2.5787334912418047,1.1477735853095878,1.1358894735821727,1.1589780008536925
ratio,det_nonpar_dt50ns_ap0.01_tau100ns,nv_charge_readout_master_v1_4,thin_all_counts,0,ratio0.5,0.5,5.437,1.0,72.62271511602958,0.9249776330930897,0.5,9.9340572406218,0.6666666666666666,9.422120008455401,636.7993609310438,0.0,0.1,off,2.0,mean,-0.018820558966563317,0.74,3.156641579761866,2.735301885528164,2.735301885528164,2.689184534321499,1.1738285489427411,1.1644095964413181,1.1822616797298884,1.1540377303371563,1.134005763208695,1.1721547211548842,1.1540377303371563,1.134005763208695,1.1721547211548842,4.974995007273436,0.6345014568149034,0.6127550635651771,0.6589636013519944,2.7452582865398556,1.1498523090665254,1.1346235103796545,1.1639842633868067
ratio,det_nonpar_dt50ns_ap0.01_tau100ns,nv_charge_readout_master_v1_4,thin_all_counts,0,ratio0.5,0.5,5.437,1.0,72.62271511602958,0.9249776330930897,0.5,9.9340572406218,0.6666666666666666,9.422120008455401,636.7993609310438,0.0,0.1,off,2.0,mean,-0.018820558966563317,0.75,3.358331515815683,2.875562704085085,2.875562704085085,2.8353309327258915,1.1844583914537898,1.0512504397984943,1.192245302803092,1.1678867273680962,1.1507050512063821,1.1858126996806506,1.1678867273680962,1.1507050512063821,1.1858126996806506,4.974995007273436,0.6750421881641704,0.6532355745199344,0.7023733550427089,2.911783081837906,1.1533591003955959,1.1391823179456408,1.171014137390044
ratio,det_nonpar_dt50ns_ap0.01_tau100ns,nv_charge_readout_master_v1_4,thin_all_counts,0,ratio0.5,0.5,5.437,1.0,72.62271511602958,0.9249776330930897,0.5,9.9340572406218,0.6666666666666666,9.422120008455401,636.7993609310438,0.0,0.1,off,2.0,mean,-0.018820558966563317,0.76,3.5728469660289366,3.0230158173303328,3.0230158173303328,3.327099401035068,1.0738624054686843,1.0520046848332876,1.1942929256311379,1.1818816645108285,1.1668185483828106,1.2011636432842727,1.1818816645108285,1.1668185483828106,1.2011636432842727,4.974995007273436,0.7181609148964851,0.6929555181839617,0.7515952713352835,3.0783078771359564,1.160652900434734,1.1440484086925327,1.1827879614574415
ratio,det_nonpar_dt50ns_ap0.01_tau100ns,nv_charge_readout_master_v1_4,thin_all_counts,0,ratio0.5,0.5,5.437,1.0,72.62271511602958,0.9249776330930897,0.5,9.9340572406218,0.6666666666666666,9.422120008455401,636.7993609310438,0.0,0.1,off,2.0,mean,-0.018820558966563317,0.77,3.827611750711926,3.178030031773211,3.178030031773211,3.327099401035068,1.1504350454696808,1.110060596921339,1.1999744493171947,1.2043976024280283,1.1882669345492445,1.2164059004038044,1.2043976024280283,1.1882669345492445,1.2164059004038044,4.974995007273436,0.7693699682343325,0.7395561434875597,0.8054551371103741,3.244832672434007,1.1796021974349655,1.1584032158609374,1.201553748440972
ratio,det_nonpar_dt50ns_ap0.01_tau100ns,nv_charge_readout_master_v1_4,thin_all_counts,0,ratio0.5,0.5,5.437,1.0,72.62271511602958,0.9249776330930897,0.5,9.9340572406218,0.6666666666666666,9.422120008455401,636.7993609310438,0.0,0.1,off,2.0,mean,-0.018820558966563317,0.78,4.095922105061482,4.086053865455308,4.086053865455308,3.42778575540765,1.1949177682997794,1.1463978518379985,1.22482675820252,1.0024151026714558,0.9999182283006397,1.2289375586331142,1.0024151026714558,0.9999182283006397,1.2289375586331142,4.974995007273436,0.8233017518757807,0.7884552636940306,0.858326402193353,3.4113574677320573,1.200672208586964,1.178529589769466,1.2165656176906063
ratio,det_nonpar_dt50ns_ap0.01_tau100ns,nv_charge_readout_master_v1_4,thin_all_counts,0,ratio0.5,0.5,5.437,1.0,72.62271511602958,0.9249776330930897,0.5,9.9340572406218,0.6666666666666666,9.422120008455401,636.7993609310438,0.0,0.1,off,2.0,mean,-0.018820558966563317,0.79,4.364302145423048,4.273535162269974,4.273535162269974,3.535285218860539,1.2344978906199005,1.1433720043238107,1.2457604385677385,1.0212393205406227,1.0078287892601818,1.0396380473429134,1.0212393205406227,1.0078287892601818,1.0396380473429134,4.974995007273436,0.877247542769881,0.8403184951126006,0.9138797394408187,3.5778822630301077,1.2198003803867268,1.2039091272204576,1.234039326009657
ratio,det_nonpar_dt50ns_ap0.01_tau100ns,nv_charge_readout_master_v1_4,thin_all_counts,0,ratio0.5,0.5,5.437,1.0,72.62271511602958,0.9249776330930897,0.5,9.9340572406218,0.6666666666666666,9.422120008455401,636.7993609310438,0.0,0.1,off,2.0,mean,-0.018820558966563317,0.8,4.6537560535321685,4.469618704138842,4.469618704138842,3.8883745117341433,1.196838431969013,1.1615937022755296,1.2450328519120157,1.0411975520915948,1.0243474160586534,1.064148447660339,1.0411975520915948,1.0243474160586534,1.064148447660339,4.974995007273436,0.9354292912311235,0.8978345032227626,0.9748356963649754,3.7444070583281586,1.2428552721535637,1.2279082311895977,1.255273246388612
ratio,det_nonpar_dt50ns_ap0.01_tau100ns,nv_charge_readout_master_v1_4,thin_all_counts,0,ratio0.5,0.5,5.437,1.0,72.62271511602958,0.9249776330930897,0.5,9.9340572406218,0.6666666666666666,9.422120008455401,636.7993609310438,0.0,0.1,off,2.0,mean,-0.018820558966563317,0.81,4.97279899036258,4.674699189739749,4.674699189739749,4.146371440560458,1.1993134386654023,1.169142310394617,1.2643231960417831,1.0637687664004383,1.0447364416935074,1.0891950488562205,1.0637687664004383,1.0447364416935074,1.0891950488562205,4.9864541761206755,0.9972615439196277,0.9604603596955704,1.0049387492534467,3.9821980618437522,1.248757322748578,1.2370944955321057,1.261258256259573
ratio,det_nonpar_dt50ns_ap0.01_tau100ns,nv_charge_readout_master_v1_4,thin_all_counts,0,ratio0.5,0.5,5.437,1.0,72.62271511602958,0.9249776330930897,0.5,9.9340572406218,0.6666666666666666,9.422120008455401,636.7993609310438,0.0,0.1,off,2.0,mean,-0.018820558966563317,0.82,5.329637337460308,4.88918942779568,4.88918942779568,4.46749045531332,1.1929823668949557,1.1689736887787483,1.2678346268971776,1.0900860799462226,1.0638733487882432,1.1228709571793558,1.0900860799462226,1.0638733487882432,1.1228709571793558,5.328050181784854,1.0002978867730787,0.9885162558248225,1.0142878425969089,4.243744468098524,1.2558808329589022,1.237779096882567,1.2740796418881164
ratio,det_nonpar_dt50ns_ap0.01_tau100ns,nv_charge_readout_master_v1_4,thin_all_counts,0,ratio0.5,0.5,5.437,1.0,72.62271511602958,0.9249776330930897,0.5,9.9340572406218,0.6666666666666666,9.422120008455401,636.7993609310438,0.0,0.1,off,2.0,mean,-0.018820558966563317,0.83,5.73748021294175,5.113521168021908,5.113521168021908,4.4718004943655565,1.2830358197265157,1.2380136098461094,1.3124687160522643,1.1220214064668108,1.0961700113048876,1.155092873673721,1.1220214064668108,1.0961700113048876,1.155092873673721,5.693047150731627,1.0078047943453996,0.9922863640460143,1.0280911338547543,4.505290874353298,1.2734982874474945,1.255138139399565,1.2957817223705743
ratio,det_nonpar_dt50ns_ap0.01_tau100ns,nv_charge_readout_master_v1_4,thin_all_counts,0,ratio0.5,0.5,5.437,1.0,72.62271511602958,0.9249776330930897,0.5,9.9340572406218,0.6666666666666666,9.422120008455401,636.7993609310438,0.0,0.1,off,2.0,mean,-0.018820558966563317,0.84,6.179312307555298,5.348145970199637,5.348145970199637,4.76525691888018,1.2967427386910793,1.2331942727875913,1.3305101321919617,1.1554120515758166,1.1262428468141001,1.1873568503751453,1.1554120515758166,1.1262428468141001,1.1873568503751453,6.083048161080972,1.0158249850938579,0.996870084388338,1.0396072158672083,4.766837280608072,1.2963128262618284,1.2764627795783132,1.3167849044192674
ratio,det_nonpar_dt50ns_ap0.01_tau100ns,nv_charge_readout_master_v1_4,thin_all_counts,0,ratio0.5,0.5,5.437,1.0,72.62271511602958,0.9249776330930897,0.5,9.9340572406218,0.6666666666666666,9.422120008455401,636.7993609310438,0.0,0.1,off,2.0,mean,-0.018820558966563317,0.85,6.66537998312849,5.593536113125574,5.593536113125574,5.237465170121711,1.2726347129051356,1.2392266012969466,1.2980765796369444,1.1916218735922288,1.1597083379314905,1.2347124651845296,1.1916218735922288,1.1597083379314905,1.2347124651845296,6.499766109485884,1.0254799743333698,1.005078298662924,1.0602249833426347,5.0283836868628455,1.3255511906425241,1.3043199601389193,1.354887792498018
ratio,det_nonpar_dt50ns_ap0.01_tau100ns,nv_charge_readout_master_v1_4,thin_all_counts,0,ratio0.5,0.5,5.437,1.0,72.62271511602958,0.9249776330930897,0.5,9.9340572406218,0.6666666666666666,9.422120008455401,636.7993609310438,0.0,0.1,off,2.0,mean,-0.018820558966563317,0.86,7.322496386829899,5.850185545267018,5.850185545267018,5.56434422855875,1.3159675401186561,1.260911900214918,1.3886520538794573,1.2516690847103176,1.2071995148948382,1.3043796643087815,1.2516690847103176,1.2071995148948382,1.3043796643087815,6.945031234228115,1.054350389490183,1.0234354264130223,1.0942120554926926,5.399887418278079,1.3560461208957766,1.337419760237641,1.3778117355645143
ratio,det_nonpar_dt50ns_ap0.01_tau100ns,nv_charge_readout_master_v1_4,thin_all_counts,0,ratio0.5,0.5,5.437,1.0,72.62271511602958,0.9249776330930897,0.5,9.9340572406218,0.6666666666666666,9.422120008455401,636.7993609310438,0.0,0.1,off,2.0,mean,-0.018820558966563317,0.87,8.189773836541296,6.118610879036049,6.118610879036049,5.934258603808628,1.3800837447975507,1.347138984282133,1.4268627638387688,1.338502153258608,1.2745517242383293,1.397216232155211,1.338502153258608,1.2745517242383293,1.397216232155211,7.420799153682048,1.1036242413969253,1.0572111901672832,1.145834170253877,5.921005215075585,1.3831728801199423,1.3537075013633215,1.4223061759985436
ratio,det_nonpar_dt50ns_ap0.01_tau100ns,nv_charge_readout_master_v1_4,thin_all_counts,0,ratio0.5,0.5,5.437,1.0,72.62271511602958,0.9249776330930897,0.5,9.9340572406218,0.6666666666666666,9.422120008455401,636.7993609310438,0.0,0.1,off,2.0,mean,-0.018820558966563317,0.88,9.33059932006632,6.399352430684237,6.399352430684237,6.39399499015382,1.4592753567111967,1.3639858847429696,1.4808985192055095,1.4580536735759473,0.8021487919031884,1.4776778369639532,1.4580536735759473,0.9893025435509207,1.4776778369639532,7.9291594554518365,1.1767450727265798,1.126513391312196,1.2450792716155155,6.44212301187309,1.4483733550057416,1.4012927574688148,1.525331288692007
ratio,det_nonpar_dt50ns_ap0.01_tau100ns,nv_charge_readout_master_v1_4,thin_all_counts,0,ratio0.5,0.5,5.437,1.0,72.62271511602958,0.9249776330930897,0.5,9.9340572406218,0.6666666666666666,9.422120008455401,636.7993609310438,0.0,0.1,off,2.0,mean,-0.018820558966563317,0.89,11.392967802936269,12.452921309336622,11.24231483576794,7.0283338319356865,1.621005500787163,1.4426419646986213,1.987399141851409,0.9148831442783109,0.8325712511708028,1.125389422125455,1.01340052910536,0.9727553949408789,1.1965395053657082,8.49867658558966,1.3405578725344325,1.2327613724128306,1.6473330134481299,7.022286506978532,1.6224014488178868,1.5014727445672058,1.9618711393761938
ratio,det_nonpar_dt50ns_ap0.01_tau100ns,nv_charge_readout_master_v1_4,thin_all_counts,0,ratio0.5,0.5,5.437,1.0,72.62271511602958,0.9249776330930897,0.5,9.9340572406218,0.6666666666666666,9.422120008455401,636.7993609310438,0.0,0.1,off,2.0,mean,-0.018820558966563317,0.9,15.573737561256134,13.224530698961132,12.663417431590398,9.15883477511372,1.7004059952662225,1.281496311347224,2.0337320607488927,1.1776400929281783,1.1194545231823916,1.2218888969539274,1.229821068869261,1.1839972126124996,1.2874373986739311,9.33343705075193,1.6685961962963543,1.5825017619537831,1.753820968550563,8.015769890239513,1.9428873052131475,1.8519080919613362,2.0324231514140325
ratio,det_nonpar_dt50ns_ap0.01_tau100ns,nv_charge_readout_master_v1_4,thin_all_counts,0,ratio0.5,0.5,5.437,1.0,72.62271511602958,0.9249776330930897,0.5,9.9340572406218,0.6666666666666666,9.422120008455401,636.7993609310438,0.0,0.1,off,2.0,mean,-0.018820558966563317,0.91,17.423973385241705,14.043950641255748,13.898228313048156,12.338412580428637,1.412173022393485,1.3591557316032807,1.4947790990223404,1.2406746385206415,1.2022995548393707,1.2906149443811479,1.2536830589322996,1.217503716868412,1.3013454412397274,10.740333676528905,1.6222934882664501,1.5601829972780503,1.7017001360212185,9.009253273500493,1.9340086082929848,1.8579130959018797,2.0230189061329042
ratio,det_nonpar_dt50ns_ap0.01_tau100ns,nv_charge_readout_master_v1_4,thin_all_counts,0,ratio0.5,0.5,5.437,1.0,72.62271511602958,0.9249776330930897,0.5,9.9340572406218,0.6666666666666666,9.422120008455401,636.7993609310438,0.0,0.1,off,2.0,mean,-0.018820558966563317,0.92,20.006225483506743,14.914143579365092,17.001064596982925,17.814535070368255,1.123028212888027,1.085837195984596,1.588378441569518,1.3414263700120839,1.2860778531272516,1.4215852678735337,1.1767631002976793,0.7500819482779456,1.3575709532264895,12.359302029458432,1.6187180664265544,1.5549292860535786,1.771646424974298,10.631553990559537,1.8817781014206953,1.7918982379319528,2.0644241409415627
ratio,det_nonpar_dt50ns_ap0.01_tau100ns,nv_charge_readout_master_v1_4,thin_all_counts,0,ratio0.5,0.5,5.437,1.0,72.62271511602958,0.9249776330930897,0.5,9.9340572406218,0.6666666666666666,9.422120008455401,636.7993609310438,0.0,0.1,off,2.0,mean,-0.018820558966563317,0.93,nan,nan,32.9741029640245,43.15761823970912,nan,nan,nan,nan,nan,nan,nan,nan,nan,14.196355544713105,nan,nan,nan,12.79187371938742,nan,nan,nan
ratio,det_nonpar_dt50ns_ap0.01_tau100ns,nv_charge_readout_master_v1_4,thin_all_counts,0,ratio0.5,0.5,5.437,1.0,72.62271511602958,0.9249776330930897,0.5,9.9340572406218,0.6666666666666666,9.422120008455401,636.7993609310438,0.0,0.1,off,2.0,mean,-0.018820558966563317,0.94,nan,nan,nan,nan,nan,nan,nan,nan,nan,nan,nan,nan,nan,nan,nan,nan,nan,nan,nan,nan,nan
ratio,det_nonpar_dt50ns_ap0.01_tau100ns,nv_charge_readout_master_v1_4,thin_all_counts,0,ratio0.5,0.5,5.437,1.0,72.62271511602958,0.9249776330930897,0.5,9.9340572406218,0.6666666666666666,9.422120008455401,636.7993609310438,0.0,0.1,off,2.0,mean,-0.018820558966563317,0.95,nan,nan,nan,nan,nan,nan,nan,nan,nan,nan,nan,nan,nan,nan,nan,nan,nan,nan,nan,nan,nan
ratio,det_nonpar_dt50ns_ap0.01_tau100ns,nv_charge_readout_master_v1_4,thin_all_counts,0,ratio0.5,0.5,5.437,1.0,72.62271511602958,0.9249776330930897,0.5,9.9340572406218,0.6666666666666666,9.422120008455401,636.7993609310438,0.0,0.1,off,2.0,mean,-0.018820558966563317,0.96,nan,nan,nan,nan,nan,nan,nan,nan,nan,nan,nan,nan,nan,nan,nan,nan,nan,nan,nan,nan,nan
ratio,det_nonpar_dt50ns_ap0.01_tau100ns,nv_charge_readout_master_v1_4,thin_all_counts,0,ratio0.5,0.5,5.437,1.0,72.62271511602958,0.9249776330930897,0.5,9.9340572406218,0.6666666666666666,9.422120008455401,636.7993609310438,0.0,0.1,off,2.0,mean,-0.018820558966563317,0.97,nan,nan,nan,nan,nan,nan,nan,nan,nan,nan,nan,nan,nan,nan,nan,nan,nan,nan,nan,nan,nan
ratio,det_nonpar_dt50ns_ap0.01_tau100ns,nv_charge_readout_master_v1_4,thin_all_counts,0,ratio0.5,0.5,5.437,1.0,72.62271511602958,0.9249776330930897,0.5,9.9340572406218,0.6666666666666666,9.422120008455401,636.7993609310438,0.0,0.1,off,2.0,mean,-0.018820558966563317,0.98,nan,nan,nan,nan,nan,nan,nan,nan,nan,nan,nan,nan,nan,nan,nan,nan,nan,nan,nan,nan,nan
ratio,det_nonpar_dt50ns_ap0.01_tau100ns,nv_charge_readout_master_v1_4,thin_all_counts,0,ratio0.5,0.5,5.437,1.0,72.62271511602958,0.9249776330930897,0.5,9.9340572406218,0.6666666666666666,9.422120008455401,636.7993609310438,0.0,0.1,off,2.0,mean,-0.018820558966563317,0.99,nan,nan,nan,nan,nan,nan,nan,nan,nan,nan,nan,nan,nan,nan,nan,nan,nan,nan,nan,nan,nan
ratio,det_nonpar_dt50ns_ap0.01_tau100ns,nv_charge_readout_master_v1_4,thin_all_counts,1,ratio1.88,1.88,5.437,1.0,37.08393963371723,0.9249776330930897,1.8800000000000001,9.58672638322416,0.34722222222222227,9.422120008455401,636.7993609310438,0.0,0.1,off,2.0,mean,0.031111002644699903,0.55,0.5006861774176031,1.5950903285972684,1.5950903285972684,0.47851723574352995,1.0463284078777781,1.0248615158690122,1.0702288694710531,0.3138920526575504,0.29001331542397,0.3366355996605577,0.3138920526575504,0.29001331542397,0.3366355996605577,4.974995007273436,0.10064053867101387,0.09278869630946744,0.10811282219800843,0.48755303470158684,1.0269368494938291,1.0035818307700632,1.0627629507701362
ratio,det_nonpar_dt50ns_ap0.01_tau100ns,nv_charge_readout_master_v1_4,thin_all_counts,1,ratio1.88,1.88,5.437,1.0,37.08393963371723,0.9249776330930897,1.8800000000000001,9.58672638322416,0.34722222222222227,9.422120008455401,636.7993609310438,0.0,0.1,off,2.0,mean,0.031111002644699903,0.56,0.6166044239002159,1.5950903285972684,1.5950903285972684,0.5809331811747743,1.061403348752272,1.039420708545826,1.083369102095825,0.38656395368058016,0.3601291822472757,0.40809248598248354,0.38656395368058016,0.3601291822472757,0.40809248598248354,4.974995007273436,0.12394071210096513,0.11525411607950577,0.13126386791490635,0.5927488260937289,1.0402457107569452,1.0143051403907937,1.0772078200937303
ratio,det_nonpar_dt50ns_ap0.01_tau100ns,nv_charge_readout_master_v1_4,thin_all_counts,1,ratio1.88,1.88,5.437,1.0,37.08393963371723,0.9249776330930897,1.8800000000000001,9.58672638322416,0.34722222222222227,9.422120008455401,636.7993609310438,0.0,0.1,off,2.0,mean,0.031111002644699903,0.57,0.725895031805704,1.5950903285972684,1.5950903285972684,0.689579126226339,1.0526638701755673,1.0393907284037958,1.0615051965498816,0.4550808307163772,0.43044460476592145,0.47545167074119815,0.4550808307163772,0.43044460476592145,0.47545167074119815,4.974995007273436,0.14590869553526115,0.1377444423476374,0.15315901645211047,0.6979446174858698,1.040046751016602,1.027332678631047,1.0684788021669351
ratio,det_nonpar_dt50ns_ap0.01_tau100ns,nv_charge_readout_master_v1_4,thin_all_counts,1,ratio1.88,1.88,5.437,1.0,37.08393963371723,0.9249776330930897,1.8800000000000001,9.58672638322416,0.34722222222222227,9.422120008455401,636.7993609310438,0.0,0.1,off,2.0,mean,0.031111002644699903,0.58,0.8252286503317124,1.5950903285972684,1.5950903285972684,0.7777427199485463,1.061056091127806,1.0391981857453432,1.0844772730762344,0.5173554346965562,0.491752756937823,0.5465915704158402,0.5173554346965562,0.491752756937823,0.5465915704158402,4.974995007273436,0.16587527206062103,0.15728056485043657,0.17582152928826664,0.8031404088780119,1.0275023410720399,1.0159146808763968,1.058769262783817
ratio,det_nonpar_dt50ns_ap0.01_tau100ns,nv_charge_readout_master_v1_4,thin_all_counts,1,ratio1.88,1.88,5.437,1.0,37.08393963371723,0.9249776330930897,1.8800000000000001,9.58672638322416,0.34722222222222227,9.422120008455401,636.7993609310438,0.0,0.1,off,2.0,mean,0.031111002644699903,0.59,0.9438510773679555,1.5950903285972684,1.5950903285972684,0.8771781445055271,1.076008429165791,1.0546649818731613,1.0935751194335726,0.5917226507153257,0.559583775272762,0.6238209034121264,0.5917226507153257,0.559583775272762,0.6238209034121264,4.974995007273436,0.18971899991619018,0.17884101207534403,0.2010829578294322,0.908336200270154,1.0390988238575527,1.029665033440734,1.0700349516671301
ratio,det_nonpar_dt50ns_ap0.01_tau100ns,nv_charge_readout_master_v1_4,thin_all_counts,1,ratio1.88,1.88,5.437,1.0,37.08393963371723,0.9249776330930897,1.8800000000000001,9.58672638322416,0.34722222222222227,9.422120008455401,636.7993609310438,0.0,0.1,off,2.0,mean,0.031111002644699903,0.6,1.0603743972559696,1.5950903285972684,1.5950903285972684,0.989326518220658,1.0718143886035665,1.0550994762539263,1.08519879535846,0.6647738866227525,0.6341533375787077,0.6993818011019127,0.6647738866227525,0.6341533375787077,0.6993818011019127,4.974995007273436,0.21314079626325327,0.20266864974017354,0.22507903976844737,1.013531991662296,1.046216997567928,1.033799010670008,1.0698501111077625
ratio,det_nonpar_dt50ns_ap0.01_tau100ns,nv_charge_readout_master_v1_4,thin_all_counts,1,ratio1.88,1.88,5.437,1.0,37.08393963371723,0.9249776330930897,1.8800000000000001,9.58672638322416,0.34722222222222227,9.422120008455401,636.7993609310438,0.0,0.1,off,2.0,mean,0.031111002644699903,0.61,1.1799700521358916,1.5950903285972684,1.5950903285972684,1.0993132198568958,1.0733702013421573,1.0625007800895558,1.0847845058991292,0.7397512422845445,0.7096371149283491,0.7779550199327255,0.7397512422845445,0.7096371149283491,0.7779550199327255,4.974995007273436,0.23718014800231496,0.22686414916642783,0.2499868642544487,1.1187277830544382,1.0547427801553697,1.0449588165492147,1.0736666595026365
ratio,det_nonpar_dt50ns_ap0.01_tau100ns,nv_charge_readout_master_v1_4,thin_all_counts,1,ratio1.88,1.88,5.437,1.0,37.08393963371723,0.9249776330930897,1.8800000000000001,9.58672638322416,0.34722222222222227,9.422120008455401,636.7993609310438,0.0,0.1,off,2.0,mean,0.031111002644699903,0.62,1.304588848961835,1.5950903285972684,1.5950903285972684,1.1983525896758642,1.0886519211467687,1.0745977882543458,1.1033267539429865,0.8178777248991898,0.7844205871384394,0.8566355171593554,0.8178777248991898,0.7844205871384394,0.8566355171593554,4.974995007273436,0.2622291775277217,0.25063173055876536,0.27516282065028097,1.225213988449058,1.0647844876577468,1.0569388760103002,1.0779283236439126
ratio,det_nonpar_dt50ns_ap0.01_tau100ns,nv_charge_readout_master_v1_4,thin_all_counts,1,ratio1.88,1.88,5.437,1.0,37.08393963371723,0.9249776330930897,1.8800000000000001,9.58672638322416,0.34722222222222227,9.422120008455401,636.7993609310438,0.0,0.1,off,2.0,mean,0.031111002644699903,0.63,1.4281266954791003,1.5950903285972684,1.5950903285972684,1.3063146182939465,1.0932486519551017,1.0802439556005219,1.1048736244264454,0.895326534099798,0.8614945484220234,0.937451154899131,0.895326534099798,0.8614945484220234,0.937451154899131,4.974995007273436,0.2870609303911222,0.2755024150327611,0.30136599509383694,1.3345391046491297,1.0701272750299633,1.062426852511057,1.07805943273381
ratio,det_nonpar_dt50ns_ap0.01_tau100ns,nv_charge_readout_master_v1_4,thin_all_counts,1,ratio1.88,1.88,5.437,1.0,37.08393963371723,0.9249776330930897,1.8800000000000001,9.58672638322416,0.34722222222222227,9.422120008455401,636.7993609310438,0.0,0.1,off,2.0,mean,0.031111002644699903,0.64,1.5550189296542392,1.5950903285972684,1.5950903285972684,1.4240031662384354,1.0920052472649253,1.0039952060071828,1.1030613748586708,0.9748782885679783,0.935557714822676,1.0144401378899395,0.9748782885679783,0.935557714822676,1.0144401378899395,4.974995007273436,0.31256693270662655,0.2996005133727041,0.3265230335772836,1.4532733984613475,1.0700112802591824,1.0612623093443183,1.0810232005431308
ratio,det_nonpar_dt50ns_ap0.01_tau100ns,nv_charge_readout_master_v1_4,thin_all_counts,1,ratio1.88,1.88,5.437,1.0,37.08393963371723,0.9249776330930897,1.8800000000000001,9.58672638322416,0.34722222222222227,9.422120008455401,636.7993609310438,0.0,0.1,off,2.0,mean,0.031111002644699903,0.65,1.6858386867075905,1.5950903285972684,1.5950903285972684,1.5950903285972684,1.0568923003815882,1.0211592884284801,1.0915478061682777,1.0568923003815882,0.995670270158942,1.0894214557755968,1.0568923003815882,0.995670270158942,1.0894214557755968,4.974995007273436,0.33886238764921306,0.3250101495215044,0.3537230046911223,1.5773259230978218,1.0687953973371926,1.056082166215579,1.0842245970245
ratio,det_nonpar_dt50ns_ap0.01_tau100ns,nv_charge_readout_master_v1_4,thin_all_counts,1,ratio1.88,1.88,5.437,1.0,37.08393963371723,0.9249776330930897,1.8800000000000001,9.58672638322416,0.34722222222222227,9.422120008455401,636.7993609310438,0.0,0.1,off,2.0,mean,0.031111002644699903,0.66,1.8226343905810767,1.8056101924324897,1.8056101924324897,1.6526404854882875,1.1028619996820197,1.0469333886578625,1.1083865292268997,1.0094285013564597,0.9967834771748204,1.032205423531807,1.0094285013564597,0.9967834771748204,1.032205423531807,4.974995007273436,0.3663590391380067,0.35224523471171587,0.38334388507160494,1.7013784477342961,1.071269236429,1.0563666016104385,1.0884238758503457
ratio,det_nonpar_dt50ns_ap0.01_tau100ns,nv_charge_readout_master_v1_4,thin_all_counts,1,ratio1.88,1.88,5.437,1.0,37.08393963371723,0.9249776330930897,1.8800000000000001,9.58672638322416,0.34722222222222227,9.422120008455401,636.7993609310438,0.0,0.1,off,2.0,mean,0.031111002644699903,0.67,1.9724717109393284,1.9029130922937731,1.9029130922937731,1.8196855539379873,1.0839629444058048,1.0616738354765365,1.1086781741315246,1.0365537548337056,1.0157204329421534,1.0615819844487215,1.0365537548337056,1.0157204329421534,1.0615819844487215,4.974995007273436,0.39647712370677307,0.38032732843932154,0.416356436473473,1.8254309723707705,1.080551245593028,1.0615361845100593,1.1015093376237355
ratio,det_nonpar_dt50ns_ap0.01_tau100ns,nv_charge_readout_master_v1_4,thin_all_counts,1,ratio1.88,1.88,5.437,1.0,37.08393963371723,0.9249776330930897,1.8800000000000001,9.58672638322416,0.34722222222222227,9.422120008455401,636.7993609310438,0.0,0.1,off,2.0,mean,0.031111002644699903,0.68,2.1424314782951344,2.005459568183314,2.005459568183314,1.9084806058327661,1.122584883360805,1.1072718414110707,1.1380409093957446,1.0682995121342183,1.0458495426457695,1.096678504415939,1.0682995121342183,1.0458495426457695,1.096678504415939,4.974995007273436,0.4306399252990008,0.41178388763848833,0.45216911783669306,1.949483497007245,1.0989738982577149,1.0776787347020804,1.1222769023399286
ratio,det_nonpar_dt50ns_ap0.01_tau100ns,nv_charge_readout_master_v1_4,thin_all_counts,1,ratio1.88,1.88,5.437,1.0,37.08393963371723,0.9249776330930897,1.8800000000000001,9.58672638322416,0.34722222222222227,9.422120008455401,636.7993609310438,0.0,0.1,off,2.0,mean,0.031111002644699903,0.69,2.3203375284518546,2.1135321922505867,2.1135321922505867,2.0249585812799324,1.1458691303133812,1.1312430937523377,1.1638309636649533,1.0978482073561662,1.0735912064395772,1.1249411715130297,1.0978482073561662,1.0735912064395772,1.1249411715130297,4.974995007273436,0.4663999712682172,0.446201553379187,0.48863478867655485,2.0735360216437178,1.1190244607433895,1.0991833155001496,1.141495895095134
ratio,det_nonpar_dt50ns_ap0.01_tau100ns,nv_charge_readout_master_v1_4,thin_all_counts,1,ratio1.88,1.88,5.437,1.0,37.08393963371723,0.9249776330930897,1.8800000000000001,9.58672638322416,0.34722222222222227,9.422120008455401,636.7993609310438,0.0,0.1,off,2.0,mean,0.031111002644699903,0.7,2.500594278944769,2.227428764233882,2.227428764233882,2.1485454153252994,1.1638545134342286,1.1487261482981166,1.1782565548507726,1.122637149657552,1.1007249227708233,1.1413899607980749,1.122637149657552,1.1007249227708233,1.1413899607980749,4.974995007273436,0.5026325202917599,0.48163686602691685,0.5208119796383425,2.1975885462801923,1.1378810119744516,1.1207252843147781,1.1513877647564175
ratio,det_nonpar_dt50ns_ap0.01_tau100ns,nv_charge_readout_master_v1_4,thin_all_counts,1,ratio1.88,1.88,5.437,1.0,37.08393963371723,0.9249776330930897,1.8800000000000001,9.58672638322416,0.34722222222222227,9.422120008455401,636.7993609310438,0.0,0.1,off,2.0,mean,0.031111002644699903,0.71,2.6558579294278726,2.34746313206297,2.34746313206297,2.279674974288873,1.1650160480690221,1.154229243493927,1.1768234411075953,1.1313736489202633,1.1133910241252154,1.1504945534250421,1.1313736489202633,1.1133910241252154,1.1504945534250421,4.974995007273436,0.5338413255782191,0.5145862524273876,0.5525484430187503,2.321641070916667,1.1439571614656374,1.1329608988192166,1.153770454338148
ratio,det_nonpar_dt50ns_ap0.01_tau100ns,nv_charge_readout_master_v1_4,thin_all_counts,1,ratio1.88,1.88,5.437,1.0,37.08393963371723,0.9249776330930897,1.8800000000000001,9.58672638322416,0.34722222222222227,9.422120008455401,636.7993609310438,0.0,0.1,off,2.0,mean,0.031111002644699903,0.72,2.821374534853241,2.4739660566834067,2.4739660566834067,2.41880760412604,1.1664319766650708,1.1556330971588709,1.1776250541305633,1.1404257254182255,1.1199292542826702,1.160982835188208,1.1404257254182255,1.1199292542826702,1.160982835188208,4.974995007273436,0.567111028398701,0.5458855807019349,0.5868963547386339,2.4456935955531414,1.1536091601920935,1.145106026191214,1.1620493632768223
ratio,det_nonpar_dt50ns_ap0.01_tau100ns,nv_charge_readout_master_v1_4,thin_all_counts,1,ratio1.88,1.88,5.437,1.0,37.08393963371723,0.9249776330930897,1.8800000000000001,9.58672638322416,0.34722222222222227,9.422120008455401,636.7993609310438,0.0,0.1,off,2.0,mean,0.031111002644699903,0.73,3.0003056231868137,2.607286123485523,2.607286123485523,2.5664317465269413,1.1690572434848572,1.160627192118953,1.178776024462057,1.1507389220389386,1.130396168120934,1.1702153051288238,1.1507389220389386,1.130396168120934,1.1702153051288238,4.974995007273436,0.6030771123991825,0.5794076429921751,0.623035627358782,2.6029627762474705,1.152650222494602,1.1411265556287105,1.1643669803974663
ratio,det_nonpar_dt50ns_ap0.01_tau100ns,nv_charge_readout_master_v1_4,thin_all_counts,1,ratio1.88,1.88,5.437,1.0,37.08393963371723,0.9249776330930897,1.8800000000000001,9.58672638322416,0.34722222222222227,9.422120008455401,636.7993609310438,0.0,0.1,off,2.0,mean,0.031111002644699903,0.74,3.1931476884114076,2.747790702849605,2.747790702849605,2.705580096342929,1.1802081530417496,1.170487595248628,1.1889110759497579,1.1620782052650311,1.141184187227248,1.182237146775771,1.1620782052650311,1.141184187227248,1.182237146775771,4.974995007273436,0.641839375465308,0.6162851432214246,0.6657296096154333,2.7753304369680976,1.1505468487203827,1.1363314866857988,1.1648286919035051
ratio,det_nonpar_dt50ns_ap0.01_tau100ns,nv_charge_readout_master_v1_4,thin_all_counts,1,ratio1.88,1.88,5.437,1.0,37.08393963371723,0.9249776330930897,1.8800000000000001,9.58672638322416,0.34722222222222227,9.422120008455401,636.7993609310438,0.0,0.1,off,2.0,mean,0.031111002644699903,0.75,3.412057146605111,2.8958669624540927,2.8958669624540927,2.867031743076285,1.1901009309872592,1.053414174529102,1.1979278844344774,1.178250655449163,1.155491536795764,1.1970149167622601,1.178250655449163,1.155491536795764,1.1970149167622601,4.974995007273436,0.6858413207685009,0.6572138243533293,0.7123495810214807,2.9476980976887246,1.157532770835822,1.141362790892962,1.1726582286484275
ratio,det_nonpar_dt50ns_ap0.01_tau100ns,nv_charge_readout_master_v1_4,thin_all_counts,1,ratio1.88,1.88,5.437,1.0,37.08393963371723,0.9249776330930897,1.8800000000000001,9.58672638322416,0.34722222222222227,9.422120008455401,636.7993609310438,0.0,0.1,off,2.0,mean,0.031111002644699903,0.76,3.645699562133951,3.0519229341362557,3.0519229341362557,3.33092732308094,1.0944998820214014,1.0622390497273433,1.2016324722417069,1.1945581984905997,1.1713549715397602,1.2086473342910447,1.1945581984905997,1.1713549715397602,1.2086473342910447,4.974995007273436,0.732804667502971,0.7025074010842733,0.759123961189755,3.120065758409352,1.168468822270135,1.1495037850324843,1.1841835255666036
ratio,det_nonpar_dt50ns_ap0.01_tau100ns,nv_charge_readout_master_v1_4,thin_all_counts,1,ratio1.88,1.88,5.437,1.0,37.08393963371723,0.9249776330930897,1.8800000000000001,9.58672638322416,0.34722222222222227,9.422120008455401,636.7993609310438,0.0,0.1,off,2.0,mean,0.031111002644699903,0.77,3.894674018858682,3.216388638245156,3.216388638245156,3.33092732308094,1.169246171140205,1.1260787003416246,1.2035111132462943,1.2108841489328213,1.1957479724368494,1.2197192431731312,1.2108841489328213,1.1957479724368494,1.2197192431731312,4.974995007273436,0.7828498346560496,0.7518741030599669,0.8120536205988016,3.292433419129979,1.1829165614191355,1.1643983788807002,1.2018029117369975
ratio,det_nonpar_dt50ns_ap0.01_tau100ns,nv_charge_readout_master_v1_4,thin_all_counts,1,ratio1.88,1.88,5.437,1.0,37.08393963371723,0.9249776330930897,1.8800000000000001,9.58672638322416,0.34722222222222227,9.422120008455401,636.7993609310438,0.0,0.1,off,2.0,mean,0.031111002644699903,0.78,4.167759108856102,4.132961323634187,4.132961323634187,3.5334114423192866,1.1795283897423612,1.1601890099475791,1.2217667621143737,1.00841957678697,0.9993048143501848,1.2264206129574415,1.00841957678697,0.9993048143501848,1.2264206129574415,4.974995007273436,0.8377413651195316,0.8024353009611719,0.8688194564908525,3.464801079850606,1.2028855373815013,1.1803343219762121,1.2218729489487719
ratio,det_nonpar_dt50ns_ap0.01_tau100ns,nv_charge_readout_master_v1_4,thin_all_counts,1,ratio1.88,1.88,5.437,1.0,37.08393963371723,0.9249776330930897,1.8800000000000001,9.58672638322416,0.34722222222222227,9.422120008455401,636.7993609310438,0.0,0.1,off,2.0,mean,0.031111002644699903,0.79,4.4697903343294625,4.325177156337784,4.325177156337784,3.5863208198400742,1.2463442505204498,1.1415164595245786,1.2500402918241271,1.0334352034065875,1.0149575141123912,1.0510584189652121,1.0334352034065875,1.0149575141123912,1.0510584189652121,4.974995007273436,0.8984512201107007,0.8613292610128811,0.931717719782205,3.6371687405712336,1.2289202545019844,1.2109924069827234,1.2487793295137002
ratio,det_nonpar_dt50ns_ap0.01_tau100ns,nv_charge_readout_master_v1_4,thin_all_counts,1,ratio1.88,1.88,5.437,1.0,37.08393963371723,0.9249776330930897,1.8800000000000001,9.58672638322416,0.34722222222222227,9.422120008455401,636.7993609310438,0.0,0.1,off,2.0,mean,0.031111002644699903,0.8,4.78765405298669,4.526332566126379,4.526332566126379,3.9151289288607813,1.2228598700017255,1.176212086059908,1.260397548921566,1.0577336028766329,1.035443699678783,1.0753551645912418,1.0577336028766329,1.035443699678783,1.0753551645912418,4.974995007273436,0.9623434889858474,0.9230100958417764,0.996328572958877,3.8095364012918607,1.2567550349074332,1.2396337195770568,1.2730086327609043
ratio,det_nonpar_dt50ns_ap0.01_tau100ns,nv_charge_readout_master_v1_4,thin_all_counts,1,ratio1.88,1.88,5.437,1.0,37.08393963371723,0.9249776330930897,1.8800000000000001,9.58672638322416,0.34722222222222227,9.422120008455401,636.7993609310438,0.0,0.1,off,2.0,mean,0.031111002644699903,0.81,5.124982575137055,4.736843314996963,4.736843314996963,4.2226996075070025,1.2136744385099043,1.1913423767118527,1.2803723161101428,1.0819404895473812,1.0587167078095532,1.104617794399944,1.0819404895473812,1.0587167078095532,1.104617794399944,5.074729108673775,1.009902689461273,0.9895431666037046,1.0195955178244374,4.04815730800622,1.2660038099312863,1.2542493640861054,1.2824093692058773
ratio,det_nonpar_dt50ns_ap0.01_tau100ns,nv_charge_readout_master_v1_4,thin_all_counts,1,ratio1.88,1.88,5.437,1.0,37.08393963371723,0.9249776330930897,1.8800000000000001,9.58672638322416,0.34722222222222227,9.422120008455401,636.7993609310438,0.0,0.1,off,2.0,mean,0.031111002644699903,0.82,5.514295232840827,4.95714450121227,4.95714450121227,4.4451862562902535,1.240509376865302,1.2031329523265297,1.2753919974795063,1.112393482072654,1.0837281023015295,1.1367815081124273,1.112393482072654,1.0837281023015295,1.1367815081124273,5.415324397123575,1.018276067777181,1.006933144488033,1.0333652087622467,4.319904837717442,1.2764853486343182,1.2594914395512204,1.2958839640809556
ratio,det_nonpar_dt50ns_ap0.01_tau100ns,nv_charge_readout_master_v1_4,thin_all_counts,1,ratio1.88,1.88,5.437,1.0,37.08393963371723,0.9249776330930897,1.8800000000000001,9.58672638322416,0.34722222222222227,9.422120008455401,636.7993609310438,0.0,0.1,off,2.0,mean,0.031111002644699903,0.83,5.931824495245803,5.187691458592149,5.187691458592149,4.774331828812306,1.2424407661504002,1.2323543358667886,1.3087570775942463,1.1434420382540635,1.1137290099564072,1.163977853477064,1.1434420382540635,1.1137290099564072,1.163977853477064,5.778779063488926,1.026484042749417,1.0098977364571418,1.0440367651758193,4.591652367428667,1.2918714267926243,1.2713874697425627,1.3099480467124907
ratio,det_nonpar_dt50ns_ap0.01_tau100ns,nv_charge_readout_master_v1_4,thin_all_counts,1,ratio1.88,1.88,5.437,1.0,37.08393963371723,0.9249776330930897,1.8800000000000001,9.58672638322416,0.34722222222222227,9.422120008455401,636.7993609310438,0.0,0.1,off,2.0,mean,0.031111002644699903,0.84,6.353108342032043,5.428960697629163,5.428960697629163,4.827180785086717,1.3161115410592426,1.2679773480402705,1.3331937451368898,1.1702255175298022,1.1450893393948227,1.1938027925386445,1.1702255175298022,1.1450893393948227,1.1938027925386445,6.166627336740119,1.0302403558880378,1.0114250307647312,1.048604115892544,4.863399897139892,1.3063100868526627,1.28904766700832,1.3245643354667762
ratio,det_nonpar_dt50ns_ap0.01_tau100ns,nv_charge_readout_master_v1_4,thin_all_counts,1,ratio1.88,1.88,5.437,1.0,37.08393963371723,0.9249776330930897,1.8800000000000001,9.58672638322416,0.34722222222222227,9.422120008455401,636.7993609310438,0.0,0.1,off,2.0,mean,0.031111002644699903,0.85,6.863971782579917,5.681450890373647,5.681450890373647,5.33435886226768,1.2867472848765156,1.247270990555865,1.306806056561819,1.2081371316981497,1.1704734779367831,1.2411468765485596,1.2081371316981497,1.1704734779367831,1.2411468765485596,6.5805064170893655,1.0430765274773384,1.0153845217328787,1.069504121105277,5.135147426851118,1.336664989731155,1.3080354263780336,1.3638009085902838
ratio,det_nonpar_dt50ns_ap0.01_tau100ns,nv_charge_readout_master_v1_4,thin_all_counts,1,ratio1.88,1.88,5.437,1.0,37.08393963371723,0.9249776330930897,1.8800000000000001,9.58672638322416,0.34722222222222227,9.422120008455401,636.7993609310438,0.0,0.1,off,2.0,mean,0.031111002644699903,0.86,7.517068386112865,5.945683901123792,5.945683901123792,5.696619003982192,1.3195666378351962,1.262679222824972,1.3752165371192069,1.2642899473165847,1.227185314363315,1.3004129277462084,1.2642899473165847,1.227185314363315,1.3004129277462084,7.0221633870039755,1.0704775682127845,1.0442513313702058,1.0978299909168034,5.530264340174038,1.3592602312887456,1.3435915317823974,1.3825093895920142
ratio,det_nonpar_dt50ns_ap0.01_tau100ns,nv_charge_readout_master_v1_4,thin_all_counts,1,ratio1.88,1.88,5.437,1.0,37.08393963371723,0.9249776330930897,1.8800000000000001,9.58672638322416,0.34722222222222227,9.422120008455401,636.7993609310438,0.0,0.1,off,2.0,mean,0.031111002644699903,0.87,8.283646976872902,6.222205865051089,6.222205865051089,6.028189542560143,1.3741517114531334,1.342016867272573,1.4169356264255495,1.331303906770511,1.2884573424623529,1.388065997404357,1.331303906770511,1.2884573424623529,1.388065997404357,7.493462586058823,1.1054498346711137,1.0783761990332001,1.148633037205942,6.0558003161721805,1.3678864137496733,1.3477330312250757,1.4097572652933077
ratio,det_nonpar_dt50ns_ap0.01_tau100ns,nv_charge_readout_master_v1_4,thin_all_counts,1,ratio1.88,1.88,5.437,1.0,37.08393963371723,0.9249776330930897,1.8800000000000001,9.58672638322416,0.34722222222222227,9.422120008455401,636.7993609310438,0.0,0.1,off,2.0,mean,0.031111002644699903,0.88,9.557651650346868,12.155842972467918,9.532339568979125,6.975996490099352,1.3700769006853024,1.3518213363630296,1.4777337536138349,0.7862598811118439,0.7802043864413344,1.4652253842647471,1.0026553902307587,0.9921790347866128,1.4652253842647471,7.996393480759035,1.1952452906856748,1.134926717294768,1.2520083693177662,6.581336292170324,1.4522357202316805,1.3875002269001324,1.5199415369610083
ratio,det_nonpar_dt50ns_ap0.01_tau100ns,nv_charge_readout_master_v1_4,thin_all_counts,1,ratio1.88,1.88,5.437,1.0,37.08393963371723,0.9249776330930897,1.8800000000000001,9.58672638322416,0.34722222222222227,9.422120008455401,636.7993609310438,0.0,0.1,off,2.0,mean,0.031111002644699903,0.89,11.304048589340374,12.734678192842974,11.157718832563004,7.096912826252379,1.5928120953557816,1.4346875660979745,1.9618572463394781,0.8876587549494082,0.8232729449900279,1.196663073545337,1.0131146660866124,0.970348169385387,1.2884014878781411,8.521994209369517,1.3264557932827652,1.2441456129963635,1.7481534679889734,7.134614193212205,1.5843952151042622,1.494912427874066,2.0112966517996798
ratio,det_nonpar_dt50ns_ap0.01_tau100ns,nv_charge_readout_master_v1_4,thin_all_counts,1,ratio1.88,1.88,5.437,1.0,37.08393963371723,0.9249776330930897,1.8800000000000001,9.58672638322416,0.34722222222222227,9.422120008455401,636.7993609310438,0.0,0.1,off,2.0,mean,0.031111002644699903,0.9,16.203221302162916,13.341076307301602,12.600318645109041,7.9721735852860425,2.0324722146126657,1.6010236321713875,2.0645679747887264,1.2145362884473463,1.032876619001615,1.2344487775645065,1.2859374241660455,1.1244091340761908,1.296124707298312,9.202639543357677,1.760714545628178,1.5298017924718503,1.8243039264940974,8.023317187964752,2.019516482094002,1.758854576676368,2.094118766013067
ratio,det_nonpar_dt50ns_ap0.01_tau100ns,nv_charge_readout_master_v1_4,thin_all_counts,1,ratio1.88,1.88,5.437,1.0,37.08393963371723,0.9249776330930897,1.8800000000000001,9.58672638322416,0.34722222222222227,9.422120008455401,636.7993609310438,0.0,0.1,off,2.0,mean,0.031111002644699903,0.91,17.284850679850035,13.976349801856255,13.6705538019811,11.500219425208373,1.5030018159446423,1.4815981361040678,1.6786891654103027,1.2367213846890384,1.2183136442258533,1.257427418243426,1.2643855494241323,1.2408571842677856,1.2913365250945434,10.320566695884958,1.6747966646775214,1.6289177731501343,1.7351861615433917,8.912020182717297,1.9394986013799445,1.8879007657744762,2.0124028349030834
ratio,det_nonpar_dt50ns_ap0.01_tau100ns,nv_charge_readout_master_v1_4,thin_all_counts,1,ratio1.88,1.88,5.437,1.0,37.08393963371723,0.9249776330930897,1.8800000000000001,9.58672638322416,0.34722222222222227,9.422120008455401,636.7993609310438,0.0,0.1,off,2.0,mean,0.031111002644699903,0.92,19.03020042070556,14.641873660293685,14.83169168308304,11.876627365835205,1.6023236087585453,1.5316841069460378,1.6596117311188112,1.2997107379988044,1.2459161782194497,1.3429264179246172,1.2830768618532788,0.8826377914517392,1.3244660988639407,11.574298484948264,1.6441774372289852,1.5794001331176213,1.7165530080803337,9.918321072377756,1.9186917102032655,1.806609453146328,2.008895761193388
ratio,det_nonpar_dt50ns_ap0.01_tau100ns,nv_charge_readout_master_v1_4,thin_all_counts,1,ratio1.88,1.88,5.437,1.0,37.08393963371723,0.9249776330930897,1.8800000000000001,9.58672638322416,0.34722222222222227,9.422120008455401,636.7993609310438,0.0,0.1,off,2.0,mean,0.031111002644699903,0.93,22.712260260824408,nan,29.939586800179068,16.850777208835737,1.3478464511960428,0.6444020797939886,1.6946184053441016,nan,1.338877877205234,1.4697668731056819,0.7586029965079066,0.6910356717054679,0.8600397921369215,13.405587145027397,1.6942383809909574,1.6020392363244296,1.8729077317314722,11.865405121301457,1.9141580105048461,1.7787546307136743,2.1114773830039426
ratio,det_nonpar_dt50ns_ap0.01_tau100ns,nv_charge_readout_master_v1_4,thin_all_counts,1,ratio1.88,1.88,5.437,1.0,37.08393963371723,0.9249776330930897,1.8800000000000001,9.58672638322416,0.34722222222222227,9.422120008455401,636.7993609310438,0.0,0.1,off,2.0,mean,0.031111002644699903,0.94,nan,nan,nan,nan,nan,nan,nan,nan,nan,nan,nan,nan,nan,nan,nan,nan,nan,nan,nan,nan,nan
ratio,det_nonpar_dt50ns_ap0.01_tau100ns,nv_charge_readout_master_v1_4,thin_all_counts,1,ratio1.88,1.88,5.437,1.0,37.08393963371723,0.9249776330930897,1.8800000000000001,9.58672638322416,0.34722222222222227,9.422120008455401,636.7993609310438,0.0,0.1,off,2.0,mean,0.031111002644699903,0.95,nan,nan,nan,nan,nan,nan,nan,nan,nan,nan,nan,nan,nan,nan,nan,nan,nan,nan,nan,nan,nan
ratio,det_nonpar_dt50ns_ap0.01_tau100ns,nv_charge_readout_master_v1_4,thin_all_counts,1,ratio1.88,1.88,5.437,1.0,37.08393963371723,0.9249776330930897,1.8800000000000001,9.58672638322416,0.34722222222222227,9.422120008455401,636.7993609310438,0.0,0.1,off,2.0,mean,0.031111002644699903,0.96,nan,nan,nan,nan,nan,nan,nan,nan,nan,nan,nan,nan,nan,nan,nan,nan,nan,nan,nan,nan,nan
ratio,det_nonpar_dt50ns_ap0.01_tau100ns,nv_charge_readout_master_v1_4,thin_all_counts,1,ratio1.88,1.88,5.437,1.0,37.08393963371723,0.9249776330930897,1.8800000000000001,9.58672638322416,0.34722222222222227,9.422120008455401,636.7993609310438,0.0,0.1,off,2.0,mean,0.031111002644699903,0.97,nan,nan,nan,nan,nan,nan,nan,nan,nan,nan,nan,nan,nan,nan,nan,nan,nan,nan,nan,nan,nan
ratio,det_nonpar_dt50ns_ap0.01_tau100ns,nv_charge_readout_master_v1_4,thin_all_counts,1,ratio1.88,1.88,5.437,1.0,37.08393963371723,0.9249776330930897,1.8800000000000001,9.58672638322416,0.34722222222222227,9.422120008455401,636.7993609310438,0.0,0.1,off,2.0,mean,0.031111002644699903,0.98,nan,nan,nan,nan,nan,nan,nan,nan,nan,nan,nan,nan,nan,nan,nan,nan,nan,nan,nan,nan,nan
ratio,det_nonpar_dt50ns_ap0.01_tau100ns,nv_charge_readout_master_v1_4,thin_all_counts,1,ratio1.88,1.88,5.437,1.0,37.08393963371723,0.9249776330930897,1.8800000000000001,9.58672638322416,0.34722222222222227,9.422120008455401,636.7993609310438,0.0,0.1,off,2.0,mean,0.031111002644699903,0.99,nan,nan,nan,nan,nan,nan,nan,nan,nan,nan,nan,nan,nan,nan,nan,nan,nan,nan,nan,nan,nan
ratio,det_nonpar_dt50ns_ap0.01_tau100ns,nv_charge_readout_master_v1_4,thin_all_counts,2,ratio7.07,7.07,5.437,1.0,27.631556387852836,0.9249776330930897,7.07,12.706558997565994,0.12391573729863692,9.422120008455401,636.7993609310438,0.0,0.1,off,2.0,mean,-0.019252000462387286,0.55,0.5084100071025991,1.5962508341612374,1.5962508341612374,0.48743368449765817,1.0430342080821904,1.0213168857542951,1.0769165121469157,0.31850257880663674,0.29399529198358326,0.3460551020787262,0.31850257880663674,0.29399529198358326,0.3460551020787262,4.974995007273436,0.10219306880897455,0.09407633443093101,0.11130544886688595,0.49822553844132167,1.0204414825726098,1.0025255560412099,1.0766622129340202
ratio,det_nonpar_dt50ns_ap0.01_tau100ns,nv_charge_readout_master_v1_4,thin_all_counts,2,ratio7.07,7.07,5.437,1.0,27.631556387852836,0.9249776330930897,7.07,12.706558997565994,0.12391573729863692,9.422120008455401,636.7993609310438,0.0,0.1,off,2.0,mean,-0.019252000462387286,0.56,0.6170451544519538,1.5962508341612374,1.5962508341612374,0.5855875529235752,1.0537197236712512,1.033554095849988,1.0743334737327006,0.3865590176973565,0.36138726790990394,0.4110104011242495,0.3865590176973565,0.36138726790990394,0.4110104011242495,4.974995007273436,0.12402930124549566,0.1155844288974158,0.13238149175546127,0.5978706461295861,1.0320713325641544,1.015714961602164,1.0772118158283719
ratio,det_nonpar_dt50ns_ap0.01_tau100ns,nv_charge_readout_master_v1_4,thin_all_counts,2,ratio7.07,7.07,5.437,1.0,27.631556387852836,0.9249776330930897,7.07,12.706558997565994,0.12391573729863692,9.422120008455401,636.7993609310438,0.0,0.1,off,2.0,mean,-0.019252000462387286,0.57,0.7245166426281737,1.5962508341612374,1.5962508341612374,0.6899452555085339,1.0501074351097008,1.0360036846891705,1.0634959234063892,0.4538864614024629,0.4275938322956579,0.47950258738941537,0.4538864614024629,0.4275938322956579,0.47950258738941537,4.974995007273436,0.14563163210594812,0.13665853871961467,0.15437757577148545,0.6975157538178492,1.0387100773889841,1.0160723742910416,1.0737433990860459
ratio,det_nonpar_dt50ns_ap0.01_tau100ns,nv_charge_readout_master_v1_4,thin_all_counts,2,ratio7.07,7.07,5.437,1.0,27.631556387852836,0.9249776330930897,7.07,12.706558997565994,0.12391573729863692,9.422120008455401,636.7993609310438,0.0,0.1,off,2.0,mean,-0.019252000462387286,0.58,0.8312409728503982,1.5962508341612374,1.5962508341612374,0.7777229609368687,1.0688137223685155,1.0522480687520361,1.0866628936872718,0.5207458345900758,0.49190920564646823,0.550979778489189,0.5207458345900758,0.49190920564646823,0.550979778489189,4.974995007273436,0.16708378031236715,0.1573085215550537,0.1775479902141109,0.7971608615061135,1.0427518622526142,1.0283325553123557,1.0682789801650585
ratio,det_nonpar_dt50ns_ap0.01_tau100ns,nv_charge_readout_master_v1_4,thin_all_counts,2,ratio7.07,7.07,5.437,1.0,27.631556387852836,0.9249776330930897,7.07,12.706558997565994,0.12391573729863692,9.422120008455401,636.7993609310438,0.0,0.1,off,2.0,mean,-0.019252000462387286,0.59,0.9416155285256319,1.5962508341612374,1.5962508341612374,0.8766681111860021,1.0740843843992063,1.0521973700109706,1.0936099282286498,0.5898919570622566,0.5592818653320862,0.6187557182459936,0.5898919570622566,0.5592818653320862,0.6187557182459936,4.974995007273436,0.18926964291401122,0.17901099439717091,0.19930087789166098,0.8968059691943779,1.0499657237691085,1.03573191969455,1.0674192109485037
ratio,det_nonpar_dt50ns_ap0.01_tau100ns,nv_charge_readout_master_v1_4,thin_all_counts,2,ratio7.07,7.07,5.437,1.0,27.631556387852836,0.9249776330930897,7.07,12.706558997565994,0.12391573729863692,9.422120008455401,636.7993609310438,0.0,0.1,off,2.0,mean,-0.019252000462387286,0.6,1.0460426125126165,1.5962508341612374,1.5962508341612374,0.9882014750401834,1.0585317254966464,1.0452334076711014,1.076428723687082,0.6553121790926223,0.6271934276583592,0.6927284028356048,0.6553121790926223,0.6271934276583592,0.6927284028356048,4.974995007273436,0.21026003261979231,0.20046535983611372,0.223110687998929,0.9964510768826422,1.0497681589999577,1.0436069734423432,1.0615667965941515
ratio,det_nonpar_dt50ns_ap0.01_tau100ns,nv_charge_readout_master_v1_4,thin_all_counts,2,ratio7.07,7.07,5.437,1.0,27.631556387852836,0.9249776330930897,7.07,12.706558997565994,0.12391573729863692,9.422120008455401,636.7993609310438,0.0,0.1,off,2.0,mean,-0.019252000462387286,0.61,1.1766838681462346,1.5962508341612374,1.5962508341612374,1.0977996615077026,1.0718566505387637,1.056829592234741,1.0836821542482107,0.7371547396963664,0.6978787991431729,0.7704568472062827,0.7371547396963664,0.6978787991431729,0.7704568472062827,4.974995007273436,0.2365196078440128,0.22323844034202517,0.24823254771595227,1.1052579722923244,1.0646237327795716,1.0526524047839116,1.077785540398282
ratio,det_nonpar_dt50ns_ap0.01_tau100ns,nv_charge_readout_master_v1_4,thin_all_counts,2,ratio7.07,7.07,5.437,1.0,27.631556387852836,0.9249776330930897,7.07,12.706558997565994,0.12391573729863692,9.422120008455401,636.7993609310438,0.0,0.1,off,2.0,mean,-0.019252000462387286,0.62,1.2933356717650168,1.5962508341612374,1.5962508341612374,1.1949092307446536,1.0823714793457784,1.0689614954310889,1.0966292577568373,0.8102333568675065,0.7763267089788494,0.8474005293496338,0.8102333568675065,0.7763267089788494,0.8474005293496338,4.974995007273436,0.2599672300925251,0.2483453753073224,0.27303152495878164,1.215250077861572,1.0642547532610316,1.0572787565351558,1.0771075239333223
ratio,det_nonpar_dt50ns_ap0.01_tau100ns,nv_charge_readout_master_v1_4,thin_all_counts,2,ratio7.07,7.07,5.437,1.0,27.631556387852836,0.9249776330930897,7.07,12.706558997565994,0.12391573729863692,9.422120008455401,636.7993609310438,0.0,0.1,off,2.0,mean,-0.019252000462387286,0.63,1.4155294672954861,1.5962508341612374,1.5962508341612374,1.3006089542402008,1.0883590049727285,1.0751303777723222,1.1009981507073556,0.886783854392964,0.8526442317260292,0.9266011892342122,0.886783854392964,0.8526442317260292,0.9266011892342122,4.974995007273436,0.28452882168243065,0.27260076154163315,0.29798411734339153,1.326581000824316,1.0670509123950207,1.060326781731111,1.0757786340555384
ratio,det_nonpar_dt50ns_ap0.01_tau100ns,nv_charge_readout_master_v1_4,thin_all_counts,2,ratio7.07,7.07,5.437,1.0,27.631556387852836,0.9249776330930897,7.07,12.706558997565994,0.12391573729863692,9.422120008455401,636.7993609310438,0.0,0.1,off,2.0,mean,-0.019252000462387286,0.64,1.5450034043762388,1.5962508341612374,1.5962508341612374,1.415658703042752,1.091367150186326,1.0091991818387924,1.1026747521522007,0.9678951273269486,0.9305702504084431,1.0100274897555175,0.9678951273269486,0.9305702504084431,1.0100274897555175,4.974995007273436,0.31055375977612965,0.29760023087949306,0.32517460300977863,1.4449775718145819,1.069223103882537,1.0590187972988487,1.0794408260175823
ratio,det_nonpar_dt50ns_ap0.01_tau100ns,nv_charge_readout_master_v1_4,thin_all_counts,2,ratio7.07,7.07,5.437,1.0,27.631556387852836,0.9249776330930897,7.07,12.706558997565994,0.12391573729863692,9.422120008455401,636.7993609310438,0.0,0.1,off,2.0,mean,-0.019252000462387286,0.65,1.6828044116175205,1.5962508341612374,1.5962508341612374,1.5962508341612374,1.0542230428977433,1.0177844025413754,1.0926792561999434,1.0542230428977433,1.0027812270620036,1.0897528751952874,1.0542230428977433,1.0027812270620036,1.0897528751952874,4.974995007273436,0.33825248249641715,0.32350281800312025,0.3540156273590109,1.5688696468262537,1.0726221996975664,1.056687500186568,1.0900468532499914
ratio,det_nonpar_dt50ns_ap0.01_tau100ns,nv_charge_readout_master_v1_4,thin_all_counts,2,ratio7.07,7.07,5.437,1.0,27.631556387852836,0.9249776330930897,7.07,12.706558997565994,0.12391573729863692,9.422120008455401,636.7993609310438,0.0,0.1,off,2.0,mean,-0.019252000462387286,0.66,1.823366809229772,1.7964325967283528,1.7964325967283528,1.6661382126331414,1.0943670791561455,1.042897783070616,1.101881724119665,1.0149931662064424,1.0012905530462601,1.0964049131036575,1.0149931662064424,1.0012905530462601,1.0964049131036575,4.974995007273436,0.3665062591146347,0.35141145702405774,0.3843186622411123,1.6927617218379258,1.0771550335212217,1.0597631482460543,1.0969210886475993
ratio,det_nonpar_dt50ns_ap0.01_tau100ns,nv_charge_readout_master_v1_4,thin_all_counts,2,ratio7.07,7.07,5.437,1.0,27.631556387852836,0.9249776330930897,7.07,12.706558997565994,0.12391573729863692,9.422120008455401,636.7993609310438,0.0,0.1,off,2.0,mean,-0.019252000462387286,0.67,1.9680761864104896,1.893270461429253,1.893270461429253,1.813495343157262,1.0852391729796809,1.0621110588707579,1.1050635737682857,1.0395113780652157,1.0211696873664637,1.0564169684430174,1.0395113780652157,1.0211696873664637,1.0564169684430174,4.974995007273436,0.395593600301742,0.3797759963419087,0.4113498916430479,1.8166537968495977,1.0833523645636198,1.064965235413695,1.1022141363073767
ratio,det_nonpar_dt50ns_ap0.01_tau100ns,nv_charge_readout_master_v1_4,thin_all_counts,2,ratio7.07,7.07,5.437,1.0,27.631556387852836,0.9249776330930897,7.07,12.706558997565994,0.12391573729863692,9.422120008455401,636.7993609310438,0.0,0.1,off,2.0,mean,-0.019252000462387286,0.68,2.1095463400214216,1.9953284340578923,1.9953284340578923,1.8832384910323443,1.120169511225857,1.1029684286072818,1.1293945417028852,1.0572426594108344,1.0404497991186712,1.0775113211271607,1.0572426594108344,1.0404497991186712,1.0775113211271607,4.974995007273436,0.42402984062039617,0.4081602369364157,0.441490307685075,1.9405458718612696,1.0870891384793988,1.0690951286775894,1.1087606920529571
ratio,det_nonpar_dt50ns_ap0.01_tau100ns,nv_charge_readout_master_v1_4,thin_all_counts,2,ratio7.07,7.07,5.437,1.0,27.631556387852836,0.9249776330930897,7.07,12.706558997565994,0.12391573729863692,9.422120008455401,636.7993609310438,0.0,0.1,off,2.0,mean,-0.019252000462387286,0.69,2.2624837355072693,2.1028879079190617,2.1028879079190617,2.0031723304017173,1.1294503728760819,1.1209305084440901,1.1407432052774733,1.0758936446337446,1.0539244944339163,1.098132068315094,1.0758936446337446,1.0539244944339163,1.098132068315094,4.974995007273436,0.45477105649342786,0.4362412263887618,0.4748033748522331,2.0644379468729404,1.0959320617673756,1.0784629410428546,1.1146315589377214
ratio,det_nonpar_dt50ns_ap0.01_tau100ns,nv_charge_readout_master_v1_4,thin_all_counts,2,ratio7.07,7.07,5.437,1.0,27.631556387852836,0.9249776330930897,7.07,12.706558997565994,0.12391573729863692,9.422120008455401,636.7993609310438,0.0,0.1,off,2.0,mean,-0.019252000462387286,0.7,2.4277902093745034,2.216245445006226,2.216245445006226,2.130744143343941,1.1394095424166624,1.1264484144263067,1.15388893479618,1.0954518665091642,1.0732407251927605,1.1187608751332556,1.0954518665091642,1.0732407251927605,1.1187608751332556,4.974995007273436,0.4879985217723993,0.46763115216320167,0.509855102533808,2.188330021884612,1.1094259938378335,1.0922469442591463,1.12710841557226
ratio,det_nonpar_dt50ns_ap0.01_tau100ns,nv_charge_readout_master_v1_4,thin_all_counts,2,ratio7.07,7.07,5.437,1.0,27.631556387852836,0.9249776330930897,7.07,12.706558997565994,0.12391573729863692,9.422120008455401,636.7993609310438,0.0,0.1,off,2.0,mean,-0.019252000462387286,0.71,2.6002960761484664,2.335713593679523,2.335713593679523,2.266440353378902,1.1473039968917949,1.1347760828182236,1.1589549272979036,1.1132769373714773,1.089573851891887,1.1363640995018662,1.1132769373714773,1.089573851891887,1.1363640995018662,4.974995007273436,0.5226731026557488,0.5012037835710328,0.5450855925765906,2.312222096896284,1.1245875037864514,1.1083046946319897,1.137469807385879
ratio,det_nonpar_dt50ns_ap0.01_tau100ns,nv_charge_readout_master_v1_4,thin_all_counts,2,ratio7.07,7.07,5.437,1.0,27.631556387852836,0.9249776330930897,7.07,12.706558997565994,0.12391573729863692,9.422120008455401,636.7993609310438,0.0,0.1,off,2.0,mean,-0.019252000462387286,0.72,2.783507733217464,2.4616217504212337,2.4616217504212337,2.4107783618556757,1.154609555676816,1.1427012128868916,1.1667543328501868,1.130761756041987,1.108411074373913,1.154694035726746,1.130761756041987,1.108411074373913,1.154694035726746,4.974995007273436,0.5594996033459289,0.5374460387079156,0.5850031754641534,2.436114171907956,1.1426015107647562,1.1300753198383877,1.153525412612721
ratio,det_nonpar_dt50ns_ap0.01_tau100ns,nv_charge_readout_master_v1_4,thin_all_counts,2,ratio7.07,7.07,5.437,1.0,27.631556387852836,0.9249776330930897,7.07,12.706558997565994,0.12391573729863692,9.422120008455401,636.7993609310438,0.0,0.1,off,2.0,mean,-0.019252000462387286,0.73,2.9826556414927197,2.5943170680447376,2.5943170680447376,2.564308520772227,1.1631422729876941,1.1539233752647293,1.1716468695771423,1.1496881696656538,1.124971109490265,1.1750273656228365,1.1496881696656538,1.124971109490265,1.1750273656228365,4.974995007273436,0.5995293738249147,0.5741307405153924,0.6273105248582723,2.5893652466432675,1.1518867974918932,1.1428154857018327,1.1633665627828889
ratio,det_nonpar_dt50ns_ap0.01_tau100ns,nv_charge_readout_master_v1_4,thin_all_counts,2,ratio7.07,7.07,5.437,1.0,27.631556387852836,0.9249776330930897,7.07,12.706558997565994,0.12391573729863692,9.422120008455401,636.7993609310438,0.0,0.1,off,2.0,mean,-0.019252000462387286,0.74,3.195317626432101,2.734165412861062,2.734165412861062,2.727021725040507,1.1717243016773686,1.164700417682498,1.1809820782372646,1.1686628802346248,1.1450106963371844,1.1909997054417654,1.1686628802346248,1.1450106963371844,1.1909997054417654,4.974995007273436,0.6422755443494016,0.6149611812178297,0.6711413364759649,2.759715519019819,1.157843119847004,1.142419056993884,1.1742755427170732
ratio,det_nonpar_dt50ns_ap0.01_tau100ns,nv_charge_readout_master_v1_4,thin_all_counts,2,ratio7.07,7.07,5.437,1.0,27.631556387852836,0.9249776330930897,7.07,12.706558997565994,0.12391573729863692,9.422120008455401,636.7993609310438,0.0,0.1,off,2.0,mean,-0.019252000462387286,0.75,3.4186827655187755,2.8815523734421156,2.8815523734421156,2.8793908073454912,1.1872937695006596,1.056110697957251,1.1953187175918154,1.1864031336119838,1.1656650603249739,1.2048472980524574,1.1864031336119838,1.1656650603249739,1.2048472980524574,4.974995007273436,0.6871731048012442,0.6582257835161445,0.7156212973783598,2.930065791396371,1.166759727906842,1.1499365251457168,1.1846763844851607
ratio,det_nonpar_dt50ns_ap0.01_tau100ns,nv_charge_readout_master_v1_4,thin_all_counts,2,ratio7.07,7.07,5.437,1.0,27.631556387852836,0.9249776330930897,7.07,12.706558997565994,0.12391573729863692,9.422120008455401,636.7993609310438,0.0,0.1,off,2.0,mean,-0.019252000462387286,0.76,3.650767388778896,3.036884323761954,3.036884323761954,3.3303480749851544,1.0962119594046247,1.0651734157548602,1.1978009190393113,1.202142393180288,1.1859030758429323,1.2143056404241468,1.202142393180288,1.1859030758429323,1.2143056404241468,4.974995007273436,0.7338233271473598,0.7057588686323225,0.7622946155503492,3.100416063772923,1.1775088612901345,1.160677897906496,1.1947512279844488
ratio,det_nonpar_dt50ns_ap0.01_tau100ns,nv_charge_readout_master_v1_4,thin_all_counts,2,ratio7.07,7.07,5.437,1.0,27.631556387852836,0.9249776330930897,7.07,12.706558997565994,0.12391573729863692,9.422120008455401,636.7993609310438,0.0,0.1,off,2.0,mean,-0.019252000462387286,0.77,3.884803318354878,3.2005895436473706,3.2005895436473706,3.3303480749851544,1.1664856738352176,1.1261748121126858,1.2057108318855205,1.213777419871147,1.202165046210738,1.2216572413847777,1.213777419871147,1.202165046210738,1.2216572413847777,4.974995007273436,0.7808657722621432,0.7514372989119129,0.8158439656222523,3.270766336149475,1.1877348972988027,1.1711600680297805,1.2067450936644741
ratio,det_nonpar_dt50ns_ap0.01_tau100ns,nv_charge_readout_master_v1_4,thin_all_counts,2,ratio7.07,7.07,5.437,1.0,27.631556387852836,0.9249776330930897,7.07,12.706558997565994,0.12391573729863692,9.422120008455401,636.7993609310438,0.0,0.1,off,2.0,mean,-0.019252000462387286,0.78,4.135830400004204,4.114211483361126,4.114928288504539,3.4980525984080413,1.1823236740026193,1.1710874693926383,1.2239562555537788,1.0052546926016104,0.9998815818451952,1.2282652381655286,1.0050795809876096,0.9998415279432485,1.2282652381655286,4.974995007273436,0.831323527753822,0.7990795499153267,0.8659097651546567,3.441116608526027,1.201886152232357,1.1820665399475856,1.2185727977273748
ratio,det_nonpar_dt50ns_ap0.01_tau100ns,nv_charge_readout_master_v1_4,thin_all_counts,2,ratio7.07,7.07,5.437,1.0,27.631556387852836,0.9249776330930897,7.07,12.706558997565994,0.12391573729863692,9.422120008455401,636.7993609310438,0.0,0.1,off,2.0,mean,-0.019252000462387286,0.79,4.406825380184632,4.297714109917889,4.301544938023841,3.581833312427484,1.2303267616878668,1.1415457504346551,1.2392355009942124,1.0253882104477228,1.0111977683104274,1.043111588505689,1.0244750301758228,1.0106666044376318,1.0419365549767687,4.974995007273436,0.885794935219404,0.8514928683742092,0.9210431776432958,3.6114668809025785,1.2202314254874953,1.2057574784129201,1.2371436766946677
ratio,det_nonpar_dt50ns_ap0.01_tau100ns,nv_charge_readout_master_v1_4,thin_all_counts,2,ratio7.07,7.07,5.437,1.0,27.631556387852836,0.9249776330930897,7.07,12.706558997565994,0.12391573729863692,9.422120008455401,636.7993609310438,0.0,0.1,off,2.0,mean,-0.019252000462387286,0.8,4.695135088185039,4.489401345868069,4.496624863555776,3.919245637312114,1.1979690794285207,1.153767618023538,1.2372469742326333,1.045826542665053,1.0257976126189903,1.0642222982034726,1.0441464944603558,1.024242059945826,1.0624909597842151,4.974995007273436,0.9437466934782363,0.9055462167447631,0.9796912376157747,3.7818171532791305,1.2415024042381295,1.2268064112940555,1.2534717307346115
ratio,det_nonpar_dt50ns_ap0.01_tau100ns,nv_charge_readout_master_v1_4,thin_all_counts,2,ratio7.07,7.07,5.437,1.0,27.631556387852836,0.9249776330930897,7.07,12.706558997565994,0.12391573729863692,9.422120008455401,636.7993609310438,0.0,0.1,off,2.0,mean,-0.019252000462387286,0.81,5.001647994675775,4.689638242285759,4.700551884234653,4.095685682187316,1.221199179524105,1.2115670439195103,1.2675559435609431,1.0665317315047185,1.045132532477778,1.0886905422047162,1.0640554806874865,1.0433054447664893,1.086316174051688,5.020172076352474,0.9963100703730939,0.9653527580877355,1.003375349946227,3.992133373293279,1.2528759755713534,1.2399474277553828,1.264668648218212
ratio,det_nonpar_dt50ns_ap0.01_tau100ns,nv_charge_readout_master_v1_4,thin_all_counts,2,ratio7.07,7.07,5.437,1.0,27.631556387852836,0.9249776330930897,7.07,12.706558997565994,0.12391573729863692,9.422120008455401,636.7993609310438,0.0,0.1,off,2.0,mean,-0.019252000462387286,0.82,5.34907354642753,4.89880613230327,4.913727225826401,4.411156582359555,1.2126238202059643,1.1937032462033794,1.2357787199760746,1.0919137034542246,1.0643067830482076,1.1205776445561335,1.0885979828739702,1.0616344810928084,1.1162649302942553,5.34120730525958,1.0014727459015125,0.9901437232218766,1.0157165247730602,4.242415540945019,1.2608556363236396,1.2445170903224054,1.2771516007207449
ratio,det_nonpar_dt50ns_ap0.01_tau100ns,nv_charge_readout_master_v1_4,thin_all_counts,2,ratio7.07,7.07,5.437,1.0,27.631556387852836,0.9249776330930897,7.07,12.706558997565994,0.12391573729863692,9.422120008455401,636.7993609310438,0.0,0.1,off,2.0,mean,-0.019252000462387286,0.83,5.746431337509121,5.117303357325748,5.136570310138993,4.53815986475495,1.2662470051216266,1.2245841399083515,1.3025618994545705,1.1229413103451715,1.0913903858498655,1.14998885788815,1.1187292279765613,1.0873206714316914,1.1447326416099866,5.682772431674571,1.0112020860592146,0.9963184298539212,1.0297856282851823,4.492697708596762,1.2790603130304858,1.260127998782243,1.2993756030197148
ratio,det_nonpar_dt50ns_ap0.01_tau100ns,nv_charge_readout_master_v1_4,thin_all_counts,2,ratio7.07,7.07,5.437,1.0,27.631556387852836,0.9249776330930897,7.07,12.706558997565994,0.12391573729863692,9.422120008455401,636.7993609310438,0.0,0.1,off,2.0,mean,-0.019252000462387286,0.84,6.149961154104315,5.345546025636482,5.36951958023352,4.798739087047966,1.2815785652325555,1.2498098913769542,1.3170014351728272,1.1504832480367717,1.122861561875349,1.1739967045954531,1.145346629658226,1.118995561651726,1.1689646398626807,6.046180323014264,1.01716469333457,1.0014486331946042,1.0347270272182671,4.742979876248505,1.2966450026283207,1.2785860567249354,1.3132471427066255
ratio,det_nonpar_dt50ns_ap0.01_tau100ns,nv_charge_readout_master_v1_4,thin_all_counts,2,ratio7.07,7.07,5.437,1.0,27.631556387852836,0.9249776330930897,7.07,12.706558997565994,0.12391573729863692,9.422120008455401,636.7993609310438,0.0,0.1,off,2.0,mean,-0.019252000462387286,0.85,6.573210163222777,5.583968804837659,5.613033363059522,4.943915008090303,1.3295556562898572,1.2599904817325813,1.3423332020792542,1.1771573934166844,1.1521754117642273,1.207946941969903,1.1710620155017015,1.1457852493812692,1.19991922937862,6.432827803317938,1.0218228070448945,1.004278684825243,1.0440763436768434,4.993262043900248,1.3164160233193825,1.3001105060906173,1.3368431564749317
ratio,det_nonpar_dt50ns_ap0.01_tau100ns,nv_charge_readout_master_v1_4,thin_all_counts,2,ratio7.07,7.07,5.437,1.0,27.631556387852836,0.9249776330930897,7.07,12.706558997565994,0.12391573729863692,9.422120008455401,636.7993609310438,0.0,0.1,off,2.0,mean,-0.019252000462387286,0.86,7.101398219922287,5.83302574963565,5.867590771211804,5.641725297939298,1.258728109735536,1.2385468590774258,1.3113880965817826,1.217446746290442,1.1828670279375506,1.2495170623958909,1.2102749657941247,1.1751139089026452,1.240596006280567,6.844201022193474,1.0375788491446714,1.0147319784518158,1.0602982556215987,5.243544211551992,1.3543126430167745,1.329012117607991,1.371439416802494
ratio,det_nonpar_dt50ns_ap0.01_tau100ns,nv_charge_readout_master_v1_4,thin_all_counts,2,ratio7.07,7.07,5.437,1.0,27.631556387852836,0.9249776330930897,7.07,12.706558997565994,0.12391573729863692,9.422120008455401,636.7993609310438,0.0,0.1,off,2.0,mean,-0.019252000462387286,0.87,7.788794410664765,6.093191166547304,6.133692645582952,5.732806615413045,1.3586354700547643,1.2922344151806364,1.4229585218732204,1.2782783598562641,1.2257939726467943,1.33936445724402,1.2698377406102503,1.2186113641560121,1.3272288276267885,7.281881167102491,1.0696129519185738,1.031880959316699,1.114506555167338,5.680875021639006,1.37105540625282,1.352975398515494,1.4014918313157145
ratio,det_nonpar_dt50ns_ap0.01_tau100ns,nv_charge_readout_master_v1_4,thin_all_counts,2,ratio7.07,7.07,5.437,1.0,27.631556387852836,0.9249776330930897,7.07,12.706558997565994,0.12391573729863692,9.422120008455401,636.7993609310438,0.0,0.1,off,2.0,mean,-0.019252000462387286,0.88,8.815914358720189,6.364960517173986,6.411862540766195,6.21712043574039,1.4180060447341667,1.3505275069744638,1.4474651972245753,1.3850697635803113,0.9301891419790856,1.4344152177605336,1.3749381404653005,0.9586026441988007,1.4116106404822075,7.7475505409407015,1.1378969794561375,1.0899511402988953,1.1810974011437834,6.237236786003014,1.413432688414842,1.3709222153548255,1.463268712782632
ratio,det_nonpar_dt50ns_ap0.01_tau100ns,nv_charge_readout_master_v1_4,thin_all_counts,2,ratio7.07,7.07,5.437,1.0,27.631556387852836,0.9249776330930897,7.07,12.706558997565994,0.12391573729863692,9.422120008455401,636.7993609310438,0.0,0.1,off,2.0,mean,-0.019252000462387286,0.89,10.212179470623006,12.549335722139324,10.81688985909704,7.1561079492508455,1.427057772611171,1.3414387749459227,1.5717915713946318,0.8137625525952624,0.7715023288446551,1.427233089376949,0.9440957247091251,0.9249378439040123,0.967463101483645,8.250683513559354,1.2377373891314687,1.1732705157200536,1.3228865598440085,6.793598550367022,1.5032062013836975,1.4315481834510886,1.5984540967657472
ratio,det_nonpar_dt50ns_ap0.01_tau100ns,nv_charge_readout_master_v1_4,thin_all_counts,2,ratio7.07,7.07,5.437,1.0,27.631556387852836,0.9249776330930897,7.07,12.706558997565994,0.12391573729863692,9.422120008455401,636.7993609310438,0.0,0.1,off,2.0,mean,-0.019252000462387286,0.9,14.437223098943733,13.14397305060512,12.554701021312697,8.098743960572587,1.7826496515050971,1.4725920055184236,1.980437809276304,1.0983911062020228,0.867889573773463,1.1968779927888165,1.149945592048372,0.9380617569603786,1.249443791656785,8.871832880354876,1.6273100827803508,1.3090085305268413,1.7582615214357409,7.46386084537598,1.9342835293999214,1.5764230074566712,2.099295124441054
ratio,det_nonpar_dt50ns_ap0.01_tau100ns,nv_charge_readout_master_v1_4,thin_all_counts,2,ratio7.07,7.07,5.437,1.0,27.631556387852836,0.9249776330930897,7.07,12.706558997565994,0.12391573729863692,9.422120008455401,636.7993609310438,0.0,0.1,off,2.0,mean,-0.019252000462387286,0.91,16.53138716993922,13.766786655507698,13.36931953417565,10.199477648791355,1.6208072353487828,1.5256425796185595,2.0139100943623447,1.2008166890074876,1.176280153095797,1.2234793289731334,1.2365167223118914,1.208133987340885,1.2639552974788377,9.875372440057209,1.6740013878244628,1.6146715178311672,1.7402762424134255,8.47582473231978,1.9504163538094639,1.8698749102286807,2.0417320953853033
ratio,det_nonpar_dt50ns_ap0.01_tau100ns,nv_charge_readout_master_v1_4,thin_all_counts,2,ratio7.07,7.07,5.437,1.0,27.631556387852836,0.9249776330930897,7.07,12.706558997565994,0.12391573729863692,9.422120008455401,636.7993609310438,0.0,0.1,off,2.0,mean,-0.019252000462387286,0.92,17.72939189989407,14.41911164064198,14.236795006385746,11.449567890487888,1.548476944236765,1.509162664540303,1.622171691677353,1.229575881077283,1.2079867027979045,1.2732450266333943,1.245321850314046,1.2194427420205625,1.2864270656334642,10.992427624035727,1.6128731983758973,1.565189168121691,1.68134267080063,9.48778861926358,1.8686537623632453,1.8058188100793229,1.9487512022552296
ratio,det_nonpar_dt50ns_ap0.01_tau100ns,nv_charge_readout_master_v1_4,thin_all_counts,2,ratio7.07,7.07,5.437,1.0,27.631556387852836,0.9249776330930897,7.07,12.706558997565994,0.12391573729863692,9.422120008455401,636.7993609310438,0.0,0.1,off,2.0,mean,-0.019252000462387286,0.93,20.10683972406281,15.102346372319053,15.160557090114281,12.034032392221365,1.67083144441755,1.429919158045699,1.7212114131484562,1.3313719092628178,1.2853758919662432,1.3887167668703662,1.3262599523584686,0.8464362787266562,1.3767938910790942,12.354086956367865,1.6275455883608474,1.5468011158121062,1.7098523372668102,11.025998106741117,1.823584543495415,1.7410075128541462,1.9290694119928786
ratio,det_nonpar_dt50ns_ap0.01_tau100ns,nv_charge_readout_master_v1_4,thin_all_counts,2,ratio7.07,7.07,5.437,1.0,27.631556387852836,0.9249776330930897,7.07,12.706558997565994,0.12391573729863692,9.422120008455401,636.7993609310438,0.0,0.1,off,2.0,mean,-0.019252000462387286,0.94,nan,nan,31.364107179705503,16.73536340424463,nan,0.7020642531212143,1.6952838255286642,nan,nan,nan,nan,0.7327426407568559,0.8272781024630124,15.396386303516113,nan,1.5105081555490698,1.74719536729684,13.455620637467492,nan,1.7005044127307323,2.0311304133756303
ratio,det_nonpar_dt50ns_ap0.01_tau100ns,nv_charge_readout_master_v1_4,thin_all_counts,2,ratio7.07,7.07,5.437,1.0,27.631556387852836,0.9249776330930897,7.07,12.706558997565994,0.12391573729863692,9.422120008455401,636.7993609310438,0.0,0.1,off,2.0,mean,-0.019252000462387286,0.95,nan,nan,nan,nan,nan,nan,nan,nan,nan,nan,nan,nan,nan,nan,nan,nan,nan,nan,nan,nan,nan
ratio,det_nonpar_dt50ns_ap0.01_tau100ns,nv_charge_readout_master_v1_4,thin_all_counts,2,ratio7.07,7.07,5.437,1.0,27.631556387852836,0.9249776330930897,7.07,12.706558997565994,0.12391573729863692,9.422120008455401,636.7993609310438,0.0,0.1,off,2.0,mean,-0.019252000462387286,0.96,nan,nan,nan,nan,nan,nan,nan,nan,nan,nan,nan,nan,nan,nan,nan,nan,nan,nan,nan,nan,nan
ratio,det_nonpar_dt50ns_ap0.01_tau100ns,nv_charge_readout_master_v1_4,thin_all_counts,2,ratio7.07,7.07,5.437,1.0,27.631556387852836,0.9249776330930897,7.07,12.706558997565994,0.12391573729863692,9.422120008455401,636.7993609310438,0.0,0.1,off,2.0,mean,-0.019252000462387286,0.97,nan,nan,nan,nan,nan,nan,nan,nan,nan,nan,nan,nan,nan,nan,nan,nan,nan,nan,nan,nan,nan
ratio,det_nonpar_dt50ns_ap0.01_tau100ns,nv_charge_readout_master_v1_4,thin_all_counts,2,ratio7.07,7.07,5.437,1.0,27.631556387852836,0.9249776330930897,7.07,12.706558997565994,0.12391573729863692,9.422120008455401,636.7993609310438,0.0,0.1,off,2.0,mean,-0.019252000462387286,0.98,nan,nan,nan,nan,nan,nan,nan,nan,nan,nan,nan,nan,nan,nan,nan,nan,nan,nan,nan,nan,nan
ratio,det_nonpar_dt50ns_ap0.01_tau100ns,nv_charge_readout_master_v1_4,thin_all_counts,2,ratio7.07,7.07,5.437,1.0,27.631556387852836,0.9249776330930897,7.07,12.706558997565994,0.12391573729863692,9.422120008455401,636.7993609310438,0.0,0.1,off,2.0,mean,-0.019252000462387286,0.99,nan,nan,nan,nan,nan,nan,nan,nan,nan,nan,nan,nan,nan,nan,nan,nan,nan,nan,nan,nan,nan
ratio,det_nonpar_dt50ns_ap0.01_tau100ns,nv_charge_readout_master_v1_4,thin_all_counts,3,ratio26.6,26.6,5.437,1.0,25.117630792010228,0.9249776330930897,26.6,17.730358234571632,0.036231884057971016,9.422120008455401,636.7993609310438,0.0,0.1,off,2.0,mean,-0.08916814239582127,0.55,0.5038015634047095,1.5950221672968135,1.5950221672968135,0.4710574412644368,1.0695119517746694,1.0444078462763748,1.0869581720387376,0.3158586593555213,0.2925171411294968,0.3340617626706992,0.3158586593555213,0.2925171411294968,0.3340617626706992,4.974995007273436,0.10126674753806834,0.09356123184592738,0.1074756144546413,0.48550523051368555,1.0376851406351804,1.0158076660399962,1.0751650605860206
ratio,det_nonpar_dt50ns_ap0.01_tau100ns,nv_charge_readout_master_v1_4,thin_all_counts,3,ratio26.6,26.6,5.437,1.0,25.117630792010228,0.9249776330930897,26.6,17.730358234571632,0.036231884057971016,9.422120008455401,636.7993609310438,0.0,0.1,off,2.0,mean,-0.08916814239582127,0.56,0.5982989035004863,1.5950221672968135,1.5950221672968135,0.5637407280464581,1.0613015411779512,1.0393661613969527,1.0801862641158755,0.37510381721807784,0.35450110062892837,0.39914725258984923,0.37510381721807784,0.35450110062892837,0.39914725258984923,4.974995007273436,0.12026120682046397,0.11328573044253876,0.12827175266084018,0.5826062766164227,1.0269352176828594,1.018128377139366,1.0665471499330703
ratio,det_nonpar_dt50ns_ap0.01_tau100ns,nv_charge_readout_master_v1_4,thin_all_counts,3,ratio26.6,26.6,5.437,1.0,25.117630792010228,0.9249776330930897,26.6,17.730358234571632,0.036231884057971016,9.422120008455401,636.7993609310438,0.0,0.1,off,2.0,mean,-0.08916814239582127,0.57,0.70480947502043,1.5950221672968135,1.5950221672968135,0.6711461181966923,1.0501580146424567,1.0406051082867627,1.0649381424972542,0.44188067694063204,0.4177964468230739,0.4664387100829094,0.44188067694063204,0.4177964468230739,0.4664387100829094,4.974995007273436,0.14167038841044052,0.13348255102194181,0.1500852347045341,0.6803375566839844,1.03597025931616,1.0248689457268845,1.0670953376387566
ratio,det_nonpar_dt50ns_ap0.01_tau100ns,nv_charge_readout_master_v1_4,thin_all_counts,3,ratio26.6,26.6,5.437,1.0,25.117630792010228,0.9249776330930897,26.6,17.730358234571632,0.036231884057971016,9.422120008455401,636.7993609310438,0.0,0.1,off,2.0,mean,-0.08916814239582127,0.58,0.8080851206747057,1.5950221672968135,1.5950221672968135,0.7544112457586,1.0711467057495065,1.0521965008864815,1.0888251431541676,0.5066293981632992,0.48335737765312903,0.5309797765169784,0.5066293981632992,0.48335737765312903,0.5309797765169784,4.974995007273436,0.16242933299295503,0.15437399244116592,0.17087799248764776,0.7784040675839015,1.0381306500400642,1.0244765904119197,1.0609525160244209
ratio,det_nonpar_dt50ns_ap0.01_tau100ns,nv_charge_readout_master_v1_4,thin_all_counts,3,ratio26.6,26.6,5.437,1.0,25.117630792010228,0.9249776330930897,26.6,17.730358234571632,0.036231884057971016,9.422120008455401,636.7993609310438,0.0,0.1,off,2.0,mean,-0.08916814239582127,0.59,0.9102952748989238,1.5950221672968135,1.5950221672968135,0.8480065849985983,1.0734530733631373,1.0531511847323796,1.0919991208306197,0.5707101089646044,0.5460784309958294,0.6026628207504587,0.5707101089646044,0.5460784309958294,0.6026628207504587,4.974995007273436,0.18297410822886723,0.17461342990749673,0.1938956469691601,0.8764705784838185,1.038591935936535,1.0303932304798606,1.0600555238619593
ratio,det_nonpar_dt50ns_ap0.01_tau100ns,nv_charge_readout_master_v1_4,thin_all_counts,3,ratio26.6,26.6,5.437,1.0,25.117630792010228,0.9249776330930897,26.6,17.730358234571632,0.036231884057971016,9.422120008455401,636.7993609310438,0.0,0.1,off,2.0,mean,-0.08916814239582127,0.6,1.0262916437610605,1.5950221672968135,1.5950221672968135,0.9532137441533988,1.0766647565206544,1.059303510137575,1.0908716665748686,0.6434340943990658,0.6131110344438468,0.6770662500026687,0.6434340943990658,0.6131110344438468,0.6770662500026687,4.974995007273436,0.20628998466543655,0.1958436387957517,0.21783977449715058,0.9775992722396989,1.0498081094207512,1.038089693044427,1.0698150054413371
ratio,det_nonpar_dt50ns_ap0.01_tau100ns,nv_charge_readout_master_v1_4,thin_all_counts,3,ratio26.6,26.6,5.437,1.0,25.117630792010228,0.9249776330930897,26.6,17.730358234571632,0.036231884057971016,9.422120008455401,636.7993609310438,0.0,0.1,off,2.0,mean,-0.08916814239582127,0.61,1.1389142260147234,1.5950221672968135,1.5950221672968135,1.0679125626520118,1.0664864014581763,1.0584420637698313,1.079238653561011,0.7140428825167455,0.682360769427367,0.7533666291823345,0.7140428825167455,0.682360769427367,0.7533666291823345,4.974995007273436,0.22892771235943601,0.21792298463679843,0.24236002034999468,1.0802117040804275,1.0543435344317702,1.043060367676047,1.0755708747141435
ratio,det_nonpar_dt50ns_ap0.01_tau100ns,nv_charge_readout_master_v1_4,thin_all_counts,3,ratio26.6,26.6,5.437,1.0,25.117630792010228,0.9249776330930897,26.6,17.730358234571632,0.036231884057971016,9.422120008455401,636.7993609310438,0.0,0.1,off,2.0,mean,-0.08916814239582127,0.62,1.2629176655354792,1.5950221672968135,1.5950221672968135,1.1626481969878695,1.0862423119972,1.0720858403837417,1.1016877512279177,0.7917869051787706,0.7561120618978057,0.83528307114428,0.7917869051787706,0.7561120618978057,0.83528307114428,4.974995007273436,0.2538530518501215,0.2417142893552509,0.26879127284689047,1.1828241359211564,1.0677138106857684,1.0550141517900198,1.0871323588829926
ratio,det_nonpar_dt50ns_ap0.01_tau100ns,nv_charge_readout_master_v1_4,thin_all_counts,3,ratio26.6,26.6,5.437,1.0,25.117630792010228,0.9249776330930897,26.6,17.730358234571632,0.036231884057971016,9.422120008455401,636.7993609310438,0.0,0.1,off,2.0,mean,-0.08916814239582127,0.63,1.3845818109478016,1.5950221672968135,1.5950221672968135,1.2657879279950215,1.0938497518624204,1.0807016012279507,1.1083246346524938,0.8680643061496389,0.8372886126714971,0.9047972385369643,0.8680643061496389,0.8372886126714971,0.9047972385369643,4.974995007273436,0.2783081809978794,0.2678832470748288,0.291211946746901,1.285436567761885,1.0771296271418056,1.0698523616965334,1.0871747256607929
ratio,det_nonpar_dt50ns_ap0.01_tau100ns,nv_charge_readout_master_v1_4,thin_all_counts,3,ratio26.6,26.6,5.437,1.0,25.117630792010228,0.9249776330930897,26.6,17.730358234571632,0.036231884057971016,9.422120008455401,636.7993609310438,0.0,0.1,off,2.0,mean,-0.08916814239582127,0.64,1.4994328626749167,1.5950221672968135,1.5950221672968135,1.3780772918315947,1.0880615126325963,1.0768035696010072,1.1007116577519696,0.9400702343943608,0.9070671667134808,0.9875458899007135,0.9400702343943608,0.9070671667134808,0.9875458899007135,4.974995007273436,0.30139384270391184,0.29017687133647374,0.3176549713943723,1.39105187665388,1.0779129720753067,1.0692847611715555,1.0862508336648975
ratio,det_nonpar_dt50ns_ap0.01_tau100ns,nv_charge_readout_master_v1_4,thin_all_counts,3,ratio26.6,26.6,5.437,1.0,25.117630792010228,0.9249776330930897,26.6,17.730358234571632,0.036231884057971016,9.422120008455401,636.7993609310438,0.0,0.1,off,2.0,mean,-0.08916814239582127,0.65,1.6414541681474593,1.5950221672968135,1.5950221672968135,1.5950221672968135,1.0291105677417243,1.0080292157677773,1.099823945180035,1.0291105677417243,0.9857254851088402,1.0813093071970927,1.0291105677417243,0.9857254851088402,1.0747163819849102,4.974995007273436,0.3299408674275362,0.31509596809847995,0.34852547066571293,1.5152850232637243,1.0832642987600996,1.06930548157723,1.1003975603706677
ratio,det_nonpar_dt50ns_ap0.01_tau100ns,nv_charge_readout_master_v1_4,thin_all_counts,3,ratio26.6,26.6,5.437,1.0,25.117630792010228,0.9249776330930897,26.6,17.730358234571632,0.036231884057971016,9.422120008455401,636.7993609310438,0.0,0.1,off,2.0,mean,-0.08916814239582127,0.66,1.7823643197554104,1.7743725782968933,1.7842017589733161,1.6555881357245703,1.0765747116056472,1.0517871829800614,1.103110066815178,1.0045039816080723,0.9971459467069679,1.1016087475969851,0.9989701617495529,0.9897158287903738,1.088876877552811,4.974995007273436,0.35826454441654637,0.34508200683714835,0.3768205281349428,1.6395181698735684,1.0871269086897999,1.0703822960394278,1.1035130426322979
ratio,det_nonpar_dt50ns_ap0.01_tau100ns,nv_charge_readout_master_v1_4,thin_all_counts,3,ratio26.6,26.6,5.437,1.0,25.117630792010228,0.9249776330930897,26.6,17.730358234571632,0.036231884057971016,9.422120008455401,636.7993609310438,0.0,0.1,off,2.0,mean,-0.08916814239582127,0.67,1.923621149631317,1.8673792567199945,1.8768832581813937,1.794617533272934,1.0718836264366105,1.0550067452609637,1.0975192630639696,1.0301180880685747,1.014160986837131,1.050642814020619,1.0249018638992016,1.008339369660492,1.0456673191151498,4.974995007273436,0.3866579055494499,0.37256993769044133,0.4075287426740352,1.7637513164834127,1.090641935546024,1.0710640912746379,1.111607188937688
ratio,det_nonpar_dt50ns_ap0.01_tau100ns,nv_charge_readout_master_v1_4,thin_all_counts,3,ratio26.6,26.6,5.437,1.0,25.117630792010228,0.9249776330930897,26.6,17.730358234571632,0.036231884057971016,9.422120008455401,636.7993609310438,0.0,0.1,off,2.0,mean,-0.08916814239582127,0.68,2.0774061870890974,1.9652610342835486,1.9743791570235125,1.8687601203836814,1.1116494644923063,1.0922243313154767,1.1255054534882711,1.057063744128236,1.0370145103541766,1.0815792823660844,1.0521819882969712,1.0317502893668562,1.076616769611532,4.974995007273436,0.41756950188933506,0.40169365952456854,0.4388146218246275,1.887984463093257,1.1003301286100065,1.0792851608582297,1.1219577717960305
ratio,det_nonpar_dt50ns_ap0.01_tau100ns,nv_charge_readout_master_v1_4,thin_all_counts,3,ratio26.6,26.6,5.437,1.0,25.117630792010228,0.9249776330930897,26.6,17.730358234571632,0.036231884057971016,9.422120008455401,636.7993609310438,0.0,0.1,off,2.0,mean,-0.08916814239582127,0.69,2.2389394450470603,2.068273447385931,2.076939542561645,1.9791383801053903,1.1312697826252227,1.1205790611534772,1.1426713172258338,1.0825161672296437,1.060434626726494,1.1038929955101457,1.077999334677604,1.0561378618306891,1.100292848330683,4.974995007273436,0.45003853104852043,0.4325080330858889,0.47149343119252496,2.0122176097030997,1.1126726226083536,1.091981662193805,1.1304641210500141
ratio,det_nonpar_dt50ns_ap0.01_tau100ns,nv_charge_readout_master_v1_4,thin_all_counts,3,ratio26.6,26.6,5.437,1.0,25.117630792010228,0.9249776330930897,26.6,17.730358234571632,0.036231884057971016,9.422120008455401,636.7993609310438,0.0,0.1,off,2.0,mean,-0.08916814239582127,0.7,2.404567770469606,2.1766854267892084,2.1848274927898292,2.098968449274438,1.1455950046799448,1.1318479435365247,1.160688133856949,1.1046923643057338,1.081366134939024,1.1279151393049727,1.1005755733141147,1.0778435597650309,1.1235196432380994,4.974995007273436,0.4833306901723783,0.46484543983790694,0.5049920083285772,2.136450756312944,1.1254964634052107,1.1087839473450833,1.141510917783821
ratio,det_nonpar_dt50ns_ap0.01_tau100ns,nv_charge_readout_master_v1_4,thin_all_counts,3,ratio26.6,26.6,5.437,1.0,25.117630792010228,0.9249776330930897,26.6,17.730358234571632,0.036231884057971016,9.422120008455401,636.7993609310438,0.0,0.1,off,2.0,mean,-0.08916814239582127,0.71,2.563819433182404,2.290779999706893,2.29831975145642,2.226053819852119,1.1517329052505672,1.1385529868901223,1.16367348002809,1.11919059600243,1.099333865529182,1.1396772136891613,1.1155190358337823,1.0954910116279402,1.1356376648306774,4.974995007273436,0.5153411067617361,0.4986801964970937,0.5364667078306099,2.2606839029227883,1.1340901883132348,1.1225782144046172,1.1447403935593217
ratio,det_nonpar_dt50ns_ap0.01_tau100ns,nv_charge_readout_master_v1_4,thin_all_counts,3,ratio26.6,26.6,5.437,1.0,25.117630792010228,0.9249776330930897,26.6,17.730358234571632,0.036231884057971016,9.422120008455401,636.7993609310438,0.0,0.1,off,2.0,mean,-0.08916814239582127,0.72,2.722454671297611,2.4108550286928074,2.4177074379404258,2.360833775558247,1.1531750771626668,1.142102137228347,1.1648131497584095,1.12924860221635,1.1110643581568913,1.1533951430306215,1.1260480191171478,1.1085082856271609,1.149263624503559,4.974995007273436,0.5472276187850211,0.5289036449134425,0.5718028744520101,2.384917049532633,1.141530130715081,1.1332013470797149,1.149323479100824
ratio,det_nonpar_dt50ns_ap0.01_tau100ns,nv_charge_readout_master_v1_4,thin_all_counts,3,ratio26.6,26.6,5.437,1.0,25.117630792010228,0.9249776330930897,26.6,17.730358234571632,0.036231884057971016,9.422120008455401,636.7993609310438,0.0,0.1,off,2.0,mean,-0.08916814239582127,0.73,2.9027731039804108,2.537223989260023,2.5432967940028135,2.503774197241497,1.159358981803753,1.147696833931969,1.1682538206854836,1.1440744357879888,1.1219773481601722,1.1698467981830818,1.1413426505413193,1.1191447839693918,1.1669717578861614,4.974995007273436,0.583472566251134,0.5608614385444038,0.6099834259972683,2.5174497983472794,1.1530609690354494,1.1439609549387715,1.1612860648276246
ratio,det_nonpar_dt50ns_ap0.01_tau100ns,nv_charge_readout_master_v1_4,thin_all_counts,3,ratio26.6,26.6,5.437,1.0,25.117630792010228,0.9249776330930897,26.6,17.730358234571632,0.036231884057971016,9.422120008455401,636.7993609310438,0.0,0.1,off,2.0,mean,-0.08916814239582127,0.74,3.104104889794877,2.6702167882599857,2.675409969328297,2.6560208511128107,1.1687050154347731,1.1599114832457298,1.1770067246236626,1.1624917135726756,1.141708239537409,1.1871800073839858,1.160235225771477,1.1395521382211116,1.1842667524293902,4.974995007273436,0.623941307530295,0.600131823889828,0.6505703658853509,2.6828947628016615,1.1569983783312316,1.1449362867025288,1.171049315573328
ratio,det_nonpar_dt50ns_ap0.01_tau100ns,nv_charge_readout_master_v1_4,thin_all_counts,3,ratio26.6,26.6,5.437,1.0,25.117630792010228,0.9249776330930897,26.6,17.730358234571632,0.036231884057971016,9.422120008455401,636.7993609310438,0.0,0.1,off,2.0,mean,-0.08916814239582127,0.75,3.306746120099212,2.8101806251583428,2.8143858478725865,2.807716604997356,1.1777350015359993,1.1701962458720663,1.1864796189718037,1.1767023409439703,1.1579546832471743,1.19633558372672,1.1749441259444948,1.1565574942076227,1.1948371461289622,4.974995007273436,0.6646732539961856,0.6417631533918704,0.6925845922117992,2.8483397272560436,1.1609381031541401,1.147605881251073,1.17617551079513
ratio,det_nonpar_dt50ns_ap0.01_tau100ns,nv_charge_readout_master_v1_4,thin_all_counts,3,ratio26.6,26.6,5.437,1.0,25.117630792010228,0.9249776330930897,26.6,17.730358234571632,0.036231884057971016,9.422120008455401,636.7993609310438,0.0,0.1,off,2.0,mean,-0.08916814239582127,0.76,3.5179665220617395,2.957480898455961,2.9605809171347777,2.945737916791849,1.1942564550661365,1.0576663667663344,1.1987386559527606,1.1895145371516673,1.1716579321947789,1.2076430354411165,1.1882689987296122,1.1707576918525378,1.206838962958196,4.974995007273436,0.7071296588073912,0.6838469757663014,0.7406741357932667,3.0137846917104256,1.1672919209318744,1.1523887606216718,1.185869470543465
ratio,det_nonpar_dt50ns_ap0.01_tau100ns,nv_charge_readout_master_v1_4,thin_all_counts,3,ratio26.6,26.6,5.437,1.0,25.117630792010228,0.9249776330930897,26.6,17.730358234571632,0.036231884057971016,9.422120008455401,636.7993609310438,0.0,0.1,off,2.0,mean,-0.08916814239582127,0.77,3.747665750228353,3.1125021596215134,3.114370182584651,3.333092453207028,1.1243809773780598,1.0917127391380361,1.172472322462592,1.2040684818943472,1.187677094987329,1.215476550718774,1.2033462724454043,1.1870964383617901,1.215054922808196,4.974995007273436,0.7533004042716165,0.7275116935830087,0.787002527876344,3.1792296561648072,1.178796801596669,1.1620152869264053,1.1959598326206933
ratio,det_nonpar_dt50ns_ap0.01_tau100ns,nv_charge_readout_master_v1_4,thin_all_counts,3,ratio26.6,26.6,5.437,1.0,25.117630792010228,0.9249776330930897,26.6,17.730358234571632,0.036231884057971016,9.422120008455401,636.7993609310438,0.0,0.1,off,2.0,mean,-0.08916814239582127,0.78,3.9941352153446865,3.2756491170260187,3.276148129590472,3.333092453207028,1.1983271605627435,1.1628109218379172,1.2201222876121338,1.2193415938795622,1.0011646935081926,1.225781849827339,1.2191558676084542,1.0011646935081926,1.2255874754645892,4.974995007273436,0.8028420550181993,0.7768647918766459,0.8352854686742202,3.3446746206191893,1.1941775115348185,1.1780094917078558,1.2120109680358215
ratio,det_nonpar_dt50ns_ap0.01_tau100ns,nv_charge_readout_master_v1_4,thin_all_counts,3,ratio26.6,26.6,5.437,1.0,25.117630792010228,0.9249776330930897,26.6,17.730358234571632,0.036231884057971016,9.422120008455401,636.7993609310438,0.0,0.1,off,2.0,mean,-0.08916814239582127,0.79,4.236769252752238,4.187797419292983,4.187797419292983,3.5188952052765186,1.2040055203688023,1.1855332365049704,1.227775238704763,1.011693935631567,1.0038750845547297,1.0263760830089212,1.011693935631567,1.0038750845547297,1.0263760830089212,4.974995007273436,0.8516127647481228,0.8263806853189354,0.886465363329087,3.5101195850735714,1.207015644358292,1.1913612856080111,1.2190725425705131
ratio,det_nonpar_dt50ns_ap0.01_tau100ns,nv_charge_readout_master_v1_4,thin_all_counts,3,ratio26.6,26.6,5.437,1.0,25.117630792010228,0.9249776330930897,26.6,17.730358234571632,0.036231884057971016,9.422120008455401,636.7993609310438,0.0,0.1,off,2.0,mean,-0.08916814239582127,0.8,4.489250238572767,4.37157287504509,4.37157287504509,3.8779438514372115,1.1576367298121137,1.1548910852903709,1.2462958297742326,1.0269187697177444,1.0147497815905306,1.044787916665089,1.0269187697177444,1.0147497815905306,1.044787916665089,4.974995007273436,0.9023627625775482,0.8745894406733311,0.9412684502355059,3.6755645495279534,1.221377064143606,1.2097562036709137,1.234938264191291
ratio,det_nonpar_dt50ns_ap0.01_tau100ns,nv_charge_readout_master_v1_4,thin_all_counts,3,ratio26.6,26.6,5.437,1.0,25.117630792010228,0.9249776330930897,26.6,17.730358234571632,0.036231884057971016,9.422120008455401,636.7993609310438,0.0,0.1,off,2.0,mean,-0.08916814239582127,0.81,4.786569300849591,4.563413051879765,4.563413051879765,3.9205618147498407,1.2208886192896329,1.1833652661926566,1.2476976586414528,1.048901172528729,1.0273187133514772,1.0713717526183477,1.048901172528729,1.0273187133514772,1.0713717526183477,4.974995007273436,0.962125448136457,0.9268417781436327,0.9949773452268065,3.8410095139823355,1.2461748098840049,1.2309006379528715,1.2557448214185807
ratio,det_nonpar_dt50ns_ap0.01_tau100ns,nv_charge_readout_master_v1_4,thin_all_counts,3,ratio26.6,26.6,5.437,1.0,25.117630792010228,0.9249776330930897,26.6,17.730358234571632,0.036231884057971016,9.422120008455401,636.7993609310438,0.0,0.1,off,2.0,mean,-0.08916814239582127,0.82,5.118558233758166,4.763671858461649,4.763671858461649,4.191076937052891,1.221299038561069,1.2110377085766555,1.242492106284073,1.074498493145815,1.0523514304804262,1.0998275904255872,1.074498493145815,1.0523514304804262,1.0998275904255872,5.129016781881769,0.9979609058483591,0.9895013573853261,1.007637015720655,4.092282361872253,1.2507832503073868,1.237648704391768,1.2646377024684863
ratio,det_nonpar_dt50ns_ap0.01_tau100ns,nv_charge_readout_master_v1_4,thin_all_counts,3,ratio26.6,26.6,5.437,1.0,25.117630792010228,0.9249776330930897,26.6,17.730358234571632,0.036231884057971016,9.422120008455401,636.7993609310438,0.0,0.1,off,2.0,mean,-0.08916814239582127,0.83,5.485681882804209,4.97271873422721,4.97271873422721,4.488190853710731,1.2222479082565698,1.1996805443423826,1.259057942922127,1.1031554720853756,1.0795953533095282,1.127626021857061,1.1031554720853756,1.0795953533095282,1.127626021857061,5.446961199619449,1.007108676152763,0.9950520292631195,1.0197037619064162,4.3607207864492805,1.257975952014788,1.243761185994862,1.272070704793847
ratio,det_nonpar_dt50ns_ap0.01_tau100ns,nv_charge_readout_master_v1_4,thin_all_counts,3,ratio26.6,26.6,5.437,1.0,25.117630792010228,0.9249776330930897,26.6,17.730358234571632,0.036231884057971016,9.422120008455401,636.7993609310438,0.0,0.1,off,2.0,mean,-0.08916814239582127,0.84,5.885403480548489,5.190939330930268,5.190939330930268,4.546485673338637,1.2944951119194092,1.2576985100882088,1.3091108986503406,1.133783907949039,1.1079176103839046,1.1644855122164135,1.133783907949039,1.1079176103839046,1.1644855122164135,5.784614785228765,1.017423579453742,0.9991753404697058,1.0372178091775617,4.629159211026308,1.271376336879903,1.251756607209485,1.2925303033965079
ratio,det_nonpar_dt50ns_ap0.01_tau100ns,nv_charge_readout_master_v1_4,thin_all_counts,3,ratio26.6,26.6,5.437,1.0,25.117630792010228,0.9249776330930897,26.6,17.730358234571632,0.036231884057971016,9.422120008455401,636.7993609310438,0.0,0.1,off,2.0,mean,-0.08916814239582127,0.85,6.369084552618958,5.418736224096199,5.418736224096199,4.8296574791695495,1.3187445652386325,1.2698708538272963,1.3348842563614123,1.1753819136456063,1.1466831553617096,1.2092730955298152,1.1753819136456063,1.1466831553617096,1.2092730955298152,6.143199297220079,1.0367699702500448,1.016150006024798,1.0593236980740355,4.8975976356033355,1.3004507569830916,1.2779650930129856,1.3236610155324182
ratio,det_nonpar_dt50ns_ap0.01_tau100ns,nv_charge_readout_master_v1_4,thin_all_counts,3,ratio26.6,26.6,5.437,1.0,25.117630792010228,0.9249776330930897,26.6,17.730358234571632,0.036231884057971016,9.422120008455401,636.7993609310438,0.0,0.1,off,2.0,mean,-0.08916814239582127,0.86,6.904024302488301,5.656529655697257,5.656529655697257,5.296083788629837,1.3036093419274353,1.2511225392188678,1.3254953438619321,1.220540635818035,1.185777622194588,1.2530752978072215,1.220540635818035,1.185777622194588,1.2530752978072215,6.524012230119971,1.0582482158163184,1.0356482936732627,1.0807480315714,5.166036060180363,1.336425882835835,1.3137133676384223,1.3561330816372803
ratio,det_nonpar_dt50ns_ap0.01_tau100ns,nv_charge_readout_master_v1_4,thin_all_counts,3,ratio26.6,26.6,5.437,1.0,25.117630792010228,0.9249776330930897,26.6,17.730358234571632,0.036231884057971016,9.422120008455401,636.7993609310438,0.0,0.1,off,2.0,mean,-0.08916814239582127,0.87,7.496931994124767,5.904758309419139,5.904758309419139,5.681086231317059,1.3196300300456338,1.2860804521134201,1.3634491495691337,1.2696424817533731,1.2373596389324815,1.3097881371780697,1.2696424817533731,1.2373596389324815,1.3097881371780697,6.928431509297678,1.082053273394445,1.056057109037791,1.113691931379255,5.508972322550261,1.3608585331672574,1.3468302543149113,1.3794142821587343
ratio,det_nonpar_dt50ns_ap0.01_tau100ns,nv_charge_readout_master_v1_4,thin_all_counts,3,ratio26.6,26.6,5.437,1.0,25.117630792010228,0.9249776330930897,26.6,17.730358234571632,0.036231884057971016,9.422120008455401,636.7993609310438,0.0,0.1,off,2.0,mean,-0.08916814239582127,0.88,8.279403862533421,6.163880119949016,6.163880119949016,6.03766662886477,1.371291986038347,1.3497561263071072,1.4060931738277007,1.3432129926955658,1.3054412067991445,1.3827784633846856,1.3432129926955658,1.3054412067991445,1.3827784633846856,7.357920476820776,1.125236931904271,1.0962683608864152,1.1552839132121058,6.005659441641621,1.3786002924385405,1.355081938503028,1.4049873953999348
ratio,det_nonpar_dt50ns_ap0.01_tau100ns,nv_charge_readout_master_v1_4,thin_all_counts,3,ratio26.6,26.6,5.437,1.0,25.117630792010228,0.9249776330930897,26.6,17.730358234571632,0.036231884057971016,9.422120008455401,636.7993609310438,0.0,0.1,off,2.0,mean,-0.08916814239582127,0.89,9.139692602623981,6.4343731177779855,6.4343731177779855,6.514883248787613,1.4028943042570765,1.3278097066464525,1.4447581925517707,1.4204480273876683,0.7748593396356536,1.4457271973045003,1.4204480273876683,0.9834242111858089,1.4457271973045003,7.814033186380801,1.1696511116120791,1.1434806331849208,1.1925104758290999,6.502346560732979,1.405599119834318,1.3791169602014386,1.436160375608843
ratio,det_nonpar_dt50ns_ap0.01_tau100ns,nv_charge_readout_master_v1_4,thin_all_counts,3,ratio26.6,26.6,5.437,1.0,25.117630792010228,0.9249776330930897,26.6,17.730358234571632,0.036231884057971016,9.422120008455401,636.7993609310438,0.0,0.1,off,2.0,mean,-0.08916814239582127,0.9,10.67660589360208,12.763009236706345,11.257859452029061,7.165219412030418,1.4900598683239255,1.375327302849988,1.619325774417627,0.8365273185649837,0.7793512507322219,0.9106796646954036,0.948369087311512,0.886257006316304,0.9938699427908372,8.345578666631958,1.2793128337870978,1.2061207366620466,1.3644232183768057,6.999033679824338,1.5254399938635588,1.4396595491105713,1.63657620712767
ratio,det_nonpar_dt50ns_ap0.01_tau100ns,nv_charge_readout_master_v1_4,thin_all_counts,3,ratio26.6,26.6,5.437,1.0,25.117630792010228,0.9249776330930897,26.6,17.730358234571632,0.036231884057971016,9.422120008455401,636.7993609310438,0.0,0.1,off,2.0,mean,-0.08916814239582127,0.91,15.862514176357104,13.37608785847854,12.849255089461899,8.221674702647917,1.9293531731738713,1.4792519801776145,1.9958334126058184,1.1858859140419389,0.909716479879077,1.2157230645564323,1.2345084649589126,0.9528884624281737,1.255750940121637,9.242260680691638,1.7163023987730721,1.3371860336989594,1.7602238904034153,7.712653868308418,2.056686900152069,1.61268380224998,2.132220986576618
ratio,det_nonpar_dt50ns_ap0.01_tau100ns,nv_charge_readout_master_v1_4,thin_all_counts,3,ratio26.6,26.6,5.437,1.0,25.117630792010228,0.9249776330930897,26.6,17.730358234571632,0.036231884057971016,9.422120008455401,636.7993609310438,0.0,0.1,off,2.0,mean,-0.08916814239582127,0.92,17.222730059617856,14.018616070821674,13.64392823781773,10.29575056095371,1.6727998563732192,1.5384223342584433,1.9882768465375231,1.228561362448981,1.2084777753405587,1.2617036718164418,1.2622999593240702,1.2419736401173513,1.294093785682255,10.28763524499972,1.67411943070094,1.6209780217762741,1.7229840975520723,8.75738242586559,1.9666527304722041,1.9060164360018255,2.0318205042296786
ratio,det_nonpar_dt50ns_ap0.01_tau100ns,nv_charge_readout_master_v1_4,thin_all_counts,3,ratio26.6,26.6,5.437,1.0,25.117630792010228,0.9249776330930897,26.6,17.730358234571632,0.036231884057971016,9.422120008455401,636.7993609310438,0.0,0.1,off,2.0,mean,-0.08916814239582127,0.93,19.019233136489085,14.692008502062356,14.487748625318634,11.339438502017535,1.677264102019262,1.6057638048273684,1.7240627890892755,1.2945291403703794,1.2552873865521739,1.3330207320872332,1.3127804483887355,1.2731357237954073,1.3489180570142447,11.451250142215235,1.6608870560231976,1.6058640141035778,1.7199735701039274,9.80211098342276,1.9403201176414178,1.868936226185153,2.0082295351698116
ratio,det_nonpar_dt50ns_ap0.01_tau100ns,nv_charge_readout_master_v1_4,thin_all_counts,3,ratio26.6,26.6,5.437,1.0,25.117630792010228,0.9249776330930897,26.6,17.730358234571632,0.036231884057971016,9.422120008455401,636.7993609310438,0.0,0.1,off,2.0,mean,-0.08916814239582127,0.94,21.839481589870402,15.397747733027147,15.383755804918632,13.93611088201207,1.5671145109830855,1.5277546472063797,1.7815346682151016,1.4183555912548278,0.687293658650868,1.4362049104577077,1.4196456227475795,0.8605874492366096,1.4474585706626406,13.543188283681646,1.612580518886019,1.493748121690359,1.7400645542569033,11.588961762221004,1.8845071748415974,1.7926912859267083,2.0114386067981376
ratio,det_nonpar_dt50ns_ap0.01_tau100ns,nv_charge_readout_master_v1_4,thin_all_counts,3,ratio26.6,26.6,5.437,1.0,25.117630792010228,0.9249776330930897,26.6,17.730358234571632,0.036231884057971016,9.422120008455401,636.7993609310438,0.0,0.1,off,2.0,mean,-0.08916814239582127,0.95,nan,nan,32.31784101483794,17.070716736977797,nan,nan,nan,nan,nan,nan,nan,nan,nan,18.254592521717495,nan,nan,nan,15.62517246156238,nan,nan,nan
ratio,det_nonpar_dt50ns_ap0.01_tau100ns,nv_charge_readout_master_v1_4,thin_all_counts,3,ratio26.6,26.6,5.437,1.0,25.117630792010228,0.9249776330930897,26.6,17.730358234571632,0.036231884057971016,9.422120008455401,636.7993609310438,0.0,0.1,off,2.0,mean,-0.08916814239582127,0.96,nan,nan,nan,nan,nan,nan,nan,nan,nan,nan,nan,nan,nan,nan,nan,nan,nan,nan,nan,nan,nan
ratio,det_nonpar_dt50ns_ap0.01_tau100ns,nv_charge_readout_master_v1_4,thin_all_counts,3,ratio26.6,26.6,5.437,1.0,25.117630792010228,0.9249776330930897,26.6,17.730358234571632,0.036231884057971016,9.422120008455401,636.7993609310438,0.0,0.1,off,2.0,mean,-0.08916814239582127,0.97,nan,nan,nan,nan,nan,nan,nan,nan,nan,nan,nan,nan,nan,nan,nan,nan,nan,nan,nan,nan,nan
ratio,det_nonpar_dt50ns_ap0.01_tau100ns,nv_charge_readout_master_v1_4,thin_all_counts,3,ratio26.6,26.6,5.437,1.0,25.117630792010228,0.9249776330930897,26.6,17.730358234571632,0.036231884057971016,9.422120008455401,636.7993609310438,0.0,0.1,off,2.0,mean,-0.08916814239582127,0.98,nan,nan,nan,nan,nan,nan,nan,nan,nan,nan,nan,nan,nan,nan,nan,nan,nan,nan,nan,nan,nan
ratio,det_nonpar_dt50ns_ap0.01_tau100ns,nv_charge_readout_master_v1_4,thin_all_counts,3,ratio26.6,26.6,5.437,1.0,25.117630792010228,0.9249776330930897,26.6,17.730358234571632,0.036231884057971016,9.422120008455401,636.7993609310438,0.0,0.1,off,2.0,mean,-0.08916814239582127,0.99,nan,nan,nan,nan,nan,nan,nan,nan,nan,nan,nan,nan,nan,nan,nan,nan,nan,nan,nan,nan,nan
ratio,det_nonpar_dt50ns_ap0.01_tau100ns,nv_charge_readout_master_v1_4,thin_all_counts,4,ratio100,100.0,5.437,1.0,24.449647422396623,0.9249776330930897,100.0,21.580111284109183,0.009900990099009901,9.422120008455401,636.7993609310438,0.0,0.1,off,2.0,mean,0.14716095482816827,0.55,0.4609899927926728,1.5958748990353904,1.5958748990353904,0.44691535790183357,1.0314928423066874,1.0202477514184298,1.0691335824352322,0.28886348990845917,0.2752990647154009,0.30729645009392226,0.28886348990845917,0.2752990647154009,0.30729645009392226,4.974995007273436,0.09266139807551686,0.08812669685752093,0.09880849658024751,0.45446490047076277,1.014357747573357,0.989893598666744,1.0492052985887048
ratio,det_nonpar_dt50ns_ap0.01_tau100ns,nv_charge_readout_master_v1_4,thin_all_counts,4,ratio100,100.0,5.437,1.0,24.449647422396623,0.9249776330930897,100.0,21.580111284109183,0.009900990099009901,9.422120008455401,636.7993609310438,0.0,0.1,off,2.0,mean,0.14716095482816827,0.56,0.5655092862217131,1.5958748990353904,1.5958748990353904,0.5383455076035485,1.0504578903966053,1.0254830238748327,1.0686167352455571,0.35435690263912867,0.32899208779151107,0.3782689099785,0.35435690263912867,0.32899208779151107,0.3782689099785,4.974995007273436,0.11367032236111581,0.10513361161281563,0.1216359067616806,0.5531878354713671,1.0222735388601722,1.0024494772631178,1.0400209979298136
ratio,det_nonpar_dt50ns_ap0.01_tau100ns,nv_charge_readout_master_v1_4,thin_all_counts,4,ratio100,100.0,5.437,1.0,24.449647422396623,0.9249776330930897,100.0,21.580111284109183,0.009900990099009901,9.422120008455401,636.7993609310438,0.0,0.1,off,2.0,mean,0.14716095482816827,0.57,0.6748956725997846,1.5958748990353904,1.5958748990353904,0.6484804794302474,1.0407339835313862,1.0282356132828965,1.0587333376213548,0.42290011141081174,0.39868633948679355,0.44923181938379814,0.42290011141081174,0.39868633948679355,0.44923181938379814,4.974995007273436,0.13565755776902047,0.1274577909353451,0.14453842115983992,0.655374724790598,1.0297859332543284,1.0200477998606663,1.0466450746672653
ratio,det_nonpar_dt50ns_ap0.01_tau100ns,nv_charge_readout_master_v1_4,thin_all_counts,4,ratio100,100.0,5.437,1.0,24.449647422396623,0.9249776330930897,100.0,21.580111284109183,0.009900990099009901,9.422120008455401,636.7993609310438,0.0,0.1,off,2.0,mean,0.14716095482816827,0.58,0.793675845293243,1.5958748990353904,1.5958748990353904,0.746085698413025,1.0637864349651058,1.042928618660449,1.0863318712430994,0.49732961259868924,0.46550506676297815,0.5290537567522984,0.49732961259868924,0.46550506676297815,0.5290537567522984,4.974995007273436,0.15953299332620233,0.14873421860707395,0.1702546457882065,0.7633348713075426,1.039747920769987,1.020599033963358,1.0617644382853264
ratio,det_nonpar_dt50ns_ap0.01_tau100ns,nv_charge_readout_master_v1_4,thin_all_counts,4,ratio100,100.0,5.437,1.0,24.449647422396623,0.9249776330930897,100.0,21.580111284109183,0.009900990099009901,9.422120008455401,636.7993609310438,0.0,0.1,off,2.0,mean,0.14716095482816827,0.59,0.9201260244726674,1.5958748990353904,1.5958748990353904,0.8531214325667992,1.0785405094140825,1.0553175193159454,1.097943455667365,0.5765652589866711,0.5418620902111612,0.6086191356517594,0.5765652589866711,0.5418620902111612,0.6086191356517594,4.974995007273436,0.18495014027701423,0.17312101970526256,0.1960607804663692,0.8712950178244873,1.0560441706301786,1.0401488940149477,1.070213570911068
ratio,det_nonpar_dt50ns_ap0.01_tau100ns,nv_charge_readout_master_v1_4,thin_all_counts,4,ratio100,100.0,5.437,1.0,24.449647422396623,0.9249776330930897,100.0,21.580111284109183,0.009900990099009901,9.422120008455401,636.7993609310438,0.0,0.1,off,2.0,mean,0.14716095482816827,0.6,1.043160469712016,1.5958748990353904,1.5958748990353904,0.9755128402178761,1.0693457089493883,1.0552332772968245,1.0859048911021025,0.6536605534321915,0.6191533123294789,0.6957864268584141,0.6536605534321915,0.6191533123294789,0.6957864268584141,4.974995007273436,0.209680706852352,0.19816934917991538,0.22359081350925009,0.9848252373287995,1.0592340957279311,1.0464179493857901,1.0842671552262588
ratio,det_nonpar_dt50ns_ap0.01_tau100ns,nv_charge_readout_master_v1_4,thin_all_counts,4,ratio100,100.0,5.437,1.0,24.449647422396623,0.9249776330930897,100.0,21.580111284109183,0.009900990099009901,9.422120008455401,636.7993609310438,0.0,0.1,off,2.0,mean,0.14716095482816827,0.61,1.193985322179334,1.5958748990353904,1.5958748990353904,1.0967584421364147,1.0886493108304938,1.0742827279496094,1.0977793678322727,0.7481697487071359,0.7098984219408856,0.779887230442175,0.7481697487071359,0.7098984219408856,0.779887230442175,4.974995007273436,0.23999729053671995,0.22671061480346813,0.25139318725027077,1.1010543581775063,1.0844017947993498,1.0650629040447408,1.1031919267060906
ratio,det_nonpar_dt50ns_ap0.01_tau100ns,nv_charge_readout_master_v1_4,thin_all_counts,4,ratio100,100.0,5.437,1.0,24.449647422396623,0.9249776330930897,100.0,21.580111284109183,0.009900990099009901,9.422120008455401,636.7993609310438,0.0,0.1,off,2.0,mean,0.14716095482816827,0.62,1.3136868665228245,1.5958748990353904,1.5958748990353904,1.2025396157783805,1.0924271011832742,1.0783684019728321,1.1062937843002005,0.8231765956823236,0.789112781785586,0.8576167866360407,0.8231765956823236,0.789112781785586,0.8576167866360407,4.974995007273436,0.26405792661142696,0.25192138244223944,0.2761684195997027,1.217283479026213,1.079195511281999,1.0675668044516418,1.0980139226925196
ratio,det_nonpar_dt50ns_ap0.01_tau100ns,nv_charge_readout_master_v1_4,thin_all_counts,4,ratio100,100.0,5.437,1.0,24.449647422396623,0.9249776330930897,100.0,21.580111284109183,0.009900990099009901,9.422120008455401,636.7993609310438,0.0,0.1,off,2.0,mean,0.14716095482816827,0.63,1.4354648522153801,1.5958748990353904,1.5958748990353904,1.3185232699914324,1.088691329827427,1.0759745422576106,1.1012486979251777,0.8994845730595998,0.8623975170403759,0.9368195882570014,0.8994845730595998,0.8623975170403759,0.9368195882570014,4.974995007273436,0.2885359382505374,0.2756508745870902,0.30160957570241526,1.3335125998749198,1.0764539100343133,1.0688599316497438,1.0874625239157294
ratio,det_nonpar_dt50ns_ap0.01_tau100ns,nv_charge_readout_master_v1_4,thin_all_counts,4,ratio100,100.0,5.437,1.0,24.449647422396623,0.9249776330930897,100.0,21.580111284109183,0.009900990099009901,9.422120008455401,636.7993609310438,0.0,0.1,off,2.0,mean,0.14716095482816827,0.64,1.5700006388011225,1.5958748990353904,1.5958748990353904,1.4456934230674807,1.0859844928047648,1.0001466729392374,1.0980308911171668,0.9837867866397878,0.9409534979697507,1.03398440539374,0.9837867866397878,0.9409534979697507,1.03398440539374,4.974995007273436,0.31557833455225254,0.30077484311541236,0.3326036721043392,1.4549106290302354,1.0791045219372684,1.069904929974259,1.0955749959474184
ratio,det_nonpar_dt50ns_ap0.01_tau100ns,nv_charge_readout_master_v1_4,thin_all_counts,4,ratio100,100.0,5.437,1.0,24.449647422396623,0.9249776330930897,100.0,21.580111284109183,0.009900990099009901,9.422120008455401,636.7993609310438,0.0,0.1,off,2.0,mean,0.14716095482816827,0.65,1.718402958141875,1.5958748990353904,1.5958748990353904,1.5958748990353904,1.0767779850291181,1.0321043491374198,1.0937602180596466,1.0767779850291181,0.9966258348024478,1.0926480171491186,1.0767779850291181,0.9966258348024478,1.0926480171491186,4.974995007273436,0.3454079764159707,0.33009604468446063,0.3611859772682118,1.5789747266805387,1.088303016574847,1.0707949655559381,1.106954841515213
ratio,det_nonpar_dt50ns_ap0.01_tau100ns,nv_charge_readout_master_v1_4,thin_all_counts,4,ratio100,100.0,5.437,1.0,24.449647422396623,0.9249776330930897,100.0,21.580111284109183,0.009900990099009901,9.422120008455401,636.7993609310438,0.0,0.1,off,2.0,mean,0.14716095482816827,0.66,1.8545906901482079,1.82539271793165,1.82539271793165,1.7616805149995156,1.0527395145474023,1.0467567413707304,1.1036147886477328,1.015995446859042,1.0030537318735442,1.0367562733486857,1.015995446859042,1.0030537318735442,1.0367562733486857,4.974995007273436,0.3727824223816906,0.358776179722566,0.39026912754665943,1.703038824330842,1.088989084483681,1.0706682723948298,1.1131975111031953
ratio,det_nonpar_dt50ns_ap0.01_tau100ns,nv_charge_readout_master_v1_4,thin_all_counts,4,ratio100,100.0,5.437,1.0,24.449647422396623,0.9249776330930897,100.0,21.580111284109183,0.009900990099009901,9.422120008455401,636.7993609310438,0.0,0.1,off,2.0,mean,0.14716095482816827,0.67,2.003904323546779,1.9227566938274498,1.9227566938274498,1.830580999518323,1.0946821386620216,1.0713958702650281,1.119533909339626,1.0422037951966747,1.0221057793065975,1.0649591641716025,1.0422037951966747,1.0221057793065975,1.0649591641716025,4.974995007273436,0.4027952431343295,0.3865657471282517,0.422486235374922,1.8271029219811454,1.0967659782262984,1.0749266718043131,1.1221913012528546
ratio,det_nonpar_dt50ns_ap0.01_tau100ns,nv_charge_readout_master_v1_4,thin_all_counts,4,ratio100,100.0,5.437,1.0,24.449647422396623,0.9249776330930897,100.0,21.580111284109183,0.009900990099009901,9.422120008455401,636.7993609310438,0.0,0.1,off,2.0,mean,0.14716095482816827,0.68,2.167833791243354,2.025313932361538,2.025313932361538,1.9157936086615739,1.1315591520100445,1.1163705378487399,1.1411199718367036,1.0703692679957206,1.047806048044063,1.0907002399584662,1.0703692679957206,1.047806048044063,1.0907002399584662,4.974995007273436,0.4357459229755977,0.41716334689577994,0.45506981300997845,1.9511670196314488,1.1110447078245669,1.0905439395593606,1.131925123914119
ratio,det_nonpar_dt50ns_ap0.01_tau100ns,nv_charge_readout_master_v1_4,thin_all_counts,4,ratio100,100.0,5.437,1.0,24.449647422396623,0.9249776330930897,100.0,21.580111284109183,0.009900990099009901,9.422120008455401,636.7993609310438,0.0,0.1,off,2.0,mean,0.14716095482816827,0.69,2.326473376438425,2.133341435131086,2.133341435131086,2.032041971814699,1.144894351941356,1.1339589570748925,1.1561696768061633,1.0905302536794685,1.0705593680602574,1.1110175002621023,1.0905302536794685,1.0705593680602574,1.1110175002621023,4.974995007273436,0.46763330878465686,0.4497837923731863,0.48827520432179455,2.0752311172817506,1.1210671221457806,1.105401899804617,1.137939325568094
ratio,det_nonpar_dt50ns_ap0.01_tau100ns,nv_charge_readout_master_v1_4,thin_all_counts,4,ratio100,100.0,5.437,1.0,24.449647422396623,0.9249776330930897,100.0,21.580111284109183,0.009900990099009901,9.422120008455401,636.7993609310438,0.0,0.1,off,2.0,mean,0.14716095482816827,0.7,2.490335858694011,2.2471309786233875,2.2471309786233875,2.1553441647095486,1.1554237599124246,1.1414637584627132,1.1681933164513134,1.1082290629180918,1.0878503864233096,1.1245463266051137,1.1082290629180918,1.0878503864233096,1.1245463266051137,4.974995007273436,0.5005705242021636,0.4815009416033249,0.5182790247365427,2.199295214932054,1.1323335956837193,1.1175929390656272,1.144932131938563
ratio,det_nonpar_dt50ns_ap0.01_tau100ns,nv_charge_readout_master_v1_4,thin_all_counts,4,ratio100,100.0,5.437,1.0,24.449647422396623,0.9249776330930897,100.0,21.580111284109183,0.009900990099009901,9.422120008455401,636.7993609310438,0.0,0.1,off,2.0,mean,0.14716095482816827,0.71,2.6392411773754,2.366989902288484,2.366989902288484,2.286128206396676,1.1544589537851377,1.141671154315995,1.1656749097277,1.1150200407799349,1.0976895207026136,1.1304407327099861,1.1150200407799349,1.0976895207026136,1.1304407327099861,4.974995007273436,0.5305012715624504,0.512911041485542,0.5492604043379479,2.3233593125823573,1.1359591101911601,1.127527373949058,1.144397758395553
ratio,det_nonpar_dt50ns_ap0.01_tau100ns,nv_charge_readout_master_v1_4,thin_all_counts,4,ratio100,100.0,5.437,1.0,24.449647422396623,0.9249776330930897,100.0,21.580111284109183,0.009900990099009901,9.422120008455401,636.7993609310438,0.0,0.1,off,2.0,mean,0.14716095482816827,0.72,2.797922790286479,2.493241938646529,2.493241938646529,2.424848087677349,1.1538548763137082,1.1435930328119217,1.1646640228880603,1.1222026819448367,1.1033729430817478,1.143226563145254,1.1222026819448367,1.1033729430817478,1.143226563145254,4.974995007273436,0.5623971051620996,0.5435324994972621,0.5847577685803843,2.447423410232661,1.143211582674409,1.1364718369928442,1.1519877362144055
ratio,det_nonpar_dt50ns_ap0.01_tau100ns,nv_charge_readout_master_v1_4,thin_all_counts,4,ratio100,100.0,5.437,1.0,24.449647422396623,0.9249776330930897,100.0,21.580111284109183,0.009900990099009901,9.422120008455401,636.7993609310438,0.0,0.1,off,2.0,mean,0.14716095482816827,0.73,2.9919823229337035,2.626228087671951,2.626228087671951,2.5719853470423666,1.163296799639356,1.1551598043534164,1.1715376728911917,1.1392697903806137,1.120337887901729,1.1601619360114455,1.1392697903806137,1.120337887901729,1.1601619360114455,4.974995007273436,0.6014040855436898,0.5788631492390807,0.6242893061703335,2.599598405737896,1.1509402053523838,1.1406595836875757,1.1629163826986533
ratio,det_nonpar_dt50ns_ap0.01_tau100ns,nv_charge_readout_master_v1_4,thin_all_counts,4,ratio100,100.0,5.437,1.0,24.449647422396623,0.9249776330930897,100.0,21.580111284109183,0.009900990099009901,9.422120008455401,636.7993609310438,0.0,0.1,off,2.0,mean,0.14716095482816827,0.74,3.203658809879204,2.7663075378160804,2.7663075378160804,2.7293175549096884,1.1737948206562616,1.165220396097862,1.1835438614995681,1.1580992952101052,1.1361275263452566,1.181278903290846,1.1580992952101052,1.1361275263452566,1.181278903290846,4.974995007273436,0.6439521658203594,0.6186187017892498,0.6719960481946625,2.766272706452517,1.1581138773507234,1.142097010758408,1.1766349740532036
ratio,det_nonpar_dt50ns_ap0.01_tau100ns,nv_charge_readout_master_v1_4,thin_all_counts,4,ratio100,100.0,5.437,1.0,24.449647422396623,0.9249776330930897,100.0,21.580111284109183,0.009900990099009901,9.422120008455401,636.7993609310438,0.0,0.1,off,2.0,mean,0.14716095482816827,0.75,3.4488142188411404,2.9138586361558843,2.9138586361558843,2.908308457896901,1.1858488426413674,1.0510197285335103,1.1923814553420593,1.1835900946076772,1.1620427738494776,1.203652438759583,1.1835900946076772,1.1620427738494776,1.203652438759583,4.974995007273436,0.6932296844115379,0.6629704595497546,0.7239724667313308,2.9329470071671384,1.1758869868474935,1.156554765840639,1.1972186713924042
ratio,det_nonpar_dt50ns_ap0.01_tau100ns,nv_charge_readout_master_v1_4,thin_all_counts,4,ratio100,100.0,5.437,1.0,24.449647422396623,0.9249776330930897,100.0,21.580111284109183,0.009900990099009901,9.422120008455401,636.7993609310438,0.0,0.1,off,2.0,mean,0.14716095482816827,0.76,3.6875104556193965,3.0692799102891106,3.0692799102891106,3.343333450793774,1.1029442650250478,1.0695108655471284,1.144973141895272,1.2014252734844415,1.185701241453495,1.2128925631893746,1.2014252734844415,1.185701241453495,1.2128925631893746,4.974995007273436,0.7412088756326913,0.7132240483241193,0.7684487567847514,3.0996213078817596,1.1896648297786392,1.1706000683066002,1.2049768535525076
ratio,det_nonpar_dt50ns_ap0.01_tau100ns,nv_charge_readout_master_v1_4,thin_all_counts,4,ratio100,100.0,5.437,1.0,24.449647422396623,0.9249776330930897,100.0,21.580111284109183,0.009900990099009901,9.422120008455401,636.7993609310438,0.0,0.1,off,2.0,mean,0.14716095482816827,0.77,3.9180813073547602,3.232991144735944,3.232991144735944,3.343333450793774,1.1719086250354507,1.13465284739651,1.204745626562334,1.21190598178232,1.1994002574368678,1.2182769380203389,1.21190598178232,1.1994002574368678,1.2182769380203389,4.974995007273436,0.7875548219900785,0.7594776164603909,0.8164469946325515,3.266295608596381,1.199548900914841,1.1826549580719652,1.2157221184347482
ratio,det_nonpar_dt50ns_ap0.01_tau100ns,nv_charge_readout_master_v1_4,thin_all_counts,4,ratio100,100.0,5.437,1.0,24.449647422396623,0.9249776330930897,100.0,21.580111284109183,0.009900990099009901,9.422120008455401,636.7993609310438,0.0,0.1,off,2.0,mean,0.14716095482816827,0.78,4.151684839305839,4.130600306198827,4.130600306198827,3.4978984195314906,1.1869083493459245,1.174642918571463,1.2152984263767885,1.005104471879153,0.9999509835735917,1.2218568484920376,1.005104471879153,0.9999509835735917,1.2218568484920376,4.974995007273436,0.8345103529221802,0.8046740217774233,0.8602434110083357,3.432969909311002,1.2093566063732506,1.1937431376959338,1.2236347259782467
ratio,det_nonpar_dt50ns_ap0.01_tau100ns,nv_charge_readout_master_v1_4,thin_all_counts,4,ratio100,100.0,5.437,1.0,24.449647422396623,0.9249776330930897,100.0,21.580111284109183,0.009900990099009901,9.422120008455401,636.7993609310438,0.0,0.1,off,2.0,mean,0.14716095482816827,0.79,4.386499712264782,4.304212405684463,4.304212405684463,3.584406181308294,1.2237730576236554,1.153413603282619,1.234702737964773,1.0191178545165764,1.0086807638415731,1.0305057858527065,1.0191178545165764,1.0086807638415731,1.0305057858527065,4.974995007273436,0.8817093697283566,0.8512264001357573,0.9114520662568002,3.599644210025623,1.2185925764684276,1.2059557388964603,1.2302603738853795
ratio,det_nonpar_dt50ns_ap0.01_tau100ns,nv_charge_readout_master_v1_4,thin_all_counts,4,ratio100,100.0,5.437,1.0,24.449647422396623,0.9249776330930897,100.0,21.580111284109183,0.009900990099009901,9.422120008455401,636.7993609310438,0.0,0.1,off,2.0,mean,0.14716095482816827,0.8,4.642620156443895,4.485121546484548,4.485121546484548,3.906410090245404,1.1884620531871095,1.159444804344093,1.2293800640709387,1.0351157952637415,1.018791004806109,1.0524367068764109,1.0351157952637415,1.018791004806109,1.0524367068764109,4.974995007273436,0.9331909177107496,0.8998688155071134,0.9673573831289233,3.766318510740245,1.2326679602919242,1.2190427742775285,1.2453040715530956
ratio,det_nonpar_dt50ns_ap0.01_tau100ns,nv_charge_readout_master_v1_4,thin_all_counts,4,ratio100,100.0,5.437,1.0,24.449647422396623,0.9249776330930897,100.0,21.580111284109183,0.009900990099009901,9.422120008455401,636.7993609310438,0.0,0.1,off,2.0,mean,0.14716095482816827,0.81,4.940239754810855,4.67363442848983,4.67363442848983,3.951147352033706,1.250330426747575,1.2123035442180607,1.2601368886848865,1.0570445400469997,1.03688882849324,1.0760744065590357,1.0570445400469997,1.03688882849324,1.0760744065590357,4.974995007273436,0.993014012594632,0.9563775540624208,1.0044978116546839,3.9592136121017494,1.2477830798799279,1.2344329513926187,1.2586295485891201
ratio,det_nonpar_dt50ns_ap0.01_tau100ns,nv_charge_readout_master_v1_4,thin_all_counts,4,ratio100,100.0,5.437,1.0,24.449647422396623,0.9249776330930897,100.0,21.580111284109183,0.009900990099009901,9.422120008455401,636.7993609310438,0.0,0.1,off,2.0,mean,0.14716095482816827,0.82,5.259354298286685,4.870070642407886,4.870070642407886,4.313370005812962,1.219314431917238,1.176695996217476,1.2281714915394355,1.079933882783747,1.0565328375463945,1.100934397918487,1.079933882783747,1.0565328375463945,1.100934397918487,5.2521165210192,1.0013780686773646,0.9918727361991386,1.0109350986791352,4.211701442206167,1.248748129575808,1.2339138762772375,1.2612798020045701
ratio,det_nonpar_dt50ns_ap0.01_tau100ns,nv_charge_readout_master_v1_4,thin_all_counts,4,ratio100,100.0,5.437,1.0,24.449647422396623,0.9249776330930897,100.0,21.580111284109183,0.009900990099009901,9.422120008455401,636.7993609310438,0.0,0.1,off,2.0,mean,0.14716095482816827,0.83,5.606526056677854,5.074763211573423,5.074763211573423,4.527046041161417,1.2384513004068092,1.2000487947223137,1.2718529692657743,1.1047857452524488,1.0797393230477164,1.1281843115970227,1.1047857452524488,1.0797393230477164,1.1281843115970227,5.569588562519354,1.0066319969139321,0.9944630547487776,1.0205437850124452,4.4641892723105885,1.2558889676682574,1.239262695963246,1.2697424069635623
ratio,det_nonpar_dt50ns_ap0.01_tau100ns,nv_charge_readout_master_v1_4,thin_all_counts,4,ratio100,100.0,5.437,1.0,24.449647422396623,0.9249776330930897,100.0,21.580111284109183,0.009900990099009901,9.422120008455401,636.7993609310438,0.0,0.1,off,2.0,mean,0.14716095482816827,0.84,5.988408536543358,5.288059156531241,5.288059156531241,4.705390885495241,1.27266972761033,1.2595428866205454,1.3082434373360434,1.1324397778620008,1.1041021395928123,1.158374077015953,1.1324397778620008,1.1041021395928123,1.158374077015953,5.906250676579954,1.013910323902977,0.9974819324637934,1.0336651689430603,4.71667710241501,1.2696244424866825,1.2490071734581338,1.2868755953427846
ratio,det_nonpar_dt50ns_ap0.01_tau100ns,nv_charge_readout_master_v1_4,thin_all_counts,4,ratio100,100.0,5.437,1.0,24.449647422396623,0.9249776330930897,100.0,21.580111284109183,0.009900990099009901,9.422120008455401,636.7993609310438,0.0,0.1,off,2.0,mean,0.14716095482816827,0.85,6.422379483926232,5.510320083349038,5.510320083349038,4.860096193694827,1.321451104662951,1.2744512769045606,1.3356378279976917,1.165518406695327,1.136626343735527,1.1968186820986202,1.165518406695327,1.136626343735527,1.1968186820986202,6.2632628358497255,1.025404753440292,1.0078770761502374,1.0470916215637947,4.969164932519431,1.2924464313705124,1.2719072030097467,1.3124540973671632
ratio,det_nonpar_dt50ns_ap0.01_tau100ns,nv_charge_readout_master_v1_4,thin_all_counts,4,ratio100,100.0,5.437,1.0,24.449647422396623,0.9249776330930897,100.0,21.580111284109183,0.009900990099009901,9.422120008455401,636.7993609310438,0.0,0.1,off,2.0,mean,0.14716095482816827,0.86,6.931256859661457,5.741922796657422,5.741922796657422,5.323571593286046,1.301993734507672,1.2448534319966444,1.3242705437578337,1.207131670891916,1.1700430035131197,1.2388673813857909,1.207131670891916,1.1700430035131197,1.2388673813857909,6.641855129259734,1.0435724243858926,1.0194122239180852,1.0678674806040298,5.221652762623852,1.3274066995175946,1.296905190431271,1.3486612121833417
ratio,det_nonpar_dt50ns_ap0.01_tau100ns,nv_charge_readout_master_v1_4,thin_all_counts,4,ratio100,100.0,5.437,1.0,24.449647422396623,0.9249776330930897,100.0,21.580111284109183,0.009900990099009901,9.422120008455401,636.7993609310438,0.0,0.1,off,2.0,mean,0.14716095482816827,0.87,7.5258746181305165,5.98325993845643,5.98325993845643,5.719935850624252,1.3157271016088705,1.2768415559803452,1.3680371155913755,1.2578217720007752,1.2232678066520957,1.3030729113930446,1.2578217720007752,1.2232678066520957,1.3030729113930446,7.043332000306984,1.0685105597467932,1.0432698278656465,1.1038613640641164,5.584048335487905,1.347745249678779,1.3342764804227878,1.3680996731219837
ratio,det_nonpar_dt50ns_ap0.01_tau100ns,nv_charge_readout_master_v1_4,thin_all_counts,4,ratio100,100.0,5.437,1.0,24.449647422396623,0.9249776330930897,100.0,21.580111284109183,0.009900990099009901,9.422120008455401,636.7993609310438,0.0,0.1,off,2.0,mean,0.14716095482816827,0.88,8.392757425274464,6.234740653771546,6.234740653771546,6.078760461048176,1.3806692135763614,1.344414809584823,1.411742204890663,1.3461277527554385,1.2966135854802168,1.3895180459212002,1.3461277527554385,1.2966135854802168,1.3895180459212002,7.469076741527407,1.1236673173555005,1.084895690509551,1.154628163584303,6.083828586801503,1.379519048824295,1.3503866568059706,1.4074376955857917
ratio,det_nonpar_dt50ns_ap0.01_tau100ns,nv_charge_readout_master_v1_4,thin_all_counts,4,ratio100,100.0,5.437,1.0,24.449647422396623,0.9249776330930897,100.0,21.580111284109183,0.009900990099009901,9.422120008455401,636.7993609310438,0.0,0.1,off,2.0,mean,0.14716095482816827,0.89,9.337286156272675,6.496791284287724,6.496791284287724,6.5261122476344475,1.4307578236425842,1.3321478290419893,1.453190768132349,1.437215041655193,0.7664487309487439,1.4535023405016543,1.437215041655193,0.9805555210273785,1.4535023405016543,7.920556260643992,1.1788674745823338,1.1402789775545217,1.2134173738052434,6.583608838115101,1.4182625951614036,1.3836038630500775,1.4563885557567726
ratio,det_nonpar_dt50ns_ap0.01_tau100ns,nv_charge_readout_master_v1_4,thin_all_counts,4,ratio100,100.0,5.437,1.0,24.449647422396623,0.9249776330930897,100.0,21.580111284109183,0.009900990099009901,9.422120008455401,636.7993609310438,0.0,0.1,off,2.0,mean,0.14716095482816827,0.9,10.568761850653411,12.879755243476252,11.232244271798429,7.154437754495935,1.4772316446546585,1.3790969049504738,1.5348787745482206,0.8205716374933921,0.7867575144395906,0.8770259361844333,0.9409305562548289,0.8883927908674741,0.9798504444267933,8.538049907770922,1.2378425945992928,1.213609302196778,1.2826286206170079,7.083389089428699,1.4920487519775396,1.444630656015155,1.5603834295284522
ratio,det_nonpar_dt50ns_ap0.01_tau100ns,nv_charge_readout_master_v1_4,thin_all_counts,4,ratio100,100.0,5.437,1.0,24.449647422396623,0.9249776330930897,100.0,21.580111284109183,0.009900990099009901,9.422120008455401,636.7993609310438,0.0,0.1,off,2.0,mean,0.14716095482816827,0.91,15.927962810776357,13.481100544061366,12.785225742370548,8.205015897630737,1.9412470383361087,1.436527894930882,1.9831371864319187,1.1815031538944254,0.8808039715238333,1.2037859969088862,1.2458100569934172,0.9357262937467551,1.260705850342697,9.405261108766544,1.693516280577269,1.2908942227792835,1.725457624880811,7.843288417017479,2.0307761188811657,1.5652036418446984,2.094689543931037
ratio,det_nonpar_dt50ns_ap0.01_tau100ns,nv_charge_readout_master_v1_4,thin_all_counts,4,ratio100,100.0,5.437,1.0,24.449647422396623,0.9249776330930897,100.0,21.580111284109183,0.009900990099009901,9.422120008455401,636.7993609310438,0.0,0.1,off,2.0,mean,0.14716095482816827,0.92,17.19594583766509,14.110522167814116,13.604764000366188,10.274911845056712,1.673585729685662,1.5475570750417535,1.9525551799999485,1.2186611971659544,1.2011645635587358,1.2440471103153035,1.2639650226348829,1.241897176004501,1.2972232471405514,10.360555100944703,1.659751400395247,1.6142364498815849,1.7114500420804781,8.870634118804688,1.9385249811185123,1.8727336237433814,2.007843714592965
ratio,det_nonpar_dt50ns_ap0.01_tau100ns,nv_charge_readout_master_v1_4,thin_all_counts,4,ratio100,100.0,5.437,1.0,24.449647422396623,0.9249776330930897,100.0,21.580111284109183,0.009900990099009901,9.422120008455401,636.7993609310438,0.0,0.1,off,2.0,mean,0.14716095482816827,0.93,18.925426234070645,14.769330975436063,14.476834999656553,11.34287255864273,1.6684861913264086,1.6026386152805323,1.7236032192899717,1.2814003738928246,1.2477331708149544,1.3214654162763935,1.3072903182580744,1.2729510604778838,1.346448617168824,11.412878468590291,1.6582517974020183,1.6075446626657428,1.7274513623831793,9.897979820591896,1.9120493855420804,1.8377290091429483,1.987541894544543
ratio,det_nonpar_dt50ns_ap0.01_tau100ns,nv_charge_readout_master_v1_4,thin_all_counts,4,ratio100,100.0,5.437,1.0,24.449647422396623,0.9249776330930897,100.0,21.580111284109183,0.009900990099009901,9.422120008455401,636.7993609310438,0.0,0.1,off,2.0,mean,0.14716095482816827,0.94,21.735311890841043,15.45889903064916,15.404806110685914,13.338526594243598,1.6295137050760298,1.525707577884756,1.7474646920662225,1.4060064593052923,0.6930003900688484,1.4184846304174719,1.41094355454197,0.8884679164173991,1.437448098510146,13.512810225967058,1.6084967913686166,1.5020928082907998,1.7478276577586644,11.814374047894743,1.8397345303887815,1.7672370962795572,1.9468739134001
ratio,det_nonpar_dt50ns_ap0.01_tau100ns,nv_charge_readout_master_v1_4,thin_all_counts,4,ratio100,100.0,5.437,1.0,24.449647422396623,0.9249776330930897,100.0,21.580111284109183,0.009900990099009901,9.422120008455401,636.7993609310438,0.0,0.1,off,2.0,mean,0.14716095482816827,0.95,nan,nan,31.916581979777956,17.37512603306195,nan,nan,nan,nan,nan,nan,nan,nan,nan,17.26177043702094,nan,nan,nan,14.939783240238784,nan,nan,nan
ratio,det_nonpar_dt50ns_ap0.01_tau100ns,nv_charge_readout_master_v1_4,thin_all_counts,4,ratio100,100.0,5.437,1.0,24.449647422396623,0.9249776330930897,100.0,21.580111284109183,0.009900990099009901,9.422120008455401,636.7993609310438,0.0,0.1,off,2.0,mean,0.14716095482816827,0.96,nan,nan,nan,nan,nan,nan,nan,nan,nan,nan,nan,nan,nan,nan,nan,nan,nan,nan,nan,nan,nan
ratio,det_nonpar_dt50ns_ap0.01_tau100ns,nv_charge_readout_master_v1_4,thin_all_counts,4,ratio100,100.0,5.437,1.0,24.449647422396623,0.9249776330930897,100.0,21.580111284109183,0.009900990099009901,9.422120008455401,636.7993609310438,0.0,0.1,off,2.0,mean,0.14716095482816827,0.97,nan,nan,nan,nan,nan,nan,nan,nan,nan,nan,nan,nan,nan,nan,nan,nan,nan,nan,nan,nan,nan
ratio,det_nonpar_dt50ns_ap0.01_tau100ns,nv_charge_readout_master_v1_4,thin_all_counts,4,ratio100,100.0,5.437,1.0,24.449647422396623,0.9249776330930897,100.0,21.580111284109183,0.009900990099009901,9.422120008455401,636.7993609310438,0.0,0.1,off,2.0,mean,0.14716095482816827,0.98,nan,nan,nan,nan,nan,nan,nan,nan,nan,nan,nan,nan,nan,nan,nan,nan,nan,nan,nan,nan,nan
ratio,det_nonpar_dt50ns_ap0.01_tau100ns,nv_charge_readout_master_v1_4,thin_all_counts,4,ratio100,100.0,5.437,1.0,24.449647422396623,0.9249776330930897,100.0,21.580111284109183,0.009900990099009901,9.422120008455401,636.7993609310438,0.0,0.1,off,2.0,mean,0.14716095482816827,0.99,nan,nan,nan,nan,nan,nan,nan,nan,nan,nan,nan,nan,nan,nan,nan,nan,nan,nan,nan,nan,nan
