experiment,detector,physics_layer,efficiency_model,point_index,point,sweep_value,power_uw,detection_efficiency,photons_per_bright_dwell,contrast,switching_ratio,snr_per_bright_dwell,p_bright_stationary,gamma_tot_khz,horizon_us,noise_sigma,noise_tau_c_ms,noise_kind,noise_photon_order,noise_renormalise,q_excess_finest_bin,target_fidelity,t_threshold_us,t_adaptive_count_us,t_fixed_count_mmpp_us,t_adaptive_mmpp_us,speedup_mmpp,speedup_mmpp_ci_low,speedup_mmpp_ci_high,speedup_count,speedup_count_ci_low,speedup_count_ci_high,speedup_fixed_count_mmpp,speedup_fixed_count_mmpp_ci_low,speedup_fixed_count_mmpp_ci_high,t_learned_us,speedup_learned,speedup_learned_ci_low,speedup_learned_ci_high,t_optimal_us,speedup_optimal,speedup_optimal_ci_low,speedup_optimal_ci_high
ratio,det_nonpar_dt2000ns_ap0.05_tau5000ns,nv_charge_readout_master_v1_4,thin_all_counts,0,ratio0.5,0.5,5.437,1.0,72.62271511602958,0.9249776330930897,0.5,9.9340572406218,0.6666666666666666,9.422120008455401,636.7993609310438,0.0,0.1,off,2.0,mean,-0.8034733914987697,0.55,0.48947689921803217,1.588006749634214,1.588006749634214,0.45200248880583666,1.0829075311315224,1.0516544623039856,1.1130400111851093,0.3082335130696262,0.2875158556875539,0.3305089846226917,0.3082335130696262,0.2875158556875539,0.3305089846226917,4.974995007273436,0.09838741516371727,0.0916080874193036,0.10568157942342196,0.47159118388486676,1.0379263140286608,1.0130537016093693,1.0834942437126467
ratio,det_nonpar_dt2000ns_ap0.05_tau5000ns,nv_charge_readout_master_v1_4,thin_all_counts,0,ratio0.5,0.5,5.437,1.0,72.62271511602958,0.9249776330930897,0.5,9.9340572406218,0.6666666666666666,9.422120008455401,636.7993609310438,0.0,0.1,off,2.0,mean,-0.8034733914987697,0.56,0.5882114760018755,1.588006749634214,1.588006749634214,0.5599273271953047,1.0505139639250098,1.0324714564799349,1.0749772921013105,0.3704086749866559,0.34619243235492553,0.400997082905502,0.3704086749866559,0.34619243235492553,0.400997082905502,4.974995007273436,0.1182335811678024,0.11036268703314146,0.12838332655750936,0.5659094206618401,1.0394092314525403,1.0253973612610656,1.083322659480273
ratio,det_nonpar_dt2000ns_ap0.05_tau5000ns,nv_charge_readout_master_v1_4,thin_all_counts,0,ratio0.5,0.5,5.437,1.0,72.62271511602958,0.9249776330930897,0.5,9.9340572406218,0.6666666666666666,9.422120008455401,636.7993609310438,0.0,0.1,off,2.0,mean,-0.8034733914987697,0.57,0.7034917959884308,1.588006749634214,1.588006749634214,0.6569132914105488,1.0709051029822625,1.047012207152787,1.0909172797869955,0.4430030263728256,0.4134982602792523,0.4685247450304559,0.4430030263728256,0.4134982602792523,0.4685247450304559,4.974995007273436,0.1414055280377019,0.1315717392789863,0.1498037854090558,0.6613737662482255,1.0636826434455182,1.0454882659468716,1.0941031120755056
ratio,det_nonpar_dt2000ns_ap0.05_tau5000ns,nv_charge_readout_master_v1_4,thin_all_counts,0,ratio0.5,0.5,5.437,1.0,72.62271511602958,0.9249776330930897,0.5,9.9340572406218,0.6666666666666666,9.422120008455401,636.7993609310438,0.0,0.1,off,2.0,mean,-0.8034733914987697,0.58,0.7931575479379515,1.588006749634214,1.588006749634214,0.7396556938009705,1.0723334581013546,1.055690910506167,1.0908960806058405,0.499467365690133,0.4784586600979938,0.525885474182563,0.499467365690133,0.4784586600979938,0.525885474182563,4.974995007273436,0.15942881284872773,0.1521763681211942,0.16825840658211658,0.7569915279744548,1.0477759903869321,1.0341269012321719,1.0660633271402988
ratio,det_nonpar_dt2000ns_ap0.05_tau5000ns,nv_charge_readout_master_v1_4,thin_all_counts,0,ratio0.5,0.5,5.437,1.0,72.62271511602958,0.9249776330930897,0.5,9.9340572406218,0.6666666666666666,9.422120008455401,636.7993609310438,0.0,0.1,off,2.0,mean,-0.8034733914987697,0.59,0.8934572400507826,1.588006749634214,1.588006749634214,0.8328200274308072,1.0728095034013976,1.0575798726444368,1.0861978538159522,0.5626281124161369,0.5360000523018741,0.5932241616093112,0.5626281124161369,0.5360000523018741,0.5932241616093112,4.974995007273436,0.17958957521455787,0.17024176564393503,0.1900138901587748,0.8529126462289227,1.0475366310971284,1.0368383683035536,1.0577994730013371
ratio,det_nonpar_dt2000ns_ap0.05_tau5000ns,nv_charge_readout_master_v1_4,thin_all_counts,0,ratio0.5,0.5,5.437,1.0,72.62271511602958,0.9249776330930897,0.5,9.9340572406218,0.6666666666666666,9.422120008455401,636.7993609310438,0.0,0.1,off,2.0,mean,-0.8034733914987697,0.6,0.9991674121092842,1.588006749634214,1.588006749634214,0.9362740799904585,1.0671740609538893,1.0570612235909165,1.0841146071127639,0.6291959479009993,0.6002526733331195,0.665185693888287,0.6291959479009993,0.6002526733331195,0.665185693888287,4.974995007273436,0.20083787232921899,0.19082822119832554,0.2131016035142657,0.963091521310602,1.0374584242519227,1.0265271370762625,1.0563805457769797
ratio,det_nonpar_dt2000ns_ap0.05_tau5000ns,nv_charge_readout_master_v1_4,thin_all_counts,0,ratio0.5,0.5,5.437,1.0,72.62271511602958,0.9249776330930897,0.5,9.9340572406218,0.6666666666666666,9.422120008455401,636.7993609310438,0.0,0.1,off,2.0,mean,-0.8034733914987697,0.61,1.1354486732183942,1.588006749634214,1.588006749634214,1.031052194443761,1.1012523704786388,1.0750218421774318,1.127089030028987,0.7150150170834831,0.6735932484961179,0.7580432645336531,0.7150150170834831,0.6735932484961179,0.7580432645336531,4.974995007273436,0.2282311181334594,0.21428351935483156,0.24319167281772025,1.0732703963922816,1.057933468616222,1.036620553692756,1.08635143942296
ratio,det_nonpar_dt2000ns_ap0.05_tau5000ns,nv_charge_readout_master_v1_4,thin_all_counts,0,ratio0.5,0.5,5.437,1.0,72.62271511602958,0.9249776330930897,0.5,9.9340572406218,0.6666666666666666,9.422120008455401,636.7993609310438,0.0,0.1,off,2.0,mean,-0.8034733914987697,0.62,1.2647268588298997,1.588006749634214,1.588006749634214,1.1354246052375272,1.1138800876746218,1.0961746770283634,1.1320426382368347,0.7964241078453983,0.7621367697069369,0.8375546577115939,0.7964241078453983,0.7621367697069369,0.8375546577115939,4.974995007273436,0.25421670915867667,0.2426912419489277,0.2683649545755933,1.1834492714739608,1.0686785562466141,1.0623673119910204,1.0890946009307123
ratio,det_nonpar_dt2000ns_ap0.05_tau5000ns,nv_charge_readout_master_v1_4,thin_all_counts,0,ratio0.5,0.5,5.437,1.0,72.62271511602958,0.9249776330930897,0.5,9.9340572406218,0.6666666666666666,9.422120008455401,636.7993609310438,0.0,0.1,off,2.0,mean,-0.8034733914987697,0.63,1.389774312599352,1.588006749634214,1.588006749634214,1.2503625336584387,1.1114970859955375,1.0973434353494351,1.1277733051460408,0.8751690211137179,0.8362901957146622,0.9125865426213194,0.8751690211137179,0.8362901957146622,0.9125865426213194,4.974995007273436,0.27935190097025303,0.26619567254112125,0.2922303092855177,1.2936281465556403,1.0743228773273885,1.0661880220370215,1.0934894831199742
ratio,det_nonpar_dt2000ns_ap0.05_tau5000ns,nv_charge_readout_master_v1_4,thin_all_counts,0,ratio0.5,0.5,5.437,1.0,72.62271511602958,0.9249776330930897,0.5,9.9340572406218,0.6666666666666666,9.422120008455401,636.7993609310438,0.0,0.1,off,2.0,mean,-0.8034733914987697,0.64,1.5213532656605129,1.588006749634214,1.588006749634214,1.376935516779373,1.104883451055813,1.0907387937815343,1.1194799371417452,0.9580269517185275,0.9150956612453625,0.9960756022474109,0.9580269517185275,0.9150956612453625,0.9960756022474109,4.974995007273436,0.3057999582786106,0.29162622967784974,0.3193098612386508,1.404461866787067,1.0832286028105937,1.0767789420950573,1.0980531331347358
ratio,det_nonpar_dt2000ns_ap0.05_tau5000ns,nv_charge_readout_master_v1_4,thin_all_counts,0,ratio0.5,0.5,5.437,1.0,72.62271511602958,0.9249776330930897,0.5,9.9340572406218,0.6666666666666666,9.422120008455401,636.7993609310438,0.0,0.1,off,2.0,mean,-0.8034733914987697,0.65,1.6570448840634324,1.588006749634214,1.588006749634214,1.588006749634214,1.043474710951399,1.0177172500823692,1.1067340345434666,1.043474710951399,0.9965294730216596,1.0832631019530707,1.043474710951399,0.9965280446868686,1.0832631019530707,4.974995007273436,0.3330746828169345,0.31731784857373374,0.3475829256114176,1.5168337116725512,1.092436745908209,1.0836064934408072,1.1050416127385627
ratio,det_nonpar_dt2000ns_ap0.05_tau5000ns,nv_charge_readout_master_v1_4,thin_all_counts,0,ratio0.5,0.5,5.437,1.0,72.62271511602958,0.9249776330930897,0.5,9.9340572406218,0.6666666666666666,9.422120008455401,636.7993609310438,0.0,0.1,off,2.0,mean,-0.8034733914987697,0.66,1.7903046821703013,1.7779598808828236,1.7783839117844438,1.7713438583296346,1.0107042027732247,1.0012560644031423,1.1065788495677933,1.0069432395073774,1.0000438576216162,1.1065788495677933,1.0067031479012292,0.999775781594282,1.1065788495677933,4.974995007273436,0.35986059876499943,0.34401140939657754,0.37463531059203903,1.6315358125526063,1.0973125250430724,1.084396178653901,1.1081951661397584
ratio,det_nonpar_dt2000ns_ap0.05_tau5000ns,nv_charge_readout_master_v1_4,thin_all_counts,0,ratio0.5,0.5,5.437,1.0,72.62271511602958,0.9249776330930897,0.5,9.9340572406218,0.6666666666666666,9.422120008455401,636.7993609310438,0.0,0.1,off,2.0,mean,-0.8034733914987697,0.67,1.9267180309974117,1.8728980295163986,1.8750383249414804,1.8397532809341435,1.0472697893595337,1.0265139900445233,1.070099476087967,1.0287362155508861,1.0133587625675675,1.0498732645088134,1.0275619465311698,1.0123363214732648,1.0481395731664593,4.974995007273436,0.3872803948909602,0.37140405557757283,0.404525555755017,1.7697197238394888,1.0887136562038806,1.0753269350198122,1.1057782751328926
ratio,det_nonpar_dt2000ns_ap0.05_tau5000ns,nv_charge_readout_master_v1_4,thin_all_counts,0,ratio0.5,0.5,5.437,1.0,72.62271511602958,0.9249776330930897,0.5,9.9340572406218,0.6666666666666666,9.422120008455401,636.7993609310438,0.0,0.1,off,2.0,mean,-0.8034733914987697,0.68,2.0857116471061143,1.9729056131596634,1.9769458645583473,1.910804680182022,1.0915357643500385,1.0661352478466255,1.1175667620025072,1.0571776131579802,1.0373828773576201,1.0834377092085887,1.0550170768444715,1.0356963373471944,1.0807159803177009,4.974995007273436,0.41923894276412477,0.4013138559549557,0.43975956193383936,1.9079036351263716,1.0931954888633384,1.0781533910573093,1.1128688579397912
ratio,det_nonpar_dt2000ns_ap0.05_tau5000ns,nv_charge_readout_master_v1_4,thin_all_counts,0,ratio0.5,0.5,5.437,1.0,72.62271511602958,0.9249776330930897,0.5,9.9340572406218,0.6666666666666666,9.422120008455401,636.7993609310438,0.0,0.1,off,2.0,mean,-0.8034733914987697,0.69,2.245332108468401,2.0782533256452576,2.0843920358354953,1.9846000893943867,1.1313776112715879,1.1130636932320157,1.1449359211456234,1.0803938484117515,1.0616106712111464,1.1008059613176653,1.0772119974870251,1.0587257055545118,1.0974255499179113,4.974995007273436,0.4513234898096839,0.4334800173081522,0.46970532843804713,2.046087546413253,1.0973783171714326,1.081267581395004,1.1150100523085338
ratio,det_nonpar_dt2000ns_ap0.05_tau5000ns,nv_charge_readout_master_v1_4,thin_all_counts,0,ratio0.5,0.5,5.437,1.0,72.62271511602958,0.9249776330930897,0.5,9.9340572406218,0.6666666666666666,9.422120008455401,636.7993609310438,0.0,0.1,off,2.0,mean,-0.8034733914987697,0.7,2.3998590341244985,2.1892263151090927,2.197677861060223,2.097702831408736,1.1440414715524059,1.1349913637443103,1.1540616015012501,1.0962133140652064,1.0764935139610816,1.1201395998218506,1.0919976383466583,1.0729074579478635,1.1150195049312102,4.974995007273436,0.482384209555167,0.4636837861118982,0.5030860408120823,2.1842714577001354,1.0986999924685916,1.0817544087194135,1.1165761265680556
ratio,det_nonpar_dt2000ns_ap0.05_tau5000ns,nv_charge_readout_master_v1_4,thin_all_counts,0,ratio0.5,0.5,5.437,1.0,72.62271511602958,0.9249776330930897,0.5,9.9340572406218,0.6666666666666666,9.422120008455401,636.7993609310438,0.0,0.1,off,2.0,mean,-0.8034733914987697,0.71,2.5688985930508883,2.306124955810232,2.317120722953777,2.2436241831145467,1.144977225858211,1.136633607357035,1.154210956731245,1.1139459666218883,1.0916949602076556,1.13624106277123,1.1086597981723432,1.0874411142219051,1.1313046653560765,4.974995007273436,0.5163620444432934,0.4945993825361341,0.5380171182149968,2.3224553689870184,1.1061132228221724,1.087259473777517,1.1263622608623336
ratio,det_nonpar_dt2000ns_ap0.05_tau5000ns,nv_charge_readout_master_v1_4,thin_all_counts,0,ratio0.5,0.5,5.437,1.0,72.62271511602958,0.9249776330930897,0.5,9.9340572406218,0.6666666666666666,9.422120008455401,636.7993609310438,0.0,0.1,off,2.0,mean,-0.8034733914987697,0.72,2.752813695010958,2.429265661163829,2.443055253854016,2.3843279310982823,1.154544917713119,1.1452205871661814,1.1646076437009494,1.1331875879281648,1.1111965294721065,1.1556738869260954,1.126791418519203,1.1047658989593823,1.1490277404610858,4.974995007273436,0.5533299412333778,0.5293026051577949,0.575705263358763,2.4606392802739006,1.1187392305240833,1.1002899850151384,1.1404168304350801
ratio,det_nonpar_dt2000ns_ap0.05_tau5000ns,nv_charge_readout_master_v1_4,thin_all_counts,0,ratio0.5,0.5,5.437,1.0,72.62271511602958,0.9249776330930897,0.5,9.9340572406218,0.6666666666666666,9.422120008455401,636.7993609310438,0.0,0.1,off,2.0,mean,-0.8034733914987697,0.73,2.938703243998892,2.5589817401877806,2.5758342732247765,2.5293934335946338,1.1618213303505616,0.8934844963690918,1.1694293164423233,1.1483877347961253,1.1302390412932908,1.169551177944067,1.140874346826602,1.122364047069414,1.1616688356508846,4.974995007273436,0.5906947121961955,0.5671759878265804,0.6137519604444959,2.5988231915607836,1.1307822915932906,1.115261638227107,1.1492778343991195
ratio,det_nonpar_dt2000ns_ap0.05_tau5000ns,nv_charge_readout_master_v1_4,thin_all_counts,0,ratio0.5,0.5,5.437,1.0,72.62271511602958,0.9249776330930897,0.5,9.9340572406218,0.6666666666666666,9.422120008455401,636.7993609310438,0.0,0.1,off,2.0,mean,-0.8034733914987697,0.74,3.1341394699366347,2.6956242996812607,2.715829776118473,3.3083850868664566,0.947332123572453,0.9134881834223871,0.9819416841171277,1.1626766646625146,1.1435211243157501,1.1841452751802124,1.154026477467973,1.1350434007297208,1.1743076136018153,4.974995007273436,0.6299784151249452,0.6051879557607943,0.6558163496548182,2.737007102847666,1.1450973096400736,1.1287137361304136,1.1632200174668033
ratio,det_nonpar_dt2000ns_ap0.05_tau5000ns,nv_charge_readout_master_v1_4,thin_all_counts,0,ratio0.5,0.5,5.437,1.0,72.62271511602958,0.9249776330930897,0.5,9.9340572406218,0.6666666666666666,9.422120008455401,636.7993609310438,0.0,0.1,off,2.0,mean,-0.8034733914987697,0.75,3.352730864161756,2.8395631945771025,2.863433975361226,3.3083850868664566,1.0134040554926156,0.9751941352118921,1.0506635840340923,1.1807206370911847,1.1602024350400744,1.2001157916450442,1.170877657040723,1.1516360018478768,1.189694001967868,4.974995007273436,0.6739164279079815,0.6462878036963325,0.7015145005751984,2.8751910141345487,1.1660897824456196,1.1478128224303996,1.1805265987117886
ratio,det_nonpar_dt2000ns_ap0.05_tau5000ns,nv_charge_readout_master_v1_4,thin_all_counts,0,ratio0.5,0.5,5.437,1.0,72.62271511602958,0.9249776330930897,0.5,9.9340572406218,0.6666666666666666,9.422120008455401,636.7993609310438,0.0,0.1,off,2.0,mean,-0.8034733914987697,0.76,3.587149717056144,2.9911880290403716,3.0190604003803063,3.3083850868664566,1.0842600310635906,1.0449245772321765,1.1196782305214812,1.1992391258021209,1.1793926611988206,1.216276434137758,1.1881675890301089,1.1698062462187888,1.204915605029455,4.974995007273436,0.721035842611246,0.6929596180487527,0.7479596737314929,3.0133749254214317,1.190409360214102,1.175002215877868,1.201280192453983
ratio,det_nonpar_dt2000ns_ap0.05_tau5000ns,nv_charge_readout_master_v1_4,thin_all_counts,0,ratio0.5,0.5,5.437,1.0,72.62271511602958,0.9249776330930897,0.5,9.9340572406218,0.6666666666666666,9.422120008455401,636.7993609310438,0.0,0.1,off,2.0,mean,-0.8034733914987697,0.77,3.8239386847230468,3.1509092110228356,3.1831450557523886,3.3083850868664566,1.1558324029156164,1.1174350022584545,1.1923342587665355,1.213598497648155,1.200460229078726,1.2228088772966896,1.2013083342880195,1.1887870162580232,1.2102586740164234,4.974995007273436,0.7686316627720136,0.739465685261076,0.7965227115504927,3.1909329916579634,1.1983763666363243,1.186085951234765,1.2105298388645573
ratio,det_nonpar_dt2000ns_ap0.05_tau5000ns,nv_charge_readout_master_v1_4,thin_all_counts,0,ratio0.5,0.5,5.437,1.0,72.62271511602958,0.9249776330930897,0.5,9.9340572406218,0.6666666666666666,9.422120008455401,636.7993609310438,0.0,0.1,off,2.0,mean,-0.8034733914987697,0.78,4.080364373315301,4.082075809064519,4.119732127761718,3.3930300659367054,1.2025724187589375,1.1895790901701297,1.2287715117123663,0.9995807437614417,0.9968164168115003,1.2307283457697262,0.9904440984934121,0.9840121651988722,1.2152518596836073,4.974995007273436,0.8201745664769138,0.7883638778619233,0.8508721781099684,3.4027516862273077,1.1991366839463018,1.1835743159935486,1.2158301424944291
ratio,det_nonpar_dt2000ns_ap0.05_tau5000ns,nv_charge_readout_master_v1_4,thin_all_counts,0,ratio0.5,0.5,5.437,1.0,72.62271511602958,0.9249776330930897,0.5,9.9340572406218,0.6666666666666666,9.422120008455401,636.7993609310438,0.0,0.1,off,2.0,mean,-0.8034733914987697,0.79,4.382214394208333,4.266682343925646,4.3055286268318405,3.551309760067119,1.2339713205207732,1.2211310944045561,1.2525753592006408,1.0270777247917617,1.0098205342609439,1.045907763420923,1.0178109993041482,0.9994653189225495,1.035612445495656,4.974995007273436,0.8808479984003083,0.8446937316080095,0.914235789720002,3.6145703807966516,1.2123748973017625,1.192842161054236,1.2315380449845572
ratio,det_nonpar_dt2000ns_ap0.05_tau5000ns,nv_charge_readout_master_v1_4,thin_all_counts,0,ratio0.5,0.5,5.437,1.0,72.62271511602958,0.9249776330930897,0.5,9.9340572406218,0.6666666666666666,9.422120008455401,636.7993609310438,0.0,0.1,off,2.0,mean,-0.8034733914987697,0.8,4.6910129678089385,4.459637467668379,4.499704393775739,3.8824803628648867,1.208251563273184,1.204703212332308,1.2713679280493373,1.0518821320831553,1.030761917300226,1.068004324191794,1.0425158093269036,1.0219862682654166,1.0587602452115938,4.974995007273436,0.9429181257369472,0.9039661603150774,0.972322269930525,3.826389075365996,1.2259634018948375,1.2031578623681223,1.2436055708614309
ratio,det_nonpar_dt2000ns_ap0.05_tau5000ns,nv_charge_readout_master_v1_4,thin_all_counts,0,ratio0.5,0.5,5.437,1.0,72.62271511602958,0.9249776330930897,0.5,9.9340572406218,0.6666666666666666,9.422120008455401,636.7993609310438,0.0,0.1,off,2.0,mean,-0.8034733914987697,0.81,4.997256769561756,4.661318734296246,4.70263732661868,3.923919976678274,1.2735368711041086,1.2333585472799633,1.2893971596219664,1.0720693122299927,1.0536874782226844,1.0905064171077807,1.062649832951272,1.0435986352015254,1.083908189319697,4.977204983127012,1.00402872425442,0.9666967577371726,1.0113721193730816,4.03820776993534,1.237493723519276,1.2171362579046046,1.2572796218968425
ratio,det_nonpar_dt2000ns_ap0.05_tau5000ns,nv_charge_readout_master_v1_4,thin_all_counts,0,ratio0.5,0.5,5.437,1.0,72.62271511602958,0.9249776330930897,0.5,9.9340572406218,0.6666666666666666,9.422120008455401,636.7993609310438,0.0,0.1,off,2.0,mean,-0.8034733914987697,0.82,5.338354140517968,4.872120772198348,4.91472236627317,4.230743061919206,1.2618006015464132,1.2453919755208502,1.2784363863855446,1.0956941320051168,1.0719199484953859,1.1196297470798557,1.0861964812401066,1.0624564171828805,1.1094711195861162,5.305911021405667,1.006114523779501,0.9962540512266932,1.01819553262642,4.250026464504682,1.2560755056710275,1.2344222340976274,1.2735512219292455
ratio,det_nonpar_dt2000ns_ap0.05_tau5000ns,nv_charge_readout_master_v1_4,thin_all_counts,0,ratio0.5,0.5,5.437,1.0,72.62271511602958,0.9249776330930897,0.5,9.9340572406218,0.6666666666666666,9.422120008455401,636.7993609310438,0.0,0.1,off,2.0,mean,-0.8034733914987697,0.83,5.722088157270858,5.092456056316104,5.1363722651590225,4.438053949381844,1.2893237041581842,1.271980614803509,1.3125558941674824,1.1236401638014784,1.10138479589137,1.1532057295354565,1.1140329909661837,1.090849783149089,1.142391613296321,5.656325560734038,1.0116263810897557,0.9975583382915173,1.031744550611228,4.461845159074026,1.2824488419625866,1.265881630456959,1.3033157179835912
ratio,det_nonpar_dt2000ns_ap0.05_tau5000ns,nv_charge_readout_master_v1_4,thin_all_counts,0,ratio0.5,0.5,5.437,1.0,72.62271511602958,0.9249776330930897,0.5,9.9340572406218,0.6666666666666666,9.422120008455401,636.7993609310438,0.0,0.1,off,2.0,mean,-0.8034733914987697,0.84,6.191577835013491,5.322755715230208,5.368018390487542,4.655523289728891,1.3299424038267564,1.3065482388705594,1.3531792610048519,1.1632278778635825,1.1309026814616208,1.1979796606413502,1.153419639169893,1.121897901487655,1.1880886566057787,6.029882280335945,1.026815706702078,1.0036275735777422,1.0529254447955774,4.6861810058750315,1.321241716282652,1.2980289817742425,1.3362410134452516
ratio,det_nonpar_dt2000ns_ap0.05_tau5000ns,nv_charge_readout_master_v1_4,thin_all_counts,0,ratio0.5,0.5,5.437,1.0,72.62271511602958,0.9249776330930897,0.5,9.9340572406218,0.6666666666666666,9.422120008455401,636.7993609310438,0.0,0.1,off,2.0,mean,-0.8034733914987697,0.85,6.72979174690457,5.563470374747049,5.610111563773177,4.927519788897474,1.3657564119920769,1.3461834327552367,1.3825440101306046,1.2096391808701865,1.1771546447758718,1.2431766092695573,1.1995825163908742,1.1664281692540062,1.2329573899396225,6.4281095429010175,1.0469317148362414,1.0223957467647733,1.0726040567769841,5.078246692580302,1.3252195401884077,1.3067142173393602,1.3452447284449502
ratio,det_nonpar_dt2000ns_ap0.05_tau5000ns,nv_charge_readout_master_v1_4,thin_all_counts,0,ratio0.5,0.5,5.437,1.0,72.62271511602958,0.9249776330930897,0.5,9.9340572406218,0.6666666666666666,9.422120008455401,636.7993609310438,0.0,0.1,off,2.0,mean,-0.8034733914987697,0.86,7.3124939819134545,5.81507103963523,5.86312293820644,5.263692911059861,1.3892326367575005,1.3730575151307567,1.4051348276423534,1.2575072483331442,1.2271440739192405,1.291193487437027,1.2472012030077582,1.21711099804217,1.280689141102055,6.852636647698042,1.067106627398651,1.041668543668037,1.0937746392286747,5.470312379285571,1.3367598548126194,1.3142962722056462,1.3604915870948568
ratio,det_nonpar_dt2000ns_ap0.05_tau5000ns,nv_charge_readout_master_v1_4,thin_all_counts,0,ratio0.5,0.5,5.437,1.0,72.62271511602958,0.9249776330930897,0.5,9.9340572406218,0.6666666666666666,9.422120008455401,636.7993609310438,0.0,0.1,off,2.0,mean,-0.8034733914987697,0.87,8.040737332526083,6.078050015237438,6.127544915595621,5.679703008512394,1.4156967926800246,1.3874153478281135,1.431553816520992,1.322913979379614,1.2773858211958065,1.36659698169844,1.312228215914186,1.2668727319472057,1.3546154874610266,7.305200496658264,1.1006867417539448,1.0687801655428437,1.1307808033407147,5.862378065990841,1.3715828699572385,1.340007675513921,1.4015927747550747
ratio,det_nonpar_dt2000ns_ap0.05_tau5000ns,nv_charge_readout_master_v1_4,thin_all_counts,0,ratio0.5,0.5,5.437,1.0,72.62271511602958,0.9249776330930897,0.5,9.9340572406218,0.6666666666666666,9.422120008455401,636.7993609310438,0.0,0.1,off,2.0,mean,-0.8034733914987697,0.88,9.123217679834845,6.352921870761047,6.403892104661804,6.297390332687444,1.4487299020484037,1.3255563208665124,1.4773060123144761,1.4360664062034074,0.7979652739417434,1.4720698206314478,1.424636382176625,0.9481864595612541,1.436371529068075,7.787652700702148,1.1714977581129522,1.1104594726339898,1.2208614511255462,6.334194120415444,1.4403122964656592,1.3922365468987619,1.4732948967441282
ratio,det_nonpar_dt2000ns_ap0.05_tau5000ns,nv_charge_readout_master_v1_4,thin_all_counts,0,ratio0.5,0.5,5.437,1.0,72.62271511602958,0.9249776330930897,0.5,9.9340572406218,0.6666666666666666,9.422120008455401,636.7993609310438,0.0,0.1,off,2.0,mean,-0.8034733914987697,0.89,10.63323899474683,12.704140731770051,11.384465497820045,7.310748800734074,1.454466469109039,1.355850178322194,1.6054527229021844,0.8369900191797792,0.8064641105465429,0.9366308583060566,0.9340130194766663,0.9194615456590042,1.0009737724547108,8.508282450178012,1.2497515282328644,1.2204427442833834,1.3620678047335972,7.225566457189576,1.471613202611479,1.4342042891133429,1.6226618974279787
ratio,det_nonpar_dt2000ns_ap0.05_tau5000ns,nv_charge_readout_master_v1_4,thin_all_counts,0,ratio0.5,0.5,5.437,1.0,72.62271511602958,0.9249776330930897,0.5,9.9340572406218,0.6666666666666666,9.422120008455401,636.7993609310438,0.0,0.1,off,2.0,mean,-0.8034733914987697,0.9,18.275877731759145,13.934129712554508,13.734372598478824,8.725292981795636,2.094586138240831,1.9430208496840924,2.17487758153285,1.3115909000971022,1.2461489658039633,1.3428079870424932,1.3306670982395894,1.2566509213301476,1.397403295787106,9.763353139056589,1.8718853524461476,1.772924282718933,1.9562789479642748,8.116938793963708,2.251572692078237,2.09447957579612,2.3296245433061555
ratio,det_nonpar_dt2000ns_ap0.05_tau5000ns,nv_charge_readout_master_v1_4,thin_all_counts,0,ratio0.5,0.5,5.437,1.0,72.62271511602958,0.9249776330930897,0.5,9.9340572406218,0.6666666666666666,9.422120008455401,636.7993609310438,0.0,0.1,off,2.0,mean,-0.8034733914987697,0.91,20.067699073671186,15.283203716465934,16.798311061234642,10.426922956262146,1.9246041385219053,1.2864678265837124,2.198453472853734,1.3130557863368983,1.2934931234889078,1.3620859633919735,1.1946259954657756,0.9871281991227945,1.2767858268613792,11.203561362250237,1.7911892856934006,1.7260379412506515,1.9102672444312792,10.027428245116262,2.00128074548376,1.912144586465439,2.173267474663849
ratio,det_nonpar_dt2000ns_ap0.05_tau5000ns,nv_charge_readout_master_v1_4,thin_all_counts,0,ratio0.5,0.5,5.437,1.0,72.62271511602958,0.9249776330930897,0.5,9.9340572406218,0.6666666666666666,9.422120008455401,636.7993609310438,0.0,0.1,off,2.0,mean,-0.8034733914987697,0.92,nan,nan,26.905440618890793,24.445293065066473,nan,0.9356681371300084,1.6020976043508475,nan,nan,nan,nan,0.8666036542755465,1.0886637306004359,13.327816012681739,nan,1.7009881594491043,2.0525767951627896,13.129368971255197,nan,1.7677308004210348,2.2324867238553385
ratio,det_nonpar_dt2000ns_ap0.05_tau5000ns,nv_charge_readout_master_v1_4,thin_all_counts,0,ratio0.5,0.5,5.437,1.0,72.62271511602958,0.9249776330930897,0.5,9.9340572406218,0.6666666666666666,9.422120008455401,636.7993609310438,0.0,0.1,off,2.0,mean,-0.8034733914987697,0.93,nan,nan,nan,nan,nan,nan,nan,nan,nan,nan,nan,nan,nan,nan,nan,nan,nan,nan,nan,nan,nan
ratio,det_nonpar_dt2000ns_ap0.05_tau5000ns,nv_charge_readout_master_v1_4,thin_all_counts,0,ratio0.5,0.5,5.437,1.0,72.62271511602958,0.9249776330930897,0.5,9.9340572406218,0.6666666666666666,9.422120008455401,636.7993609310438,0.0,0.1,off,2.0,mean,-0.8034733914987697,0.94,nan,nan,nan,nan,nan,nan,nan,nan,nan,nan,nan,nan,nan,nan,nan,nan,nan,nan,nan,nan,nan
ratio,det_nonpar_dt2000ns_ap0.05_tau5000ns,nv_charge_readout_master_v1_4,thin_all_counts,0,ratio0.5,0.5,5.437,1.0,72.62271511602958,0.9249776330930897,0.5,9.9340572406218,0.6666666666666666,9.422120008455401,636.7993609310438,0.0,0.1,off,2.0,mean,-0.8034733914987697,0.95,nan,nan,nan,nan,nan,nan,nan,nan,nan,nan,nan,nan,nan,nan,nan,nan,nan,nan,nan,nan,nan
ratio,det_nonpar_dt2000ns_ap0.05_tau5000ns,nv_charge_readout_master_v1_4,thin_all_counts,0,ratio0.5,0.5,5.437,1.0,72.62271511602958,0.9249776330930897,0.5,9.9340572406218,0.6666666666666666,9.422120008455401,636.7993609310438,0.0,0.1,off,2.0,mean,-0.8034733914987697,0.96,nan,nan,nan,nan,nan,nan,nan,nan,nan,nan,nan,nan,nan,nan,nan,nan,nan,nan,nan,nan,nan
ratio,det_nonpar_dt2000ns_ap0.05_tau5000ns,nv_charge_readout_master_v1_4,thin_all_counts,0,ratio0.5,0.5,5.437,1.0,72.62271511602958,0.9249776330930897,0.5,9.9340572406218,0.6666666666666666,9.422120008455401,636.7993609310438,0.0,0.1,off,2.0,mean,-0.8034733914987697,0.97,nan,nan,nan,nan,nan,nan,nan,nan,nan,nan,nan,nan,nan,nan,nan,nan,nan,nan,nan,nan,nan
ratio,det_nonpar_dt2000ns_ap0.05_tau5000ns,nv_charge_readout_master_v1_4,thin_all_counts,0,ratio0.5,0.5,5.437,1.0,72.62271511602958,0.9249776330930897,0.5,9.9340572406218,0.6666666666666666,9.422120008455401,636.7993609310438,0.0,0.1,off,2.0,mean,-0.8034733914987697,0.98,nan,nan,nan,nan,nan,nan,nan,nan,nan,nan,nan,nan,nan,nan,nan,nan,nan,nan,nan,nan,nan
ratio,det_nonpar_dt2000ns_ap0.05_tau5000ns,nv_charge_readout_master_v1_4,thin_all_counts,0,ratio0.5,0.5,5.437,1.0,72.62271511602958,0.9249776330930897,0.5,9.9340572406218,0.6666666666666666,9.422120008455401,636.7993609310438,0.0,0.1,off,2.0,mean,-0.8034733914987697,0.99,nan,nan,nan,nan,nan,nan,nan,nan,nan,nan,nan,nan,nan,nan,nan,nan,nan,nan,nan,nan,nan
ratio,det_nonpar_dt2000ns_ap0.05_tau5000ns,nv_charge_readout_master_v1_4,thin_all_counts,1,ratio1.88,1.88,5.437,1.0,37.08393963371723,0.9249776330930897,1.8800000000000001,9.58672638322416,0.34722222222222227,9.422120008455401,636.7993609310438,0.0,0.1,off,2.0,mean,-1.0912932902893377,0.55,0.5126590564540817,1.5952161464505805,1.5952161464505805,0.4677248549262824,1.096069732139596,1.0614455391927526,1.127338923982174,0.32137278549666676,0.3001421116374182,0.34379270144727664,0.32137278549666676,0.3001421116374182,0.34379270144727664,4.974995007273436,0.10304714993775368,0.09607743294102762,0.11058523841056632,0.4857188208151453,1.0554646731492197,1.0146467660589993,1.1018959220315756
ratio,det_nonpar_dt2000ns_ap0.05_tau5000ns,nv_charge_readout_master_v1_4,thin_all_counts,1,ratio1.88,1.88,5.437,1.0,37.08393963371723,0.9249776330930897,1.8800000000000001,9.58672638322416,0.34722222222222227,9.422120008455401,636.7993609310438,0.0,0.1,off,2.0,mean,-1.0912932902893377,0.56,0.6214238665586318,1.5952161464505805,1.5952161464505805,0.5958685690865477,1.0428874735099045,1.0290557201118542,1.068167062875419,0.38955464934411843,0.3665627320232884,0.40830064093305696,0.38955464934411843,0.3665627320232884,0.40830064093305696,4.974995007273436,0.12490944526579643,0.11700752959171032,0.1311517205127717,0.5828625849781744,1.0661584438155371,1.0368765895648935,1.0914027093564893
ratio,det_nonpar_dt2000ns_ap0.05_tau5000ns,nv_charge_readout_master_v1_4,thin_all_counts,1,ratio1.88,1.88,5.437,1.0,37.08393963371723,0.9249776330930897,1.8800000000000001,9.58672638322416,0.34722222222222227,9.422120008455401,636.7993609310438,0.0,0.1,off,2.0,mean,-1.0912932902893377,0.57,0.7062982652997388,1.5952161464505805,1.5952161464505805,0.6864601774489713,1.0288991095222595,1.0132703877671236,1.045440498716871,0.44276022836860107,0.42414651017185523,0.46451749928751207,0.44276022836860107,0.42414651017185523,0.46451749928751207,4.974995007273436,0.14196964303826068,0.13551307777843763,0.14936311643607358,0.6800063491412024,1.038664221579315,1.0249928472970948,1.0557459639175357
ratio,det_nonpar_dt2000ns_ap0.05_tau5000ns,nv_charge_readout_master_v1_4,thin_all_counts,1,ratio1.88,1.88,5.437,1.0,37.08393963371723,0.9249776330930897,1.8800000000000001,9.58672638322416,0.34722222222222227,9.422120008455401,636.7993609310438,0.0,0.1,off,2.0,mean,-1.0912932902893377,0.58,0.8044664398883328,1.5952161464505805,1.5952161464505805,0.7788226163550346,1.0329263981229946,1.0131366616094104,1.0545709098879317,0.5042993337788755,0.4781164739140059,0.5354726739591673,0.5042993337788755,0.4781164739140059,0.5354726739591673,4.974995007273436,0.16170195924060304,0.15264639252006934,0.1722078299026552,0.7847398194306053,1.025137784485106,1.0114903454107385,1.0456792539275612
ratio,det_nonpar_dt2000ns_ap0.05_tau5000ns,nv_charge_readout_master_v1_4,thin_all_counts,1,ratio1.88,1.88,5.437,1.0,37.08393963371723,0.9249776330930897,1.8800000000000001,9.58672638322416,0.34722222222222227,9.422120008455401,636.7993609310438,0.0,0.1,off,2.0,mean,-1.0912932902893377,0.59,0.928284111983695,1.5952161464505805,1.5952161464505805,0.8836123167409677,1.0505558765947158,1.0335708357875946,1.0631061365013053,0.5819174499011711,0.5479293532800206,0.6170155824245485,0.5819174499011711,0.5479293532800206,0.6170155824245485,4.974995007273436,0.18658995850780652,0.17514107914660043,0.19825268081802142,0.8940271133958326,1.0383176282626845,1.0213085632138599,1.0612395092539457
ratio,det_nonpar_dt2000ns_ap0.05_tau5000ns,nv_charge_readout_master_v1_4,thin_all_counts,1,ratio1.88,1.88,5.437,1.0,37.08393963371723,0.9249776330930897,1.8800000000000001,9.58672638322416,0.34722222222222227,9.422120008455401,636.7993609310438,0.0,0.1,off,2.0,mean,-1.0912932902893377,0.6,1.0512640275652596,1.5952161464505805,1.5952161464505805,0.9833007277054175,1.0691175120132759,1.0526134874747775,1.08202757589915,0.6590103979980168,0.623262411646495,0.6899846154371844,0.6590103979980168,0.623262411646495,0.6899846154371844,4.974995007273436,0.2113095643369115,0.19932654968166402,0.22178664884751262,1.0037169488024587,1.0473710031692995,1.0406576225837798,1.0677637046096173
ratio,det_nonpar_dt2000ns_ap0.05_tau5000ns,nv_charge_readout_master_v1_4,thin_all_counts,1,ratio1.88,1.88,5.437,1.0,37.08393963371723,0.9249776330930897,1.8800000000000001,9.58672638322416,0.34722222222222227,9.422120008455401,636.7993609310438,0.0,0.1,off,2.0,mean,-1.0912932902893377,0.61,1.1649911744712538,1.5952161464505805,1.5952161464505805,1.0783526109854138,1.0803434448094567,1.0646911045624263,1.1031248038356884,0.7303030232382023,0.6952858018058671,0.7711846765434622,0.7303030232382023,0.6952858018058671,0.7711846765434622,4.974995007273436,0.23416931529942006,0.2224431785788261,0.24795664704771214,1.1156390594750236,1.0442366324279229,1.0325889423144528,1.0732973602941054
ratio,det_nonpar_dt2000ns_ap0.05_tau5000ns,nv_charge_readout_master_v1_4,thin_all_counts,1,ratio1.88,1.88,5.437,1.0,37.08393963371723,0.9249776330930897,1.8800000000000001,9.58672638322416,0.34722222222222227,9.422120008455401,636.7993609310438,0.0,0.1,off,2.0,mean,-1.0912932902893377,0.62,1.3076682879906683,1.5952161464505805,1.5952161464505805,1.182592792677593,1.1057637896049433,1.0811118942510953,1.128124744867462,0.8197436384406479,0.7726850094716101,0.8579539261913328,0.8197436384406479,0.7726850094716101,0.8579539261913328,4.974995007273436,0.26284816086827406,0.24742818903540592,0.275975549944948,1.2275611701475886,1.0652571291689263,1.0467977173855414,1.0897092733807265
ratio,det_nonpar_dt2000ns_ap0.05_tau5000ns,nv_charge_readout_master_v1_4,thin_all_counts,1,ratio1.88,1.88,5.437,1.0,37.08393963371723,0.9249776330930897,1.8800000000000001,9.58672638322416,0.34722222222222227,9.422120008455401,636.7993609310438,0.0,0.1,off,2.0,mean,-1.0912932902893377,0.63,1.4347790586444336,1.5952161464505805,1.5952161464505805,1.2969094700990207,1.106306254772653,1.0919308150401743,1.1221155696117056,0.8994261134059319,0.8610395202338591,0.9366995510058835,0.8994261134059319,0.8610395202338591,0.9366995510058835,4.974995007273436,0.2883980901582391,0.2753710160581093,0.30141399486087134,1.3394832808201533,1.0711436859188952,1.0637726208511789,1.0901121938584104
ratio,det_nonpar_dt2000ns_ap0.05_tau5000ns,nv_charge_readout_master_v1_4,thin_all_counts,1,ratio1.88,1.88,5.437,1.0,37.08393963371723,0.9249776330930897,1.8800000000000001,9.58672638322416,0.34722222222222227,9.422120008455401,636.7993609310438,0.0,0.1,off,2.0,mean,-1.0912932902893377,0.64,1.562012797504294,1.5952161464505805,1.5952161464505805,1.4222766991706797,1.0982481808322484,1.0116844963947982,1.1136466317324707,0.9791856739789367,0.9400626135260433,1.0175276389806305,0.9791856739789367,0.9400626135260433,1.0175276389806305,4.974995007273436,0.3139727367003652,0.3006978268569281,0.32758833693537825,1.4514053914927183,1.0762071070287398,1.070717233991696,1.088907785163465
ratio,det_nonpar_dt2000ns_ap0.05_tau5000ns,nv_charge_readout_master_v1_4,thin_all_counts,1,ratio1.88,1.88,5.437,1.0,37.08393963371723,0.9249776330930897,1.8800000000000001,9.58672638322416,0.34722222222222227,9.422120008455401,636.7993609310438,0.0,0.1,off,2.0,mean,-1.0912932902893377,0.65,1.6934209307346535,1.5952161464505805,1.5952161464505805,1.5952161464505805,1.0615620550873828,1.006696077834797,1.0992285797683616,1.0615620550873828,1.0059460633759214,1.0986352062817468,1.0615620550873828,1.0059460633759214,1.0986352062817468,4.974995007273436,0.3403864583298826,0.32584660032330287,0.35796645475235433,1.5633275021652833,1.0832157231221127,1.075404581197987,1.0975110578280929
ratio,det_nonpar_dt2000ns_ap0.05_tau5000ns,nv_charge_readout_master_v1_4,thin_all_counts,1,ratio1.88,1.88,5.437,1.0,37.08393963371723,0.9249776330930897,1.8800000000000001,9.58672638322416,0.34722222222222227,9.422120008455401,636.7993609310438,0.0,0.1,off,2.0,mean,-1.0912932902893377,0.66,1.8610924491551295,1.8066814721225517,1.8066814721225517,1.7979792503214276,1.0351022954366236,1.008168801969178,1.0646065117241077,1.0301165301532949,1.0074981458583565,1.060364287365159,1.0301165301532949,1.0074981458583565,1.060364287365159,4.974995007273436,0.3740893099257818,0.35500535573416253,0.39285288748649716,1.68658241254323,1.10346961720581,1.0919565428250007,1.1195710832485806
ratio,det_nonpar_dt2000ns_ap0.05_tau5000ns,nv_charge_readout_master_v1_4,thin_all_counts,1,ratio1.88,1.88,5.437,1.0,37.08393963371723,0.9249776330930897,1.8800000000000001,9.58672638322416,0.34722222222222227,9.422120008455401,636.7993609310438,0.0,0.1,off,2.0,mean,-1.0912932902893377,0.67,2.017740937231517,1.9035878823521946,1.9035878823521946,1.8784239989346578,1.074166928433555,1.054516481045024,1.0913699531866474,1.0599673153719953,1.0427549655989305,1.0799143057465523,1.0599673153719953,1.0427549655989305,1.0799143057465523,4.974995007273436,0.40557647480682546,0.38962117575407484,0.4216665494943843,1.824408065399525,1.1059701913725395,1.0925161109771644,1.1218161633475419
ratio,det_nonpar_dt2000ns_ap0.05_tau5000ns,nv_charge_readout_master_v1_4,thin_all_counts,1,ratio1.88,1.88,5.437,1.0,37.08393963371723,0.9249776330930897,1.8800000000000001,9.58672638322416,0.34722222222222227,9.422120008455401,636.7993609310438,0.0,0.1,off,2.0,mean,-1.0912932902893377,0.68,2.1688926810772546,2.0056921387370665,2.0056921387370665,1.9624679868485022,1.1051862734129216,1.0869711861203266,1.1195869516617276,1.0813686902332635,1.061879310853731,1.1029194467639702,1.0813686902332635,1.061879310853731,1.1029194467639702,4.974995007273436,0.435958765366867,0.4181722584646915,0.45321784524226805,1.9622337182558198,1.1053182201991354,1.0882519092010725,1.1239412333921808
ratio,det_nonpar_dt2000ns_ap0.05_tau5000ns,nv_charge_readout_master_v1_4,thin_all_counts,1,ratio1.88,1.88,5.437,1.0,37.08393963371723,0.9249776330930897,1.8800000000000001,9.58672638322416,0.34722222222222227,9.422120008455401,636.7993609310438,0.0,0.1,off,2.0,mean,-1.0912932902893377,0.69,2.320241481542009,2.1132730422831,2.1132730422831,2.0559932819402116,1.1285258088744483,1.1169147773551507,1.139566419186098,1.0979373867540128,1.0798565500010864,1.1215740757591013,1.0979373867540128,1.0798565500010864,1.1215740757591013,4.974995007273436,0.46638066533731576,0.4488079677273967,0.48686157421921233,2.1000593711121134,1.1048456598221295,1.088769414589106,1.1252458338814175
ratio,det_nonpar_dt2000ns_ap0.05_tau5000ns,nv_charge_readout_master_v1_4,thin_all_counts,1,ratio1.88,1.88,5.437,1.0,37.08393963371723,0.9249776330930897,1.8800000000000001,9.58672638322416,0.34722222222222227,9.422120008455401,636.7993609310438,0.0,0.1,off,2.0,mean,-1.0912932902893377,0.7,2.480569195301576,2.2266243482674013,2.2266243482674013,2.1720572805706935,1.142036730564409,1.132104545261435,1.1510150493968414,1.1140492545281722,1.092792021928391,1.1375559482492537,1.1140492545281722,1.092792021928391,1.1375559482492537,4.974995007273436,0.4986073738114284,0.4799872130860321,0.5186207791153449,2.237885023968408,1.1084435387582243,1.0907234280979723,1.1300480036652967
ratio,det_nonpar_dt2000ns_ap0.05_tau5000ns,nv_charge_readout_master_v1_4,thin_all_counts,1,ratio1.88,1.88,5.437,1.0,37.08393963371723,0.9249776330930897,1.8800000000000001,9.58672638322416,0.34722222222222227,9.422120008455401,636.7993609310438,0.0,0.1,off,2.0,mean,-1.0912932902893377,0.71,2.644922703820032,2.3460555683523747,2.3460555683523747,2.294965011995452,1.1524893364366782,1.142793482120333,1.160362285981885,1.1273913284490318,1.1072777109509961,1.1510586361814126,1.1273913284490318,1.1072777109509961,1.1510586361814126,4.974995007273436,0.5316432880742912,0.5122276752933185,0.5541876626298563,2.375710676824703,1.1133185238512076,1.0964333877332415,1.1345431290385015
ratio,det_nonpar_dt2000ns_ap0.05_tau5000ns,nv_charge_readout_master_v1_4,thin_all_counts,1,ratio1.88,1.88,5.437,1.0,37.08393963371723,0.9249776330930897,1.8800000000000001,9.58672638322416,0.34722222222222227,9.422120008455401,636.7993609310438,0.0,0.1,off,2.0,mean,-1.0912932902893377,0.72,2.821248195234215,2.4718928157234883,2.4718928157234883,2.43935958257842,1.1565528163142462,1.1482799299426656,1.1660649666017207,1.141331119734848,1.1192818744661248,1.1653788997389212,1.141331119734848,1.1192818744661248,1.1653788997389212,4.974995007273436,0.5670856334749189,0.545338835868812,0.5908051927695435,2.513536329680998,1.1224218890014095,1.1042302147798277,1.1439680523403706
ratio,det_nonpar_dt2000ns_ap0.05_tau5000ns,nv_charge_readout_master_v1_4,thin_all_counts,1,ratio1.88,1.88,5.437,1.0,37.08393963371723,0.9249776330930897,1.8800000000000001,9.58672638322416,0.34722222222222227,9.422120008455401,636.7993609310438,0.0,0.1,off,2.0,mean,-1.0912932902893377,0.73,3.015410479057706,2.604479695558363,2.604479695558363,3.328466686051157,0.9059458193451664,0.8983271530970202,1.1687165813851381,1.1577784554051767,1.1349680693995963,1.1813974065429023,1.1577784554051767,1.1349680693995963,1.1813974065429023,4.974995007273436,0.6061132673800034,0.580270870917771,0.6314016058126872,2.651361982537293,1.1373062218279328,1.1192945901149087,1.1567204828797288
ratio,det_nonpar_dt2000ns_ap0.05_tau5000ns,nv_charge_readout_master_v1_4,thin_all_counts,1,ratio1.88,1.88,5.437,1.0,37.08393963371723,0.9249776330930897,1.8800000000000001,9.58672638322416,0.34722222222222227,9.422120008455401,636.7993609310438,0.0,0.1,off,2.0,mean,-1.0912932902893377,0.74,3.2185839070496076,2.7441782432586597,2.7441782432586597,3.328466686051157,0.9669869674640149,0.9291684897531199,1.0009279361642718,1.1728771317812068,1.1509489475696706,1.1938398604538665,1.1728771317812068,1.1509489475696706,1.1938398604538665,4.974995007273436,0.6469521883628109,0.6198175989947893,0.6720324378996286,2.7891876353935876,1.15395029943743,1.1372867093969397,1.1679572966179368
ratio,det_nonpar_dt2000ns_ap0.05_tau5000ns,nv_charge_readout_master_v1_4,thin_all_counts,1,ratio1.88,1.88,5.437,1.0,37.08393963371723,0.9249776330930897,1.8800000000000001,9.58672638322416,0.34722222222222227,9.422120008455401,636.7993609310438,0.0,0.1,off,2.0,mean,-1.0912932902893377,0.75,3.424914301836966,2.8913699130066544,2.8913699130066544,3.328466686051157,1.028976590389202,0.9915559763200728,1.0661497571314786,1.1845299649934773,1.164978745084092,1.2019231900328446,1.1845299649934773,1.164978745084092,1.2019231900328446,4.974995007273436,0.6884256761724877,0.6603738904042696,0.7168464335766167,2.9270132882498827,1.17010548451756,1.1563075009656298,1.181899484896801
ratio,det_nonpar_dt2000ns_ap0.05_tau5000ns,nv_charge_readout_master_v1_4,thin_all_counts,1,ratio1.88,1.88,5.437,1.0,37.08393963371723,0.9249776330930897,1.8800000000000001,9.58672638322416,0.34722222222222227,9.422120008455401,636.7993609310438,0.0,0.1,off,2.0,mean,-1.0912932902893377,0.76,3.6484778475920865,3.046456619345814,3.046456619345814,3.328466686051157,1.0961437177310571,1.054901892942435,1.1373099067598833,1.1976135896448605,1.179419123166504,1.2116908128194535,1.1976135896448605,1.179419123166504,1.2116908128194535,4.974995007273436,0.7333631174017294,0.7031511405941843,0.7634816998114596,3.064838941106178,1.1904305308373753,1.1755638901249796,1.2007088112951148
ratio,det_nonpar_dt2000ns_ap0.05_tau5000ns,nv_charge_readout_master_v1_4,thin_all_counts,1,ratio1.88,1.88,5.437,1.0,37.08393963371723,0.9249776330930897,1.8800000000000001,9.58672638322416,0.34722222222222227,9.422120008455401,636.7993609310438,0.0,0.1,off,2.0,mean,-1.0912932902893377,0.77,3.895742246291375,3.209861834629447,3.209861834629447,3.328466686051157,1.1704314970666645,1.1276008266434459,1.211429882822106,1.2136791073878441,1.1950468550545337,1.2234508785965292,1.2136791073878441,1.1950468550545337,1.2234508785965292,4.974995007273436,0.7830645539534824,0.7522918785406145,0.8169208858251569,3.251535786193132,1.1981237490399803,1.1861483161517419,1.2107871108448953
ratio,det_nonpar_dt2000ns_ap0.05_tau5000ns,nv_charge_readout_master_v1_4,thin_all_counts,1,ratio1.88,1.88,5.437,1.0,37.08393963371723,0.9249776330930897,1.8800000000000001,9.58672638322416,0.34722222222222227,9.422120008455401,636.7993609310438,0.0,0.1,off,2.0,mean,-1.0912932902893377,0.78,4.151952863237506,4.1246073857977,4.124747685024737,3.4847745326974864,1.1914552359930075,1.1729188932697958,1.2288518484059807,1.006629837674724,1.0002492622002779,1.2292385341032634,1.0065955981529586,1.000234239716196,1.2292385341032634,4.974995007273436,0.8345642271333653,0.8023600910669821,0.8668347739851007,3.452195829060275,1.2026991134995122,1.1878046313849586,1.2169150616017075
ratio,det_nonpar_dt2000ns_ap0.05_tau5000ns,nv_charge_readout_master_v1_4,thin_all_counts,1,ratio1.88,1.88,5.437,1.0,37.08393963371723,0.9249776330930897,1.8800000000000001,9.58672638322416,0.34722222222222227,9.422120008455401,636.7993609310438,0.0,0.1,off,2.0,mean,-1.0912932902893377,0.79,4.414332911039005,4.305703518876047,4.306329334110695,3.560575056704221,1.2397808895299764,1.2186480667008845,1.248656070968157,1.025229185355362,1.0116700310672218,1.0420444529611146,1.0250801944182035,1.0115428410945089,1.0419799885598056,4.974995007273436,0.8873039881618486,0.8535678890445301,0.9216453762348487,3.6528558719274176,1.208460740256307,1.1921977498022307,1.2248302023820914
ratio,det_nonpar_dt2000ns_ap0.05_tau5000ns,nv_charge_readout_master_v1_4,thin_all_counts,1,ratio1.88,1.88,5.437,1.0,37.08393963371723,0.9249776330930897,1.8800000000000001,9.58672638322416,0.34722222222222227,9.422120008455401,636.7993609310438,0.0,0.1,off,2.0,mean,-1.0912932902893377,0.8,4.710592747063061,4.4947509080009365,4.495904658883649,3.874318890961278,1.2158505480931878,1.206398837265732,1.2552609517310147,1.0480208677811074,1.0269359278650747,1.0703893534532913,1.0477519219085754,1.0269344026705733,1.0699794116661494,4.974995007273436,0.9468537637075376,0.9073764757069992,0.9880116600047448,3.8535159147945603,1.2224142448660922,1.20072355618186,1.2440047182768725
ratio,det_nonpar_dt2000ns_ap0.05_tau5000ns,nv_charge_readout_master_v1_4,thin_all_counts,1,ratio1.88,1.88,5.437,1.0,37.08393963371723,0.9249776330930897,1.8800000000000001,9.58672638322416,0.34722222222222227,9.422120008455401,636.7993609310438,0.0,0.1,off,2.0,mean,-1.0912932902893377,0.81,5.051962308725419,4.692098663181746,4.693825560823241,4.091335744502591,1.2347953392760773,1.2265065916857156,1.2662254667591208,1.076695668905574,1.0515527512199219,1.0993252156631417,1.076299543573018,1.051431407230419,1.0986750830174778,5.053355564532058,0.9997242909609572,0.9715898732414151,1.0079714314843795,4.054175957661704,1.2461132327466125,1.2240244108261793,1.2708477528388717
ratio,det_nonpar_dt2000ns_ap0.05_tau5000ns,nv_charge_readout_master_v1_4,thin_all_counts,1,ratio1.88,1.88,5.437,1.0,37.08393963371723,0.9249776330930897,1.8800000000000001,9.58672638322416,0.34722222222222227,9.422120008455401,636.7993609310438,0.0,0.1,off,2.0,mean,-1.0912932902893377,0.82,5.386366766933582,4.898111222546825,4.900459432987226,4.2808184478170395,1.2582562966855804,1.2448571478707096,1.269090014888326,1.0996824127102782,1.0786442472198887,1.1181669541417611,1.0991554650316033,1.077743464046758,1.117602218958926,5.370255353033275,1.0030001206350843,0.9937453029605543,1.0119161935806367,4.254836000528844,1.2659399248911352,1.2477325221819715,1.2816996992712
ratio,det_nonpar_dt2000ns_ap0.05_tau5000ns,nv_charge_readout_master_v1_4,thin_all_counts,1,ratio1.88,1.88,5.437,1.0,37.08393963371723,0.9249776330930897,1.8800000000000001,9.58672638322416,0.34722222222222227,9.422120008455401,636.7993609310438,0.0,0.1,off,2.0,mean,-1.0912932902893377,0.83,5.725549027981391,5.113169025344058,5.1161898419892795,4.479076694645267,1.2782877852541086,1.2648330580907219,1.2954831834345502,1.1197652570454832,1.0999167973939703,1.1436492409838916,1.1191040998891435,1.0991368030414126,1.1429011385391064,5.707028169400766,1.0032452719753389,0.9885198968948767,1.018589416474066,4.4554960433959865,1.2850531056958068,1.269422172027588,1.3014304641551058
ratio,det_nonpar_dt2000ns_ap0.05_tau5000ns,nv_charge_readout_master_v1_4,thin_all_counts,1,ratio1.88,1.88,5.437,1.0,37.08393963371723,0.9249776330930897,1.8800000000000001,9.58672638322416,0.34722222222222227,9.422120008455401,636.7993609310438,0.0,0.1,off,2.0,mean,-1.0912932902893377,0.84,6.16320594914613,5.337669214490354,5.341417239999121,4.686516908173212,1.315093078699363,1.2876540967813372,1.3373456333997986,1.1546624006625705,1.1231229252504336,1.186208967780805,1.1538521842092877,1.1224704226074071,1.1848111601168436,6.064920266396138,1.0162056017940686,0.9927861918485495,1.0363952168249713,4.656156086263129,1.3236682437105556,1.2959204259222166,1.3394679116863817
ratio,det_nonpar_dt2000ns_ap0.05_tau5000ns,nv_charge_readout_master_v1_4,thin_all_counts,1,ratio1.88,1.88,5.437,1.0,37.08393963371723,0.9249776330930897,1.8800000000000001,9.58672638322416,0.34722222222222227,9.422120008455401,636.7993609310438,0.0,0.1,off,2.0,mean,-1.0912932902893377,0.85,6.681700669412411,5.572026369967492,5.576559708086691,4.952872378826321,1.3490556909919351,1.3332417484870158,1.3618738224478235,1.1991509418235924,1.1684285197506492,1.2300421637398973,1.198176119180277,1.1679632326570883,1.2285862996972423,6.4452560502438905,1.0366850622109223,1.013613562649568,1.059567553296867,5.030939510471816,1.3281218459304795,1.3101338905906645,1.346840345946983
ratio,det_nonpar_dt2000ns_ap0.05_tau5000ns,nv_charge_readout_master_v1_4,thin_all_counts,1,ratio1.88,1.88,5.437,1.0,37.08393963371723,0.9249776330930897,1.8800000000000001,9.58672638322416,0.34722222222222227,9.422120008455401,636.7993609310438,0.0,0.1,off,2.0,mean,-1.0912932902893377,0.86,7.243815021596638,5.816673274418628,5.822053732290166,5.298609890243636,1.3671161251057038,1.35140208197153,1.384219659099838,1.245353603313855,1.2127624735596418,1.2803185349858843,1.2442027083022484,1.212011006285289,1.2784958769146828,6.849442981694782,1.0575772425518133,1.0340876092775833,1.0815524795273166,5.437122232955209,1.3322884259785064,1.3124821024976392,1.35405115342256
ratio,det_nonpar_dt2000ns_ap0.05_tau5000ns,nv_charge_readout_master_v1_4,thin_all_counts,1,ratio1.88,1.88,5.437,1.0,37.08393963371723,0.9249776330930897,1.8800000000000001,9.58672638322416,0.34722222222222227,9.422120008455401,636.7993609310438,0.0,0.1,off,2.0,mean,-1.0912932902893377,0.87,7.959971367512251,6.072061712359289,6.078355013848427,5.704302710973032,1.3954328461917216,1.3681224315471499,1.4193301969615588,1.3109174024549595,1.258855729793204,1.355737198466338,1.3095601275965132,1.2578769701473294,1.3553930717023128,7.2789767844386315,1.0935563614558415,1.0547332858776386,1.1257879137921352,5.843304955438604,1.3622378821943186,1.327093019367421,1.3963190996137558
ratio,det_nonpar_dt2000ns_ap0.05_tau5000ns,nv_charge_readout_master_v1_4,thin_all_counts,1,ratio1.88,1.88,5.437,1.0,37.08393963371723,0.9249776330930897,1.8800000000000001,9.58672638322416,0.34722222222222227,9.422120008455401,636.7993609310438,0.0,0.1,off,2.0,mean,-1.0912932902893377,0.88,8.903118222191955,6.338663304478751,6.345939315101966,6.311289656768652,1.410665443415935,1.332282422940787,1.452604623996542,1.4045734557160057,0.7845555210298855,1.4506725338172715,1.4029630256634278,0.9783012474463069,1.447136074201003,7.735446980140662,1.150950713649654,1.1051209838778877,1.188053825223462,6.249487677921998,1.424615693482303,1.374063359960273,1.4499532179839878
ratio,det_nonpar_dt2000ns_ap0.05_tau5000ns,nv_charge_readout_master_v1_4,thin_all_counts,1,ratio1.88,1.88,5.437,1.0,37.08393963371723,0.9249776330930897,1.8800000000000001,9.58672638322416,0.34722222222222227,9.422120008455401,636.7993609310438,0.0,0.1,off,2.0,mean,-1.0912932902893377,0.89,10.463637868227188,12.639453141574354,10.911346885278501,7.366926806242561,1.4203531735052053,1.297625429693997,1.61894969324463,0.8278552680265605,0.7835369408064036,1.4431957814539593,0.9589684919965876,0.9152826575868728,1.451505276188604,8.350012877742952,1.2531283509895088,1.1811103783611032,1.4047755864078537,7.186063092083955,1.4561015863823619,1.4046698152201071,1.647711497504464
ratio,det_nonpar_dt2000ns_ap0.05_tau5000ns,nv_charge_readout_master_v1_4,thin_all_counts,1,ratio1.88,1.88,5.437,1.0,37.08393963371723,0.9249776330930897,1.8800000000000001,9.58672638322416,0.34722222222222227,9.422120008455401,636.7993609310438,0.0,0.1,off,2.0,mean,-1.0912932902893377,0.9,18.56370789689157,13.900291991814747,13.000696284126299,8.66792052090868,2.141656450599929,1.5725274973374759,2.308581921903603,1.335490499611296,0.926490269720604,1.363260007856199,1.4279010516965653,0.9985121505781231,1.4604073129357333,9.930385750702953,1.8693843686361813,1.3618062237025785,1.9556216536243944,8.223456951771585,2.2574092630098077,1.602962260392105,2.328009056531233
ratio,det_nonpar_dt2000ns_ap0.05_tau5000ns,nv_charge_readout_master_v1_4,thin_all_counts,1,ratio1.88,1.88,5.437,1.0,37.08393963371723,0.9249776330930897,1.8800000000000001,9.58672638322416,0.34722222222222227,9.422120008455401,636.7993609310438,0.0,0.1,off,2.0,mean,-1.0912932902893377,0.91,20.128058807974245,15.286904844179215,14.821345410741394,9.452135858723665,2.129472016570461,1.3142108891343662,2.2255055170544873,1.3166863412274326,1.3009204707119681,1.355035530578099,1.3580453224838107,1.3306121094049856,1.4003836040114266,11.570800779519473,1.7395562495208865,1.682807576579644,1.845662311303668,9.926505291529416,2.0277084650476254,1.9320344064334354,2.183236604484366
ratio,det_nonpar_dt2000ns_ap0.05_tau5000ns,nv_charge_readout_master_v1_4,thin_all_counts,1,ratio1.88,1.88,5.437,1.0,37.08393963371723,0.9249776330930897,1.8800000000000001,9.58672638322416,0.34722222222222227,9.422120008455401,636.7993609310438,0.0,0.1,off,2.0,mean,-1.0912932902893377,0.92,24.310707411415613,nan,24.923846385571835,22.011717122782038,1.104443932102604,1.0151549548774177,1.4578400623109218,nan,1.34864739132273,1.3822417095085173,0.9753995043673852,0.9299495592955016,1.3995890722138975,14.75375863811533,1.6477636653625711,1.4275340796007672,1.9424731889025773,12.247399715184565,1.9849688894594273,1.7496521237003844,2.2032200942761504
ratio,det_nonpar_dt2000ns_ap0.05_tau5000ns,nv_charge_readout_master_v1_4,thin_all_counts,1,ratio1.88,1.88,5.437,1.0,37.08393963371723,0.9249776330930897,1.8800000000000001,9.58672638322416,0.34722222222222227,9.422120008455401,636.7993609310438,0.0,0.1,off,2.0,mean,-1.0912932902893377,0.93,nan,nan,nan,nan,nan,nan,nan,nan,nan,nan,nan,nan,nan,nan,nan,nan,nan,nan,nan,nan,nan
ratio,det_nonpar_dt2000ns_ap0.05_tau5000ns,nv_charge_readout_master_v1_4,thin_all_counts,1,ratio1.88,1.88,5.437,1.0,37.08393963371723,0.9249776330930897,1.8800000000000001,9.58672638322416,0.34722222222222227,9.422120008455401,636.7993609310438,0.0,0.1,off,2.0,mean,-1.0912932902893377,0.94,nan,nan,nan,nan,nan,nan,nan,nan,nan,nan,nan,nan,nan,nan,nan,nan,nan,nan,nan,nan,nan
ratio,det_nonpar_dt2000ns_ap0.05_tau5000ns,nv_charge_readout_master_v1_4,thin_all_counts,1,ratio1.88,1.88,5.437,1.0,37.08393963371723,0.9249776330930897,1.8800000000000001,9.58672638322416,0.34722222222222227,9.422120008455401,636.7993609310438,0.0,0.1,off,2.0,mean,-1.0912932902893377,0.95,nan,nan,nan,nan,nan,nan,nan,nan,nan,nan,nan,nan,nan,nan,nan,nan,nan,nan,nan,nan,nan
ratio,det_nonpar_dt2000ns_ap0.05_tau5000ns,nv_charge_readout_master_v1_4,thin_all_counts,1,ratio1.88,1.88,5.437,1.0,37.08393963371723,0.9249776330930897,1.8800000000000001,9.58672638322416,0.34722222222222227,9.422120008455401,636.7993609310438,0.0,0.1,off,2.0,mean,-1.0912932902893377,0.96,nan,nan,nan,nan,nan,nan,nan,nan,nan,nan,nan,nan,nan,nan,nan,nan,nan,nan,nan,nan,nan
ratio,det_nonpar_dt2000ns_ap0.05_tau5000ns,nv_charge_readout_master_v1_4,thin_all_counts,1,ratio1.88,1.88,5.437,1.0,37.08393963371723,0.9249776330930897,1.8800000000000001,9.58672638322416,0.34722222222222227,9.422120008455401,636.7993609310438,0.0,0.1,off,2.0,mean,-1.0912932902893377,0.97,nan,nan,nan,nan,nan,nan,nan,nan,nan,nan,nan,nan,nan,nan,nan,nan,nan,nan,nan,nan,nan
ratio,det_nonpar_dt2000ns_ap0.05_tau5000ns,nv_charge_readout_master_v1_4,thin_all_counts,1,ratio1.88,1.88,5.437,1.0,37.08393963371723,0.9249776330930897,1.8800000000000001,9.58672638322416,0.34722222222222227,9.422120008455401,636.7993609310438,0.0,0.1,off,2.0,mean,-1.0912932902893377,0.98,nan,nan,nan,nan,nan,nan,nan,nan,nan,nan,nan,nan,nan,nan,nan,nan,nan,nan,nan,nan,nan
ratio,det_nonpar_dt2000ns_ap0.05_tau5000ns,nv_charge_readout_master_v1_4,thin_all_counts,1,ratio1.88,1.88,5.437,1.0,37.08393963371723,0.9249776330930897,1.8800000000000001,9.58672638322416,0.34722222222222227,9.422120008455401,636.7993609310438,0.0,0.1,off,2.0,mean,-1.0912932902893377,0.99,nan,nan,nan,nan,nan,nan,nan,nan,nan,nan,nan,nan,nan,nan,nan,nan,nan,nan,nan,nan,nan
ratio,det_nonpar_dt2000ns_ap0.05_tau5000ns,nv_charge_readout_master_v1_4,thin_all_counts,2,ratio7.07,7.07,5.437,1.0,27.631556387852836,0.9249776330930897,7.07,12.706558997565994,0.12391573729863692,9.422120008455401,636.7993609310438,0.0,0.1,off,2.0,mean,-1.2252066328696871,0.55,0.49749250649244725,1.595481845635578,1.595481845635578,0.45893566768236443,1.0840136026140563,1.046197951374625,1.1125858557762338,0.3118133295300929,0.2863600283749007,0.33394754987719905,0.3118133295300929,0.2863600283749007,0.33394754987719905,4.974995007273436,0.09999859412222804,0.09143452978711547,0.10761725136965644,0.48699137229548917,1.0215632859109183,1.0034446473635819,1.0487588916230763
ratio,det_nonpar_dt2000ns_ap0.05_tau5000ns,nv_charge_readout_master_v1_4,thin_all_counts,2,ratio7.07,7.07,5.437,1.0,27.631556387852836,0.9249776330930897,7.07,12.706558997565994,0.12391573729863692,9.422120008455401,636.7993609310438,0.0,0.1,off,2.0,mean,-1.2252066328696871,0.56,0.6112153565773473,1.595481845635578,1.595481845635578,0.5817119934264594,1.050718162053191,1.0365035631426767,1.0728207048605023,0.3830913891307004,0.35581335648204093,0.40713194615091436,0.3830913891307004,0.35581335648204093,0.40713194615091436,4.974995007273436,0.12285748140123784,0.11369099436368231,0.13103238560295827,0.5929813834449151,1.030749655286819,1.0120149529679694,1.0653521819137186
ratio,det_nonpar_dt2000ns_ap0.05_tau5000ns,nv_charge_readout_master_v1_4,thin_all_counts,2,ratio7.07,7.07,5.437,1.0,27.631556387852836,0.9249776330930897,7.07,12.706558997565994,0.12391573729863692,9.422120008455401,636.7993609310438,0.0,0.1,off,2.0,mean,-1.2252066328696871,0.57,0.717499981099045,1.595481845635578,1.595481845635578,0.6793879380511518,1.0560976150934014,1.038830526726087,1.0759518313392502,0.44970739282415395,0.42469096551191365,0.474760997102486,0.44970739282415395,0.42469096551191365,0.474760997102486,4.974995007273436,0.14422124646357654,0.13580458695100983,0.15263792590787856,0.6989713945943401,1.0265083616411201,1.017963496626012,1.0607171271789855
ratio,det_nonpar_dt2000ns_ap0.05_tau5000ns,nv_charge_readout_master_v1_4,thin_all_counts,2,ratio7.07,7.07,5.437,1.0,27.631556387852836,0.9249776330930897,7.07,12.706558997565994,0.12391573729863692,9.422120008455401,636.7993609310438,0.0,0.1,off,2.0,mean,-1.2252066328696871,0.58,0.8258112681997605,1.595481845635578,1.595481845635578,0.7743901136975399,1.0664021319392833,1.048994627714985,1.0827360411450886,0.5175936476236052,0.4900443060847728,0.5435014715001124,0.5175936476236052,0.4900443060847728,0.5435014715001124,4.974995007273436,0.16599238129735316,0.15670427299899234,0.17480914181985582,0.8049614057437661,1.0259016920652606,1.012681625502508,1.0533210074325816
ratio,det_nonpar_dt2000ns_ap0.05_tau5000ns,nv_charge_readout_master_v1_4,thin_all_counts,2,ratio7.07,7.07,5.437,1.0,27.631556387852836,0.9249776330930897,7.07,12.706558997565994,0.12391573729863692,9.422120008455401,636.7993609310438,0.0,0.1,off,2.0,mean,-1.2252066328696871,0.59,0.9293648467356833,1.595481845635578,1.595481845635578,0.8826769134475538,1.0528935702031403,1.0402593963123756,1.068097445665369,0.5824979138922515,0.5541134836623242,0.6210846017278677,0.5824979138922515,0.5541134836623242,0.6210846017278677,4.974995007273436,0.18680719184179143,0.17709803596068857,0.19995762157112468,0.910951416893192,1.0202134049094411,1.0037260703572153,1.051402251297991
ratio,det_nonpar_dt2000ns_ap0.05_tau5000ns,nv_charge_readout_master_v1_4,thin_all_counts,2,ratio7.07,7.07,5.437,1.0,27.631556387852836,0.9249776330930897,7.07,12.706558997565994,0.12391573729863692,9.422120008455401,636.7993609310438,0.0,0.1,off,2.0,mean,-1.2252066328696871,0.6,1.06489286426723,1.595481845635578,1.595481845635578,0.9853682434445559,1.0807054838145378,1.0638653578067254,1.0955682315566064,0.6674427961560528,0.632074513069399,0.7027090834379783,0.6674427961560528,0.632074513069399,0.7027090834379783,4.974995007273436,0.21404903174985263,0.20211893802649317,0.2261207918880435,1.0169414280426181,1.04715260378064,1.030294932832262,1.0669943728364062
ratio,det_nonpar_dt2000ns_ap0.05_tau5000ns,nv_charge_readout_master_v1_4,thin_all_counts,2,ratio7.07,7.07,5.437,1.0,27.631556387852836,0.9249776330930897,7.07,12.706558997565994,0.12391573729863692,9.422120008455401,636.7993609310438,0.0,0.1,off,2.0,mean,-1.2252066328696871,0.61,1.19112400042369,1.595481845635578,1.595481845635578,1.0837634921518389,1.0990626728518824,1.0797486129449483,1.115763957854976,0.7465606729916707,0.7108308899960095,0.7840215813861672,0.7465606729916707,0.7108308899960095,0.7840215813861672,4.974995007273436,0.2394221499081443,0.22720292824668012,0.252203086404592,1.1232398449331793,1.0604360286867753,1.053152481253222,1.0746256373053322
ratio,det_nonpar_dt2000ns_ap0.05_tau5000ns,nv_charge_readout_master_v1_4,thin_all_counts,2,ratio7.07,7.07,5.437,1.0,27.631556387852836,0.9249776330930897,7.07,12.706558997565994,0.12391573729863692,9.422120008455401,636.7993609310438,0.0,0.1,off,2.0,mean,-1.2252066328696871,0.62,1.320769928444991,1.595481845635578,1.595481845635578,1.1919841285074226,1.1080432170676897,1.0895583686421735,1.1253935329918265,0.8278188385896974,0.7884155652712345,0.8665654874053867,0.8278188385896974,0.7884155652712345,0.8665654874053867,4.974995007273436,0.2654816590798638,0.25194912854641816,0.2788792982248979,1.2355742027573895,1.0689523344672243,1.0576559417398388,1.0872703675952016
ratio,det_nonpar_dt2000ns_ap0.05_tau5000ns,nv_charge_readout_master_v1_4,thin_all_counts,2,ratio7.07,7.07,5.437,1.0,27.631556387852836,0.9249776330930897,7.07,12.706558997565994,0.12391573729863692,9.422120008455401,636.7993609310438,0.0,0.1,off,2.0,mean,-1.2252066328696871,0.63,1.4533596390152768,1.595481845635578,1.595481845635578,1.3110112795851012,1.1085790501171164,1.0939999434198684,1.1229017027720483,0.9109220784874019,0.8689245342175075,0.9531939143734967,0.9109220784874019,0.8689245342175075,0.9531939143734967,4.974995007273436,0.29213288393063047,0.2776747620347063,0.30684080423533944,1.3479085605815997,1.0782331098098945,1.0715700777583101,1.0960075558992513
ratio,det_nonpar_dt2000ns_ap0.05_tau5000ns,nv_charge_readout_master_v1_4,thin_all_counts,2,ratio7.07,7.07,5.437,1.0,27.631556387852836,0.9249776330930897,7.07,12.706558997565994,0.12391573729863692,9.422120008455401,636.7993609310438,0.0,0.1,off,2.0,mean,-1.2252066328696871,0.64,1.57834605604771,1.595481845635578,1.595481845635578,1.4419240441997727,1.0946110943892664,1.0063493476889909,1.111847956505244,0.9892598028396609,0.9569865419416889,1.0300406681808856,0.9892598028396609,0.9569865419416889,1.0300406681808856,4.974995007273436,0.3172558070390363,0.3058822308568032,0.33143480876398845,1.4605891128975534,1.0806229090100141,1.0743739113985633,1.09571301195669
ratio,det_nonpar_dt2000ns_ap0.05_tau5000ns,nv_charge_readout_master_v1_4,thin_all_counts,2,ratio7.07,7.07,5.437,1.0,27.631556387852836,0.9249776330930897,7.07,12.706558997565994,0.12391573729863692,9.422120008455401,636.7993609310438,0.0,0.1,off,2.0,mean,-1.2252066328696871,0.65,1.7012426192173213,1.595481845635578,1.595481845635578,1.595481845635578,1.0662876696911663,1.0032799566917632,1.0940503478007944,1.0662876696911663,1.0028773183481163,1.0940503478007944,1.0662876696911663,1.0028773183481163,1.0940503478007944,4.974995007273436,0.34195865859766833,0.3285387006373144,0.3582055656336196,1.5733850633774218,1.0812627238022974,1.0713133062908464,1.0952545263519016
ratio,det_nonpar_dt2000ns_ap0.05_tau5000ns,nv_charge_readout_master_v1_4,thin_all_counts,2,ratio7.07,7.07,5.437,1.0,27.631556387852836,0.9249776330930897,7.07,12.706558997565994,0.12391573729863692,9.422120008455401,636.7993609310438,0.0,0.1,off,2.0,mean,-1.2252066328696871,0.66,1.8428276152086243,1.8096921892396618,1.8096921892396618,1.7968715286249053,1.0255756106386125,1.0070943241689434,1.0547234405132373,1.0183099789931038,1.0037294968223642,1.0410904952942464,1.0183099789931038,1.0037294968223642,1.0410904952942464,4.974995007273436,0.37041798283504057,0.35407672146506486,0.3877175164987777,1.6861810138572901,1.0929002284238696,1.08428318589618,1.0997977537126307
ratio,det_nonpar_dt2000ns_ap0.05_tau5000ns,nv_charge_readout_master_v1_4,thin_all_counts,2,ratio7.07,7.07,5.437,1.0,27.631556387852836,0.9249776330930897,7.07,12.706558997565994,0.12391573729863692,9.422120008455401,636.7993609310438,0.0,0.1,off,2.0,mean,-1.2252066328696871,0.67,1.9939762736040305,1.9098331129593642,1.9098331129593642,1.8733311761433797,1.064401371736642,1.0421407657360366,1.0856690171051735,1.0440578603825144,1.024733384525878,1.0621885133297317,1.0440578603825144,1.024733384525878,1.0621885133297317,4.974995007273436,0.40079965320343836,0.38374357511060786,0.41909714615478677,1.8130847456817032,1.099770034662287,1.0912998289069469,1.10635685818115
ratio,det_nonpar_dt2000ns_ap0.05_tau5000ns,nv_charge_readout_master_v1_4,thin_all_counts,2,ratio7.07,7.07,5.437,1.0,27.631556387852836,0.9249776330930897,7.07,12.706558997565994,0.12391573729863692,9.422120008455401,636.7993609310438,0.0,0.1,off,2.0,mean,-1.2252066328696871,0.68,2.1541457776009096,2.0155154235862227,2.0155154235862227,1.9530442992751738,1.1029682114227362,1.079903437711479,1.1202875008000472,1.068781589261183,1.0484343998802061,1.088440199603981,1.068781589261183,1.0484343998802061,1.088440199603981,4.974995007273436,0.43299456068831255,0.41435641082212477,0.45167952988024557,1.9576232041867971,1.1003883551205393,1.087084401733165,1.1154787217677145
ratio,det_nonpar_dt2000ns_ap0.05_tau5000ns,nv_charge_readout_master_v1_4,thin_all_counts,2,ratio7.07,7.07,5.437,1.0,27.631556387852836,0.9249776330930897,7.07,12.706558997565994,0.12391573729863692,9.422120008455401,636.7993609310438,0.0,0.1,off,2.0,mean,-1.2252066328696871,0.69,2.3108417491990045,2.1270457586837233,2.1270457586837233,2.0397274570618245,1.1329169204437308,1.1175173607066673,1.1404848754158061,1.086409043982683,1.0663788375515149,1.1052691056648172,1.086409043982683,1.0663788375515149,1.1052691056648172,4.974995007273436,0.46449127000540846,0.4449007692431263,0.48388156686840866,2.1021616626918895,1.0992692856171171,1.0845265058191562,1.116616995835297
ratio,det_nonpar_dt2000ns_ap0.05_tau5000ns,nv_charge_readout_master_v1_4,thin_all_counts,2,ratio7.07,7.07,5.437,1.0,27.631556387852836,0.9249776330930897,7.07,12.706558997565994,0.12391573729863692,9.422120008455401,636.7993609310438,0.0,0.1,off,2.0,mean,-1.2252066328696871,0.7,2.475715735783363,2.244747723877128,2.244747723877128,2.1718001033517673,1.1399372032272024,1.1313599143178887,1.149638153507428,1.1028926366421734,1.0816268330501677,1.1250403821975525,1.1028926366421734,1.0816268330501677,1.1250403821975525,4.974995007273436,0.4976318030799769,0.47730642958515346,0.518044833353105,2.2467001211969833,1.1019342156194687,1.0856530289398196,1.1215960205225175
ratio,det_nonpar_dt2000ns_ap0.05_tau5000ns,nv_charge_readout_master_v1_4,thin_all_counts,2,ratio7.07,7.07,5.437,1.0,27.631556387852836,0.9249776330930897,7.07,12.706558997565994,0.12391573729863692,9.422120008455401,636.7993609310438,0.0,0.1,off,2.0,mean,-1.2252066328696871,0.71,2.654398753233883,2.368962831796227,2.368962831796227,2.3120047054507373,1.1480940099195835,1.1391040063505145,1.1579929619974085,1.1204898268586294,1.099653114249868,1.143756337707288,1.1204898268586294,1.099653114249868,1.143756337707288,4.974995007273436,0.5335480235363363,0.5118842358498692,0.555025266419021,2.391238579702077,1.1100518265996666,1.0942294923372922,1.1303152506965126
ratio,det_nonpar_dt2000ns_ap0.05_tau5000ns,nv_charge_readout_master_v1_4,thin_all_counts,2,ratio7.07,7.07,5.437,1.0,27.631556387852836,0.9249776330930897,7.07,12.706558997565994,0.12391573729863692,9.422120008455401,636.7993609310438,0.0,0.1,off,2.0,mean,-1.2252066328696871,0.72,2.846194997147651,2.500051492975335,2.500051492975335,2.458134686171212,1.157867798359284,1.1447772469237385,1.1668987214872275,1.1384545498942373,1.1175898209056956,1.1595556458351914,1.1384545498942373,1.1175898209056956,1.1595556458351914,4.974995007273436,0.5721000710526377,0.5474611724803846,0.5968045283366599,2.535777038207171,1.122415320536205,1.1034917610895079,1.1429918832341648
ratio,det_nonpar_dt2000ns_ap0.05_tau5000ns,nv_charge_readout_master_v1_4,thin_all_counts,2,ratio7.07,7.07,5.437,1.0,27.631556387852836,0.9249776330930897,7.07,12.706558997565994,0.12391573729863692,9.422120008455401,636.7993609310438,0.0,0.1,off,2.0,mean,-1.2252066328696871,0.73,3.0524544618798144,2.638394061585612,2.638394061585612,3.3369456477158725,0.9147450345705237,0.9006201110652666,1.174338703297226,1.1569365267769598,1.1366252193882675,1.1790525444593485,1.1569365267769598,1.1366252193882675,1.1790525444593485,4.974995007273436,0.61355930155048,0.5875059676223242,0.6416218746990004,2.680315496712265,1.1388414780364564,1.121615284559213,1.1598405953905289
ratio,det_nonpar_dt2000ns_ap0.05_tau5000ns,nv_charge_readout_master_v1_4,thin_all_counts,2,ratio7.07,7.07,5.437,1.0,27.631556387852836,0.9249776330930897,7.07,12.706558997565994,0.12391573729863692,9.422120008455401,636.7993609310438,0.0,0.1,off,2.0,mean,-1.2252066328696871,0.74,3.272741848057929,2.784391939033914,2.784391939033914,3.3369456477158725,0.9807597106947514,0.9429348882352124,1.020387982247117,1.1753883503891536,1.1540481112144403,1.1931263173152502,1.1753883503891536,1.1540481112144403,1.1931263173152502,4.974995007273436,0.6578382175807583,0.6298446443517195,0.6861499669532304,2.8248539552173586,1.1585525835816555,1.1389468907564015,1.1755441694349649
ratio,det_nonpar_dt2000ns_ap0.05_tau5000ns,nv_charge_readout_master_v1_4,thin_all_counts,2,ratio7.07,7.07,5.437,1.0,27.631556387852836,0.9249776330930897,7.07,12.706558997565994,0.12391573729863692,9.422120008455401,636.7993609310438,0.0,0.1,off,2.0,mean,-1.2252066328696871,0.75,3.507994576163736,2.938468738630258,2.938468738630258,3.3369456477158725,1.051259129307349,1.0092839913411027,1.0929865365474272,1.193817218487394,1.1745262160711054,1.2104159087356274,1.193817218487394,1.1745262160711054,1.2104159087356274,4.974995007273436,0.7051252455600564,0.673570539382587,0.7351007157393368,2.9693924137224528,1.1813846361135163,1.1653232223296761,1.1952461285659943
ratio,det_nonpar_dt2000ns_ap0.05_tau5000ns,nv_charge_readout_master_v1_4,thin_all_counts,2,ratio7.07,7.07,5.437,1.0,27.631556387852836,0.9249776330930897,7.07,12.706558997565994,0.12391573729863692,9.422120008455401,636.7993609310438,0.0,0.1,off,2.0,mean,-1.2252066328696871,0.76,3.746906316102948,3.1010715147032077,3.1010715147032077,3.3369456477158725,1.122855063182612,1.0796526087750162,1.164429489278238,1.2082618212245746,1.1926038318718901,1.2184028405233713,1.2082618212245746,1.1926038318718901,1.2184028405233713,4.974995007273436,0.7531477540429641,0.7218177556351827,0.7845789628646416,3.119344080020334,1.201184037407801,1.1893141356203922,1.2096114440408352
ratio,det_nonpar_dt2000ns_ap0.05_tau5000ns,nv_charge_readout_master_v1_4,thin_all_counts,2,ratio7.07,7.07,5.437,1.0,27.631556387852836,0.9249776330930897,7.07,12.706558997565994,0.12391573729863692,9.422120008455401,636.7993609310438,0.0,0.1,off,2.0,mean,-1.2252066328696871,0.77,3.9970271946226354,3.2726720597294365,3.2726720597294365,3.3369456477158725,1.197810098392998,1.151803495214751,1.2181663003986367,1.2213344697155766,1.0031427394654613,1.2280034509147393,1.2213344697155766,1.0031427394654613,1.2280034509147393,4.974995007273436,0.8034233579690004,0.7712276734797736,0.8322084152928455,3.3238442248455344,1.2025314437858126,1.1894853147651583,1.2147843651596355
ratio,det_nonpar_dt2000ns_ap0.05_tau5000ns,nv_charge_readout_master_v1_4,thin_all_counts,2,ratio7.07,7.07,5.437,1.0,27.631556387852836,0.9249776330930897,7.07,12.706558997565994,0.12391573729863692,9.422120008455401,636.7993609310438,0.0,0.1,off,2.0,mean,-1.2252066328696871,0.78,4.230738707797693,4.182968016326623,4.182968016326623,3.482695331573909,1.2147886349523793,1.1954732472292044,1.2318525229656678,1.011420286094614,1.0036624837100412,1.2216956159441366,1.011420286094614,1.0036624837100412,1.2216956159441366,4.974995007273436,0.8504005936915231,0.8208944447852542,0.8802453293801769,3.528344369670735,1.1990719341809897,1.1867329908961484,1.21312981804847
ratio,det_nonpar_dt2000ns_ap0.05_tau5000ns,nv_charge_readout_master_v1_4,thin_all_counts,2,ratio7.07,7.07,5.437,1.0,27.631556387852836,0.9249776330930897,7.07,12.706558997565994,0.12391573729863692,9.422120008455401,636.7993609310438,0.0,0.1,off,2.0,mean,-1.2252066328696871,0.79,4.470788602879418,4.364760892544512,4.364760892544512,3.6131107716563466,1.2373793347138065,1.2281024819567647,1.2463233866839747,1.024291756855688,1.013708126129599,1.0405598441237107,1.024291756855688,1.013708126129599,1.0405598441237107,4.974995007273436,0.8986518773070388,0.8691756455335331,0.9328545991865379,3.7328445144959357,1.197689479301318,1.1841031208969097,1.212584400023303
ratio,det_nonpar_dt2000ns_ap0.05_tau5000ns,nv_charge_readout_master_v1_4,thin_all_counts,2,ratio7.07,7.07,5.437,1.0,27.631556387852836,0.9249776330930897,7.07,12.706558997565994,0.12391573729863692,9.422120008455401,636.7993609310438,0.0,0.1,off,2.0,mean,-1.2252066328696871,0.8,4.749527812526571,4.5544545343705956,4.5544545343705956,3.854815781585915,1.2321024094626285,1.2214153653274111,1.2567739991461229,1.0428313152944744,1.0248892250337114,1.0635627109903996,1.0428313152944744,1.0248892250337114,1.0635627109903996,4.974995007273436,0.9546799153733356,0.9179097619874824,0.9949400940669842,3.9373446593211363,1.2062768752749902,1.1879381527341555,1.2222069018710044
ratio,det_nonpar_dt2000ns_ap0.05_tau5000ns,nv_charge_readout_master_v1_4,thin_all_counts,2,ratio7.07,7.07,5.437,1.0,27.631556387852836,0.9249776330930897,7.07,12.706558997565994,0.12391573729863692,9.422120008455401,636.7993609310438,0.0,0.1,off,2.0,mean,-1.2252066328696871,0.81,5.064214280968187,4.752392311129868,4.752392311129868,3.983079583379865,1.2714318594334786,1.2468580051875442,1.2768107621764408,1.0656136845243285,1.0459272986635797,1.0902024257914245,1.0656136845243285,1.0459272986635797,1.0902024257914245,5.041393782375468,1.0045266248933973,0.9801392339842808,1.0128105052562577,4.141844804146337,1.222695325498068,1.204952225666748,1.2418493035523452
ratio,det_nonpar_dt2000ns_ap0.05_tau5000ns,nv_charge_readout_master_v1_4,thin_all_counts,2,ratio7.07,7.07,5.437,1.0,27.631556387852836,0.9249776330930897,7.07,12.706558997565994,0.12391573729863692,9.422120008455401,636.7993609310438,0.0,0.1,off,2.0,mean,-1.2252066328696871,0.82,5.4227104179037955,4.958932515067351,4.958932515067351,4.270948014316492,1.2696737117207988,1.2543037443520348,1.2859085854847945,1.0935237375034423,1.0684746576619617,1.1230055581999778,1.0935237375034423,1.0684746576619617,1.1230055581999778,5.361636054751291,1.011390993817714,1.0006850260632767,1.0252612511217245,4.346344948971535,1.2476484221959783,1.2258298261518985,1.2678517690999855
ratio,det_nonpar_dt2000ns_ap0.05_tau5000ns,nv_charge_readout_master_v1_4,thin_all_counts,2,ratio7.07,7.07,5.437,1.0,27.631556387852836,0.9249776330930897,7.07,12.706558997565994,0.12391573729863692,9.422120008455401,636.7993609310438,0.0,0.1,off,2.0,mean,-1.2252066328696871,0.83,5.818916200035867,5.174449009902084,5.174449009902084,4.498751511429789,1.2934513465017996,1.2757717761976264,1.3116312178312588,1.1245479835438514,1.0986903209603132,1.1558385807030234,1.1245479835438514,1.0986903209603132,1.1558385807030234,5.702220938207206,1.0204648790520823,1.0055355222146742,1.03891385539782,4.5508450937967355,1.278645192289151,1.2597132503865307,1.301374357974819
ratio,det_nonpar_dt2000ns_ap0.05_tau5000ns,nv_charge_readout_master_v1_4,thin_all_counts,2,ratio7.07,7.07,5.437,1.0,27.631556387852836,0.9249776330930897,7.07,12.706558997565994,0.12391573729863692,9.422120008455401,636.7993609310438,0.0,0.1,off,2.0,mean,-1.2252066328696871,0.84,6.2625204636467,5.399331907567407,5.399331907567407,4.738705573973311,1.3215677500713978,1.302761314828226,1.3391750665354958,1.1598695117945046,1.1295966312908399,1.1904139216417673,1.1598695117945046,1.1295966312908399,1.1904139216417673,6.064440647610674,1.0326625038558284,1.012146721358559,1.0539032285974226,4.795025508949189,1.3060452862990308,1.288719254276314,1.3199674848840401
ratio,det_nonpar_dt2000ns_ap0.05_tau5000ns,nv_charge_readout_master_v1_4,thin_all_counts,2,ratio7.07,7.07,5.437,1.0,27.631556387852836,0.9249776330930897,7.07,12.706558997565994,0.12391573729863692,9.422120008455401,636.7993609310438,0.0,0.1,off,2.0,mean,-1.2252066328696871,0.85,6.7538996726838745,5.6339882743626015,5.6339882743626015,5.025641581122301,1.3438880516377032,1.3283914836382775,1.359218197389996,1.1987777296977022,1.1674266349092992,1.2332961417959603,1.1987777296977022,1.1674266349092992,1.2332961417959603,6.449669482634165,1.0471698884522462,1.0240370079791588,1.0732043447683661,5.183846909488085,1.3028740606367242,1.2845982588678495,1.3251669471590501
ratio,det_nonpar_dt2000ns_ap0.05_tau5000ns,nv_charge_readout_master_v1_4,thin_all_counts,2,ratio7.07,7.07,5.437,1.0,27.631556387852836,0.9249776330930897,7.07,12.706558997565994,0.12391573729863692,9.422120008455401,636.7993609310438,0.0,0.1,off,2.0,mean,-1.2252066328696871,0.86,7.32478910221228,5.878842867794008,5.878842867794008,5.36590125019646,1.3650622254638212,1.3497406146482223,1.3824668505121824,1.245957625834768,1.2114439214770034,1.2829650975052092,1.245957625834768,1.2114439214770034,1.2829650975052092,6.85936904199264,1.0678517305848931,1.0420033409002531,1.0959941175682957,5.572668310026979,1.3144132567575726,1.2942239370089077,1.3397806570286277
ratio,det_nonpar_dt2000ns_ap0.05_tau5000ns,nv_charge_readout_master_v1_4,thin_all_counts,2,ratio7.07,7.07,5.437,1.0,27.631556387852836,0.9249776330930897,7.07,12.706558997565994,0.12391573729863692,9.422120008455401,636.7993609310438,0.0,0.1,off,2.0,mean,-1.2252066328696871,0.87,8.001439675226093,6.134338905439505,6.134338905439505,5.769837218020527,1.386770436128728,1.3678514849913286,1.4043913632877592,1.3043687019200998,1.2615605667794234,1.3457172828219972,1.3043687019200998,1.2615605667794234,1.3457172828219972,7.295093768902798,1.0968247878230537,1.0661636674549553,1.1251742716919677,5.961489710565874,1.3421879536325803,1.3120448901467392,1.3695996603892708
ratio,det_nonpar_dt2000ns_ap0.05_tau5000ns,nv_charge_readout_master_v1_4,thin_all_counts,2,ratio7.07,7.07,5.437,1.0,27.631556387852836,0.9249776330930897,7.07,12.706558997565994,0.12391573729863692,9.422120008455401,636.7993609310438,0.0,0.1,off,2.0,mean,-1.2252066328696871,0.88,8.906320157566347,6.4009388672279925,6.4009388672279925,6.287236321043749,1.4165715590737968,1.2726712214306453,1.447341236670575,1.3914084077830509,0.775655547692643,1.4405103124812806,1.3914084077830509,0.9943975966864713,1.4405103124812806,7.75849684880412,1.1479440323468262,1.101103751069333,1.1944016778541395,6.3503111111047685,1.4025013895763143,1.3505573830488093,1.4381129150977894
ratio,det_nonpar_dt2000ns_ap0.05_tau5000ns,nv_charge_readout_master_v1_4,thin_all_counts,2,ratio7.07,7.07,5.437,1.0,27.631556387852836,0.9249776330930897,7.07,12.706558997565994,0.12391573729863692,9.422120008455401,636.7993609310438,0.0,0.1,off,2.0,mean,-1.2252066328696871,0.89,10.26352911334373,12.884473038335246,10.44859856602055,7.6284891782298345,1.345420944245915,1.2740071802559807,1.4629900503180366,0.7965812092436061,0.7724293684038954,0.8605631767836157,0.9822876291487858,0.9530700991332731,1.0095381499475893,8.326399827262575,1.2326490831894166,1.1889552188578205,1.2714735136084476,7.1026421227034495,1.445029741895142,1.4167063968938827,1.4999439590525054
ratio,det_nonpar_dt2000ns_ap0.05_tau5000ns,nv_charge_readout_master_v1_4,thin_all_counts,2,ratio7.07,7.07,5.437,1.0,27.631556387852836,0.9249776330930897,7.07,12.706558997565994,0.12391573729863692,9.422120008455401,636.7993609310438,0.0,0.1,off,2.0,mean,-1.2252066328696871,0.9,17.84161792742688,14.065314051417172,12.459596690201911,8.747504179768006,2.0396238242094857,1.390534143521557,2.1629014811779177,1.2684834382087062,0.823566696342413,1.3063200494150853,1.4319579012904433,0.9523156318760377,1.4471727850180014,9.475342199128814,1.8829523570206554,1.2467741607100093,1.928055885617456,7.985287900531116,2.2343111669449267,1.471370966464575,2.2805256739255118
ratio,det_nonpar_dt2000ns_ap0.05_tau5000ns,nv_charge_readout_master_v1_4,thin_all_counts,2,ratio7.07,7.07,5.437,1.0,27.631556387852836,0.9249776330930897,7.07,12.706558997565994,0.12391573729863692,9.422120008455401,636.7993609310438,0.0,0.1,off,2.0,mean,-1.2252066328696871,0.91,19.951385680420852,15.354377224150301,14.284128881334613,8.762851159779148,2.276814397121826,2.005274212171373,2.348836149196725,1.2993940027108424,1.2771018203012763,1.3293623800446772,1.3967520068018826,1.347552190485036,1.4565651361102274,10.782824708540131,1.850293055827858,1.7665750756940073,1.956106750783492,9.07783698551085,2.1978127292068907,2.03807677943392,2.3474808257410027
ratio,det_nonpar_dt2000ns_ap0.05_tau5000ns,nv_charge_readout_master_v1_4,thin_all_counts,2,ratio7.07,7.07,5.437,1.0,27.631556387852836,0.9249776330930897,7.07,12.706558997565994,0.12391573729863692,9.422120008455401,636.7993609310438,0.0,0.1,off,2.0,mean,-1.2252066328696871,0.92,22.57177248682638,nan,16.375838076607213,18.80846098115287,1.2000860947338838,1.1688088132553307,2.08746758773077,nan,0.6458318611037771,1.3479734163836645,1.3783583094333365,0.8872907994393211,1.4361825189516844,12.298847206836207,1.8352754617749911,1.7129108103517228,1.9650618369852075,11.002761254024646,2.0514643520570766,1.9367310921440954,2.216414309742577
ratio,det_nonpar_dt2000ns_ap0.05_tau5000ns,nv_charge_readout_master_v1_4,thin_all_counts,2,ratio7.07,7.07,5.437,1.0,27.631556387852836,0.9249776330930897,7.07,12.706558997565994,0.12391573729863692,9.422120008455401,636.7993609310438,0.0,0.1,off,2.0,mean,-1.2252066328696871,0.93,nan,nan,33.085359312247824,19.21109268268694,nan,1.319843000183339,1.5162593828563269,nan,nan,nan,nan,0.8475431801926395,0.9391128173331226,17.149153429404063,nan,1.5837977101721328,1.9364301490143614,14.86304547512111,nan,1.839804849809254,2.2572807881694885
ratio,det_nonpar_dt2000ns_ap0.05_tau5000ns,nv_charge_readout_master_v1_4,thin_all_counts,2,ratio7.07,7.07,5.437,1.0,27.631556387852836,0.9249776330930897,7.07,12.706558997565994,0.12391573729863692,9.422120008455401,636.7993609310438,0.0,0.1,off,2.0,mean,-1.2252066328696871,0.94,nan,nan,nan,nan,nan,nan,nan,nan,nan,nan,nan,nan,nan,nan,nan,nan,nan,nan,nan,nan,nan
ratio,det_nonpar_dt2000ns_ap0.05_tau5000ns,nv_charge_readout_master_v1_4,thin_all_counts,2,ratio7.07,7.07,5.437,1.0,27.631556387852836,0.9249776330930897,7.07,12.706558997565994,0.12391573729863692,9.422120008455401,636.7993609310438,0.0,0.1,off,2.0,mean,-1.2252066328696871,0.95,nan,nan,nan,nan,nan,nan,nan,nan,nan,nan,nan,nan,nan,nan,nan,nan,nan,nan,nan,nan,nan
ratio,det_nonpar_dt2000ns_ap0.05_tau5000ns,nv_charge_readout_master_v1_4,thin_all_counts,2,ratio7.07,7.07,5.437,1.0,27.631556387852836,0.9249776330930897,7.07,12.706558997565994,0.12391573729863692,9.422120008455401,636.7993609310438,0.0,0.1,off,2.0,mean,-1.2252066328696871,0.96,nan,nan,nan,nan,nan,nan,nan,nan,nan,nan,nan,nan,nan,nan,nan,nan,nan,nan,nan,nan,nan
ratio,det_nonpar_dt2000ns_ap0.05_tau5000ns,nv_charge_readout_master_v1_4,thin_all_counts,2,ratio7.07,7.07,5.437,1.0,27.631556387852836,0.9249776330930897,7.07,12.706558997565994,0.12391573729863692,9.422120008455401,636.7993609310438,0.0,0.1,off,2.0,mean,-1.2252066328696871,0.97,nan,nan,nan,nan,nan,nan,nan,nan,nan,nan,nan,nan,nan,nan,nan,nan,nan,nan,nan,nan,nan
ratio,det_nonpar_dt2000ns_ap0.05_tau5000ns,nv_charge_readout_master_v1_4,thin_all_counts,2,ratio7.07,7.07,5.437,1.0,27.631556387852836,0.9249776330930897,7.07,12.706558997565994,0.12391573729863692,9.422120008455401,636.7993609310438,0.0,0.1,off,2.0,mean,-1.2252066328696871,0.98,nan,nan,nan,nan,nan,nan,nan,nan,nan,nan,nan,nan,nan,nan,nan,nan,nan,nan,nan,nan,nan
ratio,det_nonpar_dt2000ns_ap0.05_tau5000ns,nv_charge_readout_master_v1_4,thin_all_counts,2,ratio7.07,7.07,5.437,1.0,27.631556387852836,0.9249776330930897,7.07,12.706558997565994,0.12391573729863692,9.422120008455401,636.7993609310438,0.0,0.1,off,2.0,mean,-1.2252066328696871,0.99,nan,nan,nan,nan,nan,nan,nan,nan,nan,nan,nan,nan,nan,nan,nan,nan,nan,nan,nan,nan,nan
ratio,det_nonpar_dt2000ns_ap0.05_tau5000ns,nv_charge_readout_master_v1_4,thin_all_counts,3,ratio26.6,26.6,5.437,1.0,25.117630792010228,0.9249776330930897,26.6,17.730358234571632,0.036231884057971016,9.422120008455401,636.7993609310438,0.0,0.1,off,2.0,mean,-0.7987499747162259,0.55,0.48193626634788894,1.5942857456581705,1.5942857456581705,0.42374079608957327,1.1373374260759492,1.0910278679705687,1.1777478960148295,0.30228976685037773,0.2759117429447616,0.32427244092597785,0.30228976685037773,0.2759117429447616,0.32427244092597785,4.974995007273436,0.09687170854308372,0.08812669685752093,0.10426314133429512,0.4563687329767633,1.0560238498469339,1.015026455844438,1.0998592926258897
ratio,det_nonpar_dt2000ns_ap0.05_tau5000ns,nv_charge_readout_master_v1_4,thin_all_counts,3,ratio26.6,26.6,5.437,1.0,25.117630792010228,0.9249776330930897,26.6,17.730358234571632,0.036231884057971016,9.422120008455401,636.7993609310438,0.0,0.1,off,2.0,mean,-0.7987499747162259,0.56,0.5830730570876422,1.5942857456581705,1.5942857456581705,0.5369555425114872,1.0858870258801143,1.046098025493344,1.1219056405493937,0.36572682072556045,0.3437295178616251,0.38789205645115504,0.36572682072556045,0.3437295178616251,0.38789205645115504,4.974995007273436,0.11720073210831171,0.1097935214243239,0.12469452220126416,0.5589746017413003,1.043111896804025,1.0224172568486998,1.0747481986805123
ratio,det_nonpar_dt2000ns_ap0.05_tau5000ns,nv_charge_readout_master_v1_4,thin_all_counts,3,ratio26.6,26.6,5.437,1.0,25.117630792010228,0.9249776330930897,26.6,17.730358234571632,0.036231884057971016,9.422120008455401,636.7993609310438,0.0,0.1,off,2.0,mean,-0.7987499747162259,0.57,0.6854672882354065,1.5942857456581705,1.5942857456581705,0.6522977497259931,1.0508503034440126,1.0381852888133405,1.0729227799268766,0.4299525916870218,0.3983953071235016,0.46052662532490574,0.4299525916870218,0.3983953071235016,0.46052662532490574,4.974995007273436,0.1377825077679986,0.12723221026754836,0.14790542510919405,0.6615804705058361,1.0361056875081376,1.0183242178460836,1.0647307121605216
ratio,det_nonpar_dt2000ns_ap0.05_tau5000ns,nv_charge_readout_master_v1_4,thin_all_counts,3,ratio26.6,26.6,5.437,1.0,25.117630792010228,0.9249776330930897,26.6,17.730358234571632,0.036231884057971016,9.422120008455401,636.7993609310438,0.0,0.1,off,2.0,mean,-0.7987499747162259,0.58,0.7994438966956675,1.5942857456581705,1.5942857456581705,0.7505603955676465,1.0651293372481379,1.045179510455777,1.0849048242346708,0.5014432945115697,0.4702751071134552,0.530294989184284,0.5014432945115697,0.4702751071134552,0.530294989184284,4.974995007273436,0.16069240180681219,0.15010733467605222,0.17020979367073472,0.7670653482670562,1.0422109387443463,1.0277776892174142,1.0661158635090866
ratio,det_nonpar_dt2000ns_ap0.05_tau5000ns,nv_charge_readout_master_v1_4,thin_all_counts,3,ratio26.6,26.6,5.437,1.0,25.117630792010228,0.9249776330930897,26.6,17.730358234571632,0.036231884057971016,9.422120008455401,636.7993609310438,0.0,0.1,off,2.0,mean,-0.7987499747162259,0.59,0.9167322706459373,1.5942857456581705,1.5942857456581705,0.8636254036309361,1.061492942185031,1.0480986812750168,1.079371120667861,0.5750112695559991,0.5403471316187186,0.613683144260836,0.5750112695559991,0.5403471316187186,0.613683144260836,4.974995007273436,0.18426797801920927,0.1725771772498175,0.1974209816708535,0.8755937498247697,1.0469835706677904,1.0285805958817265,1.0787628173335106
ratio,det_nonpar_dt2000ns_ap0.05_tau5000ns,nv_charge_readout_master_v1_4,thin_all_counts,3,ratio26.6,26.6,5.437,1.0,25.117630792010228,0.9249776330930897,26.6,17.730358234571632,0.036231884057971016,9.422120008455401,636.7993609310438,0.0,0.1,off,2.0,mean,-0.7987499747162259,0.6,1.048572770497504,1.5942857456581705,1.5942857456581705,0.9706081028275972,1.0803255891258052,1.0616268726495817,1.0916449558138839,0.6577069219574693,0.6180786889674705,0.6898007155369812,0.6577069219574693,0.6180786889674705,0.6898007155369812,4.974995007273436,0.21076860759950355,0.19749492116065118,0.2216394298955956,0.9841221513824832,1.0654904668332905,1.0450542905353002,1.0880966166426649
ratio,det_nonpar_dt2000ns_ap0.05_tau5000ns,nv_charge_readout_master_v1_4,thin_all_counts,3,ratio26.6,26.6,5.437,1.0,25.117630792010228,0.9249776330930897,26.6,17.730358234571632,0.036231884057971016,9.422120008455401,636.7993609310438,0.0,0.1,off,2.0,mean,-0.7987499747162259,0.61,1.156121232043906,1.5942857456581705,1.5942857456581705,1.0617336820212067,1.088899459083765,1.071568689286894,1.1085930625835003,0.7251656330695119,0.693263073293455,0.7600851651254497,0.7251656330695119,0.693263073293455,0.7600851651254497,4.974995007273436,0.23238641050969064,0.2214124728570137,0.24443811850057126,1.0926505529401966,1.0580887264761063,1.0442274763555803,1.0834112471489172
ratio,det_nonpar_dt2000ns_ap0.05_tau5000ns,nv_charge_readout_master_v1_4,thin_all_counts,3,ratio26.6,26.6,5.437,1.0,25.117630792010228,0.9249776330930897,26.6,17.730358234571632,0.036231884057971016,9.422120008455401,636.7993609310438,0.0,0.1,off,2.0,mean,-0.7987499747162259,0.62,1.2764110446201402,1.5942857456581705,1.5942857456581705,1.1614145897343078,1.099014129753734,1.0806112326056136,1.1190028731841086,0.8006162308709586,0.7637923513089971,0.840564295085625,0.8006162308709586,0.7637923513089971,0.840564295085625,4.974995007273436,0.25656529157396724,0.24384021380550072,0.27055665099545734,1.2011789544979101,1.0626318749929122,1.0483732699655066,1.084003048600407
ratio,det_nonpar_dt2000ns_ap0.05_tau5000ns,nv_charge_readout_master_v1_4,thin_all_counts,3,ratio26.6,26.6,5.437,1.0,25.117630792010228,0.9249776330930897,26.6,17.730358234571632,0.036231884057971016,9.422120008455401,636.7993609310438,0.0,0.1,off,2.0,mean,-0.7987499747162259,0.63,1.400478503622523,1.5942857456581705,1.5942857456581705,1.2704540433151377,1.1023448750401847,1.0859474198911994,1.118813544969604,0.8784363201117138,0.8427238136397304,0.920740407838567,0.8784363201117138,0.8427238136397304,0.920740407838567,4.974995007273436,0.2815034993150798,0.26921258845138646,0.2961407474684351,1.3097073560556236,1.069306434866694,1.0600766678604134,1.0850954676595754
ratio,det_nonpar_dt2000ns_ap0.05_tau5000ns,nv_charge_readout_master_v1_4,thin_all_counts,3,ratio26.6,26.6,5.437,1.0,25.117630792010228,0.9249776330930897,26.6,17.730358234571632,0.036231884057971016,9.422120008455401,636.7993609310438,0.0,0.1,off,2.0,mean,-0.7987499747162259,0.64,1.5282690830305625,1.5942857456581705,1.5942857456581705,1.3897306702036714,1.0996872385399594,1.0825063089056992,1.1143273345992495,0.9585916998835399,0.9168895243518573,1.002751508281908,0.9585916998835399,0.9168895243518573,1.002751508281908,4.974995007273436,0.3071900737179103,0.29278664780564706,0.3221033358036922,1.4196379593792177,1.0765203007806634,1.0698473109492872,1.0887567250624306
ratio,det_nonpar_dt2000ns_ap0.05_tau5000ns,nv_charge_readout_master_v1_4,thin_all_counts,3,ratio26.6,26.6,5.437,1.0,25.117630792010228,0.9249776330930897,26.6,17.730358234571632,0.036231884057971016,9.422120008455401,636.7993609310438,0.0,0.1,off,2.0,mean,-0.7987499747162259,0.65,1.6625567583133907,1.5942857456581705,1.5942857456581705,1.5942857456581705,1.0428223189231587,1.0156824763606633,1.1041761604294535,1.0428223189231587,0.9973334372191821,1.0807716641746843,1.0428223189231587,0.9973334372191821,1.0807716641746843,4.974995007273436,0.33418259835089986,0.31841721759545544,0.34949093953052235,1.5316476894591171,1.0854694390591237,1.0775704469529777,1.0961914351403128
ratio,det_nonpar_dt2000ns_ap0.05_tau5000ns,nv_charge_readout_master_v1_4,thin_all_counts,3,ratio26.6,26.6,5.437,1.0,25.117630792010228,0.9249776330930897,26.6,17.730358234571632,0.036231884057971016,9.422120008455401,636.7993609310438,0.0,0.1,off,2.0,mean,-0.7987499747162259,0.66,1.792618022864174,1.7811990765356005,1.7811990765356005,1.7746277159108232,1.0101375104153139,1.0007765153690502,1.102856281660064,1.0064108198117772,0.9995306696680352,1.102856281660064,1.0064108198117772,0.9995306696680352,1.102856281660064,4.974995007273436,0.36032559233594585,0.34664868156069784,0.37580015445178583,1.6480246202428526,1.0877374044327166,1.0737809563455185,1.0978893829679475
ratio,det_nonpar_dt2000ns_ap0.05_tau5000ns,nv_charge_readout_master_v1_4,thin_all_counts,3,ratio26.6,26.6,5.437,1.0,25.117630792010228,0.9249776330930897,26.6,17.730358234571632,0.036231884057971016,9.422120008455401,636.7993609310438,0.0,0.1,off,2.0,mean,-0.7987499747162259,0.67,1.925783276928465,1.8787253766721084,1.8787253766721084,1.8482237765809781,1.0419643450810723,1.0238707984488278,1.0672014257431903,1.025047780181536,1.0108864387632672,1.0478504194142755,1.025047780181536,1.0108864387632672,1.0478504194142755,4.974995007273436,0.3870925044372854,0.3722978059741482,0.40574846757857996,1.7862375545457674,1.0781227121933306,1.0639109357712098,1.0941314888993354
ratio,det_nonpar_dt2000ns_ap0.05_tau5000ns,nv_charge_readout_master_v1_4,thin_all_counts,3,ratio26.6,26.6,5.437,1.0,25.117630792010228,0.9249776330930897,26.6,17.730358234571632,0.036231884057971016,9.422120008455401,636.7993609310438,0.0,0.1,off,2.0,mean,-0.7987499747162259,0.68,2.0898301139991333,1.9815915511346325,1.9815915511346325,1.9248719591680865,1.085698248158979,1.060762403858303,1.110450730665459,1.054622034900444,1.0311673930342877,1.078922778575075,1.054622034900444,1.0311673930342877,1.078922778575075,4.974995007273436,0.4200667761362181,0.4009919686284305,0.440675156842936,1.924450488848682,1.0859360249113974,1.067689087317511,1.1044667598704414
ratio,det_nonpar_dt2000ns_ap0.05_tau5000ns,nv_charge_readout_master_v1_4,thin_all_counts,3,ratio26.6,26.6,5.437,1.0,25.117630792010228,0.9249776330930897,26.6,17.730358234571632,0.036231884057971016,9.422120008455401,636.7993609310438,0.0,0.1,off,2.0,mean,-0.7987499747162259,0.69,2.262070071086682,2.090089974982799,2.090089974982799,2.0046988390365237,1.1283839881774227,1.1048820468382998,1.1433569171360856,1.0822835849950903,1.0604983992647723,1.1053479325468956,1.0822835849950903,1.0604983992647723,1.1053479325468956,4.974995007273436,0.45468790778272916,0.4340216247897034,0.4746120668138742,2.0626634231515952,1.0966743510826444,1.0775512556882583,1.1153193439901097
ratio,det_nonpar_dt2000ns_ap0.05_tau5000ns,nv_charge_readout_master_v1_4,thin_all_counts,3,ratio26.6,26.6,5.437,1.0,25.117630792010228,0.9249776330930897,26.6,17.730358234571632,0.036231884057971016,9.422120008455401,636.7993609310438,0.0,0.1,off,2.0,mean,-0.7987499747162259,0.7,2.4413447814569356,2.2045290317382857,2.2045290317382857,2.1259147672734175,1.1483737819781323,1.137425973450766,1.1573504573589652,1.1074223774371976,1.0832012299094016,1.131633948610426,1.1074223774371976,1.0832012299094016,1.131633948610426,4.974995007273436,0.4907230616086434,0.4687560183648144,0.5094901050602018,2.20087635745451,1.1092603058722237,1.0889736682885771,1.1291547405777125
ratio,det_nonpar_dt2000ns_ap0.05_tau5000ns,nv_charge_readout_master_v1_4,thin_all_counts,3,ratio26.6,26.6,5.437,1.0,25.117630792010228,0.9249776330930897,26.6,17.730358234571632,0.036231884057971016,9.422120008455401,636.7993609310438,0.0,0.1,off,2.0,mean,-0.7987499747162259,0.71,2.6080051027361266,2.325233989898899,2.325233989898899,2.270738292213082,1.1485273805790897,1.140059808724905,1.1599626299720909,1.1216097451119413,1.1012921131064424,1.144940990841562,1.1216097451119413,1.1012921131064424,1.144940990841562,4.974995007273436,0.5242226572937715,0.5039684726178029,0.5438534184666038,2.339089291757425,1.1149660305514277,1.0989539509392494,1.1335697428563962
ratio,det_nonpar_dt2000ns_ap0.05_tau5000ns,nv_charge_readout_master_v1_4,thin_all_counts,3,ratio26.6,26.6,5.437,1.0,25.117630792010228,0.9249776330930897,26.6,17.730358234571632,0.036231884057971016,9.422120008455401,636.7993609310438,0.0,0.1,off,2.0,mean,-0.7987499747162259,0.72,2.7814485001076945,2.452547927444587,2.452547927444587,2.404380030128002,1.1568256537048422,1.147588833629323,1.16582872991519,1.1341056657782842,1.1138108602125634,1.1582107264564214,1.1341056657782842,1.1138108602125634,1.1582107264564214,4.974995007273436,0.5590856867275686,0.538394275885669,0.5820499807589667,2.4773022260603392,1.1227731807802233,1.1061981077131366,1.1409201520645347
ratio,det_nonpar_dt2000ns_ap0.05_tau5000ns,nv_charge_readout_master_v1_4,thin_all_counts,3,ratio26.6,26.6,5.437,1.0,25.117630792010228,0.9249776330930897,26.6,17.730358234571632,0.036231884057971016,9.422120008455401,636.7993609310438,0.0,0.1,off,2.0,mean,-0.7987499747162259,0.73,2.9684095460291218,2.5868327069630825,2.5868327069630825,2.5418888879012815,1.1677967357888717,0.9006745190335655,1.1752682890760207,1.1475073506063742,1.126448116180805,1.1699432299400954,1.1475073506063742,1.126448116180805,1.1699432299400954,4.974995007273436,0.5966658341745692,0.5748838380229819,0.624319123079438,2.615515160363254,1.1349234716792298,1.1193406128022705,1.1520154020167939
ratio,det_nonpar_dt2000ns_ap0.05_tau5000ns,nv_charge_readout_master_v1_4,thin_all_counts,3,ratio26.6,26.6,5.437,1.0,25.117630792010228,0.9249776330930897,26.6,17.730358234571632,0.036231884057971016,9.422120008455401,636.7993609310438,0.0,0.1,off,2.0,mean,-0.7987499747162259,0.74,3.168287388935613,2.7284700041667755,2.7284700041667755,3.334696964703825,0.9500975418367612,0.9217941778672836,0.9920054475341872,1.1611956092964817,1.1426700306670925,1.1821726121012952,1.1611956092964817,1.1426700306670925,1.1821726121012952,4.974995007273436,0.63684232532969,0.615242999189504,0.6670294299614129,2.753728094666169,1.1505447451665343,1.135663713458185,1.1663021632531416
ratio,det_nonpar_dt2000ns_ap0.05_tau5000ns,nv_charge_readout_master_v1_4,thin_all_counts,3,ratio26.6,26.6,5.437,1.0,25.117630792010228,0.9249776330930897,26.6,17.730358234571632,0.036231884057971016,9.422120008455401,636.7993609310438,0.0,0.1,off,2.0,mean,-0.7987499747162259,0.75,3.386333400018652,2.877862392724142,2.877862392724142,3.334696964703825,1.0154845960101844,0.9853081823485034,1.0560667481045207,1.1766835720081803,1.1601496454899825,1.1953753470662611,1.1766835720081803,1.1601496454899825,1.1953753470662611,4.974995007273436,0.6806707132505334,0.6580979626261558,0.7106749227067853,2.8919410289690832,1.1709552048596956,1.158482852747027,1.1818746545689534
ratio,det_nonpar_dt2000ns_ap0.05_tau5000ns,nv_charge_readout_master_v1_4,thin_all_counts,3,ratio26.6,26.6,5.437,1.0,25.117630792010228,0.9249776330930897,26.6,17.730358234571632,0.036231884057971016,9.422120008455401,636.7993609310438,0.0,0.1,off,2.0,mean,-0.7987499747162259,0.76,3.6199179626339872,3.035434488489134,3.035434488489134,3.334696964703825,1.0855313094260408,1.0514994984234542,1.1281458244391822,1.1925534800244613,1.17545081486282,1.2075851525185082,1.1925534800244613,1.17545081486282,1.2075851525185082,4.974995007273436,0.7276224312470007,0.7028567589938336,0.7585978982499986,3.0487305698234306,1.18735253238322,1.179936024314639,1.1949149291375343
ratio,det_nonpar_dt2000ns_ap0.05_tau5000ns,nv_charge_readout_master_v1_4,thin_all_counts,3,ratio26.6,26.6,5.437,1.0,25.117630792010228,0.9249776330930897,26.6,17.730358234571632,0.036231884057971016,9.422120008455401,636.7993609310438,0.0,0.1,off,2.0,mean,-0.7987499747162259,0.77,3.871973188486509,3.2016341563807655,3.2016341563807655,3.334696964703825,1.1611169558941927,1.1247843921027085,1.2012574506069524,1.2093740256892802,1.1951814640541858,1.2182030509797772,1.2093740256892802,1.1951814640541858,1.2182030509797772,4.974995007273436,0.7782868490974744,0.7509605390860778,0.8108996789898929,3.2491535353683516,1.191686741281541,1.179522444444223,1.2067112690377657
ratio,det_nonpar_dt2000ns_ap0.05_tau5000ns,nv_charge_readout_master_v1_4,thin_all_counts,3,ratio26.6,26.6,5.437,1.0,25.117630792010228,0.9249776330930897,26.6,17.730358234571632,0.036231884057971016,9.422120008455401,636.7993609310438,0.0,0.1,off,2.0,mean,-0.7987499747162259,0.78,4.1397082551212,4.111329243699601,4.111329243699601,3.4415334217664615,1.2028673698006342,1.192147581479782,1.226387651423815,1.0069026365293143,1.0003920625436522,1.2259654194474041,1.0069026365293143,1.0003920625436522,1.2259654194474041,4.974995007273436,0.8321029969012939,0.8045469808984891,0.8660664402257603,3.449576500913272,1.2000627479997086,1.1822830516489466,1.2188381568441105
ratio,det_nonpar_dt2000ns_ap0.05_tau5000ns,nv_charge_readout_master_v1_4,thin_all_counts,3,ratio26.6,26.6,5.437,1.0,25.117630792010228,0.9249776330930897,26.6,17.730358234571632,0.036231884057971016,9.422120008455401,636.7993609310438,0.0,0.1,off,2.0,mean,-0.7987499747162259,0.79,4.422419870888651,4.287474161405192,4.287474161405192,3.5737040091776495,1.237489131593274,1.2227190866751974,1.24694458980289,1.0314744076356674,1.0161794744528885,1.0496382717879447,1.0314744076356674,1.0161794744528885,1.0496382717879447,4.974995007273436,0.8889295093609297,0.8589402493381687,0.9269125473452089,3.649999466458193,1.211622059545116,1.1925875322876942,1.2326457955314416
ratio,det_nonpar_dt2000ns_ap0.05_tau5000ns,nv_charge_readout_master_v1_4,thin_all_counts,3,ratio26.6,26.6,5.437,1.0,25.117630792010228,0.9249776330930897,26.6,17.730358234571632,0.036231884057971016,9.422120008455401,636.7993609310438,0.0,0.1,off,2.0,mean,-0.7987499747162259,0.8,4.696457689985542,4.47116579458755,4.47116579458755,3.822004928730973,1.2287942526397826,1.2214031902126719,1.2528570693647416,1.0503877301241464,1.0357326717831385,1.0659230373031785,1.0503877301241464,1.0357326717831385,1.0659230373031785,4.974995007273436,0.9440125433531747,0.9159692813004178,0.9819473502970649,3.850422432003114,1.2197253088259963,1.202566076895459,1.2373476244004682
ratio,det_nonpar_dt2000ns_ap0.05_tau5000ns,nv_charge_readout_master_v1_4,thin_all_counts,3,ratio26.6,26.6,5.437,1.0,25.117630792010228,0.9249776330930897,26.6,17.730358234571632,0.036231884057971016,9.422120008455401,636.7993609310438,0.0,0.1,off,2.0,mean,-0.7987499747162259,0.81,4.9571080962799385,4.662727473123169,4.662727473123169,3.9416617458859418,1.257618846024486,1.2404967057099123,1.2675097572010308,1.0631348550507473,1.0476065844901654,1.0817778279179897,1.0631348550507473,1.0476065844901654,1.0817778279179897,4.974995007273436,0.9964046373981589,0.9667751998630142,1.003516517703847,4.050845397548034,1.2237218678551551,1.2081360252486264,1.2397121506375577
ratio,det_nonpar_dt2000ns_ap0.05_tau5000ns,nv_charge_readout_master_v1_4,thin_all_counts,3,ratio26.6,26.6,5.437,1.0,25.117630792010228,0.9249776330930897,26.6,17.730358234571632,0.036231884057971016,9.422120008455401,636.7993609310438,0.0,0.1,off,2.0,mean,-0.7987499747162259,0.82,5.2505531391629505,4.862496379565166,4.862496379565166,4.183816524071517,1.2549673507320367,1.243828899638973,1.274051804259207,1.0798060768186086,1.0579330967256384,1.105976704221387,1.0798060768186086,1.0579330967256384,1.105976704221387,5.261587797941631,0.9979027891954978,0.9882237635006368,1.009221691007604,4.2512683630929535,1.2350556800283905,1.2157707483225424,1.2593993585042558
ratio,det_nonpar_dt2000ns_ap0.05_tau5000ns,nv_charge_readout_master_v1_4,thin_all_counts,3,ratio26.6,26.6,5.437,1.0,25.117630792010228,0.9249776330930897,26.6,17.730358234571632,0.036231884057971016,9.422120008455401,636.7993609310438,0.0,0.1,off,2.0,mean,-0.7987499747162259,0.83,5.635763535347684,5.070824142644416,5.070824142644416,4.389917856413598,1.2837970366834828,1.264854599408091,1.301952539540474,1.1114097781369034,1.083837451286226,1.1386414294080947,1.1114097781369034,1.083837451286226,1.1386414294080947,5.583053992121638,1.0094409875491848,0.9952520906194748,1.024821602796899,4.4516913286378745,1.2659825489455288,1.2429476480531245,1.2878060025562312
ratio,det_nonpar_dt2000ns_ap0.05_tau5000ns,nv_charge_readout_master_v1_4,thin_all_counts,3,ratio26.6,26.6,5.437,1.0,25.117630792010228,0.9249776330930897,26.6,17.730358234571632,0.036231884057971016,9.422120008455401,636.7993609310438,0.0,0.1,off,2.0,mean,-0.7987499747162259,0.84,6.043831028160908,5.288077456198519,5.288077456198519,4.60617206208289,1.312115775681188,1.2900617487659498,1.3275350028945092,1.1429165094918414,1.1137404311647354,1.1693670398087632,1.1429165094918414,1.1137404311647354,1.1693670398087632,5.9241607431010594,1.0202003777833357,1.0005548468068481,1.036348461340559,4.652114294182795,1.2991578981020258,1.2757536706602997,1.3162238025938577
ratio,det_nonpar_dt2000ns_ap0.05_tau5000ns,nv_charge_readout_master_v1_4,thin_all_counts,3,ratio26.6,26.6,5.437,1.0,25.117630792010228,0.9249776330930897,26.6,17.730358234571632,0.036231884057971016,9.422120008455401,636.7993609310438,0.0,0.1,off,2.0,mean,-0.7987499747162259,0.85,6.474791359008938,5.514638724618048,5.514638724618048,4.833079287466738,1.3396824206463007,1.3233200532395937,1.352320755205355,1.1741097980008457,1.1445389187255401,1.2107826993879984,1.1741097980008457,1.1445389187255401,1.2107826993879984,6.286108026113294,1.0300159227477208,1.012060267393315,1.057999628023764,4.908849188849688,1.3190039273800147,1.302797217369136,1.3349309139662082
ratio,det_nonpar_dt2000ns_ap0.05_tau5000ns,nv_charge_readout_master_v1_4,thin_all_counts,3,ratio26.6,26.6,5.437,1.0,25.117630792010228,0.9249776330930897,26.6,17.730358234571632,0.036231884057971016,9.422120008455401,636.7993609310438,0.0,0.1,off,2.0,mean,-0.7987499747162259,0.86,7.064644956130174,5.750906735946135,5.750906735946135,5.181151497810946,1.3635279646069045,1.3250535075397525,1.3818017302956576,1.228440188739716,1.1769489802496431,1.276030693703697,1.228440188739716,1.1769489802496431,1.276030693703697,6.670169131042414,1.0591403032423723,1.0234460177386566,1.0939775512856886,5.317193123460354,1.3286417837561262,1.3080731389251288,1.3532004699120372
ratio,det_nonpar_dt2000ns_ap0.05_tau5000ns,nv_charge_readout_master_v1_4,thin_all_counts,3,ratio26.6,26.6,5.437,1.0,25.117630792010228,0.9249776330930897,26.6,17.730358234571632,0.036231884057971016,9.422120008455401,636.7993609310438,0.0,0.1,off,2.0,mean,-0.7987499747162259,0.87,7.780093222083639,5.997297363816213,5.997297363816213,6.1037963286223995,1.274631852573556,1.2647422853304249,1.4077866899844382,1.297266543597397,1.2463411936306723,1.3410074785524013,1.297266543597397,1.2463411936306723,1.3410074785524013,7.0776951417139475,1.0992410758454338,1.0599777029117827,1.129636960840853,5.725537058071021,1.3588407765375314,1.3288698178724394,1.386552136117067
ratio,det_nonpar_dt2000ns_ap0.05_tau5000ns,nv_charge_readout_master_v1_4,thin_all_counts,3,ratio26.6,26.6,5.437,1.0,25.117630792010228,0.9249776330930897,26.6,17.730358234571632,0.036231884057971016,9.422120008455401,636.7993609310438,0.0,0.1,off,2.0,mean,-0.7987499747162259,0.88,8.56937892653139,6.254244299463423,6.254244299463423,6.105389761711858,1.4035760632796468,1.3540916757054868,1.4397845361637645,1.3701701622475144,1.3264160499628999,1.4070126972841994,1.3701701622475144,1.3264160499628999,1.4070126972841994,7.510119688856012,1.1410442551597646,1.1080507397794992,1.1646533566444082,6.133880992681687,1.3970566003408753,1.367495247745035,1.419933680877974
ratio,det_nonpar_dt2000ns_ap0.05_tau5000ns,nv_charge_readout_master_v1_4,thin_all_counts,3,ratio26.6,26.6,5.437,1.0,25.117630792010228,0.9249776330930897,26.6,17.730358234571632,0.036231884057971016,9.422120008455401,636.7993609310438,0.0,0.1,off,2.0,mean,-0.7987499747162259,0.89,9.404939724010873,12.33662159077401,9.489579643842745,6.541582236528593,1.4377163481172976,1.2740593219698717,1.4530630014711974,0.7623594235105982,0.757577603905652,1.4461104917230576,0.9910807514127572,0.9569130817498848,1.4461104917230576,7.968963993451169,1.1801960369929865,1.1543947894424544,1.2239684521931808,6.669898520547029,1.4100573936827347,1.3808293699202419,1.4406966866976054
ratio,det_nonpar_dt2000ns_ap0.05_tau5000ns,nv_charge_readout_master_v1_4,thin_all_counts,3,ratio26.6,26.6,5.437,1.0,25.117630792010228,0.9249776330930897,26.6,17.730358234571632,0.036231884057971016,9.422120008455401,636.7993609310438,0.0,0.1,off,2.0,mean,-0.7987499747162259,0.9,11.448034625392978,13.35822553408399,11.63754322299347,7.576515185259832,1.5109894648749884,1.351951281145687,2.2921544443015676,0.8570026457618123,0.784461439516315,1.3009091053235324,0.983715755639381,0.9337647155668622,1.4144400792461684,8.9109324770947,1.2847179186712308,1.215458195349968,1.8914351096816742,7.618977673648082,1.502568338661568,1.405519200768326,2.2223846875178968
ratio,det_nonpar_dt2000ns_ap0.05_tau5000ns,nv_charge_readout_master_v1_4,thin_all_counts,3,ratio26.6,26.6,5.437,1.0,25.117630792010228,0.9249776330930897,26.6,17.730358234571632,0.036231884057971016,9.422120008455401,636.7993609310438,0.0,0.1,off,2.0,mean,-0.7987499747162259,0.91,18.762494115004476,14.46442918804465,13.376822436339069,8.686316818225249,2.1600057317317547,2.0370960499343505,2.2452454528148955,1.2971472203349943,1.271991200148403,1.3172875109270723,1.40261218269855,1.361627370672612,1.4370045587348976,10.391002917834408,1.8056480460420055,1.7087305525469614,1.886213673315224,8.568056826749135,2.1898190563382713,2.058145254526654,2.252532075695539
ratio,det_nonpar_dt2000ns_ap0.05_tau5000ns,nv_charge_readout_master_v1_4,thin_all_counts,3,ratio26.6,26.6,5.437,1.0,25.117630792010228,0.9249776330930897,26.6,17.730358234571632,0.036231884057971016,9.422120008455401,636.7993609310438,0.0,0.1,off,2.0,mean,-0.7987499747162259,0.92,20.5160624885244,15.66223831167744,14.997822295909913,10.505471382726512,1.9528930917138736,1.3812527430257346,2.197640416227954,1.3099061628520907,1.2859315295811613,1.33381745194007,1.3679360965704588,1.3247953827534005,1.412676517820441,11.659212743635731,1.7596438918848314,1.6991977636769937,1.8233184698928933,10.16252755681168,2.0187952626778376,1.9049615668355853,2.146707926190398
ratio,det_nonpar_dt2000ns_ap0.05_tau5000ns,nv_charge_readout_master_v1_4,thin_all_counts,3,ratio26.6,26.6,5.437,1.0,25.117630792010228,0.9249776330930897,26.6,17.730358234571632,0.036231884057971016,9.422120008455401,636.7993609310438,0.0,0.1,off,2.0,mean,-0.7987499747162259,0.93,23.605720493473857,nan,25.81748772200011,18.068327850060356,1.3064695687041679,1.259380235571364,1.4700174312637755,nan,nan,nan,0.9143306563232518,0.8325348647734949,1.4015049450779262,14.150314601951042,1.668211708184856,1.513920414001345,1.8405503819338436,11.886076602266519,1.9859976747055927,1.8286314710792833,2.145644687605585
ratio,det_nonpar_dt2000ns_ap0.05_tau5000ns,nv_charge_readout_master_v1_4,thin_all_counts,3,ratio26.6,26.6,5.437,1.0,25.117630792010228,0.9249776330930897,26.6,17.730358234571632,0.036231884057971016,9.422120008455401,636.7993609310438,0.0,0.1,off,2.0,mean,-0.7987499747162259,0.94,nan,nan,84.25453324870816,27.399515178281597,nan,nan,nan,nan,nan,nan,nan,nan,nan,22.02135087100087,nan,nan,nan,16.7799336900797,nan,nan,nan
ratio,det_nonpar_dt2000ns_ap0.05_tau5000ns,nv_charge_readout_master_v1_4,thin_all_counts,3,ratio26.6,26.6,5.437,1.0,25.117630792010228,0.9249776330930897,26.6,17.730358234571632,0.036231884057971016,9.422120008455401,636.7993609310438,0.0,0.1,off,2.0,mean,-0.7987499747162259,0.95,nan,nan,nan,nan,nan,nan,nan,nan,nan,nan,nan,nan,nan,nan,nan,nan,nan,nan,nan,nan,nan
ratio,det_nonpar_dt2000ns_ap0.05_tau5000ns,nv_charge_readout_master_v1_4,thin_all_counts,3,ratio26.6,26.6,5.437,1.0,25.117630792010228,0.9249776330930897,26.6,17.730358234571632,0.036231884057971016,9.422120008455401,636.7993609310438,0.0,0.1,off,2.0,mean,-0.7987499747162259,0.96,nan,nan,nan,nan,nan,nan,nan,nan,nan,nan,nan,nan,nan,nan,nan,nan,nan,nan,nan,nan,nan
ratio,det_nonpar_dt2000ns_ap0.05_tau5000ns,nv_charge_readout_master_v1_4,thin_all_counts,3,ratio26.6,26.6,5.437,1.0,25.117630792010228,0.9249776330930897,26.6,17.730358234571632,0.036231884057971016,9.422120008455401,636.7993609310438,0.0,0.1,off,2.0,mean,-0.7987499747162259,0.97,nan,nan,nan,nan,nan,nan,nan,nan,nan,nan,nan,nan,nan,nan,nan,nan,nan,nan,nan,nan,nan
ratio,det_nonpar_dt2000ns_ap0.05_tau5000ns,nv_charge_readout_master_v1_4,thin_all_counts,3,ratio26.6,26.6,5.437,1.0,25.117630792010228,0.9249776330930897,26.6,17.730358234571632,0.036231884057971016,9.422120008455401,636.7993609310438,0.0,0.1,off,2.0,mean,-0.7987499747162259,0.98,nan,nan,nan,nan,nan,nan,nan,nan,nan,nan,nan,nan,nan,nan,nan,nan,nan,nan,nan,nan,nan
ratio,det_nonpar_dt2000ns_ap0.05_tau5000ns,nv_charge_readout_master_v1_4,thin_all_counts,3,ratio26.6,26.6,5.437,1.0,25.117630792010228,0.9249776330930897,26.6,17.730358234571632,0.036231884057971016,9.422120008455401,636.7993609310438,0.0,0.1,off,2.0,mean,-0.7987499747162259,0.99,nan,nan,nan,nan,nan,nan,nan,nan,nan,nan,nan,nan,nan,nan,nan,nan,nan,nan,nan,nan,nan
ratio,det_nonpar_dt2000ns_ap0.05_tau5000ns,nv_charge_readout_master_v1_4,thin_all_counts,4,ratio100,100.0,5.437,1.0,24.449647422396623,0.9249776330930897,100.0,21.580111284109183,0.009900990099009901,9.422120008455401,636.7993609310438,0.0,0.1,off,2.0,mean,-0.4052976376753649,0.55,0.46961589524519837,1.5902606031351165,1.5902606031351165,0.4316695776742177,1.0879059343848847,1.0533285231360054,1.119921112852559,0.2953075076621875,0.27642793813580974,0.316432596206429,0.2953075076621875,0.27642793813580974,0.316432596206429,4.979486322210558,0.09431010848458769,0.08805927648430531,0.10126370703236348,0.45904447137320475,1.023029193316216,0.9928310149280433,1.0536660885694495
ratio,det_nonpar_dt2000ns_ap0.05_tau5000ns,nv_charge_readout_master_v1_4,thin_all_counts,4,ratio100,100.0,5.437,1.0,24.449647422396623,0.9249776330930897,100.0,21.580111284109183,0.009900990099009901,9.422120008455401,636.7993609310438,0.0,0.1,off,2.0,mean,-0.4052976376753649,0.56,0.5568527531510971,1.5902606031351165,1.5902606031351165,0.5324447280795614,1.0458414250049413,1.0248019280418657,1.07481223380324,0.35016446490172154,0.3307314926946234,0.37617168182171706,0.35016446490172154,0.3307314926946234,0.37617168182171706,4.979486322210558,0.11182935690922668,0.10543315036662762,0.12041571645488924,0.5508533656478457,1.010891078964718,0.9996563524007271,1.0286871486142455
ratio,det_nonpar_dt2000ns_ap0.05_tau5000ns,nv_charge_readout_master_v1_4,thin_all_counts,4,ratio100,100.0,5.437,1.0,24.449647422396623,0.9249776330930897,100.0,21.580111284109183,0.009900990099009901,9.422120008455401,636.7993609310438,0.0,0.1,off,2.0,mean,-0.4052976376753649,0.57,0.6756905008568311,1.5902606031351165,1.5902606031351165,0.6407798770816364,1.054481460832059,1.0411594117466072,1.0765780113928365,0.4248929386320344,0.3959221884423304,0.4529634881423351,0.4248929386320344,0.3959221884423304,0.4529634881423351,4.979486322210558,0.13569482013495518,0.1260615424456916,0.1451706979135917,0.6520107660402952,1.0363180119867414,1.0216655280837585,1.0613756740676765
ratio,det_nonpar_dt2000ns_ap0.05_tau5000ns,nv_charge_readout_master_v1_4,thin_all_counts,4,ratio100,100.0,5.437,1.0,24.449647422396623,0.9249776330930897,100.0,21.580111284109183,0.009900990099009901,9.422120008455401,636.7993609310438,0.0,0.1,off,2.0,mean,-0.4052976376753649,0.58,0.7847610159651843,1.5902606031351165,1.5902606031351165,0.7329653199027879,1.070665957386996,1.0523598511659966,1.0898159230699715,0.4934795054458801,0.46675201030843505,0.5199140153985109,0.4934795054458801,0.46675201030843505,0.5199140153985109,4.979486322210558,0.1575987893499832,0.14842270599356236,0.16662536602897834,0.7567637457088263,1.0369960511653928,1.0238273276556582,1.0576219475820638
ratio,det_nonpar_dt2000ns_ap0.05_tau5000ns,nv_charge_readout_master_v1_4,thin_all_counts,4,ratio100,100.0,5.437,1.0,24.449647422396623,0.9249776330930897,100.0,21.580111284109183,0.009900990099009901,9.422120008455401,636.7993609310438,0.0,0.1,off,2.0,mean,-0.4052976376753649,0.59,0.8960946694704931,1.5902606031351165,1.5902606031351165,0.8384129704993079,1.068798672015813,1.0507221668414772,1.0836178426278487,0.5634891964901154,0.5316827884271745,0.5921519239240104,0.5634891964901154,0.5316827884271745,0.5921519239240104,4.979486322210558,0.1799572509062917,0.16934237207971808,0.1896701665164168,0.8620441604878567,1.0394997269784487,1.0303801750209072,1.0565879810828758
ratio,det_nonpar_dt2000ns_ap0.05_tau5000ns,nv_charge_readout_master_v1_4,thin_all_counts,4,ratio100,100.0,5.437,1.0,24.449647422396623,0.9249776330930897,100.0,21.580111284109183,0.009900990099009901,9.422120008455401,636.7993609310438,0.0,0.1,off,2.0,mean,-0.4052976376753649,0.6,1.0094945304671241,1.5902606031351165,1.5902606031351165,0.9503808683239987,1.0621999706784635,1.0513732042647632,1.0752157729514351,0.6347981761460718,0.6026622443020933,0.6654887032062209,0.6347981761460718,0.6026622443020933,0.6654887032062209,4.979486322210558,0.20273065636597154,0.19213889980358317,0.21339152206690523,0.9715440561508819,1.03906202099223,1.024886504986882,1.0593197912145904
ratio,det_nonpar_dt2000ns_ap0.05_tau5000ns,nv_charge_readout_master_v1_4,thin_all_counts,4,ratio100,100.0,5.437,1.0,24.449647422396623,0.9249776330930897,100.0,21.580111284109183,0.009900990099009901,9.422120008455401,636.7993609310438,0.0,0.1,off,2.0,mean,-0.4052976376753649,0.61,1.1230675819272384,1.5902606031351165,1.5902606031351165,1.044965439118898,1.0747413645318213,1.059375115866541,1.0899705685821695,0.7062160627718305,0.6721481127324572,0.7405155040411007,0.7062160627718305,0.6721481127324572,0.7405155040411007,4.979486322210558,0.22553884261472812,0.2140603373394911,0.23741968780263278,1.0810439518139072,1.0388731929380104,1.0235947895160709,1.0602717516263374
ratio,det_nonpar_dt2000ns_ap0.05_tau5000ns,nv_charge_readout_master_v1_4,thin_all_counts,4,ratio100,100.0,5.437,1.0,24.449647422396623,0.9249776330930897,100.0,21.580111284109183,0.009900990099009901,9.422120008455401,636.7993609310438,0.0,0.1,off,2.0,mean,-0.4052976376753649,0.62,1.2448980805191985,1.5902606031351165,1.5902606031351165,1.1489633318046641,1.0834967888521305,1.062863981620476,1.1026560984042941,0.7828264613139169,0.7448081189326756,0.8203948957050472,0.7828264613139169,0.7448081189326756,0.8203948957050472,4.979486322210558,0.2500053218273621,0.23685651070391311,0.2629915368768395,1.1905438474769323,1.0456549610982047,1.0267919269914252,1.0661748913790345
ratio,det_nonpar_dt2000ns_ap0.05_tau5000ns,nv_charge_readout_master_v1_4,thin_all_counts,4,ratio100,100.0,5.437,1.0,24.449647422396623,0.9249776330930897,100.0,21.580111284109183,0.009900990099009901,9.422120008455401,636.7993609310438,0.0,0.1,off,2.0,mean,-0.4052976376753649,0.63,1.3792900602870861,1.5902606031351165,1.5902606031351165,1.263311386589762,1.0918052943466314,1.0746417674026076,1.1093682935596538,0.8673358678243598,0.8285755170695429,0.913336920061412,0.8673358678243598,0.8285755170695429,0.913336920061412,4.979486322210558,0.2769944470245625,0.263652975713769,0.2930659203510064,1.3000437431399576,1.0609566543935878,1.0455739817238527,1.07668820591663
ratio,det_nonpar_dt2000ns_ap0.05_tau5000ns,nv_charge_readout_master_v1_4,thin_all_counts,4,ratio100,100.0,5.437,1.0,24.449647422396623,0.9249776330930897,100.0,21.580111284109183,0.009900990099009901,9.422120008455401,636.7993609310438,0.0,0.1,off,2.0,mean,-0.4052976376753649,0.64,1.5239770188876476,1.5902606031351165,1.5902606031351165,1.3890396806489875,1.0971443365646794,1.0802473688051597,1.1120110315687215,0.9583190427299814,0.916114469569347,1.0004743868764534,0.9583190427299814,0.916114469569347,1.0004743868764534,4.979486322210558,0.30605105030414137,0.2918397422355642,0.32045151542937456,1.4117603991498358,1.0794870147975455,1.0698370200076435,1.0899750830192632
ratio,det_nonpar_dt2000ns_ap0.05_tau5000ns,nv_charge_readout_master_v1_4,thin_all_counts,4,ratio100,100.0,5.437,1.0,24.449647422396623,0.9249776330930897,100.0,21.580111284109183,0.009900990099009901,9.422120008455401,636.7993609310438,0.0,0.1,off,2.0,mean,-0.4052976376753649,0.65,1.6592242527086485,1.5902606031351165,1.5902606031351165,1.5902606031351165,1.0433662567239443,1.0115697759079696,1.1000041855131912,1.0433662567239443,0.9999315189476885,1.084220158094858,1.0433662567239443,0.9999315189476885,1.084220158094858,4.979486322210558,0.333211930979271,0.31937900767983657,0.3487643091181054,1.5276445646117975,1.0861323969887509,1.0751185682094286,1.100591033313484
ratio,det_nonpar_dt2000ns_ap0.05_tau5000ns,nv_charge_readout_master_v1_4,thin_all_counts,4,ratio100,100.0,5.437,1.0,24.449647422396623,0.9249776330930897,100.0,21.580111284109183,0.009900990099009901,9.422120008455401,636.7993609310438,0.0,0.1,off,2.0,mean,-0.4052976376753649,0.66,1.7985483122604264,1.781541958305941,1.781541958305941,1.7755661891375227,1.0129435462690732,1.0008351650144731,1.1066439748776407,1.0095458621533993,0.9995152877772373,1.1066439748776407,1.0095458621533993,0.9995152877772373,1.1066439748776407,4.979486322210558,0.3611915358092582,0.34646532240952843,0.37671411273973004,1.643528730073759,1.094321187911154,1.0842476381683643,1.1037383278225883
ratio,det_nonpar_dt2000ns_ap0.05_tau5000ns,nv_charge_readout_master_v1_4,thin_all_counts,4,ratio100,100.0,5.437,1.0,24.449647422396623,0.9249776330930897,100.0,21.580111284109183,0.009900990099009901,9.422120008455401,636.7993609310438,0.0,0.1,off,2.0,mean,-0.4052976376753649,0.67,1.9430806141373456,1.8695632283626387,1.8695632283626387,1.8442095345426892,1.0536116302094565,1.0304351768734739,1.0714350326866475,1.0393232946922546,1.0208028209061955,1.0559320644904389,1.0393232946922546,1.0208028209061955,1.0559320644904389,4.979486322210558,0.3902170803181859,0.37461859992608804,0.40481708405927747,1.7610604598721025,1.103358265325236,1.0957082270911884,1.1075783518322748
ratio,det_nonpar_dt2000ns_ap0.05_tau5000ns,nv_charge_readout_master_v1_4,thin_all_counts,4,ratio100,100.0,5.437,1.0,24.449647422396623,0.9249776330930897,100.0,21.580111284109183,0.009900990099009901,9.422120008455401,636.7993609310438,0.0,0.1,off,2.0,mean,-0.4052976376753649,0.68,2.078377498790925,1.9619333962638539,1.9619333962638539,1.9155066300007906,1.0850275672447385,1.0665893989852961,1.103053428961423,1.0593517102817138,1.0428675225469566,1.079515910455915,1.0593517102817138,1.0428675225469566,1.079515910455915,4.979486322210558,0.417387932068516,0.40252847155311056,0.43413988778137275,1.8888070885560106,1.1003651518376292,1.0895158203428998,1.112799760638522
ratio,det_nonpar_dt2000ns_ap0.05_tau5000ns,nv_charge_readout_master_v1_4,thin_all_counts,4,ratio100,100.0,5.437,1.0,24.449647422396623,0.9249776330930897,100.0,21.580111284109183,0.009900990099009901,9.422120008455401,636.7993609310438,0.0,0.1,off,2.0,mean,-0.4052976376753649,0.69,2.222303313664132,2.0588673295347855,2.0588673295347855,1.9895600694239073,1.1169822654852626,1.1007890828337394,1.1317473896820702,1.0793815035018677,1.0598135482721192,1.1010631408670615,1.0793815035018677,1.0598135482721192,1.1010631408670615,4.979486322210558,0.4462916794753999,0.4307698875726398,0.4637559512922371,2.0165537172399173,1.1020303077796643,1.0865943303223564,1.1191732986675373
ratio,det_nonpar_dt2000ns_ap0.05_tau5000ns,nv_charge_readout_master_v1_4,thin_all_counts,4,ratio100,100.0,5.437,1.0,24.449647422396623,0.9249776330930897,100.0,21.580111284109183,0.009900990099009901,9.422120008455401,636.7993609310438,0.0,0.1,off,2.0,mean,-0.4052976376753649,0.7,2.374070279308252,2.1605905117360167,2.1605905117360167,2.0874033575571396,1.137331829381838,1.1287131443142218,1.1472234194916229,1.0988062135849639,1.0797436434362122,1.1207134695413816,1.0988062135849639,1.0797436434362122,1.1207134695413816,4.979486322210558,0.476770117575968,0.4601910649588821,0.4952649680558113,2.1443003459238255,1.1071538013885063,1.0914520069866998,1.1250909664751405
ratio,det_nonpar_dt2000ns_ap0.05_tau5000ns,nv_charge_readout_master_v1_4,thin_all_counts,4,ratio100,100.0,5.437,1.0,24.449647422396623,0.9249776330930897,100.0,21.580111284109183,0.009900990099009901,9.422120008455401,636.7993609310438,0.0,0.1,off,2.0,mean,-0.4052976376753649,0.71,2.5327506262694217,2.267339566973702,2.267339566973702,2.207288988157537,1.1474485850552598,1.1388955648691301,1.1556930155529141,1.117058363538362,1.0980067483979778,1.1381066176227992,1.117058363538362,1.0980067483979778,1.1381066176227992,4.979486322210558,0.5086369280647105,0.49120274529648744,0.5282277052645089,2.2720469746077336,1.1147439531731944,1.0979831851364437,1.1312974032673768
ratio,det_nonpar_dt2000ns_ap0.05_tau5000ns,nv_charge_readout_master_v1_4,thin_all_counts,4,ratio100,100.0,5.437,1.0,24.449647422396623,0.9249776330930897,100.0,21.580111284109183,0.009900990099009901,9.422120008455401,636.7993609310438,0.0,0.1,off,2.0,mean,-0.4052976376753649,0.72,2.696890812184731,2.3793628103244235,2.3793628103244235,2.3320694727380746,1.1564367372891,1.1489460359552153,1.165694142866176,1.1334508551964013,1.1137148024208552,1.155528822303414,1.1334508551964013,1.1137148024208552,1.155528822303414,4.979486322210558,0.5416002048555667,0.5242230019985291,0.5606387555474652,2.3997936032916414,1.123801150434596,1.1084883917168433,1.1417052095556803
ratio,det_nonpar_dt2000ns_ap0.05_tau5000ns,nv_charge_readout_master_v1_4,thin_all_counts,4,ratio100,100.0,5.437,1.0,24.449647422396623,0.9249776330930897,100.0,21.580111284109183,0.009900990099009901,9.422120008455401,636.7993609310438,0.0,0.1,off,2.0,mean,-0.4052976376753649,0.73,2.869979068567661,2.49692082545508,2.49692082545508,2.460297217532329,1.1665172191863231,1.1584197077032328,1.1748684692813292,1.1494073177288626,1.1270076939011395,1.16897139113997,1.1494073177288626,1.1270076939011395,1.16897139113997,4.979486322210558,0.5763604683009919,0.5567924137071911,0.5958866273921339,2.5275402319755496,1.135483040886933,1.1178783756974626,1.1523752759805745
ratio,det_nonpar_dt2000ns_ap0.05_tau5000ns,nv_charge_readout_master_v1_4,thin_all_counts,4,ratio100,100.0,5.437,1.0,24.449647422396623,0.9249776330930897,100.0,21.580111284109183,0.009900990099009901,9.422120008455401,636.7993609310438,0.0,0.1,off,2.0,mean,-0.4052976376753649,0.74,3.0519926480799224,2.62028707078144,2.62028707078144,3.3158648271189466,0.9204213100362434,0.9082877131861777,1.181027849871567,1.1647550690580388,1.1464631281529227,1.1858812607020832,1.1647550690580388,1.1464631281529227,1.1858812607020832,4.979486322210558,0.6129131501911712,0.5921486451979523,0.6335371038030915,2.6552868606594577,1.1494022334452934,1.134838181649986,1.1664656669686262
ratio,det_nonpar_dt2000ns_ap0.05_tau5000ns,nv_charge_readout_master_v1_4,thin_all_counts,4,ratio100,100.0,5.437,1.0,24.449647422396623,0.9249776330930897,100.0,21.580111284109183,0.009900990099009901,9.422120008455401,636.7993609310438,0.0,0.1,off,2.0,mean,-0.4052976376753649,0.75,3.239546534884279,2.749748515575388,2.749748515575388,3.3158648271189466,0.9769838952388845,0.9484690881941045,1.0058098420169883,1.178124659958731,1.1606205731003518,1.1944159852036538,1.178124659958731,1.1606205731003518,1.1944159852036538,4.979486322210558,0.6505784583511292,0.6294364396726772,0.6726060698007494,2.7830334893433655,1.1640343342216208,1.149470126876015,1.1775787322148696
ratio,det_nonpar_dt2000ns_ap0.05_tau5000ns,nv_charge_readout_master_v1_4,thin_all_counts,4,ratio100,100.0,5.437,1.0,24.449647422396623,0.9249776330930897,100.0,21.580111284109183,0.009900990099009901,9.422120008455401,636.7993609310438,0.0,0.1,off,2.0,mean,-0.4052976376753649,0.76,3.4306779001150023,2.8856063075005447,2.8856063075005447,3.3158648271189466,1.0346253779879844,1.0046537085692648,1.065593193179098,1.1888932635050233,1.1729656283985899,1.204001158297476,1.1888932635050233,1.1729656283985899,1.204001158297476,4.979486322210558,0.6889622097791025,0.6666563706989194,0.71126554548959,2.910780118027274,1.1786111492475355,1.1668369359295991,1.1907112623910965
ratio,det_nonpar_dt2000ns_ap0.05_tau5000ns,nv_charge_readout_master_v1_4,thin_all_counts,4,ratio100,100.0,5.437,1.0,24.449647422396623,0.9249776330930897,100.0,21.580111284109183,0.009900990099009901,9.422120008455401,636.7993609310438,0.0,0.1,off,2.0,mean,-0.4052976376753649,0.77,3.6366120067831273,3.0281764731290535,3.0281764731290535,3.3158648271189466,1.0967310781310915,1.0642448730199543,1.12843661306985,1.200924727819898,1.1834601835267844,1.21485192811676,1.200924727819898,1.1834601835267844,1.21485192811676,4.979486322210558,0.7303187058798296,0.7060024046602114,0.7531185829251937,3.038526746711182,1.1968339626166848,1.1836275306740707,1.2072654853906453
ratio,det_nonpar_dt2000ns_ap0.05_tau5000ns,nv_charge_readout_master_v1_4,thin_all_counts,4,ratio100,100.0,5.437,1.0,24.449647422396623,0.9249776330930897,100.0,21.580111284109183,0.009900990099009901,9.422120008455401,636.7993609310438,0.0,0.1,off,2.0,mean,-0.4052976376753649,0.78,3.864000305182998,3.1777906530690454,3.1777906530690454,3.3158648271189466,1.1653069430276835,1.1321014175358695,1.1993966020374414,1.2159392254021595,1.2033841361943811,1.2251808591761149,1.2159392254021595,1.2033841361943811,1.2251808591761149,4.979486322210558,0.7759837170247795,0.7511892819390251,0.8001136400877996,3.218022466158257,1.2007375168501926,1.1896773727880103,1.2133414940210134
ratio,det_nonpar_dt2000ns_ap0.05_tau5000ns,nv_charge_readout_master_v1_4,thin_all_counts,4,ratio100,100.0,5.437,1.0,24.449647422396623,0.9249776330930897,100.0,21.580111284109183,0.009900990099009901,9.422120008455401,636.7993609310438,0.0,0.1,off,2.0,mean,-0.4052976376753649,0.79,4.107172895320657,4.093013243270766,4.093013243270766,3.408385362235647,1.2050201074172722,1.197388690096559,1.2322439641572869,1.0034594689067207,0.9999609380199705,1.2335707953055575,1.0034594689067207,0.9999609380199705,1.2335707953055575,4.979486322210558,0.8248185916288143,0.8005696452820723,0.8523412322581085,3.42676767168886,1.1985559830195502,1.185655671204774,1.2123437963036257
ratio,det_nonpar_dt2000ns_ap0.05_tau5000ns,nv_charge_readout_master_v1_4,thin_all_counts,4,ratio100,100.0,5.437,1.0,24.449647422396623,0.9249776330930897,100.0,21.580111284109183,0.009900990099009901,9.422120008455401,636.7993609310438,0.0,0.1,off,2.0,mean,-0.4052976376753649,0.8,4.370467135714135,4.286040645580454,4.286040645580454,3.5172356195343397,1.2425858283252453,1.2283337483865353,1.250847676583625,1.019698014348216,1.0097706362932293,1.0342864977279824,1.019698014348216,1.0097706362932293,1.0342864977279824,4.979486322210558,0.8776943750643621,0.8529543568513763,0.9061769882405021,3.6355128772194627,1.2021597181239485,1.1880384404661526,1.218105186104735
ratio,det_nonpar_dt2000ns_ap0.05_tau5000ns,nv_charge_readout_master_v1_4,thin_all_counts,4,ratio100,100.0,5.437,1.0,24.449647422396623,0.9249776330930897,100.0,21.580111284109183,0.009900990099009901,9.422120008455401,636.7993609310438,0.0,0.1,off,2.0,mean,-0.4052976376753649,0.81,4.654368360162661,4.488171262521487,4.488171262521487,3.6997908864261904,1.2580084937336944,1.2330642023039735,1.2648273815286428,1.0370300257989273,1.021878427082687,1.0550721563781973,1.0370300257989273,1.021878427082687,1.0550721563781973,4.979486322210558,0.9347085339711172,0.9074043108481569,0.9680484881276964,3.8442580827500654,1.2107325418779031,1.1931734725004062,1.2277598895389863
ratio,det_nonpar_dt2000ns_ap0.05_tau5000ns,nv_charge_readout_master_v1_4,thin_all_counts,4,ratio100,100.0,5.437,1.0,24.449647422396623,0.9249776330930897,100.0,21.580111284109183,0.009900990099009901,9.422120008455401,636.7993609310438,0.0,0.1,off,2.0,mean,-0.4052976376753649,0.82,4.967416999109514,4.699834403692563,4.699834403692563,3.9283635281407223,1.2645003354515338,1.2377643402810201,1.2732981875084035,1.0569344730969068,1.0404687257860947,1.0769859971093585,1.0569344730969068,1.0404687257860947,1.0769859971093585,4.979486322210558,0.9975761911329669,0.9696043369645486,1.003746762908414,4.053003288280666,1.2256138586102043,1.2098057055822116,1.2445470097551696
ratio,det_nonpar_dt2000ns_ap0.05_tau5000ns,nv_charge_readout_master_v1_4,thin_all_counts,4,ratio100,100.0,5.437,1.0,24.449647422396623,0.9249776330930897,100.0,21.580111284109183,0.009900990099009901,9.422120008455401,636.7993609310438,0.0,0.1,off,2.0,mean,-0.4052976376753649,0.83,5.3163314869941125,4.9214796250272315,4.9214796250272315,4.228442519779018,1.257278882739063,1.2435466466274874,1.273513122105307,1.080230315281392,1.0579026488887213,1.1023522456445447,1.080230315281392,1.0579026488887213,1.1023522456445447,5.324791706106852,0.9984111643084486,0.9892053573042305,1.0095468274298056,4.261748493811269,1.2474531274462264,1.2277654024703013,1.2668205386546876
ratio,det_nonpar_dt2000ns_ap0.05_tau5000ns,nv_charge_readout_master_v1_4,thin_all_counts,4,ratio100,100.0,5.437,1.0,24.449647422396623,0.9249776330930897,100.0,21.580111284109183,0.009900990099009901,9.422120008455401,636.7993609310438,0.0,0.1,off,2.0,mean,-0.4052976376753649,0.84,5.716270370726034,5.153577683615462,5.153577683615462,4.448159541747542,1.285086633488935,1.269214141319282,1.3065372968863527,1.109184865670991,1.0851982626169865,1.1371634115706284,1.109184865670991,1.0851982626169865,1.1371634115706284,5.694042493290218,1.003903707684305,0.9899502580279085,1.0223005773359426,4.470493699341872,1.2786664639674048,1.2616914189569914,1.3000352531127497
ratio,det_nonpar_dt2000ns_ap0.05_tau5000ns,nv_charge_readout_master_v1_4,thin_all_counts,4,ratio100,100.0,5.437,1.0,24.449647422396623,0.9249776330930897,100.0,21.580111284109183,0.009900990099009901,9.422120008455401,636.7993609310438,0.0,0.1,off,2.0,mean,-0.4052976376753649,0.85,6.178994692480095,5.396621537554849,5.396621537554849,4.679293431633015,1.3204973748191942,1.2970041390540834,1.3400843978400054,1.1449746196728352,1.112152151006349,1.1737418005110676,1.1449746196728352,1.112152151006349,1.1737418005110676,6.088899191720621,1.0147966812920768,0.9955939113247094,1.0340810947286563,4.684492141157912,1.3190319262554622,1.2929884636625726,1.3282646978316999
ratio,det_nonpar_dt2000ns_ap0.05_tau5000ns,nv_charge_readout_master_v1_4,thin_all_counts,4,ratio100,100.0,5.437,1.0,24.449647422396623,0.9249776330930897,100.0,21.580111284109183,0.009900990099009901,9.422120008455401,636.7993609310438,0.0,0.1,off,2.0,mean,-0.4052976376753649,0.86,6.719420181039996,5.651127392954989,5.651127392954989,4.979994074271568,1.34928276637013,1.3331850724240635,1.366985910359412,1.189040648670706,1.1536189904834486,1.2297387075143729,1.189040648670706,1.1536189904834486,1.2297387075143729,6.511137458251206,1.0319886846383262,1.0070273370520233,1.0619567701063775,5.1453926883896095,1.3059100807217536,1.288806855629237,1.330556732067229
ratio,det_nonpar_dt2000ns_ap0.05_tau5000ns,nv_charge_readout_master_v1_4,thin_all_counts,4,ratio100,100.0,5.437,1.0,24.449647422396623,0.9249776330930897,100.0,21.580111284109183,0.009900990099009901,9.422120008455401,636.7993609310438,0.0,0.1,off,2.0,mean,-0.4052976376753649,0.87,7.46446194911168,5.917635800318835,5.917635800318835,5.718403464198867,1.3053402048044245,1.2589442565325328,1.3838707258181249,1.2613925900457585,1.2127126228559282,1.3113337197135553,1.2613925900457585,1.2127126228559282,1.3113337197135553,6.962656083695464,1.0720710400433682,1.0384824373449124,1.1112868802061266,5.606293235621306,1.3314433682640658,1.3033670276518012,1.3643356681800567
ratio,det_nonpar_dt2000ns_ap0.05_tau5000ns,nv_charge_readout_master_v1_4,thin_all_counts,4,ratio100,100.0,5.437,1.0,24.449647422396623,0.9249776330930897,100.0,21.580111284109183,0.009900990099009901,9.422120008455401,636.7993609310438,0.0,0.1,off,2.0,mean,-0.4052976376753649,0.88,8.405859726170615,6.196712802629623,6.196712802629623,6.064040573974654,1.3861813132066536,1.3068285974815064,1.4363179362093512,1.3565030353841028,1.2961642031129508,1.4080234145162294,1.3565030353841028,1.2961642031129508,1.4080234145162294,7.445485531623546,1.1289874502432418,1.083753071762481,1.1674153627998447,6.067193782853003,1.385460894611131,1.346296577596444,1.4214313941054901
ratio,det_nonpar_dt2000ns_ap0.05_tau5000ns,nv_charge_readout_master_v1_4,thin_all_counts,4,ratio100,100.0,5.437,1.0,24.449647422396623,0.9249776330930897,100.0,21.580111284109183,0.009900990099009901,9.422120008455401,636.7993609310438,0.0,0.1,off,2.0,mean,-0.4052976376753649,0.89,9.470624270679528,9.788844045986247,9.501048811871463,6.503882212015339,1.456149413835232,1.2926022702834996,1.4648291638832758,0.9674915879942739,0.7703850350115502,1.4590547858754104,0.9967977702468047,0.976362853854386,1.4590547858754104,7.961797069286382,1.1895083720751478,1.1520513563088104,1.2354731871858218,6.633194681706274,1.4277621455614167,1.407641770068129,1.4612270372164158
ratio,det_nonpar_dt2000ns_ap0.05_tau5000ns,nv_charge_readout_master_v1_4,thin_all_counts,4,ratio100,100.0,5.437,1.0,24.449647422396623,0.9249776330930897,100.0,21.580111284109183,0.009900990099009901,9.422120008455401,636.7993609310438,0.0,0.1,off,2.0,mean,-0.4052976376753649,0.9,11.487477194528136,13.19864343127162,11.56423663536722,7.505115734741227,1.5306195934264588,1.3911842828662264,1.773426286865694,0.8703528703041399,0.8033459938577331,0.9942776735926852,0.9933623426033735,0.9579582638160641,1.0735467105256415,8.918554019740203,1.2880425648711569,1.2245148142535058,1.4338641134111372,7.503134435248951,1.5310237732861556,1.4487871613180843,1.719872703628286
ratio,det_nonpar_dt2000ns_ap0.05_tau5000ns,nv_charge_readout_master_v1_4,thin_all_counts,4,ratio100,100.0,5.437,1.0,24.449647422396623,0.9249776330930897,100.0,21.580111284109183,0.009900990099009901,9.422120008455401,636.7993609310438,0.0,0.1,off,2.0,mean,-0.4052976376753649,0.91,18.65401385991712,14.365526499320419,13.252423416532986,8.664370667981677,2.1529565821613774,2.0719104536750392,2.2676590598315083,1.2985262921480514,1.2522032021662517,1.3215240355888356,1.4075926548381643,1.3731564364806812,1.4303936339519827,10.247930239253437,1.8202713547429523,1.7329344949772731,1.8775023691964905,8.373074188791627,2.227857228936031,2.15278381825949,2.281958506187595
ratio,det_nonpar_dt2000ns_ap0.05_tau5000ns,nv_charge_readout_master_v1_4,thin_all_counts,4,ratio100,100.0,5.437,1.0,24.449647422396623,0.9249776330930897,100.0,21.580111284109183,0.009900990099009901,9.422120008455401,636.7993609310438,0.0,0.1,off,2.0,mean,-0.4052976376753649,0.92,20.621540074179585,15.635572903934003,14.76356111100489,10.009542457733081,2.060188081648825,1.9029673856231903,2.3154606658486627,1.3188861195480137,1.2953235205405345,1.3360143845832222,1.39678631186131,1.3590308723885571,1.438832306989912,11.476481641964648,1.7968520943540152,1.7326688459821207,1.8669233774851623,9.634088161612697,2.1404765794386966,2.0322387524934205,2.283690788277268
ratio,det_nonpar_dt2000ns_ap0.05_tau5000ns,nv_charge_readout_master_v1_4,thin_all_counts,4,ratio100,100.0,5.437,1.0,24.449647422396623,0.9249776330930897,100.0,21.580111284109183,0.009900990099009901,9.422120008455401,636.7993609310438,0.0,0.1,off,2.0,mean,-0.4052976376753649,0.93,23.14755476287328,35.12262012507354,23.200939586627793,15.834980637067673,1.4617987412430302,1.279299614087026,1.5300702144298457,0.6590497713565672,0.6419341412850045,1.3415037924400228,0.9976990231988155,0.9340651504422364,1.4586799578533296,12.343261161887517,1.8753192093469069,1.7900348951344838,2.0035881887911984,11.20796150985647,2.0652778600744597,1.9666107775350163,2.2155863866862937
ratio,det_nonpar_dt2000ns_ap0.05_tau5000ns,nv_charge_readout_master_v1_4,thin_all_counts,4,ratio100,100.0,5.437,1.0,24.449647422396623,0.9249776330930897,100.0,21.580111284109183,0.009900990099009901,9.422120008455401,636.7993609310438,0.0,0.1,off,2.0,mean,-0.4052976376753649,0.94,nan,nan,32.23622739342099,17.93574902251587,nan,1.4660577030667425,1.847316299502469,nan,nan,nan,nan,0.9207269484953718,1.0640231437469065,14.780973749600752,nan,1.8374253054659213,2.327408558874092,13.795384755781203,nan,2.012586847391277,2.5801151561364977
ratio,det_nonpar_dt2000ns_ap0.05_tau5000ns,nv_charge_readout_master_v1_4,thin_all_counts,4,ratio100,100.0,5.437,1.0,24.449647422396623,0.9249776330930897,100.0,21.580111284109183,0.009900990099009901,9.422120008455401,636.7993609310438,0.0,0.1,off,2.0,mean,-0.4052976376753649,0.95,nan,nan,nan,nan,nan,nan,nan,nan,nan,nan,nan,nan,nan,nan,nan,nan,nan,nan,nan,nan,nan
ratio,det_nonpar_dt2000ns_ap0.05_tau5000ns,nv_charge_readout_master_v1_4,thin_all_counts,4,ratio100,100.0,5.437,1.0,24.449647422396623,0.9249776330930897,100.0,21.580111284109183,0.009900990099009901,9.422120008455401,636.7993609310438,0.0,0.1,off,2.0,mean,-0.4052976376753649,0.96,nan,nan,nan,nan,nan,nan,nan,nan,nan,nan,nan,nan,nan,nan,nan,nan,nan,nan,nan,nan,nan
ratio,det_nonpar_dt2000ns_ap0.05_tau5000ns,nv_charge_readout_master_v1_4,thin_all_counts,4,ratio100,100.0,5.437,1.0,24.449647422396623,0.9249776330930897,100.0,21.580111284109183,0.009900990099009901,9.422120008455401,636.7993609310438,0.0,0.1,off,2.0,mean,-0.4052976376753649,0.97,nan,nan,nan,nan,nan,nan,nan,nan,nan,nan,nan,nan,nan,nan,nan,nan,nan,nan,nan,nan,nan
ratio,det_nonpar_dt2000ns_ap0.05_tau5000ns,nv_charge_readout_master_v1_4,thin_all_counts,4,ratio100,100.0,5.437,1.0,24.449647422396623,0.9249776330930897,100.0,21.580111284109183,0.009900990099009901,9.422120008455401,636.7993609310438,0.0,0.1,off,2.0,mean,-0.4052976376753649,0.98,nan,nan,nan,nan,nan,nan,nan,nan,nan,nan,nan,nan,nan,nan,nan,nan,nan,nan,nan,nan,nan
ratio,det_nonpar_dt2000ns_ap0.05_tau5000ns,nv_charge_readout_master_v1_4,thin_all_counts,4,ratio100,100.0,5.437,1.0,24.449647422396623,0.9249776330930897,100.0,21.580111284109183,0.009900990099009901,9.422120008455401,636.7993609310438,0.0,0.1,off,2.0,mean,-0.4052976376753649,0.99,nan,nan,nan,nan,nan,nan,nan,nan,nan,nan,nan,nan,nan,nan,nan,nan,nan,nan,nan,nan,nan
