experiment,detector,physics_layer,efficiency_model,point_index,point,sweep_value,power_uw,detection_efficiency,photons_per_bright_dwell,contrast,switching_ratio,snr_per_bright_dwell,p_bright_stationary,gamma_tot_khz,horizon_us,noise_sigma,noise_tau_c_ms,noise_kind,noise_photon_order,noise_renormalise,q_excess_finest_bin,target_fidelity,t_threshold_us,t_adaptive_count_us,t_fixed_count_mmpp_us,t_adaptive_mmpp_us,speedup_mmpp,speedup_mmpp_ci_low,speedup_mmpp_ci_high,speedup_count,speedup_count_ci_low,speedup_count_ci_high,speedup_fixed_count_mmpp,speedup_fixed_count_mmpp_ci_low,speedup_fixed_count_mmpp_ci_high,t_learned_us,speedup_learned,speedup_learned_ci_low,speedup_learned_ci_high,t_optimal_us,speedup_optimal,speedup_optimal_ci_low,speedup_optimal_ci_high
power,det_nonpar_dt50ns_ap0.01_tau100ns,nv_charge_readout_master_v1_4,thin_all_counts,0,P0.875,0.875,0.875,1.0,171.45991687013145,0.9184268594645132,7.871161989405721,32.32294520680136,0.1127248043936339,0.2631688988965571,22799.046639467833,0.0,0.1,off,2.0,mean,-0.07527689959750994,0.55,2.649207022489335,9.048168696820362,9.048168696820362,2.58117493047215,1.0263570249400882,1.0162648085010495,1.0458651034308266,0.29278930480377746,0.2776453203200452,0.31202935987770214,0.29278930480377746,0.2776453203200452,0.31202935987770214,178.11755187085876,0.014873363094559595,0.014022897828285702,0.015890798701714438,,,,
power,det_nonpar_dt50ns_ap0.01_tau100ns,nv_charge_readout_master_v1_4,thin_all_counts,0,P0.875,0.875,0.875,1.0,171.45991687013145,0.9184268594645132,7.871161989405721,32.32294520680136,0.1127248043936339,0.2631688988965571,22799.046639467833,0.0,0.1,off,2.0,mean,-0.07527689959750994,0.56,3.173862905517824,9.048168696820362,9.048168696820362,3.080469303654804,1.0303179784171892,1.0121387933408865,1.049827634256412,0.3507740639974096,0.32598989516090443,0.37650911423793765,0.3507740639974096,0.32598989516090443,0.37650911423793765,178.11755187085876,0.017818922796665103,0.016517511036288308,0.019224914745634213,,,,
power,det_nonpar_dt50ns_ap0.01_tau100ns,nv_charge_readout_master_v1_4,thin_all_counts,0,P0.875,0.875,0.875,1.0,171.45991687013145,0.9184268594645132,7.871161989405721,32.32294520680136,0.1127248043936339,0.2631688988965571,22799.046639467833,0.0,0.1,off,2.0,mean,-0.07527689959750994,0.57,3.8399623280512634,9.048168696820362,9.048168696820362,3.6763456125089933,1.0445052595124773,1.0322221140462684,1.0584592275092513,0.42439110683255427,0.39100984611143846,0.4522566380452621,0.42439110683255427,0.39100984611143846,0.4522566380452621,178.11755187085876,0.021558584697118258,0.019819334559195854,0.02304549657333735,,,,
power,det_nonpar_dt50ns_ap0.01_tau100ns,nv_charge_readout_master_v1_4,thin_all_counts,0,P0.875,0.875,0.875,1.0,171.45991687013145,0.9184268594645132,7.871161989405721,32.32294520680136,0.1127248043936339,0.2631688988965571,22799.046639467833,0.0,0.1,off,2.0,mean,-0.07527689959750994,0.58,4.451777396824236,9.048168696820362,9.048168696820362,4.166418872021077,1.0684901191091078,1.0515057800775862,1.0895291655718131,0.4920086645144719,0.46193296745392276,0.5183779521392153,0.4920086645144719,0.46193296745392276,0.5183779521392153,178.11755187085876,0.02499347958730044,0.02340387287679032,0.026427249253760606,,,,
power,det_nonpar_dt50ns_ap0.01_tau100ns,nv_charge_readout_master_v1_4,thin_all_counts,0,P0.875,0.875,0.875,1.0,171.45991687013145,0.9184268594645132,7.871161989405721,32.32294520680136,0.1127248043936339,0.2631688988965571,22799.046639467833,0.0,0.1,off,2.0,mean,-0.07527689959750994,0.59,5.059199092811704,9.048168696820362,9.048168696820362,4.695604689081921,1.0774329245762961,1.057848032854863,1.0988893144031233,0.5591406683862524,0.524907307400532,0.5886656017366603,0.5591406683862524,0.524907307400532,0.5886656017366603,178.11755187085876,0.028403708897143352,0.026585288298938182,0.029962812004676636,,,,
power,det_nonpar_dt50ns_ap0.01_tau100ns,nv_charge_readout_master_v1_4,thin_all_counts,0,P0.875,0.875,0.875,1.0,171.45991687013145,0.9184268594645132,7.871161989405721,32.32294520680136,0.1127248043936339,0.2631688988965571,22799.046639467833,0.0,0.1,off,2.0,mean,-0.07527689959750994,0.6,5.692728662525739,9.048168696820362,9.048168696820362,5.292003534304406,1.075722762772872,1.0589982221907102,1.0903015038755974,0.6291581040621219,0.5966815928246281,0.6592634186369996,0.6291581040621219,0.5966815928246281,0.6592634186369996,178.11755187085876,0.03196051485511747,0.030226834934847315,0.033596523143818294,,,,
power,det_nonpar_dt50ns_ap0.01_tau100ns,nv_charge_readout_master_v1_4,thin_all_counts,0,P0.875,0.875,0.875,1.0,171.45991687013145,0.9184268594645132,7.871161989405721,32.32294520680136,0.1127248043936339,0.2631688988965571,22799.046639467833,0.0,0.1,off,2.0,mean,-0.07527689959750994,0.61,6.358363268326781,9.048168696820362,9.048168696820362,5.9588914276834695,1.0670379458144628,1.0639262224141985,1.075989669414107,0.7027237755371635,0.6661099970389472,0.7340217384751759,0.7027237755371635,0.6661099970389472,0.7340217384751759,178.11755187085876,0.035697567149007355,0.03371124315606263,0.03739229757871083,,,,
power,det_nonpar_dt50ns_ap0.01_tau100ns,nv_charge_readout_master_v1_4,thin_all_counts,0,P0.875,0.875,0.875,1.0,171.45991687013145,0.9184268594645132,7.871161989405721,32.32294520680136,0.1127248043936339,0.2631688988965571,22799.046639467833,0.0,0.1,off,2.0,mean,-0.07527689959750994,0.62,7.0352845738974,9.048168696820362,9.048168696820362,6.505745005967676,1.081395684497929,1.0703792882658705,1.0966840426366475,0.7775368485746387,0.7377847278006207,0.8147583186338024,0.7775368485746387,0.7377847278006207,0.8147583186338024,178.11755187085876,0.039497986021041986,0.03736193756604804,0.04150329855653533,,,,
power,det_nonpar_dt50ns_ap0.01_tau100ns,nv_charge_readout_master_v1_4,thin_all_counts,0,P0.875,0.875,0.875,1.0,171.45991687013145,0.9184268594645132,7.871161989405721,32.32294520680136,0.1127248043936339,0.2631688988965571,22799.046639467833,0.0,0.1,off,2.0,mean,-0.07527689959750994,0.63,7.736259609004234,9.048168696820362,9.048168696820362,7.102783898032386,1.0891869610656935,1.0755207169625884,1.1012436359828028,0.8550083302185614,0.8139101057013989,0.8905505740253216,0.8550083302185614,0.8139101057013989,0.8905505740253216,178.11755187085876,0.0434334490214265,0.04117949366045376,0.04543321582239585,,,,
power,det_nonpar_dt50ns_ap0.01_tau100ns,nv_charge_readout_master_v1_4,thin_all_counts,0,P0.875,0.875,0.875,1.0,171.45991687013145,0.9184268594645132,7.871161989405721,32.32294520680136,0.1127248043936339,0.2631688988965571,22799.046639467833,0.0,0.1,off,2.0,mean,-0.07527689959750994,0.64,8.46265846499304,9.048168696820362,9.048168696820362,7.754613661597729,1.0913062641536457,1.0798106620012944,1.1030718700502624,0.9352896424186834,0.8914656975514665,0.9755346740384456,0.9352896424186834,0.8914656975514665,0.9755346740384456,178.11755187085876,0.047511648212685706,0.045148068430384776,0.04975883852096533,,,,
power,det_nonpar_dt50ns_ap0.01_tau100ns,nv_charge_readout_master_v1_4,thin_all_counts,0,P0.875,0.875,0.875,1.0,171.45991687013145,0.9184268594645132,7.871161989405721,32.32294520680136,0.1127248043936339,0.2631688988965571,22799.046639467833,0.0,0.1,off,2.0,mean,-0.07527689959750994,0.65,9.24381824289106,9.048168696820362,9.048168696820362,9.048168696820362,1.021623109893989,0.9975809193495383,1.0995219258257218,1.021623109893989,0.9706448754784853,1.0696173588779798,1.021623109893989,0.9706448754784853,1.0616685453354864,178.11755187085876,0.051897289996401585,0.049151990043018616,0.054534599661956465,,,,
power,det_nonpar_dt50ns_ap0.01_tau100ns,nv_charge_readout_master_v1_4,thin_all_counts,0,P0.875,0.875,0.875,1.0,171.45991687013145,0.9184268594645132,7.871161989405721,32.32294520680136,0.1127248043936339,0.2631688988965571,22799.046639467833,0.0,0.1,off,2.0,mean,-0.07527689959750994,0.66,10.085952996349901,10.051129252653121,10.201311632978882,9.128040100985793,1.1049417930647192,1.0328571682452468,1.1090784462303946,1.0034646598229335,0.9998500637199701,1.1036530267821172,0.9886917838823737,0.9738884229140741,1.0749825119342054,178.11755187085876,0.05662526174659394,0.05379585501987748,0.05913406222378265,,,,
power,det_nonpar_dt50ns_ap0.01_tau100ns,nv_charge_readout_master_v1_4,thin_all_counts,0,P0.875,0.875,0.875,1.0,171.45991687013145,0.9184268594645132,7.871161989405721,32.32294520680136,0.1127248043936339,0.2631688988965571,22799.046639467833,0.0,0.1,off,2.0,mean,-0.07527689959750994,0.67,10.876346085939172,10.576118468342312,10.724565397593805,10.183274557238521,1.0680597900807849,1.0403849039657682,1.0982355193558606,1.0283873160550856,1.0121579712479702,1.0466451535891996,1.0141526190310164,0.9958671826760789,1.0341048903038244,178.11755187085876,0.061062741833690204,0.058365963933266665,0.06372184384910906,,,,
power,det_nonpar_dt50ns_ap0.01_tau100ns,nv_charge_readout_master_v1_4,thin_all_counts,0,P0.875,0.875,0.875,1.0,171.45991687013145,0.9184268594645132,7.871161989405721,32.32294520680136,0.1127248043936339,0.2631688988965571,22799.046639467833,0.0,0.1,off,2.0,mean,-0.07527689959750994,0.68,11.728237114547682,11.128528849321683,11.27465830917671,10.466824368557566,1.120515325525038,1.090158572147968,1.129098494994872,1.053889267246906,1.031998208866509,1.0750868415354327,1.0402299380551332,1.0171815687117194,1.0620894432625723,178.11755187085876,0.06584548794523658,0.0628889815775838,0.06863261056602768,,,,
power,det_nonpar_dt50ns_ap0.01_tau100ns,nv_charge_readout_master_v1_4,thin_all_counts,0,P0.875,0.875,0.875,1.0,171.45991687013145,0.9184268594645132,7.871161989405721,32.32294520680136,0.1127248043936339,0.2631688988965571,22799.046639467833,0.0,0.1,off,2.0,mean,-0.07527689959750994,0.69,12.6130742015867,11.709792654166069,11.852967022533877,11.10434451555582,1.1358684147377935,1.1274670496653367,1.148373817253177,1.0771389873499821,1.054674335036807,1.1015915812612858,1.0641280092661838,1.0404539945960094,1.0878319774853016,178.11755187085876,0.07081320211907922,0.0675762281185239,0.07381306018124124,,,,
power,det_nonpar_dt50ns_ap0.01_tau100ns,nv_charge_readout_master_v1_4,thin_all_counts,0,P0.875,0.875,0.875,1.0,171.45991687013145,0.9184268594645132,7.871161989405721,32.32294520680136,0.1127248043936339,0.2631688988965571,22799.046639467833,0.0,0.1,off,2.0,mean,-0.07527689959750994,0.7,13.564667840608173,12.321416950985354,12.460938804941456,11.805587882033386,1.1490040120112854,1.1351034304171397,1.1635029408234847,1.1009016166378005,1.0752983997356185,1.1236428023399812,1.0885751108278476,1.061332231136621,1.1108682653252515,178.11755187085876,0.07615570558954805,0.07265544001542674,0.07928916758309881,,,,
power,det_nonpar_dt50ns_ap0.01_tau100ns,nv_charge_readout_master_v1_4,thin_all_counts,0,P0.875,0.875,0.875,1.0,171.45991687013145,0.9184268594645132,7.871161989405721,32.32294520680136,0.1127248043936339,0.2631688988965571,22799.046639467833,0.0,0.1,off,2.0,mean,-0.07527689959750994,0.71,14.527610111255584,12.96498752486588,13.1000951580562,12.551115020357187,1.1574756575565306,1.1446080114205477,1.1687449748906225,1.1205263470861588,1.0947903100029448,1.1437035798895927,1.1089698155605763,1.082457037442778,1.1315317934437492,178.11755187085876,0.08156192334031512,0.07810351433232146,0.08470561076283284,,,,
power,det_nonpar_dt50ns_ap0.01_tau100ns,nv_charge_readout_master_v1_4,thin_all_counts,0,P0.875,0.875,0.875,1.0,171.45991687013145,0.9184268594645132,7.871161989405721,32.32294520680136,0.1127248043936339,0.2631688988965571,22799.046639467833,0.0,0.1,off,2.0,mean,-0.07527689959750994,0.72,15.550837670871573,13.642172989404886,13.77203562560419,13.343722466712336,1.16540475940392,1.155005484236799,1.1756170797852121,1.1399091393247278,1.1144015664238054,1.1645220701415182,1.129160430137164,1.1018444204096085,1.1545932937523258,178.11755187085876,0.08730659897092262,0.0834570950357414,0.09084262189554214,,,,
power,det_nonpar_dt50ns_ap0.01_tau100ns,nv_charge_readout_master_v1_4,thin_all_counts,0,P0.875,0.875,0.875,1.0,171.45991687013145,0.9184268594645132,7.871161989405721,32.32294520680136,0.1127248043936339,0.2631688988965571,22799.046639467833,0.0,0.1,off,2.0,mean,-0.07527689959750994,0.73,16.58739357579709,14.354729112998008,14.47844179637656,14.186383359554,1.1692475210481394,1.1605817675450756,1.1787944406270232,1.1555351163525223,1.1315306412177553,1.178855035452281,1.145661515864803,1.1215302706350716,1.169112628614152,178.11755187085876,0.09312610352866017,0.08931851185692023,0.09649350124905076,,,,
power,det_nonpar_dt50ns_ap0.01_tau100ns,nv_charge_readout_master_v1_4,thin_all_counts,0,P0.875,0.875,0.875,1.0,171.45991687013145,0.9184268594645132,7.871161989405721,32.32294520680136,0.1127248043936339,0.2631688988965571,22799.046639467833,0.0,0.1,off,2.0,mean,-0.07527689959750994,0.74,17.654432451231944,15.104503371096856,15.221081512549983,14.973456136630968,1.179048597073207,1.171482663146653,1.1867267163395523,1.1688191274805164,1.1443699312858575,1.1949352037544485,1.1598671511400573,1.1359257361464106,1.1840196807072139,178.11755187085876,0.09911674770845719,0.0952860727749111,0.102859583773709,,,,
power,det_nonpar_dt50ns_ap0.01_tau100ns,nv_charge_readout_master_v1_4,thin_all_counts,0,P0.875,0.875,0.875,1.0,171.45991687013145,0.9184268594645132,7.871161989405721,32.32294520680136,0.1127248043936339,0.2631688988965571,22799.046639467833,0.0,0.1,off,2.0,mean,-0.07527689959750994,0.75,18.796261725495473,15.893439736239483,16.001813293863737,15.784288033163751,1.1908210041532048,1.1834950122467947,1.1995160632944033,1.1826427782424662,1.156232780626692,1.2090489898404537,1.1746332356410714,1.1478937883149154,1.2012747337372636,178.11755187085876,0.10552728536895341,0.1013562084932973,0.10947865993221303,,,,
power,det_nonpar_dt50ns_ap0.01_tau100ns,nv_charge_readout_master_v1_4,thin_all_counts,0,P0.875,0.875,0.875,1.0,171.45991687013145,0.9184268594645132,7.871161989405721,32.32294520680136,0.1127248043936339,0.2631688988965571,22799.046639467833,0.0,0.1,off,2.0,mean,-0.07527689959750994,0.76,20.052582002061357,16.723583718273076,16.82259098872515,16.651747517183647,1.2042328879517445,1.1942751493813253,1.216419194886295,1.1990601021807807,1.1724136530646379,1.2227667431557143,1.1920031828331923,1.1656589915719602,1.2172901606210964,178.11755187085876,0.11258060641098501,0.10813215701775881,0.1167068435753885,,,,
power,det_nonpar_dt50ns_ap0.01_tau100ns,nv_charge_readout_master_v1_4,thin_all_counts,0,P0.875,0.875,0.875,1.0,171.45991687013145,0.9184268594645132,7.871161989405721,32.32294520680136,0.1127248043936339,0.2631688988965571,22799.046639467833,0.0,0.1,off,2.0,mean,-0.07527689959750994,0.77,21.392873265005328,17.597087667836874,17.68546866388319,17.558085874551324,1.2184057771361139,1.2060846887002545,1.2333371768220192,1.215705329701017,1.1906768965055627,1.2429269250573602,1.209629988980349,1.1843483373216577,1.2370503498002363,178.11755187085876,0.12010536322953666,0.11573767477669475,0.12461088774261445,,,,
power,det_nonpar_dt50ns_ap0.01_tau100ns,nv_charge_readout_master_v1_4,thin_all_counts,0,P0.875,0.875,0.875,1.0,171.45991687013145,0.9184268594645132,7.871161989405721,32.32294520680136,0.1127248043936339,0.2631688988965571,22799.046639467833,0.0,0.1,off,2.0,mean,-0.07527689959750994,0.78,22.788457775552466,18.516216356855878,18.59260574490714,18.51375534369499,1.230893319723665,1.2180221976584213,1.2423259880977542,1.2307297201738914,1.206071528447591,1.2543059507104308,1.2256731567491366,1.2015758747648153,1.248536169924164,178.11755187085876,0.12794055126063528,0.12367868154338854,0.13291380036787068,,,,
power,det_nonpar_dt50ns_ap0.01_tau100ns,nv_charge_readout_master_v1_4,thin_all_counts,0,P0.875,0.875,0.875,1.0,171.45991687013145,0.9184268594645132,7.871161989405721,32.32294520680136,0.1127248043936339,0.2631688988965571,22799.046639467833,0.0,0.1,off,2.0,mean,-0.07527689959750994,0.79,24.26292103380457,19.483352850514162,19.546272420334713,19.521440968858094,1.24288576199423,1.23271945599946,1.2523062853074047,1.2453154865059213,1.2234428829744062,1.266452358495379,1.2413068083796353,1.219418149656162,1.26217576752235,178.11755187085876,0.13621858586623742,0.13142775208846233,0.14187659475438605,,,,
power,det_nonpar_dt50ns_ap0.01_tau100ns,nv_charge_readout_master_v1_4,thin_all_counts,0,P0.875,0.875,0.875,1.0,171.45991687013145,0.9184268594645132,7.871161989405721,32.32294520680136,0.1127248043936339,0.2631688988965571,22799.046639467833,0.0,0.1,off,2.0,mean,-0.07527689959750994,0.8,25.83020205231002,20.50100468593228,20.548855323014102,20.60780337205847,1.2534185029799174,1.2439295698840007,1.2622359953477333,1.2599481073254237,1.2397086966764441,1.277126372066626,1.2570141570553066,1.2368268640960682,1.2741519492711062,178.11755187085876,0.14501772442413643,0.13986725824843585,0.15093868809426003,,,,
power,det_nonpar_dt50ns_ap0.01_tau100ns,nv_charge_readout_master_v1_4,thin_all_counts,0,P0.875,0.875,0.875,1.0,171.45991687013145,0.9184268594645132,7.871161989405721,32.32294520680136,0.1127248043936339,0.2631688988965571,22799.046639467833,0.0,0.1,off,2.0,mean,-0.07527689959750994,0.81,27.49181510949446,21.57181037356853,21.602863502857804,21.775407047420295,1.262516702885303,1.250011133177824,1.2731574438141133,1.2744324483391336,1.2603772945940481,1.2873831560643605,1.2726005099211786,1.2580034129640016,1.28575831313433,178.11755187085876,0.1543464685020315,0.1488297987053215,0.16084621828090856,,,,
power,det_nonpar_dt50ns_ap0.01_tau100ns,nv_charge_readout_master_v1_4,thin_all_counts,0,P0.875,0.875,0.875,1.0,171.45991687013145,0.9184268594645132,7.871161989405721,32.32294520680136,0.1127248043936339,0.2631688988965571,22799.046639467833,0.0,0.1,off,2.0,mean,-0.07527689959750994,0.82,29.26031691444069,22.69854623820048,22.710934705955808,23.41588601051006,1.2495925587145154,1.2353024876694063,1.2860936310991589,1.289083301079304,1.0076270872366686,1.3000101396276016,1.2883801258416434,1.0077240917904569,1.2995887894309306,178.11755187085876,0.16427531485305505,0.15856964823762354,0.17085943139923176,,,,
power,det_nonpar_dt50ns_ap0.01_tau100ns,nv_charge_readout_master_v1_4,thin_all_counts,0,P0.875,0.875,0.875,1.0,171.45991687013145,0.9184268594645132,7.871161989405721,32.32294520680136,0.1127248043936339,0.2631688988965571,22799.046639467833,0.0,0.1,off,2.0,mean,-0.07527689959750994,0.83,31.112520527038466,30.97513057294271,30.966434816593484,24.722654575405905,1.2584619678337132,1.235504839126303,1.3010306426419564,1.0044354923306043,0.9959328066691304,1.303275865652496,1.0047175501897525,0.9967034350210874,1.303244087418939,178.11755187085876,0.17467408573859186,0.16875618318224128,0.18132002707641967,,,,
power,det_nonpar_dt50ns_ap0.01_tau100ns,nv_charge_readout_master_v1_4,thin_all_counts,0,P0.875,0.875,0.875,1.0,171.45991687013145,0.9184268594645132,7.871161989405721,32.32294520680136,0.1127248043936339,0.2631688988965571,22799.046639467833,0.0,0.1,off,2.0,mean,-0.07527689959750994,0.84,33.07425895823085,33.187132095872734,33.15387003541762,25.495567508280534,1.297255256133792,1.2841839020448895,1.3178510407482167,0.9965988884693077,0.9844524933023984,1.0081266668776423,0.9975987395407618,0.985744924478083,1.0088844537696848,178.11755187085876,0.18568781465293663,0.17971501593340453,0.19276750868974726,,,,
power,det_nonpar_dt50ns_ap0.01_tau100ns,nv_charge_readout_master_v1_4,thin_all_counts,0,P0.875,0.875,0.875,1.0,171.45991687013145,0.9184268594645132,7.871161989405721,32.32294520680136,0.1127248043936339,0.2631688988965571,22799.046639467833,0.0,0.1,off,2.0,mean,-0.07527689959750994,0.85,35.371223780590654,35.557097464214884,35.4958232949814,28.051689800631713,1.26093023386399,1.2584785592725718,1.3326463362859187,0.9947725293435075,0.9752718240339976,1.0154854117375487,0.996489741529439,0.9771707796367051,1.0168561720800313,178.11755187085876,0.19858359498583264,0.19085295784738196,0.2088743120420041,,,,
power,det_nonpar_dt50ns_ap0.01_tau100ns,nv_charge_readout_master_v1_4,thin_all_counts,0,P0.875,0.875,0.875,1.0,171.45991687013145,0.9184268594645132,7.871161989405721,32.32294520680136,0.1127248043936339,0.2631688988965571,22799.046639467833,0.0,0.1,off,2.0,mean,-0.07527689959750994,0.86,38.42228118591988,38.09630722013819,38.00320958134182,30.18205694208115,1.2730173181917845,1.2619032081894281,1.33137666081793,1.008556576465484,0.9851811822700808,1.0373383086725325,1.01102726872795,0.9877810014266389,1.0383249142624114,178.11755187085876,0.2157130545662189,0.20654837788852298,0.22651356435275186,,,,
power,det_nonpar_dt50ns_ap0.01_tau100ns,nv_charge_readout_master_v1_4,thin_all_counts,0,P0.875,0.875,0.875,1.0,171.45991687013145,0.9184268594645132,7.871161989405721,32.32294520680136,0.1127248043936339,0.2631688988965571,22799.046639467833,0.0,0.1,off,2.0,mean,-0.07527689959750994,0.87,41.89467321636731,40.81684747389151,40.687714903279506,30.831885465739585,1.3588099651875232,1.3108382249397752,1.4026719174226787,1.026406393662941,0.9954680202306689,1.0584654054399782,1.029663949326152,0.9985723410178396,1.0608585046181265,178.11755187085876,0.23520800042627107,0.22456882162532701,0.24756799564454146,,,,
power,det_nonpar_dt50ns_ap0.01_tau100ns,nv_charge_readout_master_v1_4,thin_all_counts,0,P0.875,0.875,0.875,1.0,171.45991687013145,0.9184268594645132,7.871161989405721,32.32294520680136,0.1127248043936339,0.2631688988965571,22799.046639467833,0.0,0.1,off,2.0,mean,-0.07527689959750994,0.88,45.93047404258656,43.731667431174195,43.56185075650396,32.64779711130371,1.4068475703276153,1.383893848351507,1.4359183202170147,1.0502795054607257,1.0186016021375166,1.0834708982599484,1.0543737982879196,1.0229449161461133,1.0877060094906132,178.11755187085876,0.25786607529777694,0.24650408557376738,0.271070416968883,,,,
power,det_nonpar_dt50ns_ap0.01_tau100ns,nv_charge_readout_master_v1_4,thin_all_counts,0,P0.875,0.875,0.875,1.0,171.45991687013145,0.9184268594645132,7.871161989405721,32.32294520680136,0.1127248043936339,0.2631688988965571,22799.046639467833,0.0,0.1,off,2.0,mean,-0.07527689959750994,0.89,50.54711837196449,46.854641028661646,46.63901243515082,35.24327214034956,1.4342345447003417,1.4090091650977263,1.4586386386764285,1.0788070778526315,1.0425068973771627,1.1152531826855747,1.0837947832246169,1.0465570635851038,1.120142203407939,178.11755187085876,0.2837851623326423,0.2701502779821264,0.2986402697928052,,,,
power,det_nonpar_dt50ns_ap0.01_tau100ns,nv_charge_readout_master_v1_4,thin_all_counts,0,P0.875,0.875,0.875,1.0,171.45991687013145,0.9184268594645132,7.871161989405721,32.32294520680136,0.1127248043936339,0.2631688988965571,22799.046639467833,0.0,0.1,off,2.0,mean,-0.07527689959750994,0.9,56.443872945669916,50.200632971057935,49.93354146233989,37.77334784736107,1.4942777424377334,1.4423612179395717,1.5327719441516499,1.124365762045498,1.0698600129301175,1.2102541420343025,1.130379926852177,1.0781628993322705,1.2146088755004492,178.11755187085876,0.3168911337081122,0.2978678533768356,0.3462594569093762,,,,
power,det_nonpar_dt50ns_ap0.01_tau100ns,nv_charge_readout_master_v1_4,thin_all_counts,0,P0.875,0.875,0.875,1.0,171.45991687013145,0.9184268594645132,7.871161989405721,32.32294520680136,0.1127248043936339,0.2631688988965571,22799.046639467833,0.0,0.1,off,2.0,mean,-0.07527689959750994,0.91,70.37905999862664,53.78556948399809,53.46079243075967,43.173956878452465,1.6301276298756826,1.5212499540122228,1.7227090682188138,1.3085119424005605,1.1820113347422445,1.3951320795288409,1.316461219496117,1.1895970392896982,1.4043009404948728,178.11755187085876,0.39512703413784755,0.3505727717073657,0.4310494147885563,,,,
power,det_nonpar_dt50ns_ap0.01_tau100ns,nv_charge_readout_master_v1_4,thin_all_counts,0,P0.875,0.875,0.875,1.0,171.45991687013145,0.9184268594645132,7.871161989405721,32.32294520680136,0.1127248043936339,0.2631688988965571,22799.046639467833,0.0,0.1,off,2.0,mean,-0.07527689959750994,0.92,83.96175103282094,60.74743430981862,60.637240333001564,55.42927803168411,1.514754548757198,1.5018673982511483,1.695230397303284,1.3821448096821134,1.34945853832672,1.428268125340067,1.384656534033016,1.3500119783430045,1.4332176115470359,178.11755187085876,0.471383926799623,0.4465975244000171,0.496838770589703,,,,
power,det_nonpar_dt50ns_ap0.01_tau100ns,nv_charge_readout_master_v1_4,thin_all_counts,0,P0.875,0.875,0.875,1.0,171.45991687013145,0.9184268594645132,7.871161989405721,32.32294520680136,0.1127248043936339,0.2631688988965571,22799.046639467833,0.0,0.1,off,2.0,mean,-0.07527689959750994,0.93,91.92714462762977,123.40358822984338,123.31424708714108,57.96271992851694,1.5859701673937967,1.5554034093806062,1.619871896153665,0.7449308885282359,0.7301128401337525,1.3612004299322027,0.7454705907799012,0.7362322683607369,1.3590862169442313,178.11755187085876,0.5161037958475875,0.5033749665123015,0.5304111755264926,,,,
power,det_nonpar_dt50ns_ap0.01_tau100ns,nv_charge_readout_master_v1_4,thin_all_counts,0,P0.875,0.875,0.875,1.0,171.45991687013145,0.9184268594645132,7.871161989405721,32.32294520680136,0.1127248043936339,0.2631688988965571,22799.046639467833,0.0,0.1,off,2.0,mean,-0.07527689959750994,0.94,98.54849567482867,138.34182300049585,131.2424685252175,62.74594617957114,1.570595419707196,1.5504659978033415,1.6865605776471886,0.71235504591027,0.6986148814769639,0.725997496979851,0.7508887693307379,0.7422473990102643,0.7615337388256227,178.11755187085876,0.5532778473526273,0.5401882410747095,0.5677234971446595,,,,
power,det_nonpar_dt50ns_ap0.01_tau100ns,nv_charge_readout_master_v1_4,thin_all_counts,0,P0.875,0.875,0.875,1.0,171.45991687013145,0.9184268594645132,7.871161989405721,32.32294520680136,0.1127248043936339,0.2631688988965571,22799.046639467833,0.0,0.1,off,2.0,mean,-0.07527689959750994,0.95,107.7862969260472,155.08835898235398,139.68041772513777,62.98191023443682,1.7113850076130677,1.6556497355941249,1.7623733175357768,0.6949992741770591,0.6699813948455499,0.7215753401050471,0.7716636210105584,0.7532689505837985,0.789332831023555,178.11755187085876,0.6051413563341355,0.5839441640604902,0.6286459505663821,,,,
power,det_nonpar_dt50ns_ap0.01_tau100ns,nv_charge_readout_master_v1_4,thin_all_counts,0,P0.875,0.875,0.875,1.0,171.45991687013145,0.9184268594645132,7.871161989405721,32.32294520680136,0.1127248043936339,0.2631688988965571,22799.046639467833,0.0,0.1,off,2.0,mean,-0.07527689959750994,0.96,120.79190253057824,162.78911650378998,148.66086652522958,100.17798011717547,1.2057729891268643,1.0636256993848976,1.7821403258458988,0.7420146083768814,0.717244098891583,0.7765949891429472,0.8125332870307087,0.7908430434345597,0.8424645294361314,178.11755187085876,0.6781583356712451,0.6530659222666643,0.7127041054349259,,,,
power,det_nonpar_dt50ns_ap0.01_tau100ns,nv_charge_readout_master_v1_4,thin_all_counts,0,P0.875,0.875,0.875,1.0,171.45991687013145,0.9184268594645132,7.871161989405721,32.32294520680136,0.1127248043936339,0.2631688988965571,22799.046639467833,0.0,0.1,off,2.0,mean,-0.07527689959750994,0.97,150.38908110471235,168.06006106207846,158.21869375792136,105.20464700975877,1.4294908578588004,1.2396528083121927,1.5674945046756172,0.8948531861425496,0.8130512737327958,0.9863951782661308,0.9505139849960554,0.8659710689655246,1.0349771952015137,178.11755187085876,0.8443248827816222,0.7641902423820596,0.9362217300019069,,,,
power,det_nonpar_dt50ns_ap0.01_tau100ns,nv_charge_readout_master_v1_4,thin_all_counts,0,P0.875,0.875,0.875,1.0,171.45991687013145,0.9184268594645132,7.871161989405721,32.32294520680136,0.1127248043936339,0.2631688988965571,22799.046639467833,0.0,0.1,off,2.0,mean,-0.07527689959750994,0.98,196.34746104112548,173.5016733967714,170.1807032581931,110.48353879267665,1.7771648445256016,1.6757475854661945,1.8918661029030035,1.1316747394828253,1.0743524852483077,1.2112679320711,1.1537586652420455,1.101764769718208,1.2269728697643638,180.33054346504144,1.0888197710067293,1.0379399781984422,1.1711811068632567,,,,
power,det_nonpar_dt50ns_ap0.01_tau100ns,nv_charge_readout_master_v1_4,thin_all_counts,0,P0.875,0.875,0.875,1.0,171.45991687013145,0.9184268594645132,7.871161989405721,32.32294520680136,0.1127248043936339,0.2631688988965571,22799.046639467833,0.0,0.1,off,2.0,mean,-0.07527689959750994,0.99,nan,nan,nan,nan,nan,nan,nan,nan,nan,nan,nan,nan,nan,nan,nan,nan,nan,,,,
power,det_nonpar_dt50ns_ap0.01_tau100ns,nv_charge_readout_master_v1_4,thin_all_counts,1,P2.000,2.0,2.0,1.0,74.73019645888917,0.9241717873829185,7.77506003982318,21.521555298034922,0.11395933423381457,1.348778346121057,4448.469993053612,0.0,0.1,off,2.0,mean,-0.01608929270676107,0.55,1.3432686398910227,4.085060586984488,4.085060586984488,1.2601514643788252,1.0659580835016282,1.038541057675019,1.0856479982900455,0.328824655421475,0.3027634589651477,0.3548935995290151,0.328824655421475,0.3027634589651477,0.3548935995290151,34.75367182073504,0.03865112862951045,0.03548905801269663,0.04184119406037528,1.2935945141387686,1.0384000745282425,0.988950155743781,1.1027884836496613
power,det_nonpar_dt50ns_ap0.01_tau100ns,nv_charge_readout_master_v1_4,thin_all_counts,1,P2.000,2.0,2.0,1.0,74.73019645888917,0.9241717873829185,7.77506003982318,21.521555298034922,0.11395933423381457,1.348778346121057,4448.469993053612,0.0,0.1,off,2.0,mean,-0.01608929270676107,0.56,1.6155084244136413,4.085060586984488,4.085060586984488,1.530414911921626,1.0556015965534273,1.0368819860475165,1.0751821171062617,0.3954674331051178,0.37249452284320317,0.4247911981367838,0.3954674331051178,0.37249452284320317,0.4247911981367838,34.75367182073504,0.04648453932426738,0.0436171661732785,0.050075053121774564,1.5523134169665223,1.0407102114536977,1.0202502870933314,1.1028101207853527
power,det_nonpar_dt50ns_ap0.01_tau100ns,nv_charge_readout_master_v1_4,thin_all_counts,1,P2.000,2.0,2.0,1.0,74.73019645888917,0.9241717873829185,7.77506003982318,21.521555298034922,0.11395933423381457,1.348778346121057,4448.469993053612,0.0,0.1,off,2.0,mean,-0.01608929270676107,0.57,1.9077120641790999,4.085060586984488,4.085060586984488,1.7897475944133532,1.0659112324743274,1.045967507712214,1.091204890900853,0.46699725097280276,0.436769499327332,0.49870844334498127,0.46699725097280276,0.436769499327332,0.49870844334498127,34.75367182073504,0.05489238875303253,0.051114176371635914,0.05875876112774558,1.8110323197942733,1.0533837763844045,1.0250365641542933,1.107048652153852
power,det_nonpar_dt50ns_ap0.01_tau100ns,nv_charge_readout_master_v1_4,thin_all_counts,1,P2.000,2.0,2.0,1.0,74.73019645888917,0.9241717873829185,7.77506003982318,21.521555298034922,0.11395933423381457,1.348778346121057,4448.469993053612,0.0,0.1,off,2.0,mean,-0.01608929270676107,0.58,2.209213248728247,4.085060586984488,4.085060586984488,2.017529830614274,1.0950089635381557,1.0731277069199057,1.1155333712726256,0.5408030558388964,0.5108470445982346,0.5693376358699224,0.5408030558388964,0.5108470445982346,0.5693376358699224,34.75367182073504,0.06356776515942603,0.05977375439602719,0.06714939207629751,2.0697512226220267,1.0673810574826212,1.0409121238353605,1.1066163536908238
power,det_nonpar_dt50ns_ap0.01_tau100ns,nv_charge_readout_master_v1_4,thin_all_counts,1,P2.000,2.0,2.0,1.0,74.73019645888917,0.9241717873829185,7.77506003982318,21.521555298034922,0.11395933423381457,1.348778346121057,4448.469993053612,0.0,0.1,off,2.0,mean,-0.01608929270676107,0.59,2.47629344328582,4.085060586984488,4.085060586984488,2.274302046905487,1.0888146746625722,1.0697891405887023,1.1052431677769923,0.6061827947364109,0.5799675994597858,0.6357519418210245,0.6061827947364109,0.5799675994597858,0.6357519418210245,34.75367182073504,0.07125271413216235,0.0679444528800743,0.07504047659436684,2.32847012544978,1.063485168317324,1.0430829481026382,1.0927095764141437
power,det_nonpar_dt50ns_ap0.01_tau100ns,nv_charge_readout_master_v1_4,thin_all_counts,1,P2.000,2.0,2.0,1.0,74.73019645888917,0.9241717873829185,7.77506003982318,21.521555298034922,0.11395933423381457,1.348778346121057,4448.469993053612,0.0,0.1,off,2.0,mean,-0.01608929270676107,0.6,2.7470052730798518,4.085060586984488,4.085060586984488,2.5637538152204877,1.0714777904069561,1.0539988407775758,1.0888670966788234,0.6724515376423431,0.6419489980424842,0.7026335887901345,0.6724515376423431,0.6419489980424842,0.7026335887901345,34.75367182073504,0.07904215955221483,0.07518527571043351,0.08272693154298377,2.5871890282775345,1.0617721562110665,1.0467750619488692,1.0841928072228477
power,det_nonpar_dt50ns_ap0.01_tau100ns,nv_charge_readout_master_v1_4,thin_all_counts,1,P2.000,2.0,2.0,1.0,74.73019645888917,0.9241717873829185,7.77506003982318,21.521555298034922,0.11395933423381457,1.348778346121057,4448.469993053612,0.0,0.1,off,2.0,mean,-0.01608929270676107,0.61,3.029724621803595,4.085060586984488,4.085060586984488,2.8288146599625428,1.0710226670854825,1.0608788474359119,1.080554976924259,0.7416596540713926,0.7092056334459419,0.7708449416008695,0.7416596540713926,0.7092056334459419,0.7708449416008695,34.75367182073504,0.087177108578092,0.08308109109052081,0.09086319080181525,2.845907931105288,1.0645898234054665,1.0514478580405502,1.081240043282831
power,det_nonpar_dt50ns_ap0.01_tau100ns,nv_charge_readout_master_v1_4,thin_all_counts,1,P2.000,2.0,2.0,1.0,74.73019645888917,0.9241717873829185,7.77506003982318,21.521555298034922,0.11395933423381457,1.348778346121057,4448.469993053612,0.0,0.1,off,2.0,mean,-0.01608929270676107,0.62,3.3069695635611787,4.085060586984488,4.085060586984488,3.0802465189347124,1.0736054868442404,1.060530613094121,1.086213450014879,0.8095276662719755,0.7769740899471063,0.8425932523399042,0.8095276662719755,0.7769740899471063,0.8425932523399042,34.75367182073504,0.09515453735706123,0.09100912658152563,0.09937937301759872,3.1046268339330414,1.0651745734516516,1.0595902237335078,1.0739380061353996
power,det_nonpar_dt50ns_ap0.01_tau100ns,nv_charge_readout_master_v1_4,thin_all_counts,1,P2.000,2.0,2.0,1.0,74.73019645888917,0.9241717873829185,7.77506003982318,21.521555298034922,0.11395933423381457,1.348778346121057,4448.469993053612,0.0,0.1,off,2.0,mean,-0.01608929270676107,0.63,3.6230351659962823,4.085060586984488,4.085060586984488,3.3540262469988207,1.0802047745566006,1.0649389088248802,1.0911039827635407,0.8868987592349851,0.8478048535461348,0.9259903788222118,0.8868987592349851,0.8478048535461348,0.9259903788222118,34.75367182073504,0.10424898942144797,0.09937623348027845,0.10922310403150284,3.385072690001662,1.0702975970641573,1.0619118778062677,1.0800163616743985
power,det_nonpar_dt50ns_ap0.01_tau100ns,nv_charge_readout_master_v1_4,thin_all_counts,1,P2.000,2.0,2.0,1.0,74.73019645888917,0.9241717873829185,7.77506003982318,21.521555298034922,0.11395933423381457,1.348778346121057,4448.469993053612,0.0,0.1,off,2.0,mean,-0.01608929270676107,0.64,3.978768465826156,4.085060586984488,4.085060586984488,3.6521401765750787,1.0894347624842222,0.9910042213099868,1.0969485230162324,0.9739802828146559,0.9315270893878734,1.0092758628139338,0.9739802828146559,0.9315270893878734,1.0092758628139338,34.75367182073504,0.11448483735328098,0.10907716966815927,0.11909101512965083,3.6996609011630723,1.0754413910137925,1.0583654234945794,1.0910812650190933
power,det_nonpar_dt50ns_ap0.01_tau100ns,nv_charge_readout_master_v1_4,thin_all_counts,1,P2.000,2.0,2.0,1.0,74.73019645888917,0.9241717873829185,7.77506003982318,21.521555298034922,0.11395933423381457,1.348778346121057,4448.469993053612,0.0,0.1,off,2.0,mean,-0.01608929270676107,0.65,4.296836656242989,4.085060586984488,4.085060586984488,4.085060586984488,1.0518415981229863,1.0110574998954338,1.0901552258766372,1.0518415981229863,0.9968486004108641,1.0841913265810457,1.0518415981229863,0.9968486004108641,1.0841913265810457,34.75367182073504,0.12363691176019484,0.11847621230099832,0.1287318178072683,4.014249112324483,1.0703961154405965,1.0534947274209256,1.0882730452313518
power,det_nonpar_dt50ns_ap0.01_tau100ns,nv_charge_readout_master_v1_4,thin_all_counts,1,P2.000,2.0,2.0,1.0,74.73019645888917,0.9241717873829185,7.77506003982318,21.521555298034922,0.11395933423381457,1.348778346121057,4448.469993053612,0.0,0.1,off,2.0,mean,-0.01608929270676107,0.66,4.646511158566522,4.595596898379604,4.595596898379604,4.201550679736223,1.105903870439148,1.042235629538387,1.1091626349804096,1.0110789221319367,0.998481675269475,1.090600046647893,1.0110789221319367,0.998481675269475,1.090600046647893,34.75367182073504,0.13369842422791942,0.12802826887868704,0.1399645909887605,4.328837323485892,1.0733854869891057,1.0519962546727162,1.0946834286927642
power,det_nonpar_dt50ns_ap0.01_tau100ns,nv_charge_readout_master_v1_4,thin_all_counts,1,P2.000,2.0,2.0,1.0,74.73019645888917,0.9241717873829185,7.77506003982318,21.521555298034922,0.11395933423381457,1.348778346121057,4448.469993053612,0.0,0.1,off,2.0,mean,-0.01608929270676107,0.67,5.048100529639662,4.838230197161402,4.838230197161402,4.643355090806639,1.0871665920261788,1.0621580003237574,1.1091497263380812,1.0433775004342272,1.0225522816876667,1.0686462749368133,1.0433775004342272,1.0225522816876667,1.0686462749368133,34.75367182073504,0.1452537319129491,0.13887114813977697,0.15219070674325874,4.643425534647303,1.087150098988956,1.0663628748556366,1.1096923137780517
power,det_nonpar_dt50ns_ap0.01_tau100ns,nv_charge_readout_master_v1_4,thin_all_counts,1,P2.000,2.0,2.0,1.0,74.73019645888917,0.9241717873829185,7.77506003982318,21.521555298034922,0.11395933423381457,1.348778346121057,4448.469993053612,0.0,0.1,off,2.0,mean,-0.01608929270676107,0.68,5.441090580980707,5.093673783481364,5.093673783481364,4.8701796119166225,1.1172258550110037,1.1103208399111695,1.1239192065005035,1.0682055452051142,1.0490195718655613,1.0875367720981195,1.0682055452051142,1.0490195718655613,1.0875367720981195,34.75367182073504,0.1565616033047304,0.1502270836792209,0.16248014712844525,4.958013745808713,1.097433540917543,1.0795194376976145,1.1148853397508653
power,det_nonpar_dt50ns_ap0.01_tau100ns,nv_charge_readout_master_v1_4,thin_all_counts,1,P2.000,2.0,2.0,1.0,74.73019645888917,0.9241717873829185,7.77506003982318,21.521555298034922,0.11395933423381457,1.348778346121057,4448.469993053612,0.0,0.1,off,2.0,mean,-0.01608929270676107,0.69,5.823221280004006,5.3626040008901645,5.3626040008901645,5.160828737887367,1.1283500336397125,1.1178219914534429,1.1421431513909692,1.0858943302614517,1.0653452073349188,1.1076327670141524,1.0858943302614517,1.0653452073349188,1.1076327670141524,34.75367182073504,0.16755700836565143,0.16127027038478634,0.17414774878440836,5.27260195697012,1.1044302846161171,1.0886640447321994,1.1212776269590483
power,det_nonpar_dt50ns_ap0.01_tau100ns,nv_charge_readout_master_v1_4,thin_all_counts,1,P2.000,2.0,2.0,1.0,74.73019645888917,0.9241717873829185,7.77506003982318,21.521555298034922,0.11395933423381457,1.348778346121057,4448.469993053612,0.0,0.1,off,2.0,mean,-0.01608929270676107,0.7,6.232842040505507,5.645732901785546,5.645732901785546,5.468823613123882,1.1397043462049428,1.125856326039382,1.1519828880774665,1.1039916604156528,1.0809038780106626,1.127561423948884,1.1039916604156528,1.0809038780106626,1.127561423948884,34.75367182073504,0.1793434107525529,0.17258519234603822,0.18656720314965777,5.58719016813153,1.1155593156747512,1.1017664044095694,1.1276195703094953
power,det_nonpar_dt50ns_ap0.01_tau100ns,nv_charge_readout_master_v1_4,thin_all_counts,1,P2.000,2.0,2.0,1.0,74.73019645888917,0.9241717873829185,7.77506003982318,21.521555298034922,0.11395933423381457,1.348778346121057,4448.469993053612,0.0,0.1,off,2.0,mean,-0.01608929270676107,0.71,6.672102483981573,5.9438101327289665,5.9438101327289665,5.795199420569122,1.151315425022308,1.139660149260091,1.1647921942658217,1.1225295450206831,1.099340599437728,1.1489551978449786,1.1225295450206831,1.099340599437728,1.1489551978449786,34.75367182073504,0.19198266354120327,0.18455266806244044,0.19995790722961648,5.90177837929294,1.1305240649820743,1.1204923092155925,1.138328991669129
power,det_nonpar_dt50ns_ap0.01_tau100ns,nv_charge_readout_master_v1_4,thin_all_counts,1,P2.000,2.0,2.0,1.0,74.73019645888917,0.9241717873829185,7.77506003982318,21.521555298034922,0.11395933423381457,1.348778346121057,4448.469993053612,0.0,0.1,off,2.0,mean,-0.01608929270676107,0.72,7.1230920448815125,6.257624919301134,6.257624919301134,6.141053122205339,1.1599137644853184,1.1491280692886874,1.170511634781655,1.138306008548214,1.1155511425308047,1.1604062845093845,1.138306008548214,1.1155511425308047,1.1604062845093845,34.75367182073504,0.20495940922799616,0.19752985420992009,0.2121049931087371,6.243775373231404,1.1408309266569636,1.133589510867764,1.1466051041807763
power,det_nonpar_dt50ns_ap0.01_tau100ns,nv_charge_readout_master_v1_4,thin_all_counts,1,P2.000,2.0,2.0,1.0,74.73019645888917,0.9241717873829185,7.77506003982318,21.521555298034922,0.11395933423381457,1.348778346121057,4448.469993053612,0.0,0.1,off,2.0,mean,-0.01608929270676107,0.73,7.573340536397773,6.5880081557517824,6.5880081557517824,6.507547145986625,1.1637780513151488,1.1558816585609675,1.1726952722112343,1.1495645356458353,1.1279811820852654,1.1717695677098903,1.1495645356458353,1.1279811820852654,1.1717695677098903,34.75367182073504,0.21791483143025192,0.210592873395551,0.22636633865180428,6.640589932723976,1.1404620091171904,1.130622754048368,1.1514018185464496
power,det_nonpar_dt50ns_ap0.01_tau100ns,nv_charge_readout_master_v1_4,thin_all_counts,1,P2.000,2.0,2.0,1.0,74.73019645888917,0.9241717873829185,7.77506003982318,21.521555298034922,0.11395933423381457,1.348778346121057,4448.469993053612,0.0,0.1,off,2.0,mean,-0.01608929270676107,0.74,8.054497531461424,6.9358346049764865,6.9358346049764865,6.893008896891296,1.1685024133791488,1.1618796249892602,1.1760923497446187,1.1612874282905035,1.1385718824155013,1.1859001752181806,1.1612874282905035,1.1385718824155013,1.1859001752181806,34.75367182073504,0.23175961299881637,0.22347055900370497,0.2416316728596923,7.037404492216548,1.1445267272003183,1.1306643959994636,1.1605632657875198
power,det_nonpar_dt50ns_ap0.01_tau100ns,nv_charge_readout_master_v1_4,thin_all_counts,1,P2.000,2.0,2.0,1.0,74.73019645888917,0.9241717873829185,7.77506003982318,21.521555298034922,0.11395933423381457,1.348778346121057,4448.469993053612,0.0,0.1,off,2.0,mean,-0.01608929270676107,0.75,8.588650887088429,7.302025214645443,7.302025214645443,7.2890768990713015,1.1782906129283264,1.170052752016413,1.186801801635738,1.1762012092018583,1.1539995644423233,1.2002982988499893,1.1762012092018583,1.1539995644423233,1.2002982988499893,34.75367182073504,0.24712930856313697,0.2378881018288222,0.25737784328285856,7.434219051709119,1.155286228095997,1.1415090462818727,1.1716104522829989
power,det_nonpar_dt50ns_ap0.01_tau100ns,nv_charge_readout_master_v1_4,thin_all_counts,1,P2.000,2.0,2.0,1.0,74.73019645888917,0.9241717873829185,7.77506003982318,21.521555298034922,0.11395933423381457,1.348778346121057,4448.469993053612,0.0,0.1,off,2.0,mean,-0.01608929270676107,0.76,9.158227905856817,7.687549555616687,7.687549555616687,7.673687687701639,1.1934585141553782,1.1822775402044892,1.2041842855590468,1.1913065196653754,1.1685911891397818,1.2126549146849799,1.1913065196653754,1.1685911891397818,1.2126549146849799,34.75367182073504,0.26351828241621233,0.25407797114535985,0.2736378612327247,7.831033611201692,1.1694788147450519,1.1525920877675662,1.1863129331275823
power,det_nonpar_dt50ns_ap0.01_tau100ns,nv_charge_readout_master_v1_4,thin_all_counts,1,P2.000,2.0,2.0,1.0,74.73019645888917,0.9241717873829185,7.77506003982318,21.521555298034922,0.11395933423381457,1.348778346121057,4448.469993053612,0.0,0.1,off,2.0,mean,-0.01608929270676107,0.77,9.739485303664944,8.093428389089986,8.093428389089986,8.060996635333815,1.2082234671794552,1.19746417099677,1.2189019812977315,1.203381908808121,1.1844161356317198,1.2199274185177107,1.203381908808121,1.1844161356317198,1.2199274185177107,34.75367182073504,0.2802433467721844,0.27023038086575474,0.2903261414417181,8.227848170694262,1.1837220499953793,1.166596459043844,1.1977593355041989
power,det_nonpar_dt50ns_ap0.01_tau100ns,nv_charge_readout_master_v1_4,thin_all_counts,1,P2.000,2.0,2.0,1.0,74.73019645888917,0.9241717873829185,7.77506003982318,21.521555298034922,0.11395933423381457,1.348778346121057,4448.469993053612,0.0,0.1,off,2.0,mean,-0.01608929270676107,0.78,10.355115220908019,8.520736369298513,8.520736369298513,8.467853970523691,1.222873617914742,1.2108949241125457,1.235318829844609,1.2152840754725198,1.1978132343261803,1.2317264956842657,1.2152840754725198,1.1978132343261803,1.2317264956842657,34.75367182073504,0.29795744387302,0.2875047686417768,0.30953508659130635,8.624662730186834,1.2006400186136552,1.1849687923318852,1.2161774182887721
power,det_nonpar_dt50ns_ap0.01_tau100ns,nv_charge_readout_master_v1_4,thin_all_counts,1,P2.000,2.0,2.0,1.0,74.73019645888917,0.9241717873829185,7.77506003982318,21.521555298034922,0.11395933423381457,1.348778346121057,4448.469993053612,0.0,0.1,off,2.0,mean,-0.01608929270676107,0.79,11.031170603385407,8.970604888894282,8.970604888894282,8.895246346067294,1.2401197419633503,1.1666602946837643,1.249624071544137,1.2297019810829177,1.2120713681184323,1.2418258481990734,1.2297019810829177,1.2120713681184323,1.2418258481990734,34.75367182073504,0.3174102195671852,0.3059475108170274,0.3303318478564728,9.021477289679407,1.2227676520346722,1.205378793556769,1.2363046621161122
power,det_nonpar_dt50ns_ap0.01_tau100ns,nv_charge_readout_master_v1_4,thin_all_counts,1,P2.000,2.0,2.0,1.0,74.73019645888917,0.9241717873829185,7.77506003982318,21.521555298034922,0.11395933423381457,1.348778346121057,4448.469993053612,0.0,0.1,off,2.0,mean,-0.01608929270676107,0.8,11.765134835940882,9.444225074561132,9.444225074561132,9.62477050325391,1.2223808174920499,1.187518489470647,1.2481685865639547,1.2457490946114076,1.004133877789379,1.2530125078043723,1.2457490946114076,1.004133877789379,1.2530125078043723,34.75367182073504,0.33852926092607755,0.3266976976627545,0.3521566109118503,9.47437521140701,1.2417847692770108,1.2300399390942798,1.2529764861045611
power,det_nonpar_dt50ns_ap0.01_tau100ns,nv_charge_readout_master_v1_4,thin_all_counts,1,P2.000,2.0,2.0,1.0,74.73019645888917,0.9241717873829185,7.77506003982318,21.521555298034922,0.11395933423381457,1.348778346121057,4448.469993053612,0.0,0.1,off,2.0,mean,-0.01608929270676107,0.81,12.562216144734135,12.380981765415521,12.380981765415521,10.387829338792221,1.2093206130968963,1.1584870916663514,1.2610593488593984,1.014638126664952,1.004659443412566,1.0297780614886909,1.014638126664952,1.004659443412566,1.0297780614886909,34.75367182073504,0.36146442912656945,0.3486587543810765,0.3759072017883727,10.073089874945694,1.247106528452558,1.233333523794764,1.2605339030711948
power,det_nonpar_dt50ns_ap0.01_tau100ns,nv_charge_readout_master_v1_4,thin_all_counts,1,P2.000,2.0,2.0,1.0,74.73019645888917,0.9241717873829185,7.77506003982318,21.521555298034922,0.11395933423381457,1.348778346121057,4448.469993053612,0.0,0.1,off,2.0,mean,-0.01608929270676107,0.82,13.432386227646495,13.002223060286173,13.002223060286173,11.354584471151048,1.1829923201306558,1.1774537013816508,1.2345052250465227,1.0330838169262153,1.0200239767251198,1.0503624507267326,1.0330838169262153,1.0200239767251198,1.0503624507267326,34.75367182073504,0.3865026491857573,0.3738889353538934,0.40249759759750414,10.671804538484373,1.258679933577024,1.2436387731850718,1.2757002259026793
power,det_nonpar_dt50ns_ap0.01_tau100ns,nv_charge_readout_master_v1_4,thin_all_counts,1,P2.000,2.0,2.0,1.0,74.73019645888917,0.9241717873829185,7.77506003982318,21.521555298034922,0.11395933423381457,1.348778346121057,4448.469993053612,0.0,0.1,off,2.0,mean,-0.01608929270676107,0.83,14.361729674386286,13.654636418387769,13.654636418387769,11.360660585923153,1.2641632558041316,1.2255185924757466,1.295343210744508,1.0517841145185178,1.033363639169121,1.07099969637452,1.0517841145185178,1.033363639169121,1.07099969637452,34.75367182073504,0.41324351994996006,0.3996868472777155,0.42872196176331345,11.270519202023058,1.2742740078743093,1.2580898725245293,1.2919461271697443
power,det_nonpar_dt50ns_ap0.01_tau100ns,nv_charge_readout_master_v1_4,thin_all_counts,1,P2.000,2.0,2.0,1.0,74.73019645888917,0.9241717873829185,7.77506003982318,21.521555298034922,0.11395933423381457,1.348778346121057,4448.469993053612,0.0,0.1,off,2.0,mean,-0.01608929270676107,0.84,15.353155929027618,14.339785962282814,14.339785962282814,12.071235574065643,1.2718794057845242,1.2387584323040064,1.3062732805492605,1.0706684164889364,1.0516306578291579,1.0943253703183602,1.0706684164889364,1.0516306578291579,1.0943253703183602,34.75367182073504,0.44177075758272777,0.4282106742228736,0.45741527294952555,11.869233865561744,1.293525437524184,1.2790215078298712,1.3084884594282402
power,det_nonpar_dt50ns_ap0.01_tau100ns,nv_charge_readout_master_v1_4,thin_all_counts,1,P2.000,2.0,2.0,1.0,74.73019645888917,0.9241717873829185,7.77506003982318,21.521555298034922,0.11395933423381457,1.348778346121057,4448.469993053612,0.0,0.1,off,2.0,mean,-0.01608929270676107,0.85,16.436988177786613,15.059314297609278,15.059314297609278,12.617545177790447,1.3027088824472128,1.2812721114035854,1.3232751033218133,1.0914831746619462,1.0672811176922978,1.120161656257578,1.0914831746619462,1.0672811176922978,1.120161656257578,34.75367182073504,0.47295687956573934,0.45687693226479775,0.49132956735479516,12.467948529100429,1.3183394316572907,1.3015249531649664,1.3335138383674807
power,det_nonpar_dt50ns_ap0.01_tau100ns,nv_charge_readout_master_v1_4,thin_all_counts,1,P2.000,2.0,2.0,1.0,74.73019645888917,0.9241717873829185,7.77506003982318,21.521555298034922,0.11395933423381457,1.348778346121057,4448.469993053612,0.0,0.1,off,2.0,mean,-0.01608929270676107,0.86,17.67747582811435,15.814946451130748,15.814946451130748,13.443325059951011,1.3149630578209621,1.2949558152661582,1.339303523508653,1.1177701981311756,1.0907011209697295,1.1478423792289127,1.1177701981311756,1.0907011209697295,1.1478423792289127,34.75367182073504,0.5086505943687786,0.49115385227393443,0.530048979941885,13.29941322119348,1.329192163150788,1.31432597988701,1.3460878280081574
power,det_nonpar_dt50ns_ap0.01_tau100ns,nv_charge_readout_master_v1_4,thin_all_counts,1,P2.000,2.0,2.0,1.0,74.73019645888917,0.9241717873829185,7.77506003982318,21.521555298034922,0.11395933423381457,1.348778346121057,4448.469993053612,0.0,0.1,off,2.0,mean,-0.01608929270676107,0.87,19.09524918209803,16.60849400638643,16.60849400638643,14.02085393834053,1.3619177024504465,1.3326910459214485,1.38650069681398,1.1497279148100588,1.1152032411333326,1.1877795187229971,1.1497279148100588,1.1152032411333326,1.1877795187229971,34.75367182073504,0.5494455170260673,0.5275537488522911,0.5756904428098653,14.240127926689606,1.3409464634309005,1.3190997503129938,1.3639169941692586
power,det_nonpar_dt50ns_ap0.01_tau100ns,nv_charge_readout_master_v1_4,thin_all_counts,1,P2.000,2.0,2.0,1.0,74.73019645888917,0.9241717873829185,7.77506003982318,21.521555298034922,0.11395933423381457,1.348778346121057,4448.469993053612,0.0,0.1,off,2.0,mean,-0.01608929270676107,0.88,20.826963654610598,17.441859446855833,17.441859446855833,15.05195691388595,1.383671490276258,1.3688075931336492,1.410004539749817,1.1940793192416754,1.156015219443083,1.2321749403497106,1.1940793192416754,1.156015219443083,1.2321749403497106,34.75367182073504,0.5992737619794358,0.5752631423770008,0.6270534481763188,15.180842632185733,1.3719240861145754,1.3486898101397824,1.3981401161425695
power,det_nonpar_dt50ns_ap0.01_tau100ns,nv_charge_readout_master_v1_4,thin_all_counts,1,P2.000,2.0,2.0,1.0,74.73019645888917,0.9241717873829185,7.77506003982318,21.521555298034922,0.11395933423381457,1.348778346121057,4448.469993053612,0.0,0.1,off,2.0,mean,-0.01608929270676107,0.89,22.692623879411467,18.317040717050777,18.317040717050777,16.069319938755733,1.4121707680162465,1.3966853747491697,1.427255814572708,1.238880462731493,1.2038061238728544,1.2730910214104187,1.238880462731493,1.2038061238728544,1.2730910214104187,34.75367182073504,0.6529561537112862,0.6270901176126227,0.6820868818018738,16.121557337681857,1.4075950234888706,1.3836857800110605,1.4317389641809488
power,det_nonpar_dt50ns_ap0.01_tau100ns,nv_charge_readout_master_v1_4,thin_all_counts,1,P2.000,2.0,2.0,1.0,74.73019645888917,0.9241717873829185,7.77506003982318,21.521555298034922,0.11395933423381457,1.348778346121057,4448.469993053612,0.0,0.1,off,2.0,mean,-0.01608929270676107,0.9,24.790603663492227,19.236136012469572,19.236136012469572,17.1403966457911,1.446326136774651,1.419655801728537,1.4943317865552603,1.2887517351417168,1.2522643221803895,1.3586538199627027,1.2887517351417168,1.2522643221803895,1.3586538199627027,34.75367182073504,0.7133232940497941,0.6829874721370451,0.7694457451210486,17.136672908753393,1.44664041821264,1.4184991154345903,1.5044821291518737
power,det_nonpar_dt50ns_ap0.01_tau100ns,nv_charge_readout_master_v1_4,thin_all_counts,1,P2.000,2.0,2.0,1.0,74.73019645888917,0.9241717873829185,7.77506003982318,21.521555298034922,0.11395933423381457,1.348778346121057,4448.469993053612,0.0,0.1,off,2.0,mean,-0.01608929270676107,0.91,28.994523279288963,20.201348809896995,20.201348809896995,19.004662352621196,1.5256531655922805,1.4767474211518083,1.6659682372583742,1.4352766021783672,1.3494289153367398,1.5498571744725853,1.4352766021783672,1.3494289153367398,1.5498571744725853,34.75367182073504,0.8342866166443453,0.7764209170654813,0.9346172579403051,18.842653660167986,1.5387706955831437,1.4721349902102254,1.6894224352412932
power,det_nonpar_dt50ns_ap0.01_tau100ns,nv_charge_readout_master_v1_4,thin_all_counts,1,P2.000,2.0,2.0,1.0,74.73019645888917,0.9241717873829185,7.77506003982318,21.521555298034922,0.11395933423381457,1.348778346121057,4448.469993053612,0.0,0.1,off,2.0,mean,-0.01608929270676107,0.92,39.01896388691758,44.32307318448993,44.29161983932368,23.226639783730263,1.6799228924301606,1.4963108074474891,1.7034668339612504,0.8803307416095771,0.8610686007930949,0.9007982853058311,0.8809559015557872,0.8639052730697969,0.9021217121929405,35.31214613633547,1.1049728820296163,1.0477031908053225,1.1262476153569057,20.548634411582583,1.8988592188356754,1.80726353607773,1.9401894697367674
power,det_nonpar_dt50ns_ap0.01_tau100ns,nv_charge_readout_master_v1_4,thin_all_counts,1,P2.000,2.0,2.0,1.0,74.73019645888917,0.9241717873829185,7.77506003982318,21.521555298034922,0.11395933423381457,1.348778346121057,4448.469993053612,0.0,0.1,off,2.0,mean,-0.01608929270676107,0.93,42.638619008502396,46.503381489931,46.431644685226175,26.632512311450547,1.6009987533233987,1.5475327830709464,1.6427747314539303,0.9168928719244769,0.8951186260163105,0.9442951122301879,0.9183094697067523,0.8990743767625233,0.9458540227130119,36.50673422689656,1.1679658537379696,1.1394280449723795,1.2021466307423219,22.254615162997176,1.9159450161779374,1.8642437732735755,1.9682294919070278
power,det_nonpar_dt50ns_ap0.01_tau100ns,nv_charge_readout_master_v1_4,thin_all_counts,1,P2.000,2.0,2.0,1.0,74.73019645888917,0.9241717873829185,7.77506003982318,21.521555298034922,0.11395933423381457,1.348778346121057,4448.469993053612,0.0,0.1,off,2.0,mean,-0.01608929270676107,0.94,46.25629810439404,48.790941932131354,48.675068466586254,27.865068906366727,1.6600101819172322,1.6198373636013592,1.697584029832788,0.9480509347152383,0.9255380666331738,0.9682873098472984,0.9503078179776446,0.9290003933884656,0.9710935333951211,37.741734494633185,1.2256007500389685,1.1982567432587048,1.2514093015488235,23.96059591441175,1.9305153456793591,1.8465482541411635,1.9774725913075633
power,det_nonpar_dt50ns_ap0.01_tau100ns,nv_charge_readout_master_v1_4,thin_all_counts,1,P2.000,2.0,2.0,1.0,74.73019645888917,0.9241717873829185,7.77506003982318,21.521555298034922,0.11395933423381457,1.348778346121057,4448.469993053612,0.0,0.1,off,2.0,mean,-0.01608929270676107,0.95,50.51724483540084,51.19103038001781,51.02688707860318,28.541057445353424,1.769985044601955,1.7000628313337818,1.8277391778455336,0.986837820227194,0.9600913362458362,1.0248587646463925,0.9900122803411998,0.9633239063580749,1.0262150657410674,39.01851405853557,1.2946993511750569,1.2603168983753674,1.3444305922694675,27.86599641789314,1.8128633937153247,1.7523837727885956,1.8832089125372051
power,det_nonpar_dt50ns_ap0.01_tau100ns,nv_charge_readout_master_v1_4,thin_all_counts,1,P2.000,2.0,2.0,1.0,74.73019645888917,0.9241717873829185,7.77506003982318,21.521555298034922,0.11395933423381457,1.348778346121057,4448.469993053612,0.0,0.1,off,2.0,mean,-0.01608929270676107,0.96,60.02122330082551,53.7091822292153,53.49233780163863,51.53322094247773,1.1647093312452221,1.0936767618275172,1.6059878574553157,1.117522568946819,1.056252973001125,1.1921093500763211,1.1220527232030395,1.0598886134596428,1.196872876609267,43.536653691895545,1.3786365788604145,1.3044224277861896,1.4563551859790365,31.883776032794017,1.8825004679210755,1.7831687145731459,1.9845147157975944
power,det_nonpar_dt50ns_ap0.01_tau100ns,nv_charge_readout_master_v1_4,thin_all_counts,1,P2.000,2.0,2.0,1.0,74.73019645888917,0.9241717873829185,7.77506003982318,21.521555298034922,0.11395933423381457,1.348778346121057,4448.469993053612,0.0,0.1,off,2.0,mean,-0.01608929270676107,0.97,nan,nan,131.1830403774268,60.49550501191122,nan,1.1441207348497104,1.9010766207573442,nan,nan,nan,nan,0.6645803224541362,1.5515441143741082,53.990930901294085,nan,1.6353721040620819,1.936971776261149,39.112414989902106,nan,2.2550497218058645,2.6720719403425948
power,det_nonpar_dt50ns_ap0.01_tau100ns,nv_charge_readout_master_v1_4,thin_all_counts,1,P2.000,2.0,2.0,1.0,74.73019645888917,0.9241717873829185,7.77506003982318,21.521555298034922,0.11395933423381457,1.348778346121057,4448.469993053612,0.0,0.1,off,2.0,mean,-0.01608929270676107,0.98,nan,nan,nan,nan,nan,nan,nan,nan,nan,nan,nan,nan,nan,nan,nan,nan,nan,nan,nan,nan,nan
power,det_nonpar_dt50ns_ap0.01_tau100ns,nv_charge_readout_master_v1_4,thin_all_counts,1,P2.000,2.0,2.0,1.0,74.73019645888917,0.9241717873829185,7.77506003982318,21.521555298034922,0.11395933423381457,1.348778346121057,4448.469993053612,0.0,0.1,off,2.0,mean,-0.01608929270676107,0.99,nan,nan,nan,nan,nan,nan,nan,nan,nan,nan,nan,nan,nan,nan,nan,nan,nan,nan,nan,nan,nan
power,det_nonpar_dt50ns_ap0.01_tau100ns,nv_charge_readout_master_v1_4,thin_all_counts,2,P4.000,4.0,4.0,1.0,37.306330022850005,0.9253066922092468,7.6135460406413324,15.13912743536896,0.1160962041976319,5.219059896625113,1149.6323320374,0.0,0.1,off,2.0,mean,-0.029301877801522824,0.55,0.6446827971883636,2.112596950196027,2.112596950196027,0.6212639631253714,1.037695465137202,1.0205167187390896,1.0606968192463093,0.3051612836648958,0.28356689240171384,0.32964629581553107,0.3051612836648958,0.28356689240171384,0.32964629581553107,8.981502594041087,0.07177894683413977,0.06645641154335444,0.07781392428003579,0.6355070918258261,1.0144383996348105,0.9942558376750075,1.0508005188749125
power,det_nonpar_dt50ns_ap0.01_tau100ns,nv_charge_readout_master_v1_4,thin_all_counts,2,P4.000,4.0,4.0,1.0,37.306330022850005,0.9253066922092468,7.6135460406413324,15.13912743536896,0.1160962041976319,5.219059896625113,1149.6323320374,0.0,0.1,off,2.0,mean,-0.029301877801522824,0.56,0.7865250563761025,2.112596950196027,2.112596950196027,0.7542394819611917,1.042805468537607,1.0203175060305152,1.0630686081728924,0.3723024670196183,0.34761577807282834,0.4007854205721721,0.3723024670196183,0.34761577807282834,0.4007854205721721,8.981502594041087,0.08757165609437494,0.08144103413033411,0.09458029163642206,0.7708534579245407,1.0203301915434826,0.9973998498802578,1.0629923191136414
power,det_nonpar_dt50ns_ap0.01_tau100ns,nv_charge_readout_master_v1_4,thin_all_counts,2,P4.000,4.0,4.0,1.0,37.306330022850005,0.9253066922092468,7.6135460406413324,15.13912743536896,0.1160962041976319,5.219059896625113,1149.6323320374,0.0,0.1,off,2.0,mean,-0.029301877801522824,0.57,0.939369061171226,2.112596950196027,2.112596950196027,0.9008987056268175,1.0427021987090568,1.0269243864507411,1.0645549284529205,0.4446513382896166,0.41438569114284146,0.4724470766491033,0.4446513382896166,0.41438569114284146,0.4724470766491033,8.981502594041087,0.1045892990995142,0.09698343228134888,0.11152469112972666,0.906199824023254,1.0366025641019334,1.0166783286940833,1.0756690493110188
power,det_nonpar_dt50ns_ap0.01_tau100ns,nv_charge_readout_master_v1_4,thin_all_counts,2,P4.000,4.0,4.0,1.0,37.306330022850005,0.9253066922092468,7.6135460406413324,15.13912743536896,0.1160962041976319,5.219059896625113,1149.6323320374,0.0,0.1,off,2.0,mean,-0.029301877801522824,0.58,1.0963194150027908,2.112596950196027,2.112596950196027,1.0165067466733133,1.07851661446486,1.053663929490652,1.099385619912203,0.5189439542176106,0.48408390421374475,0.549738825943274,0.5189439542176106,0.48408390421374475,0.549738825943274,8.981502594041087,0.12206414277830976,0.11350999218301899,0.12964214537096191,1.0415461901219687,1.0525883781250336,1.0334364870679995,1.0871512311171811
power,det_nonpar_dt50ns_ap0.01_tau100ns,nv_charge_readout_master_v1_4,thin_all_counts,2,P4.000,4.0,4.0,1.0,37.306330022850005,0.9253066922092468,7.6135460406413324,15.13912743536896,0.1160962041976319,5.219059896625113,1149.6323320374,0.0,0.1,off,2.0,mean,-0.029301877801522824,0.59,1.2582002282751994,2.112596950196027,2.112596950196027,1.1469502171317196,1.0969963730611538,1.0712724850686597,1.114236021415032,0.5955704083348465,0.5579781715211752,0.6219794748150598,0.5955704083348465,0.5579781715211752,0.6219794748150598,8.981502594041087,0.1400879435374178,0.13084828055240305,0.14649288351283588,1.1768925562206836,1.0690867417121037,1.0464920760425007,1.0961577659384871
power,det_nonpar_dt50ns_ap0.01_tau100ns,nv_charge_readout_master_v1_4,thin_all_counts,2,P4.000,4.0,4.0,1.0,37.306330022850005,0.9253066922092468,7.6135460406413324,15.13912743536896,0.1160962041976319,5.219059896625113,1149.6323320374,0.0,0.1,off,2.0,mean,-0.029301877801522824,0.6,1.3937951172716798,2.112596950196027,2.112596950196027,1.2941328770159897,1.0770108247968255,1.058736592365444,1.0948050093060542,0.6597543924042634,0.6287931072516919,0.6894345567896484,0.6597543924042634,0.6287931072516919,0.6894345567896484,8.981502594041087,0.15518507094752876,0.14737957319046718,0.16247120380947294,1.3122389223193984,1.0621504160295214,1.0502627099310904,1.0887509039354946
power,det_nonpar_dt50ns_ap0.01_tau100ns,nv_charge_readout_master_v1_4,thin_all_counts,2,P4.000,4.0,4.0,1.0,37.306330022850005,0.9253066922092468,7.6135460406413324,15.13912743536896,0.1160962041976319,5.219059896625113,1149.6323320374,0.0,0.1,off,2.0,mean,-0.029301877801522824,0.61,1.5360813028635525,2.112596950196027,2.112596950196027,1.440094437633883,1.0666531740705691,1.057948763623664,1.0780411234145229,0.727105708791741,0.6923998733794341,0.7594913355494232,0.727105708791741,0.6923998733794341,0.7594913355494232,8.981502594041087,0.17102720694894513,0.16234018729184985,0.1793651760707548,1.447585288418113,1.0611335409066955,1.0532784846124634,1.0817306617833
power,det_nonpar_dt50ns_ap0.01_tau100ns,nv_charge_readout_master_v1_4,thin_all_counts,2,P4.000,4.0,4.0,1.0,37.306330022850005,0.9253066922092468,7.6135460406413324,15.13912743536896,0.1160962041976319,5.219059896625113,1149.6323320374,0.0,0.1,off,2.0,mean,-0.029301877801522824,0.62,1.6842046033554927,2.112596950196027,2.112596950196027,1.564815256021457,1.0762961294469886,1.0636625603564056,1.0887677904425022,0.7972200296886806,0.7602238363328239,0.8294398095505104,0.7972200296886806,0.7602238363328239,0.8294398095505104,8.981502594041087,0.1875192469991495,0.17830824743923437,0.19557645469096485,1.5829664373772943,1.0639547141289571,1.0584344724770467,1.0790168473624746
power,det_nonpar_dt50ns_ap0.01_tau100ns,nv_charge_readout_master_v1_4,thin_all_counts,2,P4.000,4.0,4.0,1.0,37.306330022850005,0.9253066922092468,7.6135460406413324,15.13912743536896,0.1160962041976319,5.219059896625113,1149.6323320374,0.0,0.1,off,2.0,mean,-0.029301877801522824,0.63,1.837241379189623,2.112596950196027,2.112596950196027,1.7003376455648949,1.0805156164023206,1.0678657339055482,1.0946079643188544,0.8696601493338073,0.8331997746411478,0.9047431013507065,0.8696601493338073,0.8331997746411478,0.9047431013507065,8.981502594041087,0.20455835312106554,0.19535684265612335,0.21356804783553746,1.7188136766667272,1.0689008379038274,1.0613770613031492,1.0806464935196503
power,det_nonpar_dt50ns_ap0.01_tau100ns,nv_charge_readout_master_v1_4,thin_all_counts,2,P4.000,4.0,4.0,1.0,37.306330022850005,0.9253066922092468,7.6135460406413324,15.13912743536896,0.1160962041976319,5.219059896625113,1149.6323320374,0.0,0.1,off,2.0,mean,-0.029301877801522824,0.64,2.009662065851972,2.112596950196027,2.112596950196027,1.8475970871321352,1.087716623850818,1.0768323634821027,1.0954606704249357,0.9512756636638598,0.9072862985649292,0.9937597852524973,0.9512756636638598,0.9072862985649292,0.9937597852524973,8.981502594041087,0.2237556627980392,0.21277895399687338,0.2345968564033427,1.861864699010572,1.0793813680016286,1.0675201694855725,1.0914290878568256
power,det_nonpar_dt50ns_ap0.01_tau100ns,nv_charge_readout_master_v1_4,thin_all_counts,2,P4.000,4.0,4.0,1.0,37.306330022850005,0.9253066922092468,7.6135460406413324,15.13912743536896,0.1160962041976319,5.219059896625113,1149.6323320374,0.0,0.1,off,2.0,mean,-0.029301877801522824,0.65,2.183296009111912,2.112596950196027,2.112596950196027,2.112596950196027,1.0334654742871445,1.0077273595569127,1.0951169550450468,1.0334654742871445,0.9901840709401529,1.0722647446890101,1.0334654742871445,0.9901840709401529,1.0722647446890101,8.981502594041087,0.24308805639720601,0.23189266452672955,0.2530745862756119,2.0224106230579886,1.0795512959730484,1.065495144030339,1.0921361177395468
power,det_nonpar_dt50ns_ap0.01_tau100ns,nv_charge_readout_master_v1_4,thin_all_counts,2,P4.000,4.0,4.0,1.0,37.306330022850005,0.9253066922092468,7.6135460406413324,15.13912743536896,0.1160962041976319,5.219059896625113,1149.6323320374,0.0,0.1,off,2.0,mean,-0.029301877801522824,0.66,2.354781341259633,2.3458624914485493,2.3458624914485493,2.1882375742446696,1.0761086314279429,1.0456208643958265,1.101234656355051,1.0038019491098034,0.99705214353242,1.0999570099454907,1.0038019491098034,0.99705214353242,1.0999570099454907,8.981502594041087,0.26218122375446934,0.24968786212452626,0.27254536742484003,2.182956547105405,1.078711962627963,1.0626003099544443,1.0936926290132079
power,det_nonpar_dt50ns_ap0.01_tau100ns,nv_charge_readout_master_v1_4,thin_all_counts,2,P4.000,4.0,4.0,1.0,37.306330022850005,0.9253066922092468,7.6135460406413324,15.13912743536896,0.1160962041976319,5.219059896625113,1149.6323320374,0.0,0.1,off,2.0,mean,-0.029301877801522824,0.67,2.5315314239469306,2.4693365253191724,2.4693365253191724,2.371071214118711,1.0676741419122076,1.046845713415039,1.0949476932543778,1.0251868864328726,1.0103988048629864,1.041342398399311,1.0251868864328726,1.0103988048629864,1.041342398399311,8.981502594041087,0.28186056814441196,0.2688066291748847,0.2923146417183703,2.3435024711528216,1.0802341602403402,1.0637722952466653,1.0962238492421919
power,det_nonpar_dt50ns_ap0.01_tau100ns,nv_charge_readout_master_v1_4,thin_all_counts,2,P4.000,4.0,4.0,1.0,37.306330022850005,0.9253066922092468,7.6135460406413324,15.13912743536896,0.1160962041976319,5.219059896625113,1149.6323320374,0.0,0.1,off,2.0,mean,-0.029301877801522824,0.68,2.7192320007547326,2.599309591889223,2.599309591889223,2.450674872665989,1.1095849682404386,1.084224336510603,1.1219662496462772,1.046136254503777,1.0285191866638472,1.0652916637316057,1.046136254503777,1.0285191866638472,1.0652916637316057,8.981502594041087,0.30275913994155584,0.28924788673311524,0.3143404030078658,2.504048395200238,1.0859342838448964,1.0679249288049872,1.1038318052603062
power,det_nonpar_dt50ns_ap0.01_tau100ns,nv_charge_readout_master_v1_4,thin_all_counts,2,P4.000,4.0,4.0,1.0,37.306330022850005,0.9253066922092468,7.6135460406413324,15.13912743536896,0.1160962041976319,5.219059896625113,1149.6323320374,0.0,0.1,off,2.0,mean,-0.029301877801522824,0.69,2.9169230652626363,2.7361237665303717,2.7361237665303717,2.591610457951585,1.1255252718682804,1.1173953268215695,1.1367988363774377,1.0660786258808508,1.046653440883384,1.0890267693702715,1.0660786258808508,1.046653440883384,1.0890267693702715,8.981502594041087,0.32477005208437093,0.3110034635997698,0.3381050807877571,2.6645943192476524,1.0946968715621328,1.0766110554373658,1.1124238295470636
power,det_nonpar_dt50ns_ap0.01_tau100ns,nv_charge_readout_master_v1_4,thin_all_counts,2,P4.000,4.0,4.0,1.0,37.306330022850005,0.9253066922092468,7.6135460406413324,15.13912743536896,0.1160962041976319,5.219059896625113,1149.6323320374,0.0,0.1,off,2.0,mean,-0.029301877801522824,0.7,3.129912368890175,2.8801391296875596,2.8801391296875596,2.7572129473159275,1.1351725197493578,1.1211526044637858,1.1502389097729724,1.0867226296910562,1.064160455116212,1.1115520473692082,1.0867226296910562,1.064160455116212,1.1115520473692082,8.981502594041087,0.34848426932112253,0.3332907289836524,0.36322472142233064,2.825140243295069,1.1078785827777662,1.0878946742887692,1.1240363502106077
power,det_nonpar_dt50ns_ap0.01_tau100ns,nv_charge_readout_master_v1_4,thin_all_counts,2,P4.000,4.0,4.0,1.0,37.306330022850005,0.9253066922092468,7.6135460406413324,15.13912743536896,0.1160962041976319,5.219059896625113,1149.6323320374,0.0,0.1,off,2.0,mean,-0.029301877801522824,0.71,3.3638517935384313,3.0317347145726545,3.0317347145726545,2.9333973450837973,1.1467426324551806,1.1324342908771672,1.1633386656216533,1.1095468799988957,1.0846462460395552,1.1365123870398257,1.1095468799988957,1.0846462460395552,1.1365123870398257,8.981502594041087,0.37453107186877943,0.35772574296382514,0.39102686958030347,2.9856861673424855,1.1266595365354644,1.1093446645993625,1.140842354610285
power,det_nonpar_dt50ns_ap0.01_tau100ns,nv_charge_readout_master_v1_4,thin_all_counts,2,P4.000,4.0,4.0,1.0,37.306330022850005,0.9253066922092468,7.6135460406413324,15.13912743536896,0.1160962041976319,5.219059896625113,1149.6323320374,0.0,0.1,off,2.0,mean,-0.029301877801522824,0.72,3.610919809356097,3.191309504739804,3.191309504739804,3.120839829408617,1.1570346466772528,1.14406406098184,1.169459009386869,1.1314853053246883,1.1058509755898351,1.1540432063346715,1.1314853053246883,1.1058509755898351,1.1540432063346715,8.981502594041087,0.4020396110280941,0.38486022147881466,0.41945478964089855,3.1462320913899022,1.1476965794220575,1.1348518349669756,1.1557145860695195
power,det_nonpar_dt50ns_ap0.01_tau100ns,nv_charge_readout_master_v1_4,thin_all_counts,2,P4.000,4.0,4.0,1.0,37.306330022850005,0.9253066922092468,7.6135460406413324,15.13912743536896,0.1160962041976319,5.219059896625113,1149.6323320374,0.0,0.1,off,2.0,mean,-0.029301877801522824,0.73,3.8683523720468354,3.3592834841679697,3.3592834841679697,3.3202597858576093,1.1650752114409193,1.1579944009225425,1.1720628879358792,1.151540913494817,1.1293892870564204,1.1753434823926716,1.151540913494817,1.1293892870564204,1.1753434823926716,8.981502594041087,0.43070213826062376,0.41324829166437965,0.44862082278194004,3.353309048419696,1.1535925607184527,1.1424598330834521,1.1662886932796332
power,det_nonpar_dt50ns_ap0.01_tau100ns,nv_charge_readout_master_v1_4,thin_all_counts,2,P4.000,4.0,4.0,1.0,37.306330022850005,0.9253066922092468,7.6135460406413324,15.13912743536896,0.1160962041976319,5.219059896625113,1149.6323320374,0.0,0.1,off,2.0,mean,-0.029301877801522824,0.74,4.137473865899025,3.536098742614365,3.536098742614365,3.5186367604011197,1.1758741091045042,1.1680440953974054,1.1844189230835946,1.1700674011269385,1.1478702233772493,1.189877290037127,1.1700674011269385,1.1478702233772493,1.189877290037127,8.981502594041087,0.46066611043948197,0.4415873238624754,0.4797582712743337,3.5678910107692285,1.1596413268820664,1.1456310565408714,1.1738251596693647
power,det_nonpar_dt50ns_ap0.01_tau100ns,nv_charge_readout_master_v1_4,thin_all_counts,2,P4.000,4.0,4.0,1.0,37.306330022850005,0.9253066922092468,7.6135460406413324,15.13912743536896,0.1160962041976319,5.219059896625113,1149.6323320374,0.0,0.1,off,2.0,mean,-0.029301877801522824,0.75,4.418396653341076,3.722220639147963,3.722220639147963,3.7213212577279084,1.187319327554852,1.1788898157239358,1.1962924805644861,1.1870324415675884,1.1661171673850714,1.207759505203451,1.1870324415675884,1.1661171673850714,1.207759505203451,8.981502594041087,0.49194403799120734,0.47271350622603225,0.5126909787460742,3.7824729731187605,1.1681237869356083,1.1538707417328626,1.1860552924557095
power,det_nonpar_dt50ns_ap0.01_tau100ns,nv_charge_readout_master_v1_4,thin_all_counts,2,P4.000,4.0,4.0,1.0,37.306330022850005,0.9253066922092468,7.6135460406413324,15.13912743536896,0.1160962041976319,5.219059896625113,1149.6323320374,0.0,0.1,off,2.0,mean,-0.029301877801522824,0.76,4.70873500864305,3.9181390269253695,3.9181390269253695,4.576483016001924,1.0288981718447767,1.0140653047172252,1.2006305523224376,1.2017784402964573,1.183605924520054,1.218398300349989,1.2017784402964573,1.183605924520054,1.218398300349989,8.981502594041087,0.5242702943455286,0.5031268428065979,0.544250687575082,3.997054935468293,1.178051111296867,1.1626276830406914,1.1935811283147504
power,det_nonpar_dt50ns_ap0.01_tau100ns,nv_charge_readout_master_v1_4,thin_all_counts,2,P4.000,4.0,4.0,1.0,37.306330022850005,0.9253066922092468,7.6135460406413324,15.13912743536896,0.1160962041976319,5.219059896625113,1149.6323320374,0.0,0.1,off,2.0,mean,-0.029301877801522824,0.77,5.009698774037412,4.12436954243255,4.12436954243255,4.576483016001924,1.094661283898733,1.0599083364434663,1.1305441104310872,1.2146580762214376,1.2003374932374566,1.2298692373977431,1.2146580762214376,1.2003374932374566,1.2298692373977431,8.981502594041087,0.5577795832694156,0.5381971809977361,0.5781541701320877,4.211636897817825,1.1894897151824952,1.1744870878565112,1.2072806336522097
power,det_nonpar_dt50ns_ap0.01_tau100ns,nv_charge_readout_master_v1_4,thin_all_counts,2,P4.000,4.0,4.0,1.0,37.306330022850005,0.9253066922092468,7.6135460406413324,15.13912743536896,0.1160962041976319,5.219059896625113,1149.6323320374,0.0,0.1,off,2.0,mean,-0.029301877801522824,0.78,5.322454887338117,4.341454962585555,4.341454962585555,4.576483016001924,1.1630011230737363,1.1249246487071038,1.1975158995534683,1.2259610967306516,1.213758852081688,1.236622769901221,1.2259610967306516,1.213758852081688,1.236622769901221,8.981502594041087,0.5926018315542635,0.571280259637111,0.6123501375746857,4.426218860167357,1.2024834413942362,1.1859644249088568,1.2169211523998225
power,det_nonpar_dt50ns_ap0.01_tau100ns,nv_charge_readout_master_v1_4,thin_all_counts,2,P4.000,4.0,4.0,1.0,37.306330022850005,0.9253066922092468,7.6135460406413324,15.13912743536896,0.1160962041976319,5.219059896625113,1149.6323320374,0.0,0.1,off,2.0,mean,-0.029301877801522824,0.79,5.645910224199003,4.569966633261982,4.569966633261982,4.576483016001924,1.2336788325134755,1.1883536346503958,1.2387616741792449,1.2354379533333761,0.9989014712883354,1.2441382799344365,1.2354379533333761,0.9989014712883354,1.2441382799344365,8.981502594041087,0.6286153307960816,0.6063969361575452,0.6493724439633622,4.64080082251689,1.2165810255862268,1.2023725183341967,1.2299705596432753
power,det_nonpar_dt50ns_ap0.01_tau100ns,nv_charge_readout_master_v1_4,thin_all_counts,2,P4.000,4.0,4.0,1.0,37.306330022850005,0.9253066922092468,7.6135460406413324,15.13912743536896,0.1160962041976319,5.219059896625113,1149.6323320374,0.0,0.1,off,2.0,mean,-0.029301877801522824,0.8,5.990690331248463,5.885859980869857,5.885859980869857,5.12396140812706,1.169152117685097,1.1498577734367363,1.245938706513279,1.0178105409777543,1.0068123480791138,1.030769534470733,1.0178105409777543,1.0068123480791138,1.030769534470733,8.981502594041087,0.6670031287663466,0.6439444025919895,0.6891221556198989,4.855382784866422,1.23382451944276,1.2197028673647645,1.2451995761496513
power,det_nonpar_dt50ns_ap0.01_tau100ns,nv_charge_readout_master_v1_4,thin_all_counts,2,P4.000,4.0,4.0,1.0,37.306330022850005,0.9253066922092468,7.6135460406413324,15.13912743536896,0.1160962041976319,5.219059896625113,1149.6323320374,0.0,0.1,off,2.0,mean,-0.029301877801522824,0.81,6.360824964609884,6.151415532003194,6.151415532003194,5.150026708927925,1.2351052381112815,1.1622740741020308,1.2603512064916158,1.0340424787623632,1.0211330392062983,1.053345973868422,1.0340424787623632,1.0211330392062983,1.053345973868422,8.981502594041087,0.708213898288029,0.6835827077421155,0.7333385737599677,5.097261493205118,1.247890651301518,1.234553091853228,1.2612827633815558
power,det_nonpar_dt50ns_ap0.01_tau100ns,nv_charge_readout_master_v1_4,thin_all_counts,2,P4.000,4.0,4.0,1.0,37.306330022850005,0.9253066922092468,7.6135460406413324,15.13912743536896,0.1160962041976319,5.219059896625113,1149.6323320374,0.0,0.1,off,2.0,mean,-0.029301877801522824,0.82,6.761619416430695,6.42895229760084,6.42895229760084,5.664492369880678,1.1936849720874683,1.1657806313744614,1.257862874487561,1.0517451527761374,1.0343993122242494,1.0770791487175027,1.0517451527761374,1.0343993122242494,1.0770791487175027,8.981502594041087,0.7528383302941751,0.7263067349621469,0.7829415303318052,5.418079439944902,1.2479734731426262,1.2323275164394292,1.2639494556999653
power,det_nonpar_dt50ns_ap0.01_tau100ns,nv_charge_readout_master_v1_4,thin_all_counts,2,P4.000,4.0,4.0,1.0,37.306330022850005,0.9253066922092468,7.6135460406413324,15.13912743536896,0.1160962041976319,5.219059896625113,1149.6323320374,0.0,0.1,off,2.0,mean,-0.029301877801522824,0.83,7.236368776341546,6.719010840642669,6.719010840642669,5.910705348800828,1.2242817649182378,1.1981408748685998,1.2624476447929684,1.0769991220388315,1.055543961524722,1.1019957944511278,1.0769991220388315,1.055543961524722,1.1019957944511278,8.981502594041087,0.8056968976597105,0.7750815714397731,0.8358206015287534,5.738897386684691,1.2609336408647533,1.2460956657901288,1.2792654660502898
power,det_nonpar_dt50ns_ap0.01_tau100ns,nv_charge_readout_master_v1_4,thin_all_counts,2,P4.000,4.0,4.0,1.0,37.306330022850005,0.9253066922092468,7.6135460406413324,15.13912743536896,0.1160962041976319,5.219059896625113,1149.6323320374,0.0,0.1,off,2.0,mean,-0.029301877801522824,0.84,7.741167637267395,7.022156112982979,7.022156112982979,5.944355652022917,1.302271951819203,1.2366223286352171,1.3140429064280403,1.1023918455693493,1.0808871588339701,1.1287056738118904,1.1023918455693493,1.0808871588339701,1.1287056738118904,8.981502594041087,0.8619011747993469,0.8320240579224859,0.8931823504746758,6.05971533342448,1.2774804114259752,1.2592220539003929,1.2946220061444311
power,det_nonpar_dt50ns_ap0.01_tau100ns,nv_charge_readout_master_v1_4,thin_all_counts,2,P4.000,4.0,4.0,1.0,37.306330022850005,0.9253066922092468,7.6135460406413324,15.13912743536896,0.1160962041976319,5.219059896625113,1149.6323320374,0.0,0.1,off,2.0,mean,-0.029301877801522824,0.85,8.270650934980686,7.338978555716646,7.338978555716646,6.30446851920367,1.3118712401827282,1.271825621894383,1.3257508205159083,1.1269485081869222,1.1042334470786264,1.1528196316403752,1.1269485081869222,1.1042334470786264,1.1528196316403752,8.981502594041087,0.920853815759957,0.8900751601424323,0.9543943708005779,6.380533280164268,1.29623192479732,1.2799078936321415,1.3130413756641495
power,det_nonpar_dt50ns_ap0.01_tau100ns,nv_charge_readout_master_v1_4,thin_all_counts,2,P4.000,4.0,4.0,1.0,37.306330022850005,0.9253066922092468,7.6135460406413324,15.13912743536896,0.1160962041976319,5.219059896625113,1149.6323320374,0.0,0.1,off,2.0,mean,-0.029301877801522824,0.86,8.886246761800892,7.67009524919107,7.67009524919107,6.830150201869909,1.3010324076574598,1.2342909417826833,1.3196156627153817,1.1585575502127023,1.124714624483236,1.1896011874951975,1.1585575502127023,1.124714624483236,1.1896011874951975,8.981502594041087,0.9893942209287571,0.9494659616960802,1.0016367828017436,6.701351226904055,1.3260380572391268,1.3019864217782664,1.348658994580107
power,det_nonpar_dt50ns_ap0.01_tau100ns,nv_charge_readout_master_v1_4,thin_all_counts,2,P4.000,4.0,4.0,1.0,37.306330022850005,0.9253066922092468,7.6135460406413324,15.13912743536896,0.1160962041976319,5.219059896625113,1149.6323320374,0.0,0.1,off,2.0,mean,-0.029301877801522824,0.87,9.670633066818526,8.016151114903847,8.016151114903847,7.380467806049349,1.3103008265806755,1.2580249110842883,1.3531792093315,1.2063935582300365,1.1715196475208411,1.2419124751900403,1.2063935582300365,1.1715196475208411,1.2419124751900403,9.646937518119305,1.0024562767878111,0.9892390985778367,1.0168684639360197,7.152843267670309,1.3519984578060333,1.3345013180483212,1.36984282195967
power,det_nonpar_dt50ns_ap0.01_tau100ns,nv_charge_readout_master_v1_4,thin_all_counts,2,P4.000,4.0,4.0,1.0,37.306330022850005,0.9253066922092468,7.6135460406413324,15.13912743536896,0.1160962041976319,5.219059896625113,1149.6323320374,0.0,0.1,off,2.0,mean,-0.029301877801522824,0.88,10.631425516221757,8.377820171627112,8.377820171627112,7.703382265952937,1.3800983969353375,1.3528976841736096,1.4110944843777742,1.2689966242325008,1.2277849520633373,1.305566361189046,1.2689966242325008,1.2277849520633373,1.305566361189046,10.405329598249534,1.0217288569129284,0.9985052594472794,1.0416051867408047,7.777162336019951,1.3670057351101284,1.3433403941748951,1.3921084411926552
power,det_nonpar_dt50ns_ap0.01_tau100ns,nv_charge_readout_master_v1_4,thin_all_counts,2,P4.000,4.0,4.0,1.0,37.306330022850005,0.9253066922092468,7.6135460406413324,15.13912743536896,0.1160962041976319,5.219059896625113,1149.6323320374,0.0,0.1,off,2.0,mean,-0.029301877801522824,0.89,11.779429489431722,8.755806848205104,8.755806848205104,8.591238080762295,1.371098016222889,1.3173648804853724,1.4389036543460507,1.345327700078999,1.2985769478303604,1.384246317030207,1.345327700078999,1.2985769478303604,1.384246317030207,11.223342521380347,1.0495473578385437,1.0175908333829178,1.0738583492822824,8.401481404369594,1.4020657694136256,1.3672083994807112,1.432707515691959
power,det_nonpar_dt50ns_ap0.01_tau100ns,nv_charge_readout_master_v1_4,thin_all_counts,2,P4.000,4.0,4.0,1.0,37.306330022850005,0.9253066922092468,7.6135460406413324,15.13912743536896,0.1160962041976319,5.219059896625113,1149.6323320374,0.0,0.1,off,2.0,mean,-0.029301877801522824,0.9,13.37170656170693,9.150847355581995,9.150847355581995,9.12884629393353,1.4647750801317516,1.4104971325824387,1.5557636998540616,1.461253372732769,0.7554051626466078,1.4874283398509218,1.461253372732769,0.9146550430647691,1.4874283398509218,12.10566336826223,1.1045827192555115,1.0518159384385972,1.1802599016787234,9.025800472719236,1.4814981343896676,1.421375143514043,1.5775789308835648
power,det_nonpar_dt50ns_ap0.01_tau100ns,nv_charge_readout_master_v1_4,thin_all_counts,2,P4.000,4.0,4.0,1.0,37.306330022850005,0.9253066922092468,7.6135460406413324,15.13912743536896,0.1160962041976319,5.219059896625113,1149.6323320374,0.0,0.1,off,2.0,mean,-0.029301877801522824,0.91,19.058700489265856,18.688756967297046,18.28057904738956,10.208115008307683,1.8670146715387994,1.486625698991149,2.081054801804898,1.0197949774089397,0.81246909789533,1.1379076525676237,1.042565470156013,0.834915059675378,1.162992295410078,13.057347693569492,1.4596149950615103,1.1685230186322828,1.6134463547433375,9.903597539762039,1.9244219499779667,1.572221241021087,2.1115232204225003
power,det_nonpar_dt50ns_ap0.01_tau100ns,nv_charge_readout_master_v1_4,thin_all_counts,2,P4.000,4.0,4.0,1.0,37.306330022850005,0.9253066922092468,7.6135460406413324,15.13912743536896,0.1160962041976319,5.219059896625113,1149.6323320374,0.0,0.1,off,2.0,mean,-0.029301877801522824,0.92,22.521572980931502,19.56122532987341,19.27957412993664,13.095318889224753,1.719818598649245,1.6147531693354327,1.7557021910583592,1.15133753643424,1.1245963988456238,1.1765959713691307,1.168157181748159,1.1376297838003806,1.1950496620014293,14.0838484934047,1.5991064510157214,1.5465938891558237,1.638122305464205,11.157241294522274,2.018561074948574,1.945697688254528,2.0917926200368013
power,det_nonpar_dt50ns_ap0.01_tau100ns,nv_charge_readout_master_v1_4,thin_all_counts,2,P4.000,4.0,4.0,1.0,37.306330022850005,0.9253066922092468,7.6135460406413324,15.13912743536896,0.1160962041976319,5.219059896625113,1149.6323320374,0.0,0.1,off,2.0,mean,-0.029301877801522824,0.93,24.44539191484903,20.4744241190388,20.333162186391505,14.720381084800293,1.6606493931118682,1.6335074830180045,1.7513889981775905,1.1939477160736207,1.1687145597861368,1.2226546734108077,1.2022425086054613,1.1768407068964295,1.2303763997405543,15.253362035656801,1.602623202524441,1.5360468395636941,1.651705974623793,12.41088504928251,1.9696735420381846,1.9030484516735688,2.03008198101292
power,det_nonpar_dt50ns_ap0.01_tau100ns,nv_charge_readout_master_v1_4,thin_all_counts,2,P4.000,4.0,4.0,1.0,37.306330022850005,0.9253066922092468,7.6135460406413324,15.13912743536896,0.1160962041976319,5.219059896625113,1149.6323320374,0.0,0.1,off,2.0,mean,-0.029301877801522824,0.94,26.711069021291728,21.4302547993291,21.444326607615775,15.130248659420097,1.7654084623825008,1.6790173743850674,1.8107060777582569,1.246418639041471,1.2225051472171171,1.2759241088998494,1.2456007367377773,1.220411810430602,1.2750658008504596,17.449874841409102,1.5307312667885458,1.4783300736917036,1.5775580303237984,14.44279112032003,1.8494395438365832,1.7543426991485904,1.9584203505313367
power,det_nonpar_dt50ns_ap0.01_tau100ns,nv_charge_readout_master_v1_4,thin_all_counts,2,P4.000,4.0,4.0,1.0,37.306330022850005,0.9253066922092468,7.6135460406413324,15.13912743536896,0.1160962041976319,5.219059896625113,1149.6323320374,0.0,0.1,off,2.0,mean,-0.029301877801522824,0.95,33.66927582230622,22.43070760349808,37.46627015760161,19.948605451591067,1.6878009795727758,0.8344916115510309,2.2221807821976265,1.5010349391320796,1.3484514937446659,1.8599823899036465,0.8986556622977584,0.8049212712117066,1.504179622578341,20.931531105123323,1.6085433814282764,1.4853350497360633,2.3174223429301755,17.662123035480942,1.9062983399373312,1.7373195773688017,2.7719522872118154
power,det_nonpar_dt50ns_ap0.01_tau100ns,nv_charge_readout_master_v1_4,thin_all_counts,2,P4.000,4.0,4.0,1.0,37.306330022850005,0.9253066922092468,7.6135460406413324,15.13912743536896,0.1160962041976319,5.219059896625113,1149.6323320374,0.0,0.1,off,2.0,mean,-0.029301877801522824,0.96,nan,nan,nan,nan,nan,nan,nan,nan,nan,nan,nan,nan,nan,nan,nan,nan,nan,nan,nan,nan,nan
power,det_nonpar_dt50ns_ap0.01_tau100ns,nv_charge_readout_master_v1_4,thin_all_counts,2,P4.000,4.0,4.0,1.0,37.306330022850005,0.9253066922092468,7.6135460406413324,15.13912743536896,0.1160962041976319,5.219059896625113,1149.6323320374,0.0,0.1,off,2.0,mean,-0.029301877801522824,0.97,nan,nan,nan,nan,nan,nan,nan,nan,nan,nan,nan,nan,nan,nan,nan,nan,nan,nan,nan,nan,nan
power,det_nonpar_dt50ns_ap0.01_tau100ns,nv_charge_readout_master_v1_4,thin_all_counts,2,P4.000,4.0,4.0,1.0,37.306330022850005,0.9253066922092468,7.6135460406413324,15.13912743536896,0.1160962041976319,5.219059896625113,1149.6323320374,0.0,0.1,off,2.0,mean,-0.029301877801522824,0.98,nan,nan,nan,nan,nan,nan,nan,nan,nan,nan,nan,nan,nan,nan,nan,nan,nan,nan,nan,nan,nan
power,det_nonpar_dt50ns_ap0.01_tau100ns,nv_charge_readout_master_v1_4,thin_all_counts,2,P4.000,4.0,4.0,1.0,37.306330022850005,0.9253066922092468,7.6135460406413324,15.13912743536896,0.1160962041976319,5.219059896625113,1149.6323320374,0.0,0.1,off,2.0,mean,-0.029301877801522824,0.99,nan,nan,nan,nan,nan,nan,nan,nan,nan,nan,nan,nan,nan,nan,nan,nan,nan,nan,nan,nan,nan
power,det_nonpar_dt50ns_ap0.01_tau100ns,nv_charge_readout_master_v1_4,thin_all_counts,3,P8.000,8.0,8.0,1.0,18.635386829381762,0.9238337714024277,7.322187453881922,10.530951629190495,0.12016071562213435,19.60191622940256,306.09252329117174,0.0,0.1,off,2.0,mean,-0.027757319204740893,0.55,0.35582937285696487,1.1336086335653626,1.1336086335653626,0.34368896452421527,1.0353238235320013,1.015277112979744,1.053732508403676,0.3138908458537672,0.2931053029642405,0.3320553465090026,0.3138908458537672,0.2931053029642405,0.3320553465090026,2.3913478382124924,0.14879866791898563,0.13847133283677224,0.15768746843175463,0.34848058853483466,1.021088073665818,1.0051338507017755,1.0444156212193072
power,det_nonpar_dt50ns_ap0.01_tau100ns,nv_charge_readout_master_v1_4,thin_all_counts,3,P8.000,8.0,8.0,1.0,18.635386829381762,0.9238337714024277,7.322187453881922,10.530951629190495,0.12016071562213435,19.60191622940256,306.09252329117174,0.0,0.1,off,2.0,mean,-0.027757319204740893,0.56,0.4270573921872271,1.1336086335653626,1.1336086335653626,0.4122301056895833,1.0359684707472798,1.0162437940335716,1.059346247875212,0.37672383531878195,0.3501072087036613,0.40321179942734564,0.37672383531878195,0.3501072087036613,0.40321179942734564,2.3913478382124924,0.1785843888384084,0.16523231588632523,0.19168779263643812,0.42196573431357165,1.0120665197659668,0.9960672753495962,1.0409411362062428
power,det_nonpar_dt50ns_ap0.01_tau100ns,nv_charge_readout_master_v1_4,thin_all_counts,3,P8.000,8.0,8.0,1.0,18.635386829381762,0.9238337714024277,7.322187453881922,10.530951629190495,0.12016071562213435,19.60191622940256,306.09252329117174,0.0,0.1,off,2.0,mean,-0.027757319204740893,0.57,0.5124571710328578,1.1336086335653626,1.1336086335653626,0.48787881012632883,1.0503780045297824,1.0374339890489386,1.0742086882890278,0.4520582817203025,0.4199220155679269,0.48273774409031783,0.4520582817203025,0.4199220155679269,0.48273774409031783,2.3913478382124924,0.21429637413849179,0.19862268916398426,0.22932819917636443,0.4965692646083605,1.0319953479944595,1.0080470897637699,1.0555612976543727
power,det_nonpar_dt50ns_ap0.01_tau100ns,nv_charge_readout_master_v1_4,thin_all_counts,3,P8.000,8.0,8.0,1.0,18.635386829381762,0.9238337714024277,7.322187453881922,10.530951629190495,0.12016071562213435,19.60191622940256,306.09252329117174,0.0,0.1,off,2.0,mean,-0.027757319204740893,0.58,0.5984541885956023,1.1336086335653626,1.1336086335653626,0.5510330769149376,1.0860585574030521,1.0658643453085512,1.1101576373910342,0.5279195754829227,0.4931289748171759,0.5581988702614366,0.5279195754829227,0.4931289748171759,0.5581988702614366,2.3913478382124924,0.250258109269014,0.23276401186034082,0.26544652415848013,0.5711727949031501,1.0477638184729685,1.0362656334659643,1.068259785338504
power,det_nonpar_dt50ns_ap0.01_tau100ns,nv_charge_readout_master_v1_4,thin_all_counts,3,P8.000,8.0,8.0,1.0,18.635386829381762,0.9238337714024277,7.322187453881922,10.530951629190495,0.12016071562213435,19.60191622940256,306.09252329117174,0.0,0.1,off,2.0,mean,-0.027757319204740893,0.59,0.6761254398208482,1.1336086335653626,1.1336086335653626,0.622362450576038,1.0863853357397268,1.069273932378001,1.1060552931496967,0.5964363888922901,0.570515174460779,0.6248814504193941,0.5964363888922901,0.570515174460779,0.6248814504193941,2.3913478382124924,0.2827382236146143,0.2697035907546521,0.2970115597769115,0.6492868568965803,1.0413354785164592,1.0280658065655437,1.0605431465727737
power,det_nonpar_dt50ns_ap0.01_tau100ns,nv_charge_readout_master_v1_4,thin_all_counts,3,P8.000,8.0,8.0,1.0,18.635386829381762,0.9238337714024277,7.322187453881922,10.530951629190495,0.12016071562213435,19.60191622940256,306.09252329117174,0.0,0.1,off,2.0,mean,-0.027757319204740893,0.6,0.7548977364041297,1.1336086335653626,1.1336086335653626,0.7029251711268938,1.0739375504136752,1.061489591498052,1.089519183054079,0.6659244769774446,0.6339533654849436,0.699212188553079,0.6659244769774446,0.6339533654849436,0.699212188553079,2.3913478382124924,0.3156787667361716,0.2998483810752312,0.33244158673941604,0.727778976149864,1.0372623573131101,1.024955755662011,1.0561291616686301
power,det_nonpar_dt50ns_ap0.01_tau100ns,nv_charge_readout_master_v1_4,thin_all_counts,3,P8.000,8.0,8.0,1.0,18.635386829381762,0.9238337714024277,7.322187453881922,10.530951629190495,0.12016071562213435,19.60191622940256,306.09252329117174,0.0,0.1,off,2.0,mean,-0.027757319204740893,0.61,0.8500393829795228,1.1336086335653626,1.1336086335653626,0.7844474751510755,1.0836154234747393,1.067376319758906,1.103417884119021,0.7498526015155922,0.7095128319358742,0.7922385228307258,0.7498526015155922,0.7095128319358742,0.7922385228307258,2.3913478382124924,0.3554645499062647,0.33509456608204413,0.37659621200513616,0.8062710954031478,1.0542848278028498,1.0375551828583964,1.0760794502994147
power,det_nonpar_dt50ns_ap0.01_tau100ns,nv_charge_readout_master_v1_4,thin_all_counts,3,P8.000,8.0,8.0,1.0,18.635386829381762,0.9238337714024277,7.322187453881922,10.530951629190495,0.12016071562213435,19.60191622940256,306.09252329117174,0.0,0.1,off,2.0,mean,-0.027757319204740893,0.62,0.9450095078729304,1.1336086335653626,1.1336086335653626,0.8590729124560397,1.100034111390153,1.0854210712668364,1.1133227234727692,0.8336294201471801,0.7959930185512059,0.8719613207094783,0.8336294201471801,0.7959930185512059,0.8719613207094783,2.3913478382124924,0.3951786071319993,0.3759080697796037,0.4147108173561809,0.8855720546725073,1.0671175799719692,1.0610730054002842,1.0771844425315777
power,det_nonpar_dt50ns_ap0.01_tau100ns,nv_charge_readout_master_v1_4,thin_all_counts,3,P8.000,8.0,8.0,1.0,18.635386829381762,0.9238337714024277,7.322187453881922,10.530951629190495,0.12016071562213435,19.60191622940256,306.09252329117174,0.0,0.1,off,2.0,mean,-0.027757319204740893,0.63,1.0332323998977886,1.1336086335653626,1.1336086335653626,0.9407975578907575,1.098251575199948,1.0845813706657532,1.114201987135621,0.9114542438232177,0.8707584240972612,0.9475229947329078,0.9114542438232177,0.8707584240972612,0.9475229947329078,2.3913478382124924,0.4320711455637165,0.4116107251784236,0.4510584337096194,0.9707411984128732,1.064374728905177,1.0522311378035027,1.0772356966420222
power,det_nonpar_dt50ns_ap0.01_tau100ns,nv_charge_readout_master_v1_4,thin_all_counts,3,P8.000,8.0,8.0,1.0,18.635386829381762,0.9238337714024277,7.322187453881922,10.530951629190495,0.12016071562213435,19.60191622940256,306.09252329117174,0.0,0.1,off,2.0,mean,-0.027757319204740893,0.64,1.1206922385467175,1.1336086335653626,1.1336086335653626,1.0302967677129562,1.0877373138172803,1.0104944516211267,1.1001370649026994,0.9886059486173626,0.9466682514403533,1.033906047233805,0.9886059486173626,0.9466682514403533,1.033906047233805,2.3913478382124924,0.4686445947505584,0.4475605678512783,0.49127247929855306,1.0586186187692397,1.0586364330618379,1.042664965473895,1.0788914453686196
power,det_nonpar_dt50ns_ap0.01_tau100ns,nv_charge_readout_master_v1_4,thin_all_counts,3,P8.000,8.0,8.0,1.0,18.635386829381762,0.9238337714024277,7.322187453881922,10.530951629190495,0.12016071562213435,19.60191622940256,306.09252329117174,0.0,0.1,off,2.0,mean,-0.027757319204740893,0.65,1.2304520060802355,1.1336086335653626,1.1336086335653626,1.1336086335653626,1.0854292827766199,1.0328022998774606,1.096952803225326,1.0854292827766199,0.9997714541862923,1.09662883540485,1.0854292827766199,0.9997714541862923,1.09662883540485,2.3913478382124924,0.514543299146303,0.487743302031964,0.5375030415359867,1.146496039125606,1.0732283096404414,1.0521232630873678,1.098691991278228
power,det_nonpar_dt50ns_ap0.01_tau100ns,nv_charge_readout_master_v1_4,thin_all_counts,3,P8.000,8.0,8.0,1.0,18.635386829381762,0.9238337714024277,7.322187453881922,10.530951629190495,0.12016071562213435,19.60191622940256,306.09252329117174,0.0,0.1,off,2.0,mean,-0.027757319204740893,0.66,1.3332310074436513,1.3009393542367433,1.3009393542367433,1.2553230050715702,1.0620621163296846,1.0542485805165873,1.1004315449767839,1.0248217974971272,1.0093141821484113,1.0411242164975831,1.0248217974971272,1.0093141821484113,1.0411242164975831,2.3913478382124924,0.5575228271434688,0.5339700969412884,0.5793457833341523,1.2343734594819724,1.0800872274126554,1.06247401004721,1.10176279747281
power,det_nonpar_dt50ns_ap0.01_tau100ns,nv_charge_readout_master_v1_4,thin_all_counts,3,P8.000,8.0,8.0,1.0,18.635386829381762,0.9238337714024277,7.322187453881922,10.530951629190495,0.12016071562213435,19.60191622940256,306.09252329117174,0.0,0.1,off,2.0,mean,-0.027757319204740893,0.67,1.4363585380106223,1.3684930459484541,1.3684930459484541,1.3101034809517977,1.0963702935642148,1.0774918686278503,1.113336797096524,1.0495914044014254,1.0320236718740459,1.0682203388988283,1.0495914044014254,1.0320236718740459,1.0682203388988283,2.3913478382124924,0.6006481010660019,0.5766164322036499,0.6241682495657941,1.3222508798383388,1.0862980391332653,1.0653021593484666,1.1094125974854723
power,det_nonpar_dt50ns_ap0.01_tau100ns,nv_charge_readout_master_v1_4,thin_all_counts,3,P8.000,8.0,8.0,1.0,18.635386829381762,0.9238337714024277,7.322187453881922,10.530951629190495,0.12016071562213435,19.60191622940256,306.09252329117174,0.0,0.1,off,2.0,mean,-0.027757319204740893,0.68,1.5453340480690165,1.4395545885442351,1.4395545885442351,1.375880850673744,1.1231597905532984,1.111868136968973,1.1348481939935133,1.073480686572471,1.0531812889022685,1.0946945329567437,1.073480686572471,1.0531812889022685,1.0946945329567437,2.3913478382124924,0.6462188492093804,0.6187635856111823,0.6722278371078512,1.4101283001947054,1.095881876745288,1.0775602420231694,1.1184650803499354
power,det_nonpar_dt50ns_ap0.01_tau100ns,nv_charge_readout_master_v1_4,thin_all_counts,3,P8.000,8.0,8.0,1.0,18.635386829381762,0.9238337714024277,7.322187453881922,10.530951629190495,0.12016071562213435,19.60191622940256,306.09252329117174,0.0,0.1,off,2.0,mean,-0.027757319204740893,0.69,1.663773385623051,1.514306133695046,1.514306133695046,1.4606125212333234,1.1390929226172737,1.1260175392699736,1.1535480259114403,1.0987034580407404,1.0735699604418079,1.1221093183349529,1.0987034580407404,1.0735699604418079,1.1221093183349529,2.3913478382124924,0.6957471259667118,0.6648440443582002,0.7258785125039621,1.4980057205510706,1.1106588998945874,1.090972119700402,1.1303818013980078
power,det_nonpar_dt50ns_ap0.01_tau100ns,nv_charge_readout_master_v1_4,thin_all_counts,3,P8.000,8.0,8.0,1.0,18.635386829381762,0.9238337714024277,7.322187453881922,10.530951629190495,0.12016071562213435,19.60191622940256,306.09252329117174,0.0,0.1,off,2.0,mean,-0.027757319204740893,0.7,1.7923210330910613,1.5929392916356062,1.5929392916356062,1.550562271536002,1.1559168348108786,1.13955290375655,1.168611004726204,1.1251659385278474,1.098593656458552,1.1428144644511598,1.1251659385278474,1.098593656458552,1.1428144644511598,2.3913478382124924,0.7495024372660075,0.7168472436268444,0.7760560417416746,1.585883140907437,1.1301721967140033,1.1118988433857506,1.1441809113222388
power,det_nonpar_dt50ns_ap0.01_tau100ns,nv_charge_readout_master_v1_4,thin_all_counts,3,P8.000,8.0,8.0,1.0,18.635386829381762,0.9238337714024277,7.322187453881922,10.530951629190495,0.12016071562213435,19.60191622940256,306.09252329117174,0.0,0.1,off,2.0,mean,-0.027757319204740893,0.71,1.9032638447094314,1.6756556223178745,1.6756556223178745,1.64605144962113,1.156260240314787,1.1444866895867947,1.168091023634723,1.1358323389126428,1.1176249548422816,1.1566481116185923,1.1358323389126428,1.1176249548422816,1.1566481116185923,2.3913478382124924,0.7958958601907539,0.7669022829023574,0.8259068067791565,1.6737605612638036,1.1371183482016909,1.1273376967477562,1.1459096731598397
power,det_nonpar_dt50ns_ap0.01_tau100ns,nv_charge_readout_master_v1_4,thin_all_counts,3,P8.000,8.0,8.0,1.0,18.635386829381762,0.9238337714024277,7.322187453881922,10.530951629190495,0.12016071562213435,19.60191622940256,306.09252329117174,0.0,0.1,off,2.0,mean,-0.027757319204740893,0.72,2.021223945970373,1.7626671520685975,1.7626671520685975,1.747421193291245,1.1566896142328595,1.144838820756807,1.1684665795470515,1.146684978839223,1.1260572781132558,1.1716430611268398,1.146684978839223,1.1260572781132558,1.1716430611268398,2.3913478382124924,0.8452237326884311,0.8126711168505543,0.8800628206457277,1.76163798162017,1.1473548862243894,1.1405766927269625,1.153857812491665
power,det_nonpar_dt50ns_ap0.01_tau100ns,nv_charge_readout_master_v1_4,thin_all_counts,3,P8.000,8.0,8.0,1.0,18.635386829381762,0.9238337714024277,7.322187453881922,10.530951629190495,0.12016071562213435,19.60191622940256,306.09252329117174,0.0,0.1,off,2.0,mean,-0.027757319204740893,0.73,2.1630612737127106,1.8541969170752546,1.8541969170752546,1.8550336488365629,1.1660496159028362,1.1572048945699722,1.1754203465047712,1.1665758117668796,1.143930226318632,1.1893240956851892,1.1665758117668796,1.143930226318632,1.1893240956851892,2.3913478382124924,0.9045364455760548,0.8660777383722945,0.9417425309790003,1.8731517029356322,1.1547710045709205,1.1447188753924034,1.1662184929733908
power,det_nonpar_dt50ns_ap0.01_tau100ns,nv_charge_readout_master_v1_4,thin_all_counts,3,P8.000,8.0,8.0,1.0,18.635386829381762,0.9238337714024277,7.322187453881922,10.530951629190495,0.12016071562213435,19.60191622940256,306.09252329117174,0.0,0.1,off,2.0,mean,-0.027757319204740893,0.74,2.308047843153586,1.9504795350935211,1.9504795350935211,1.95888623428837,1.178244965304001,1.1695527024596135,1.185421917629561,1.1833232810837566,1.1652815577981968,1.1992369855818215,1.1833232810837566,1.1652815577981968,1.1992369855818215,2.3913478382124924,0.9651660901321774,0.9270979703673582,0.996684864321019,1.9884777308574002,1.1607109334628516,1.1475635380341898,1.1742805302366957
power,det_nonpar_dt50ns_ap0.01_tau100ns,nv_charge_readout_master_v1_4,thin_all_counts,3,P8.000,8.0,8.0,1.0,18.635386829381762,0.9238337714024277,7.322187453881922,10.530951629190495,0.12016071562213435,19.60191622940256,306.09252329117174,0.0,0.1,off,2.0,mean,-0.027757319204740893,0.75,2.446855412200583,2.0517618068417023,2.0517618068417023,2.062111411890456,1.186577698029133,1.1780153816329457,1.1916705701806953,1.1925630957947562,1.1797083322050401,1.2057579917389274,1.1925630957947562,1.1797083322050401,1.2057579917389274,2.440626192244968,1.0025523039846937,0.9866723128730653,1.0125051727017513,2.1038037587791685,1.163062572728022,1.1486586096547173,1.1799822950982541
power,det_nonpar_dt50ns_ap0.01_tau100ns,nv_charge_readout_master_v1_4,thin_all_counts,3,P8.000,8.0,8.0,1.0,18.635386829381762,0.9238337714024277,7.322187453881922,10.530951629190495,0.12016071562213435,19.60191622940256,306.09252329117174,0.0,0.1,off,2.0,mean,-0.027757319204740893,0.76,2.594010962976809,2.158303348623691,2.158303348623691,2.2640009709405104,1.1457640682456094,1.1236200662508349,1.1966145870821934,1.201875058309556,1.1901967556965904,1.212825363469026,1.201875058309556,1.1901967556965904,1.212825363469026,2.569689654994101,1.0094646868875548,0.998924068076351,1.0203957871090223,2.219129786700936,1.1689316138796861,1.1524049799268024,1.188287353406167
power,det_nonpar_dt50ns_ap0.01_tau100ns,nv_charge_readout_master_v1_4,thin_all_counts,3,P8.000,8.0,8.0,1.0,18.635386829381762,0.9238337714024277,7.322187453881922,10.530951629190495,0.12016071562213435,19.60191622940256,306.09252329117174,0.0,0.1,off,2.0,mean,-0.027757319204740893,0.77,2.7500165487884174,2.7388952741240216,2.7388952741240216,2.5289291214896576,1.087423338764247,1.0833840121995046,1.2138965431476474,1.0040604964963302,0.9998714180491035,1.2191976521920505,1.0040604964963302,0.9998714180491035,1.2191976521920505,2.705578160213779,1.0164247291865807,1.0040137084873362,1.031602685350754,2.3344558146227046,1.178011822525275,1.1632084063096813,1.196308348532094
power,det_nonpar_dt50ns_ap0.01_tau100ns,nv_charge_readout_master_v1_4,thin_all_counts,3,P8.000,8.0,8.0,1.0,18.635386829381762,0.9238337714024277,7.322187453881922,10.530951629190495,0.12016071562213435,19.60191622940256,306.09252329117174,0.0,0.1,off,2.0,mean,-0.027757319204740893,0.78,2.9198083685870264,2.85576289890401,2.85576289890401,2.5560242718257307,1.1423241949504064,1.111017192354523,1.1807494013680864,1.0224267461796621,1.008220010470548,1.0397148441771107,1.0224267461796621,1.008220010470548,1.0397148441771107,2.8486526249577726,1.0249787366159848,1.0070093080300462,1.0437588868757046,2.4497818425444726,1.1918646460185858,1.171819305845894,1.2113476993803367
power,det_nonpar_dt50ns_ap0.01_tau100ns,nv_charge_readout_master_v1_4,thin_all_counts,3,P8.000,8.0,8.0,1.0,18.635386829381762,0.9238337714024277,7.322187453881922,10.530951629190495,0.12016071562213435,19.60191622940256,306.09252329117174,0.0,0.1,off,2.0,mean,-0.027757319204740893,0.79,3.1103952654280382,2.977617221003443,2.977617221003443,2.583409721785267,1.2039883721110243,1.1709333346974626,1.2337564934091414,1.044592046112579,1.0288424628559047,1.0641005922245403,1.044592046112579,1.0288424628559047,1.0641005922245403,2.999293052039428,1.0370428002402312,1.0204009268200465,1.0564053097093293,2.5651078704662407,1.2125787383992879,1.195320370864626,1.2304704045423314
power,det_nonpar_dt50ns_ap0.01_tau100ns,nv_charge_readout_master_v1_4,thin_all_counts,3,P8.000,8.0,8.0,1.0,18.635386829381762,0.9238337714024277,7.322187453881922,10.530951629190495,0.12016071562213435,19.60191622940256,306.09252329117174,0.0,0.1,off,2.0,mean,-0.027757319204740893,0.8,3.3088834227847124,3.1046710209096693,3.1046710209096693,2.755828161613933,1.200685684570001,1.1870253029695805,1.2457692228503698,1.0657758585369244,1.0468248668220577,1.0863411070335591,1.0657758585369244,1.0468248668220577,1.0863411070335591,3.15789953931127,1.047811490389074,1.0307176588538292,1.0665773749565306,2.6804338983880087,1.2344581318624004,1.2188979590262106,1.2486037976174755
power,det_nonpar_dt50ns_ap0.01_tau100ns,nv_charge_readout_master_v1_4,thin_all_counts,3,P8.000,8.0,8.0,1.0,18.635386829381762,0.9238337714024277,7.322187453881922,10.530951629190495,0.12016071562213435,19.60191622940256,306.09252329117174,0.0,0.1,off,2.0,mean,-0.027757319204740893,0.81,3.5144967340089766,3.2371461583729,3.2371461583729,2.818891906749106,1.2467653426491543,1.2214117291344087,1.2645966062130325,1.0856774955677262,1.0657712499630554,1.11139097219338,1.0856774955677262,1.0657712499630554,1.11139097219338,3.3248933423166,1.0570254056812156,1.038900830743587,1.0774894917888131,2.7957599263097768,1.2570810179141119,1.2431918638215251,1.2646948170062668
power,det_nonpar_dt50ns_ap0.01_tau100ns,nv_charge_readout_master_v1_4,thin_all_counts,3,P8.000,8.0,8.0,1.0,18.635386829381762,0.9238337714024277,7.322187453881922,10.530951629190495,0.12016071562213435,19.60191622940256,306.09252329117174,0.0,0.1,off,2.0,mean,-0.027757319204740893,0.82,3.7570258186628904,3.375273959814924,3.375273959814924,3.0459217417442686,1.2334610463469764,1.2055135503395402,1.2701973487706877,1.1131024809816916,1.0829260222988195,1.1420903910592366,1.1131024809816916,1.0829260222988195,1.1420903910592366,3.5007179931354924,1.0732157877412543,1.0490000585022279,1.0962910393036178,2.993454568850431,1.255080286755677,1.2431956456797195,1.2665140391537437
power,det_nonpar_dt50ns_ap0.01_tau100ns,nv_charge_readout_master_v1_4,thin_all_counts,3,P8.000,8.0,8.0,1.0,18.635386829381762,0.9238337714024277,7.322187453881922,10.530951629190495,0.12016071562213435,19.60191622940256,306.09252329117174,0.0,0.1,off,2.0,mean,-0.027757319204740893,0.83,4.03952131287833,3.5192956222684018,3.5192956222684018,3.2194831971532807,1.2547111028410214,1.211229235753953,1.2874846355000729,1.1478209694343924,1.115895472947602,1.180599640408894,1.1478209694343924,1.115895472947602,1.180599640408894,3.685840478396812,1.095956630937906,1.0740540602341575,1.1195024613907811,3.2029161563366433,1.2612010791748478,1.2457167140756609,1.2806277049753605
power,det_nonpar_dt50ns_ap0.01_tau100ns,nv_charge_readout_master_v1_4,thin_all_counts,3,P8.000,8.0,8.0,1.0,18.635386829381762,0.9238337714024277,7.322187453881922,10.530951629190495,0.12016071562213435,19.60191622940256,306.09252329117174,0.0,0.1,off,2.0,mean,-0.027757319204740893,0.84,4.375138640331403,3.66946263455209,3.66946263455209,3.5112189941934466,1.2460455037315052,1.2354480037153204,1.3214413407454169,1.1923104487110958,1.1541986129592587,1.2298853966945869,1.1923104487110958,1.1541986129592587,1.2298853966945869,3.8807524795850172,1.1273944069731683,1.1023568082173312,1.1509775791890784,3.412377743822855,1.2821378431070107,1.257555871054345,1.3052378407597305
power,det_nonpar_dt50ns_ap0.01_tau100ns,nv_charge_readout_master_v1_4,thin_all_counts,3,P8.000,8.0,8.0,1.0,18.635386829381762,0.9238337714024277,7.322187453881922,10.530951629190495,0.12016071562213435,19.60191622940256,306.09252329117174,0.0,0.1,off,2.0,mean,-0.027757319204740893,0.85,4.776413407693299,3.826037216417465,3.826037216417465,3.5408598387064796,1.3489416766742688,1.2830157099024335,1.363155057676583,1.2483970064895826,1.2018153663776723,1.2908006858516776,1.2483970064895826,1.2018153663776723,1.2908006858516776,4.08597167893599,1.1689785889404658,1.13858060484439,1.187416479429419,3.6218393313090673,1.318781141505503,1.287228497395284,1.3452961935666483
power,det_nonpar_dt50ns_ap0.01_tau100ns,nv_charge_readout_master_v1_4,thin_all_counts,3,P8.000,8.0,8.0,1.0,18.635386829381762,0.9238337714024277,7.322187453881922,10.530951629190495,0.12016071562213435,19.60191622940256,306.09252329117174,0.0,0.1,off,2.0,mean,-0.027757319204740893,0.86,5.245328587482363,3.9892927764335577,3.9892927764335577,4.161614935951973,1.2604069978142967,1.2460681644602993,1.3449228177688028,1.314851749780999,1.269168987420903,1.345917590710524,1.314851749780999,1.269168987420903,1.345917590710524,4.406316167703772,1.1904113068254516,1.1739198695181505,1.2067124021464983,3.8538161780043887,1.3610738927871069,1.3372477788343915,1.371847536462233
power,det_nonpar_dt50ns_ap0.01_tau100ns,nv_charge_readout_master_v1_4,thin_all_counts,3,P8.000,8.0,8.0,1.0,18.635386829381762,0.9238337714024277,7.322187453881922,10.530951629190495,0.12016071562213435,19.60191622940256,306.09252329117174,0.0,0.1,off,2.0,mean,-0.027757319204740893,0.87,5.717848417625561,4.159514389409565,4.159514389409565,4.213504396617601,1.357029180322103,1.3037485188770181,1.4132812095215257,1.3746432593630715,1.3145079100847539,1.4146848721163332,1.3746432593630715,1.3145749158348372,1.4146848721163332,4.77234169547609,1.1981221761731264,1.1784950051075334,1.2311051998661375,4.243399839163463,1.347468688869246,1.327512497042058,1.376507539319781
power,det_nonpar_dt50ns_ap0.01_tau100ns,nv_charge_readout_master_v1_4,thin_all_counts,3,P8.000,8.0,8.0,1.0,18.635386829381762,0.9238337714024277,7.322187453881922,10.530951629190495,0.12016071562213435,19.60191622940256,306.09252329117174,0.0,0.1,off,2.0,mean,-0.027757319204740893,0.88,6.415310689786987,6.66846545652742,6.405135705017658,4.6133969884151655,1.3905828407779905,1.3233120696426715,1.4897238080712276,0.9620370281002757,0.9106167835601872,1.3967507328733555,1.0015885666187148,0.9868151560625033,1.3967507328733555,5.168772369379993,1.2411671923862493,1.2088662288457355,1.315768569839646,4.632983500322538,1.3847039794854368,1.3543927303990213,1.46290013124191
power,det_nonpar_dt50ns_ap0.01_tau100ns,nv_charge_readout_master_v1_4,thin_all_counts,3,P8.000,8.0,8.0,1.0,18.635386829381762,0.9238337714024277,7.322187453881922,10.530951629190495,0.12016071562213435,19.60191622940256,306.09252329117174,0.0,0.1,off,2.0,mean,-0.027757319204740893,0.89,7.746970692092546,7.926687348713748,7.262434492307673,5.344838401216579,1.4494302934077856,1.3249582030387748,1.9481696966465358,0.9773276466302958,0.9039644739504101,1.2687497721062053,1.0667181508209254,1.016515950682418,1.347190249306096,5.598133895523768,1.383848767584315,1.2927305805791072,1.7641050898758872,5.0225671614816125,1.5424324738760207,1.4386491840361555,1.954307669103322
power,det_nonpar_dt50ns_ap0.01_tau100ns,nv_charge_readout_master_v1_4,thin_all_counts,3,P8.000,8.0,8.0,1.0,18.635386829381762,0.9238337714024277,7.322187453881922,10.530951629190495,0.12016071562213435,19.60191622940256,306.09252329117174,0.0,0.1,off,2.0,mean,-0.027757319204740893,0.9,11.905822510281562,8.757569027298022,8.187840518597719,6.160087664262495,1.9327358893531208,1.7050006547821492,2.159378104293361,1.3594894283071237,1.1022629963723218,1.3873882074476185,1.4540857852859839,1.1945372376432162,1.5023144282421892,6.204082180778877,1.9190304324413177,1.5867246344161017,1.9943513538641253,5.684408228252265,2.094470001487233,1.7737492229711782,2.1948087233696705
power,det_nonpar_dt50ns_ap0.01_tau100ns,nv_charge_readout_master_v1_4,thin_all_counts,3,P8.000,8.0,8.0,1.0,18.635386829381762,0.9238337714024277,7.322187453881922,10.530951629190495,0.12016071562213435,19.60191622940256,306.09252329117174,0.0,0.1,off,2.0,mean,-0.027757319204740893,0.91,13.136965954353032,9.67554438492327,9.185655061804791,8.656177550043155,1.5176405380325797,1.4719030882236204,2.0329917142174643,1.3577495417026306,0.6939008736519312,1.3665150660472738,1.4301610354364744,1.3885964242936861,1.4755371985345582,6.999592681609399,1.8768186310138952,1.7926059938844774,1.9710851517365195,6.52986475462142,2.0118281845049744,1.9283218986035515,2.1122878938853313
power,det_nonpar_dt50ns_ap0.01_tau100ns,nv_charge_readout_master_v1_4,thin_all_counts,3,P8.000,8.0,8.0,1.0,18.635386829381762,0.9238337714024277,7.322187453881922,10.530951629190495,0.12016071562213435,19.60191622940256,306.09252329117174,0.0,0.1,off,2.0,mean,-0.027757319204740893,0.92,15.129820097935992,nan,15.454276232229802,10.85640896074316,1.3936302650946102,1.3106792136672984,1.5462818256109734,nan,nan,nan,0.9790054138143877,0.9466128221441089,1.0629315174839142,8.096198509028365,1.8687560687974956,1.7435123283082121,2.0467646832492714,7.707674127865689,1.9629553412535812,1.847076453290335,2.1710549607494496
power,det_nonpar_dt50ns_ap0.01_tau100ns,nv_charge_readout_master_v1_4,thin_all_counts,3,P8.000,8.0,8.0,1.0,18.635386829381762,0.9238337714024277,7.322187453881922,10.530951629190495,0.12016071562213435,19.60191622940256,306.09252329117174,0.0,0.1,off,2.0,mean,-0.027757319204740893,0.93,nan,nan,nan,17.06905521557757,nan,nan,nan,nan,nan,nan,nan,nan,nan,11.135028006553839,nan,nan,nan,11.465626053099122,nan,nan,nan
power,det_nonpar_dt50ns_ap0.01_tau100ns,nv_charge_readout_master_v1_4,thin_all_counts,3,P8.000,8.0,8.0,1.0,18.635386829381762,0.9238337714024277,7.322187453881922,10.530951629190495,0.12016071562213435,19.60191622940256,306.09252329117174,0.0,0.1,off,2.0,mean,-0.027757319204740893,0.94,nan,nan,nan,nan,nan,nan,nan,nan,nan,nan,nan,nan,nan,nan,nan,nan,nan,nan,nan,nan,nan
power,det_nonpar_dt50ns_ap0.01_tau100ns,nv_charge_readout_master_v1_4,thin_all_counts,3,P8.000,8.0,8.0,1.0,18.635386829381762,0.9238337714024277,7.322187453881922,10.530951629190495,0.12016071562213435,19.60191622940256,306.09252329117174,0.0,0.1,off,2.0,mean,-0.027757319204740893,0.95,nan,nan,nan,nan,nan,nan,nan,nan,nan,nan,nan,nan,nan,nan,nan,nan,nan,nan,nan,nan,nan
power,det_nonpar_dt50ns_ap0.01_tau100ns,nv_charge_readout_master_v1_4,thin_all_counts,3,P8.000,8.0,8.0,1.0,18.635386829381762,0.9238337714024277,7.322187453881922,10.530951629190495,0.12016071562213435,19.60191622940256,306.09252329117174,0.0,0.1,off,2.0,mean,-0.027757319204740893,0.96,nan,nan,nan,nan,nan,nan,nan,nan,nan,nan,nan,nan,nan,nan,nan,nan,nan,nan,nan,nan,nan
power,det_nonpar_dt50ns_ap0.01_tau100ns,nv_charge_readout_master_v1_4,thin_all_counts,3,P8.000,8.0,8.0,1.0,18.635386829381762,0.9238337714024277,7.322187453881922,10.530951629190495,0.12016071562213435,19.60191622940256,306.09252329117174,0.0,0.1,off,2.0,mean,-0.027757319204740893,0.97,nan,nan,nan,nan,nan,nan,nan,nan,nan,nan,nan,nan,nan,nan,nan,nan,nan,nan,nan,nan,nan
power,det_nonpar_dt50ns_ap0.01_tau100ns,nv_charge_readout_master_v1_4,thin_all_counts,3,P8.000,8.0,8.0,1.0,18.635386829381762,0.9238337714024277,7.322187453881922,10.530951629190495,0.12016071562213435,19.60191622940256,306.09252329117174,0.0,0.1,off,2.0,mean,-0.027757319204740893,0.98,nan,nan,nan,nan,nan,nan,nan,nan,nan,nan,nan,nan,nan,nan,nan,nan,nan,nan,nan,nan,nan
power,det_nonpar_dt50ns_ap0.01_tau100ns,nv_charge_readout_master_v1_4,thin_all_counts,3,P8.000,8.0,8.0,1.0,18.635386829381762,0.9238337714024277,7.322187453881922,10.530951629190495,0.12016071562213435,19.60191622940256,306.09252329117174,0.0,0.1,off,2.0,mean,-0.027757319204740893,0.99,nan,nan,nan,nan,nan,nan,nan,nan,nan,nan,nan,nan,nan,nan,nan,nan,nan,nan,nan,nan,nan
power,det_nonpar_dt50ns_ap0.01_tau100ns,nv_charge_readout_master_v1_4,thin_all_counts,4,P15.000,15.0,15.0,1.0,9.932170229495307,0.9199668888580719,6.89454823783182,7.478904304027249,0.1266696927897476,62.300701647345946,96.30710154699524,0.0,0.1,off,2.0,mean,-0.05070888807741347,0.55,0.21362037377593715,0.6740637308055222,0.6740637308055222,0.2052901448319411,1.0405778316870278,1.0232266456815762,1.0625506054165959,0.316914208572913,0.2974163431687112,0.3383499495992966,0.316914208572913,0.2974163431687112,0.3383499495992966,0.7523992308360086,0.28391891567802174,0.2659596965108094,0.30403795000799466,0.2063070973559145,1.0354484965071562,1.0189775865066206,1.0748955307425876
power,det_nonpar_dt50ns_ap0.01_tau100ns,nv_charge_readout_master_v1_4,thin_all_counts,4,P15.000,15.0,15.0,1.0,9.932170229495307,0.9199668888580719,6.89454823783182,7.478904304027249,0.1266696927897476,62.300701647345946,96.30710154699524,0.0,0.1,off,2.0,mean,-0.05070888807741347,0.56,0.2551365134519383,0.6740637308055222,0.6740637308055222,0.24167047936339858,1.0557206412798599,1.0327441210503825,1.0741874359151198,0.3785050311890303,0.3546996157546728,0.3990849961025117,0.3785050311890303,0.3546996157546728,0.3990849961025117,0.7523992308360086,0.33909725448343436,0.31690688523241417,0.35849940049486295,0.24945587677620618,1.0227721100386356,1.001252742386799,1.0548168369860416
power,det_nonpar_dt50ns_ap0.01_tau100ns,nv_charge_readout_master_v1_4,thin_all_counts,4,P15.000,15.0,15.0,1.0,9.932170229495307,0.9199668888580719,6.89454823783182,7.478904304027249,0.1266696927897476,62.300701647345946,96.30710154699524,0.0,0.1,off,2.0,mean,-0.05070888807741347,0.57,0.2967659988178392,0.6740637308055222,0.6740637308055222,0.2844979267930624,1.043121832777714,1.0324584503329917,1.057352554495514,0.44026400658465453,0.41411446605374813,0.46317008500478746,0.44026400658465453,0.41411446605374813,0.46317008500478746,0.7523992308360086,0.3944262389637154,0.3702800068466002,0.4159413046423879,0.2926046561964974,1.0142217238626146,0.9910447042244935,1.0435061294125645
power,det_nonpar_dt50ns_ap0.01_tau100ns,nv_charge_readout_master_v1_4,thin_all_counts,4,P15.000,15.0,15.0,1.0,9.932170229495307,0.9199668888580719,6.89454823783182,7.478904304027249,0.1266696927897476,62.300701647345946,96.30710154699524,0.0,0.1,off,2.0,mean,-0.05070888807741347,0.58,0.34584003332435514,0.6740637308055222,0.6740637308055222,0.3238971190198912,1.067746555976981,1.047957339062202,1.0889007032639964,0.513067262810696,0.4821747381385991,0.5395819670765409,0.513067262810696,0.4821747381385991,0.5395819670765409,0.7523992308360086,0.4596496369887089,0.430938068515797,0.484567293879041,0.3357534356167891,1.0300416812981725,1.007133524864995,1.0503242473783898
power,det_nonpar_dt50ns_ap0.01_tau100ns,nv_charge_readout_master_v1_4,thin_all_counts,4,P15.000,15.0,15.0,1.0,9.932170229495307,0.9199668888580719,6.89454823783182,7.478904304027249,0.1266696927897476,62.300701647345946,96.30710154699524,0.0,0.1,off,2.0,mean,-0.05070888807741347,0.59,0.3945873935406447,0.6740637308055222,0.6740637308055222,0.367931154086578,1.0724489871488136,1.0529440739466087,1.0936860848416596,0.5853858849060213,0.5553049543925858,0.6155392731278772,0.5853858849060213,0.5553049543925858,0.6155392731278772,0.7523992308360086,0.5244388582138891,0.4964550385338454,0.5524829778953494,0.3789022150370808,1.0413963758486575,1.0280384258428765,1.0561462896195468
power,det_nonpar_dt50ns_ap0.01_tau100ns,nv_charge_readout_master_v1_4,thin_all_counts,4,P15.000,15.0,15.0,1.0,9.932170229495307,0.9199668888580719,6.89454823783182,7.478904304027249,0.1266696927897476,62.300701647345946,96.30710154699524,0.0,0.1,off,2.0,mean,-0.05070888807741347,0.6,0.44717838542720495,0.6740637308055222,0.6740637308055222,0.4179516463657327,1.0699285176063098,1.0547506949863696,1.085558176764786,0.6634066854373193,0.6295244908492071,0.6949506159950993,0.6634066854373193,0.6295244908492071,0.6949506159950993,0.7523992308360086,0.5943365797042808,0.5621880729619013,0.6242332704873699,0.4254841592866938,1.0509871534979836,1.0372584606036288,1.0669857339107105
power,det_nonpar_dt50ns_ap0.01_tau100ns,nv_charge_readout_master_v1_4,thin_all_counts,4,P15.000,15.0,15.0,1.0,9.932170229495307,0.9199668888580719,6.89454823783182,7.478904304027249,0.1266696927897476,62.300701647345946,96.30710154699524,0.0,0.1,off,2.0,mean,-0.05070888807741347,0.61,0.5002483208304088,0.6740637308055222,0.6740637308055222,0.4700277450531377,1.0642953019163892,1.0570255466307366,1.0761752640971558,0.7421380174729179,0.708575863222796,0.773410301933339,0.7421380174729179,0.708575863222796,0.773410301933339,0.7523992308360086,0.6648708562269143,0.6330019041423696,0.6948568501723211,0.47312726357446067,1.057322964335324,1.0418141766744333,1.0717937450251587
power,det_nonpar_dt50ns_ap0.01_tau100ns,nv_charge_readout_master_v1_4,thin_all_counts,4,P15.000,15.0,15.0,1.0,9.932170229495307,0.9199668888580719,6.89454823783182,7.478904304027249,0.1266696927897476,62.300701647345946,96.30710154699524,0.0,0.1,off,2.0,mean,-0.05070888807741347,0.62,0.5545673388093502,0.6740637308055222,0.6740637308055222,0.5134598012169774,1.0800598946498667,1.0649284612248866,1.0949943696285807,0.8227224125330538,0.7833948371723853,0.8574530411657371,0.8227224125330538,0.7833948371723853,0.8574530411657371,0.7523992308360086,0.737065265461738,0.6997766783398274,0.7701016272789076,0.5207703678622275,1.064898029981736,1.0521222045642775,1.0749651431091223
power,det_nonpar_dt50ns_ap0.01_tau100ns,nv_charge_readout_master_v1_4,thin_all_counts,4,P15.000,15.0,15.0,1.0,9.932170229495307,0.9199668888580719,6.89454823783182,7.478904304027249,0.1266696927897476,62.300701647345946,96.30710154699524,0.0,0.1,off,2.0,mean,-0.05070888807741347,0.63,0.6128248284921359,0.6740637308055222,0.6740637308055222,0.5609051172840294,1.0925641603334055,1.0796638569578663,1.1081975239572794,0.9091496849412083,0.8706258387438068,0.9452903319311604,0.9091496849412083,0.8706258387438068,0.9452903319311604,0.7523992308360086,0.8144942251086724,0.7773374254173043,0.8493477558582097,0.5707550928745454,1.073708909728183,1.0656927284054298,1.0838737874018147
power,det_nonpar_dt50ns_ap0.01_tau100ns,nv_charge_readout_master_v1_4,thin_all_counts,4,P15.000,15.0,15.0,1.0,9.932170229495307,0.9199668888580719,6.89454823783182,7.478904304027249,0.1266696927897476,62.300701647345946,96.30710154699524,0.0,0.1,off,2.0,mean,-0.05070888807741347,0.64,0.6724279449189475,0.6740637308055222,0.6740637308055222,0.6127345312130112,1.0974213312048255,1.0825532767503496,1.1093638879581997,0.9975732474366781,0.9542325614396174,1.0343359240418284,0.9975732474366781,0.9542325614396174,1.0343359240418284,0.7523992308360086,0.893711632548849,0.8522857504341261,0.9280430328792447,0.624313870571704,1.0770671237901281,1.0615036816925147,1.0931264077725371
power,det_nonpar_dt50ns_ap0.01_tau100ns,nv_charge_readout_master_v1_4,thin_all_counts,4,P15.000,15.0,15.0,1.0,9.932170229495307,0.9199668888580719,6.89454823783182,7.478904304027249,0.1266696927897476,62.300701647345946,96.30710154699524,0.0,0.1,off,2.0,mean,-0.05070888807741347,0.65,0.7296241453138436,0.6740637308055222,0.6740637308055222,0.6740637308055222,1.0824260555332437,1.028258387486501,1.0989271629658495,1.0824260555332437,0.9981749993631714,1.09392801037209,1.0824260555332437,0.9981749993631714,1.09392801037209,0.7523992308360086,0.9697300520936749,0.9296750964733684,1.0026093094124366,0.6778726482688626,1.0763439816861513,1.0581599137912585,1.0930020192360306
power,det_nonpar_dt50ns_ap0.01_tau100ns,nv_charge_readout_master_v1_4,thin_all_counts,4,P15.000,15.0,15.0,1.0,9.932170229495307,0.9199668888580719,6.89454823783182,7.478904304027249,0.1266696927897476,62.300701647345946,96.30710154699524,0.0,0.1,off,2.0,mean,-0.05070888807741347,0.66,0.782555087586209,0.7740682161021227,0.7740682161021227,0.7255755512072345,1.078530121755302,1.0472283433053613,1.1001522471189256,1.0109639839326081,1.00165618718167,1.0234975777165325,1.0109639839326081,1.00165618718167,1.0234975777165325,0.7766681959925589,1.0075796738221356,0.998388542781967,1.0180240247095251,0.7314314259660213,1.0698953583415798,1.0523120405260353,1.0900788086526336
power,det_nonpar_dt50ns_ap0.01_tau100ns,nv_charge_readout_master_v1_4,thin_all_counts,4,P15.000,15.0,15.0,1.0,9.932170229495307,0.9199668888580719,6.89454823783182,7.478904304027249,0.1266696927897476,62.300701647345946,96.30710154699524,0.0,0.1,off,2.0,mean,-0.05070888807741347,0.67,0.8438229486549887,0.8171411072940943,0.8171411072940943,0.7699679262004003,1.0959196090401382,1.0843357196708245,1.1083345940879474,1.0326526729872267,1.0131366260785988,1.056279485966087,1.0326526729872267,1.0131366260785988,1.056279485966087,0.8275797942054423,1.0196272970452855,1.0026925845954167,1.0396654914544214,0.78499020366318,1.0749471072597645,1.0514294775732014,1.0978326672622603
power,det_nonpar_dt50ns_ap0.01_tau100ns,nv_charge_readout_master_v1_4,thin_all_counts,4,P15.000,15.0,15.0,1.0,9.932170229495307,0.9199668888580719,6.89454823783182,7.478904304027249,0.1266696927897476,62.300701647345946,96.30710154699524,0.0,0.1,off,2.0,mean,-0.05070888807741347,0.68,0.9176441078927499,0.8626107820214729,0.8626107820214729,0.8201208670006725,1.1189132539069968,1.1071703428979245,1.126593411400801,1.063798560159786,1.0392345149817057,1.0852522498021364,1.063798560159786,1.0392345149817057,1.0852522498021364,0.8818287130991056,1.04061491110646,1.0196528142090429,1.0586692536138047,0.8385489813603386,1.0943238001483215,1.0715594404935065,1.1137224995947042
power,det_nonpar_dt50ns_ap0.01_tau100ns,nv_charge_readout_master_v1_4,thin_all_counts,4,P15.000,15.0,15.0,1.0,9.932170229495307,0.9199668888580719,6.89454823783182,7.478904304027249,0.1266696927897476,62.300701647345946,96.30710154699524,0.0,0.1,off,2.0,mean,-0.05070888807741347,0.69,0.9896805673033623,0.9106106088870293,0.9106106088870293,0.8734072968241207,1.1331260580281777,1.1214583976536912,1.146437849676128,1.086831800162063,1.0645308070067359,1.109050722288744,1.086831800162063,1.0645308070067359,1.109050722288744,0.9396337183324026,1.0532620828675447,1.0335498816639135,1.074595650318285,0.8921077590574966,1.1093733433603923,1.0903812245370588,1.128863466519519
power,det_nonpar_dt50ns_ap0.01_tau100ns,nv_charge_readout_master_v1_4,thin_all_counts,4,P15.000,15.0,15.0,1.0,9.932170229495307,0.9199668888580719,6.89454823783182,7.478904304027249,0.1266696927897476,62.300701647345946,96.30710154699524,0.0,0.1,off,2.0,mean,-0.05070888807741347,0.7,1.064548480632981,0.9612813777662301,0.9612813777662301,0.9301539532282986,1.144486326094984,1.1298444715049587,1.1582160026931572,1.1074265092981588,1.0861937232001253,1.1270443619099697,1.1074265092981588,1.0861937232001253,1.1270443619099697,1.0012279159342254,1.0632429077246337,1.0427707759847538,1.082547139758564,0.9456665367546553,1.1257123301479035,1.108450952043404,1.140145954319655
power,det_nonpar_dt50ns_ap0.01_tau100ns,nv_charge_readout_master_v1_4,thin_all_counts,4,P15.000,15.0,15.0,1.0,9.932170229495307,0.9199668888580719,6.89454823783182,7.478904304027249,0.1266696927897476,62.300701647345946,96.30710154699524,0.0,0.1,off,2.0,mean,-0.05070888807741347,0.71,1.1415969507168215,1.0147717127626625,1.0147717127626625,0.9905875298411388,1.152444298284171,1.1376198394325299,1.1660422341730021,1.1249790828410895,1.104972732585424,1.141850975276837,1.1249790828410895,1.104972732585424,1.141850975276837,1.0668596923331835,1.0700535027433555,1.0511708261256119,1.0864774615704738,0.999225314451814,1.1424820150229222,1.1300960816838836,1.152423781142105
power,det_nonpar_dt50ns_ap0.01_tau100ns,nv_charge_readout_master_v1_4,thin_all_counts,4,P15.000,15.0,15.0,1.0,9.932170229495307,0.9199668888580719,6.89454823783182,7.478904304027249,0.1266696927897476,62.300701647345946,96.30710154699524,0.0,0.1,off,2.0,mean,-0.05070888807741347,0.72,1.217219994011989,1.0712385081422964,1.0712385081422964,1.0549475717122776,1.1538203666712348,1.1413076541385867,1.1667932964982963,1.1362735607057746,1.1203042006696,1.1536185400014878,1.1362735607057746,1.1203042006696,1.1536185400014878,1.1367937160074424,1.070748348510417,1.0543140952923258,1.0879504916216007,1.0637656360632508,1.1442557953992922,1.1309397757155948,1.1569380007634087
power,det_nonpar_dt50ns_ap0.01_tau100ns,nv_charge_readout_master_v1_4,thin_all_counts,4,P15.000,15.0,15.0,1.0,9.932170229495307,0.9199668888580719,6.89454823783182,7.478904304027249,0.1266696927897476,62.300701647345946,96.30710154699524,0.0,0.1,off,2.0,mean,-0.05070888807741347,0.73,1.3095744082851644,1.1308473885252313,1.1308473885252313,1.1234891875128994,1.165631519057346,1.1518009804265912,1.1789701924852243,1.1580469845652788,1.1375508468608706,1.1773778292699117,1.1580469845652788,1.1375508468608706,1.1773778292699117,1.2113120047939911,1.081120638697777,1.0624351146583708,1.0977933233007682,1.1412841459370164,1.1474569351964303,1.1343869247372367,1.1642946900993323
power,det_nonpar_dt50ns_ap0.01_tau100ns,nv_charge_readout_master_v1_4,thin_all_counts,4,P15.000,15.0,15.0,1.0,9.932170229495307,0.9199668888580719,6.89454823783182,7.478904304027249,0.1266696927897476,62.300701647345946,96.30710154699524,0.0,0.1,off,2.0,mean,-0.05070888807741347,0.74,1.4121790932169966,1.1937731946847316,1.1937731946847316,1.1901208095373106,1.1865846575407892,1.1742500935449638,1.1947184221562355,1.1829542659398922,1.1673818743181146,1.1943548419470187,1.1829542659398922,1.1673818743181146,1.1943548419470187,1.2907150631614086,1.0941059986997288,1.0797592715173245,1.1038675316181812,1.2188026558107823,1.1586609911656083,1.1429607192329614,1.175140620871222
power,det_nonpar_dt50ns_ap0.01_tau100ns,nv_charge_readout_master_v1_4,thin_all_counts,4,P15.000,15.0,15.0,1.0,9.932170229495307,0.9199668888580719,6.89454823783182,7.478904304027249,0.1266696927897476,62.300701647345946,96.30710154699524,0.0,0.1,off,2.0,mean,-0.05070888807741347,0.75,1.5095268533652715,1.4981165093307762,1.4981165093307762,1.2752712987153125,1.1836907604569664,1.1731305657022844,1.2014527030426136,1.0076164597101946,1.0009058525315269,1.2029182188640966,1.0076164597101946,1.0009058525315269,1.2029182188640966,1.3753230940323156,1.0975798050038434,1.0913547724519705,1.1066492238191015,1.296321165684548,1.1644698037219319,1.147082109920098,1.182146454761792
power,det_nonpar_dt50ns_ap0.01_tau100ns,nv_charge_readout_master_v1_4,thin_all_counts,4,P15.000,15.0,15.0,1.0,9.932170229495307,0.9199668888580719,6.89454823783182,7.478904304027249,0.1266696927897476,62.300701647345946,96.30710154699524,0.0,0.1,off,2.0,mean,-0.05070888807741347,0.76,1.6135852258225645,1.5662194558427638,1.5662194558427638,1.496254637420311,1.0784161903113918,1.061104155461195,1.2029498783229235,1.030242102920573,1.0158776929690718,1.0468316043788488,1.030242102920573,1.0158776929690718,1.0468316043788488,1.4559171147274308,1.1082947026999208,1.0987039886163508,1.1194439506481155,1.3738396755583138,1.1745076623783053,1.155852078857846,1.1909521255310003
power,det_nonpar_dt50ns_ap0.01_tau100ns,nv_charge_readout_master_v1_4,thin_all_counts,4,P15.000,15.0,15.0,1.0,9.932170229495307,0.9199668888580719,6.89454823783182,7.478904304027249,0.1266696927897476,62.300701647345946,96.30710154699524,0.0,0.1,off,2.0,mean,-0.05070888807741347,0.77,1.725001348882023,1.6374182972966518,1.6374182972966518,1.5311574744172842,1.1265995677802574,1.1000263838437867,1.1536689682019967,1.0534885018263014,1.0368384058558031,1.073442203849815,1.0534885018263014,1.0368384058558031,1.073442203849815,1.541233950156036,1.1192339415488364,1.1050220761105187,1.1333960405227101,1.4513581854320794,1.1885428188552078,1.1713521846560682,1.2043844808329625
power,det_nonpar_dt50ns_ap0.01_tau100ns,nv_charge_readout_master_v1_4,thin_all_counts,4,P15.000,15.0,15.0,1.0,9.932170229495307,0.9199668888580719,6.89454823783182,7.478904304027249,0.1266696927897476,62.300701647345946,96.30710154699524,0.0,0.1,off,2.0,mean,-0.05070888807741347,0.78,1.8460998635018488,1.7118537701213639,1.7118537701213639,1.5668744830131085,1.1782053275587132,1.1495781594410233,1.2069138215458723,1.078421472513372,1.058895250041055,1.1006577167354792,1.078421472513372,1.058895250041055,1.1006577167354792,1.63155035756159,1.1315003885389787,1.1155573203276823,1.1476209950843208,1.5288766953058452,1.207487738658051,1.1912728363685523,1.2233944261573475
power,det_nonpar_dt50ns_ap0.01_tau100ns,nv_charge_readout_master_v1_4,thin_all_counts,4,P15.000,15.0,15.0,1.0,9.932170229495307,0.9199668888580719,6.89454823783182,7.478904304027249,0.1266696927897476,62.300701647345946,96.30710154699524,0.0,0.1,off,2.0,mean,-0.05070888807741347,0.79,1.98004273200813,1.7896730084895454,1.7896730084895454,1.6034246552281877,1.2348835509993732,1.2028778187465747,1.2607995620747265,1.1063712324070047,1.0831490071154775,1.1317495671510096,1.1063712324070047,1.0831490071154775,1.1317495671510096,1.7271593121796032,1.1464158042892978,1.1305200773851842,1.1629197612099804,1.606395205179611,1.232600001309604,1.2155111884914673,1.2477174713993808
power,det_nonpar_dt50ns_ap0.01_tau100ns,nv_charge_readout_master_v1_4,thin_all_counts,4,P15.000,15.0,15.0,1.0,9.932170229495307,0.9199668888580719,6.89454823783182,7.478904304027249,0.1266696927897476,62.300701647345946,96.30710154699524,0.0,0.1,off,2.0,mean,-0.05070888807741347,0.8,2.1290185462664595,1.871029835152885,1.871029835152885,1.6818126789387773,1.2659070614272385,1.2539840111963574,1.279815726022619,1.1378859418842426,1.1100208730607644,1.1690183136026293,1.1378859418842426,1.1100208730607644,1.1690183136026293,1.8283709576130023,1.1644346774387417,1.1491771611352095,1.1824535028042942,1.7045708667350552,1.24900559302905,1.2379122675062955,1.2617714426546058
power,det_nonpar_dt50ns_ap0.01_tau100ns,nv_charge_readout_master_v1_4,thin_all_counts,4,P15.000,15.0,15.0,1.0,9.932170229495307,0.9199668888580719,6.89454823783182,7.478904304027249,0.1266696927897476,62.300701647345946,96.30710154699524,0.0,0.1,off,2.0,mean,-0.05070888807741347,0.81,2.310111215506309,1.9560850654985347,1.9560850654985347,1.8136062812322464,1.2737666600584965,1.2174314886004831,1.2909992511197406,1.1809870931750843,1.1474128299724453,1.2206795859766417,1.1809870931750843,1.1474128299724453,1.2206795859766417,1.9423864046440429,1.189315992936871,1.1759205182722223,1.2066451405565102,1.8453793732505583,1.2518353943867622,1.2365362371595146,1.2755006026037337
power,det_nonpar_dt50ns_ap0.01_tau100ns,nv_charge_readout_master_v1_4,thin_all_counts,4,P15.000,15.0,15.0,1.0,9.932170229495307,0.9199668888580719,6.89454823783182,7.478904304027249,0.1266696927897476,62.300701647345946,96.30710154699524,0.0,0.1,off,2.0,mean,-0.05070888807741347,0.82,2.550483687698064,2.0450068254276417,2.0450068254276417,2.0242061289355746,1.2599920784941165,1.2211177234718484,1.3025517419563406,1.2471761247861457,1.1966817243080137,1.2892601919642472,1.2471761247861457,1.1966817243080137,1.2892601919642472,2.090346614244395,1.2201247727616678,1.1925939450113239,1.2461241213456946,1.9861878797660597,1.2841099845994777,1.2488234188998613,1.3125147350079047
power,det_nonpar_dt50ns_ap0.01_tau100ns,nv_charge_readout_master_v1_4,thin_all_counts,4,P15.000,15.0,15.0,1.0,9.932170229495307,0.9199668888580719,6.89454823783182,7.478904304027249,0.1266696927897476,62.300701647345946,96.30710154699524,0.0,0.1,off,2.0,mean,-0.05070888807741347,0.83,2.7985404660888396,2.13797088368434,2.13797088368434,2.0948977554033883,1.3358840348511232,1.2939199656601228,1.3447526933914429,1.3089703360534768,1.2637037133570428,1.3406469954535387,1.3089703360534768,1.2637037133570428,1.3406469954535387,2.249577610940787,1.2440293024246776,1.223950727196456,1.2607330163854664,2.126996386281563,1.31572412823008,1.2911732698415455,1.3406089470598344
power,det_nonpar_dt50ns_ap0.01_tau100ns,nv_charge_readout_master_v1_4,thin_all_counts,4,P15.000,15.0,15.0,1.0,9.932170229495307,0.9199668888580719,6.89454823783182,7.478904304027249,0.1266696927897476,62.300701647345946,96.30710154699524,0.0,0.1,off,2.0,mean,-0.05070888807741347,0.84,3.0746535462700644,3.0509383558488548,3.0509383558488548,2.2702081787734585,1.3543487222970139,1.1646191419209242,1.3705147875542552,1.0077730808214287,0.998089250855496,1.3552871827563704,1.0077730808214287,0.9981028356388438,1.3552871827563704,2.4323779724353085,1.2640525367000042,1.2466953269152004,1.279316948363735,2.267804892797066,1.3557839812568033,1.3230123996853533,1.3666411246883847
power,det_nonpar_dt50ns_ap0.01_tau100ns,nv_charge_readout_master_v1_4,thin_all_counts,4,P15.000,15.0,15.0,1.0,9.932170229495307,0.9199668888580719,6.89454823783182,7.478904304027249,0.1266696927897476,62.300701647345946,96.30710154699524,0.0,0.1,off,2.0,mean,-0.05070888807741347,0.85,3.4885614974372414,3.314601791033077,3.314601791033077,2.7738542851482255,1.2576585281049917,1.1711749937050298,1.355637215742636,1.0524828372671413,1.005199028409463,1.1080084177737783,1.0524828372671413,1.0049710963564233,1.1091777397654954,2.689718256793116,1.2969988542950837,1.256817010424677,1.3422230010226197,2.573061107207232,1.3558020397050274,1.3242589774431677,1.4036127885538796
power,det_nonpar_dt50ns_ap0.01_tau100ns,nv_charge_readout_master_v1_4,thin_all_counts,4,P15.000,15.0,15.0,1.0,9.932170229495307,0.9199668888580719,6.89454823783182,7.478904304027249,0.1266696927897476,62.300701647345946,96.30710154699524,0.0,0.1,off,2.0,mean,-0.05070888807741347,0.86,4.159076762660581,3.6010511363029205,3.6010511363029205,3.1169119163224743,1.3343581321244768,1.303012440226927,1.7888970417987138,1.1549618723078081,1.075107000420637,1.4147049270471717,1.1549618723078081,1.0794449828731647,1.4861734713739454,2.9998130593306995,1.3864453152252525,1.3286153036917272,1.8125994854725833,2.8806334865173233,1.4438062954301385,1.374373139831864,1.887100440533595
power,det_nonpar_dt50ns_ap0.01_tau100ns,nv_charge_readout_master_v1_4,thin_all_counts,4,P15.000,15.0,15.0,1.0,9.932170229495307,0.9199668888580719,6.89454823783182,7.478904304027249,0.1266696927897476,62.300701647345946,96.30710154699524,0.0,0.1,off,2.0,mean,-0.05070888807741347,0.87,8.0229725566329,7.141371437698962,6.5023654308966075,3.3465113373109086,2.3974138283002997,1.5567812233794258,2.553737936136449,1.1234498340584846,1.0384684150269397,1.4897200314618473,1.2338544552588484,1.1384313332861409,1.916850435886876,3.396631209238008,2.3620381673501596,1.557565296395945,2.5529556795779693,3.336633549885125,2.4045111447462126,1.6378961868044073,2.592917252515051
power,det_nonpar_dt50ns_ap0.01_tau100ns,nv_charge_readout_master_v1_4,thin_all_counts,4,P15.000,15.0,15.0,1.0,9.932170229495307,0.9199668888580719,6.89454823783182,7.478904304027249,0.1266696927897476,62.300701647345946,96.30710154699524,0.0,0.1,off,2.0,mean,-0.05070888807741347,0.88,nan,nan,7.369644907534628,4.207443171429284,nan,2.0162291668392682,2.4725236179068646,nan,nan,nan,nan,1.2186894288100807,1.4624642578209714,4.164722813416582,nan,2.115165124417933,2.605796448851418,3.949914493353941,nan,2.2319887953567465,2.724278123146284
power,det_nonpar_dt50ns_ap0.01_tau100ns,nv_charge_readout_master_v1_4,thin_all_counts,4,P15.000,15.0,15.0,1.0,9.932170229495307,0.9199668888580719,6.89454823783182,7.478904304027249,0.1266696927897476,62.300701647345946,96.30710154699524,0.0,0.1,off,2.0,mean,-0.05070888807741347,0.89,nan,nan,9.688646051742401,15.74434711999982,nan,nan,nan,nan,nan,nan,nan,nan,nan,5.476111534501496,nan,nan,nan,5.53447782655156,nan,nan,nan
power,det_nonpar_dt50ns_ap0.01_tau100ns,nv_charge_readout_master_v1_4,thin_all_counts,4,P15.000,15.0,15.0,1.0,9.932170229495307,0.9199668888580719,6.89454823783182,7.478904304027249,0.1266696927897476,62.300701647345946,96.30710154699524,0.0,0.1,off,2.0,mean,-0.05070888807741347,0.9,nan,nan,nan,nan,nan,nan,nan,nan,nan,nan,nan,nan,nan,nan,nan,nan,nan,nan,nan,nan,nan
power,det_nonpar_dt50ns_ap0.01_tau100ns,nv_charge_readout_master_v1_4,thin_all_counts,4,P15.000,15.0,15.0,1.0,9.932170229495307,0.9199668888580719,6.89454823783182,7.478904304027249,0.1266696927897476,62.300701647345946,96.30710154699524,0.0,0.1,off,2.0,mean,-0.05070888807741347,0.91,nan,nan,nan,nan,nan,nan,nan,nan,nan,nan,nan,nan,nan,nan,nan,nan,nan,nan,nan,nan,nan
power,det_nonpar_dt50ns_ap0.01_tau100ns,nv_charge_readout_master_v1_4,thin_all_counts,4,P15.000,15.0,15.0,1.0,9.932170229495307,0.9199668888580719,6.89454823783182,7.478904304027249,0.1266696927897476,62.300701647345946,96.30710154699524,0.0,0.1,off,2.0,mean,-0.05070888807741347,0.92,nan,nan,nan,nan,nan,nan,nan,nan,nan,nan,nan,nan,nan,nan,nan,nan,nan,nan,nan,nan,nan
power,det_nonpar_dt50ns_ap0.01_tau100ns,nv_charge_readout_master_v1_4,thin_all_counts,4,P15.000,15.0,15.0,1.0,9.932170229495307,0.9199668888580719,6.89454823783182,7.478904304027249,0.1266696927897476,62.300701647345946,96.30710154699524,0.0,0.1,off,2.0,mean,-0.05070888807741347,0.93,nan,nan,nan,nan,nan,nan,nan,nan,nan,nan,nan,nan,nan,nan,nan,nan,nan,nan,nan,nan,nan
power,det_nonpar_dt50ns_ap0.01_tau100ns,nv_charge_readout_master_v1_4,thin_all_counts,4,P15.000,15.0,15.0,1.0,9.932170229495307,0.9199668888580719,6.89454823783182,7.478904304027249,0.1266696927897476,62.300701647345946,96.30710154699524,0.0,0.1,off,2.0,mean,-0.05070888807741347,0.94,nan,nan,nan,nan,nan,nan,nan,nan,nan,nan,nan,nan,nan,nan,nan,nan,nan,nan,nan,nan,nan
power,det_nonpar_dt50ns_ap0.01_tau100ns,nv_charge_readout_master_v1_4,thin_all_counts,4,P15.000,15.0,15.0,1.0,9.932170229495307,0.9199668888580719,6.89454823783182,7.478904304027249,0.1266696927897476,62.300701647345946,96.30710154699524,0.0,0.1,off,2.0,mean,-0.05070888807741347,0.95,nan,nan,nan,nan,nan,nan,nan,nan,nan,nan,nan,nan,nan,nan,nan,nan,nan,nan,nan,nan,nan
power,det_nonpar_dt50ns_ap0.01_tau100ns,nv_charge_readout_master_v1_4,thin_all_counts,4,P15.000,15.0,15.0,1.0,9.932170229495307,0.9199668888580719,6.89454823783182,7.478904304027249,0.1266696927897476,62.300701647345946,96.30710154699524,0.0,0.1,off,2.0,mean,-0.05070888807741347,0.96,nan,nan,nan,nan,nan,nan,nan,nan,nan,nan,nan,nan,nan,nan,nan,nan,nan,nan,nan,nan,nan
power,det_nonpar_dt50ns_ap0.01_tau100ns,nv_charge_readout_master_v1_4,thin_all_counts,4,P15.000,15.0,15.0,1.0,9.932170229495307,0.9199668888580719,6.89454823783182,7.478904304027249,0.1266696927897476,62.300701647345946,96.30710154699524,0.0,0.1,off,2.0,mean,-0.05070888807741347,0.97,nan,nan,nan,nan,nan,nan,nan,nan,nan,nan,nan,nan,nan,nan,nan,nan,nan,nan,nan,nan,nan
power,det_nonpar_dt50ns_ap0.01_tau100ns,nv_charge_readout_master_v1_4,thin_all_counts,4,P15.000,15.0,15.0,1.0,9.932170229495307,0.9199668888580719,6.89454823783182,7.478904304027249,0.1266696927897476,62.300701647345946,96.30710154699524,0.0,0.1,off,2.0,mean,-0.05070888807741347,0.98,nan,nan,nan,nan,nan,nan,nan,nan,nan,nan,nan,nan,nan,nan,nan,nan,nan,nan,nan,nan,nan
power,det_nonpar_dt50ns_ap0.01_tau100ns,nv_charge_readout_master_v1_4,thin_all_counts,4,P15.000,15.0,15.0,1.0,9.932170229495307,0.9199668888580719,6.89454823783182,7.478904304027249,0.1266696927897476,62.300701647345946,96.30710154699524,0.0,0.1,off,2.0,mean,-0.05070888807741347,0.99,nan,nan,nan,nan,nan,nan,nan,nan,nan,nan,nan,nan,nan,nan,nan,nan,nan,nan,nan,nan,nan
