experiment,detector,physics_layer,efficiency_model,point_index,point,sweep_value,power_uw,detection_efficiency,photons_per_bright_dwell,contrast,switching_ratio,snr_per_bright_dwell,p_bright_stationary,gamma_tot_khz,horizon_us,noise_sigma,noise_tau_c_ms,noise_kind,noise_photon_order,noise_renormalise,q_excess_finest_bin,target_fidelity,t_threshold_us,t_adaptive_count_us,t_fixed_count_mmpp_us,t_adaptive_mmpp_us,speedup_mmpp,speedup_mmpp_ci_low,speedup_mmpp_ci_high,speedup_count,speedup_count_ci_low,speedup_count_ci_high,speedup_fixed_count_mmpp,speedup_fixed_count_mmpp_ci_low,speedup_fixed_count_mmpp_ci_high,t_learned_us,speedup_learned,speedup_learned_ci_low,speedup_learned_ci_high,t_optimal_us,speedup_optimal,speedup_optimal_ci_low,speedup_optimal_ci_high
noise_tau,ideal,nv_charge_readout_master_v1_4,thin_all_counts,0,tau0.01ms,0.01,5.437,1.0,27.43339830432224,0.9249776330930897,7.504300359171423,12.911749357161563,0.11758756837904422,9.422120008455401,636.7993609310438,0.2,0.01,ou,2.1054086423165375,mean,0.07173124485085314,0.55,0.4980374095084551,1.5955732565025538,1.5955732565025538,0.4730454107924602,1.0528321343909193,1.0301308048572675,1.0711665369418018,0.3121369748952407,0.28930141020058914,0.3325336100582531,0.3121369748952407,0.28930141020058914,0.3325336100582531,4.974995007273436,0.10010812247657035,0.09246510955464116,0.10701758190701115,0.48853532517219056,1.0194501479149238,1.0029082249770622,1.0571355998300003
noise_tau,ideal,nv_charge_readout_master_v1_4,thin_all_counts,0,tau0.01ms,0.01,5.437,1.0,27.43339830432224,0.9249776330930897,7.504300359171423,12.911749357161563,0.11758756837904422,9.422120008455401,636.7993609310438,0.2,0.01,ou,2.1054086423165375,mean,0.07173124485085314,0.56,0.5941475816612877,1.5955732565025538,1.5955732565025538,0.5631656033178245,1.0550139748609226,1.0371562862181587,1.0767673127606774,0.3723724869666219,0.3540469529486049,0.39252328183623314,0.3723724869666219,0.3540469529486049,0.39252328183623314,4.974995007273436,0.11942676943246068,0.11328445747633445,0.12617030944842708,0.5888602333927296,1.0089789528460682,0.9945683747807432,1.0373154033106742
noise_tau,ideal,nv_charge_readout_master_v1_4,thin_all_counts,0,tau0.01ms,0.01,5.437,1.0,27.43339830432224,0.9249776330930897,7.504300359171423,12.911749357161563,0.11758756837904422,9.422120008455401,636.7993609310438,0.2,0.01,ou,2.1054086423165375,mean,0.07173124485085314,0.57,0.6937067767819759,1.5955732565025538,1.5955732565025538,0.6681765028529024,1.0382088771755176,1.027187986919806,1.0527922874451094,0.4347696189785477,0.4108557631168002,0.46029904992296905,0.4347696189785477,0.4108557631168002,0.46029904992296905,4.974995007273436,0.13943868803240556,0.1314698048047266,0.14784770449482662,0.6894759182426039,1.0061363398306296,0.9870507064079364,1.0308062906160806
noise_tau,ideal,nv_charge_readout_master_v1_4,thin_all_counts,0,tau0.01ms,0.01,5.437,1.0,27.43339830432224,0.9249776330930897,7.504300359171423,12.911749357161563,0.11758756837904422,9.422120008455401,636.7993609310438,0.2,0.01,ou,2.1054086423165375,mean,0.07173124485085314,0.58,0.8100071478307234,1.5955732565025538,1.5955732565025538,0.7660382722013789,1.0573977531213816,1.0374571806167177,1.0781180691314218,0.507659015046563,0.47935553164784145,0.5388728545013417,0.507659015046563,0.47935553164784145,0.5388728545013417,4.974995007273436,0.16281567049745657,0.153108940970978,0.17325383134101222,0.7900916030924793,1.0252066275103964,1.0125838620312801,1.0381301278660027
noise_tau,ideal,nv_charge_readout_master_v1_4,thin_all_counts,0,tau0.01ms,0.01,5.437,1.0,27.43339830432224,0.9249776330930897,7.504300359171423,12.911749357161563,0.11758756837904422,9.422120008455401,636.7993609310438,0.2,0.01,ou,2.1054086423165375,mean,0.07173124485085314,0.59,0.9458841585515078,1.5955732565025538,1.5955732565025538,0.878232969839198,1.077031028252898,1.055183369137817,1.0986344454479522,0.5928177566881861,0.5578095010208438,0.6314138849269638,0.5928177566881861,0.5578095010208438,0.6314138849269638,4.974995007273436,0.19012765986068858,0.17826873474483618,0.20286880477284683,0.901912870019701,1.0487533663100364,1.0312202425728385,1.0729163644135584
noise_tau,ideal,nv_charge_readout_master_v1_4,thin_all_counts,0,tau0.01ms,0.01,5.437,1.0,27.43339830432224,0.9249776330930897,7.504300359171423,12.911749357161563,0.11758756837904422,9.422120008455401,636.7993609310438,0.2,0.01,ou,2.1054086423165375,mean,0.07173124485085314,0.6,1.0834783229669944,1.5955732565025538,1.5955732565025538,1.006859810145122,1.0760965052431968,1.0601445718807538,1.0938251564104489,0.6790526969234523,0.6440738251537855,0.7119718109945116,0.6790526969234523,0.6440738251537855,0.7119718109945116,4.974995007273436,0.2177848060918555,0.2059529910015821,0.22878194129521093,1.015975253362392,1.0664416474527303,1.055455149253263,1.0873297184992414
noise_tau,ideal,nv_charge_readout_master_v1_4,thin_all_counts,0,tau0.01ms,0.01,5.437,1.0,27.43339830432224,0.9249776330930897,7.504300359171423,12.911749357161563,0.11758756837904422,9.422120008455401,636.7993609310438,0.2,0.01,ou,2.1054086423165375,mean,0.07173124485085314,0.61,1.2040307652057332,1.5955732565025538,1.5955732565025538,1.1164348441755048,1.0784603969387203,1.0678759762145862,1.0896190199131845,0.7546070105517628,0.7190555934776584,0.7856974351434932,0.7546070105517628,0.7190555934776584,0.7856974351434932,4.974995007273436,0.24201647709102056,0.22993016016140616,0.25256493577519645,1.130037636705083,1.0654784638115207,1.0565281457464701,1.082326771552369
noise_tau,ideal,nv_charge_readout_master_v1_4,thin_all_counts,0,tau0.01ms,0.01,5.437,1.0,27.43339830432224,0.9249776330930897,7.504300359171423,12.911749357161563,0.11758756837904422,9.422120008455401,636.7993609310438,0.2,0.01,ou,2.1054086423165375,mean,0.07173124485085314,0.62,1.3233936324769748,1.5955732565025538,1.5955732565025538,1.2186922070582002,1.0859129358605757,1.0697063234060158,1.1016311722918664,0.8294157771093581,0.7921138325025858,0.8619962137831496,0.8294157771093581,0.7921138325025858,0.8619962137831496,4.974995007273436,0.2660090373039923,0.2533300811975861,0.2772233069410018,1.2447973860577788,1.0631397906996793,1.0543875385767805,1.0786296157984754
noise_tau,ideal,nv_charge_readout_master_v1_4,thin_all_counts,0,tau0.01ms,0.01,5.437,1.0,27.43339830432224,0.9249776330930897,7.504300359171423,12.911749357161563,0.11758756837904422,9.422120008455401,636.7993609310438,0.2,0.01,ou,2.1054086423165375,mean,0.07173124485085314,0.63,1.4532334450291993,1.5955732565025538,1.5955732565025538,1.3303156053331766,1.0923975026702313,1.0792648065242827,1.1056183534093602,0.9107908014293503,0.8675867741190195,0.9495330585921785,0.9107908014293503,0.8675867741190195,0.9495330585921785,4.974995007273436,0.2921075182798322,0.27757902334573953,0.3053872674496224,1.3601810944720574,1.0684117364484171,1.0610188804255263,1.07992116001392
noise_tau,ideal,nv_charge_readout_master_v1_4,thin_all_counts,0,tau0.01ms,0.01,5.437,1.0,27.43339830432224,0.9249776330930897,7.504300359171423,12.911749357161563,0.11758756837904422,9.422120008455401,636.7993609310438,0.2,0.01,ou,2.1054086423165375,mean,0.07173124485085314,0.64,1.5850228719627983,1.5955732565025538,1.5955732565025538,1.4521629001509317,1.0914910935942914,0.9989792638855138,1.1031485033608213,0.9933877153576254,0.9551603597610366,1.0322022385371716,0.9933877153576254,0.9551603597610366,1.0322022385371716,4.974995007273436,0.31859788193666466,0.3051136968628116,0.33190314122973374,1.4834832365219175,1.0684467696978797,1.0580566237225435,1.082612840596702
noise_tau,ideal,nv_charge_readout_master_v1_4,thin_all_counts,0,tau0.01ms,0.01,5.437,1.0,27.43339830432224,0.9249776330930897,7.504300359171423,12.911749357161563,0.11758756837904422,9.422120008455401,636.7993609310438,0.2,0.01,ou,2.1054086423165375,mean,0.07173124485085314,0.65,1.7194850237150094,1.5955732565025538,1.5955732565025538,1.5955732565025538,1.0776597167867217,1.0367330321810946,1.0965615724716387,1.0776597167867217,0.9996229053355816,1.0965615724716387,1.0776597167867217,0.9996229053355816,1.0965615724716387,4.974995007273436,0.345625477251962,0.3317412529787249,0.3576023158094931,1.6072511687856355,1.069829692526634,1.053605516767479,1.0876202892709703
noise_tau,ideal,nv_charge_readout_master_v1_4,thin_all_counts,0,tau0.01ms,0.01,5.437,1.0,27.43339830432224,0.9249776330930897,7.504300359171423,12.911749357161563,0.11758756837904422,9.422120008455401,636.7993609310438,0.2,0.01,ou,2.1054086423165375,mean,0.07173124485085314,0.66,1.8493887370631799,1.820833567540751,1.820833567540751,1.7654889959720466,1.0475220980037543,1.0373325040968682,1.1025067171623204,1.0156824709470818,1.0020011976237786,1.0317565399137965,1.0156824709470818,1.0020011976237786,1.0317565399137965,4.974995007273436,0.37173680262178677,0.3588857694436918,0.3847418325894195,1.7310191010493532,1.0683814730536887,1.0525857300638992,1.085623479602693
noise_tau,ideal,nv_charge_readout_master_v1_4,thin_all_counts,0,tau0.01ms,0.01,5.437,1.0,27.43339830432224,0.9249776330930897,7.504300359171423,12.911749357161563,0.11758756837904422,9.422120008455401,636.7993609310438,0.2,0.01,ou,2.1054086423165375,mean,0.07173124485085314,0.67,1.9859538462186315,1.9180215913781269,1.9180215913781269,1.8272770887015772,1.0868378192328818,1.0657208029576883,1.1028078599191118,1.035417878060327,1.0196762130964803,1.0497271416117806,1.035417878060327,1.0196762130964803,1.0497271416117806,4.974995007273436,0.39918710336697216,0.38511192879940537,0.41297795574768614,1.8547870333130712,1.0707179910953262,1.052747390517959,1.0872880948020585
noise_tau,ideal,nv_charge_readout_master_v1_4,thin_all_counts,0,tau0.01ms,0.01,5.437,1.0,27.43339830432224,0.9249776330930897,7.504300359171423,12.911749357161563,0.11758756837904422,9.422120008455401,636.7993609310438,0.2,0.01,ou,2.1054086423165375,mean,0.07173124485085314,0.68,2.128134197402513,2.0203970810804757,2.0203970810804757,1.9121081987766984,1.1129779155614838,1.1041088815299844,1.1235538894072097,1.0533247238035117,1.0363827239103394,1.0723428484605524,1.0533247238035117,1.0363827239103394,1.0723428484605524,4.974995007273436,0.4277660971098833,0.41370112510385604,0.4425076574120174,1.9785549655767891,1.0756002407959986,1.0596848346148162,1.0940007352584233
noise_tau,ideal,nv_charge_readout_master_v1_4,thin_all_counts,0,tau0.01ms,0.01,5.437,1.0,27.43339830432224,0.9249776330930897,7.504300359171423,12.911749357161563,0.11758756837904422,9.422120008455401,636.7993609310438,0.2,0.01,ou,2.1054086423165375,mean,0.07173124485085314,0.69,2.279707389876352,2.1282369205789404,2.1282369205789404,2.0346935156065356,1.120418073970604,1.1102201817045354,1.1316709332666521,1.0711718079095287,1.0518904126241244,1.0883803143122535,1.0711718079095287,1.0518904126241244,1.0883803143122535,4.974995007273436,0.4582331010470207,0.4419809700933777,0.47395956914799703,2.1023228978405055,1.0843754744896965,1.0694513165230257,1.1011167982803398
noise_tau,ideal,nv_charge_readout_master_v1_4,thin_all_counts,0,tau0.01ms,0.01,5.437,1.0,27.43339830432224,0.9249776330930897,7.504300359171423,12.911749357161563,0.11758756837904422,9.422120008455401,636.7993609310438,0.2,0.01,ou,2.1054086423165375,mean,0.07173124485085314,0.7,2.4416143882241417,2.241832772641449,2.241832772641449,2.165137780958161,1.127694694396598,1.1142867416971636,1.1435049904821342,1.0891153069135031,1.069942361910789,1.1101707926776607,1.0891153069135031,1.069942361910789,1.1101707926776607,4.974995007273436,0.49077725397804517,0.4741046268201991,0.5094554065658873,2.2260908301042237,1.0968170549041916,1.081540259432848,1.114021900498555
noise_tau,ideal,nv_charge_readout_master_v1_4,thin_all_counts,0,tau0.01ms,0.01,5.437,1.0,27.43339830432224,0.9249776330930897,7.504300359171423,12.911749357161563,0.11758756837904422,9.422120008455401,636.7993609310438,0.2,0.01,ou,2.1054086423165375,mean,0.07173124485085314,0.71,2.6350102864522564,2.361491867701498,2.361491867701498,2.303944832268758,1.1436950440594922,1.1283825194614945,1.1568529162078052,1.115824416967813,1.0909778535988595,1.141354858687031,1.115824416967813,1.0909778535988595,1.141354858687031,4.974995007273436,0.5296508403726787,0.5096078080911098,0.553006338485387,2.3498587623679414,1.121348367251217,1.1050674714117485,1.1375400974714105
noise_tau,ideal,nv_charge_readout_master_v1_4,thin_all_counts,0,tau0.01ms,0.01,5.437,1.0,27.43339830432224,0.9249776330930897,7.504300359171423,12.911749357161563,0.11758756837904422,9.422120008455401,636.7993609310438,0.2,0.01,ou,2.1054086423165375,mean,0.07173124485085314,0.72,2.839381863732607,2.4875378347911323,2.4875378347911323,2.4516508080094743,1.158151011741324,1.1459168247308409,1.1681948072514237,1.1414426844169057,1.1174838352900578,1.162318833940865,1.1414426844169057,1.1174838352900578,1.162318833940865,4.974995007273436,0.5707305956250076,0.550527703769069,0.592181918275587,2.473626694631659,1.1478619105682846,1.1363515383906115,1.1530437884098392
noise_tau,ideal,nv_charge_readout_master_v1_4,thin_all_counts,0,tau0.01ms,0.01,5.437,1.0,27.43339830432224,0.9249776330930897,7.504300359171423,12.911749357161563,0.11758756837904422,9.422120008455401,636.7993609310438,0.2,0.01,ou,2.1054086423165375,mean,0.07173124485085314,0.73,3.0340385492499657,2.620311576825435,2.620311576825435,2.6031622592055985,1.1655203353231838,1.1566554152207038,1.175034540467037,1.1578922812399928,1.136681241367096,1.1791857756776742,1.1578922812399928,1.136681241367096,1.1791857756776742,4.974995007273436,0.6098576068547216,0.5906436282620703,0.6328382033851407,2.6419747852621875,1.148397996140932,1.1360280314047657,1.160539273633761
noise_tau,ideal,nv_charge_readout_master_v1_4,thin_all_counts,0,tau0.01ms,0.01,5.437,1.0,27.43339830432224,0.9249776330930897,7.504300359171423,12.911749357161563,0.11758756837904422,9.422120008455401,636.7993609310438,0.2,0.01,ou,2.1054086423165375,mean,0.07173124485085314,0.74,3.232976139035966,2.76017219260583,2.76017219260583,2.7430907522413577,1.1785888368419188,1.1696393624760903,1.186906159303582,1.171295090826841,1.1521118787917448,1.1901512741420612,1.171295090826841,1.1521118787917448,1.1901512741420612,4.974995007273436,0.6498451022180645,0.6310776508278673,0.6710401043304036,2.810322875892716,1.1503931333900528,1.1345247256574984,1.1646207179587662
noise_tau,ideal,nv_charge_readout_master_v1_4,thin_all_counts,0,tau0.01ms,0.01,5.437,1.0,27.43339830432224,0.9249776330930897,7.504300359171423,12.911749357161563,0.11758756837904422,9.422120008455401,636.7993609310438,0.2,0.01,ou,2.1054086423165375,mean,0.07173124485085314,0.75,3.430268212164939,2.9074979480358265,2.9074979480358265,2.881342144149614,1.1905105470136148,1.0519428485820999,1.1967134462150981,1.179800733645323,1.164013046229763,1.196686328273286,1.179800733645323,1.164013046229763,1.196686328273286,4.974995007273436,0.6895018401324808,0.6691603064454689,0.7126153802000843,2.9786709665232443,1.1516103157136575,1.1357873378357664,1.1686664109703455
noise_tau,ideal,nv_charge_readout_master_v1_4,thin_all_counts,0,tau0.01ms,0.01,5.437,1.0,27.43339830432224,0.9249776330930897,7.504300359171423,12.911749357161563,0.11758756837904422,9.422120008455401,636.7993609310438,0.2,0.01,ou,2.1054086423165375,mean,0.07173124485085314,0.76,3.6451984479592543,3.062687299175962,3.062687299175962,3.3375496558229476,1.0921780419355136,1.063835924746775,1.1398820775048442,1.19019608986527,1.1736831591669825,1.2045755335464865,1.19019608986527,1.1736831591669825,1.2045755335464865,4.974995007273436,0.7327039409346098,0.7082982609855926,0.7589191568324694,3.1470190571537726,1.158301993651111,1.1392138899136555,1.1770721869405165
noise_tau,ideal,nv_charge_readout_master_v1_4,thin_all_counts,0,tau0.01ms,0.01,5.437,1.0,27.43339830432224,0.9249776330930897,7.504300359171423,12.911749357161563,0.11758756837904422,9.422120008455401,636.7993609310438,0.2,0.01,ou,2.1054086423165375,mean,0.07173124485085314,0.77,3.886716062264794,3.226159969904875,3.226159969904875,3.3375496558229476,1.1645417935531621,1.129030236999171,1.2039295106761492,1.204749949947273,1.192828125705655,1.2127109206777553,1.204749949947273,1.192828125705655,1.2127109206777553,4.974995007273436,0.7812502437856561,0.7541297394888092,0.8107404874795721,3.315367147784301,1.1723335271818485,1.155161396848268,1.1914190706220555
noise_tau,ideal,nv_charge_readout_master_v1_4,thin_all_counts,0,tau0.01ms,0.01,5.437,1.0,27.43339830432224,0.9249776330930897,7.504300359171423,12.911749357161563,0.11758756837904422,9.422120008455401,636.7993609310438,0.2,0.01,ou,2.1054086423165375,mean,0.07173124485085314,0.78,4.1638067353526145,4.134705585928429,4.134705585928429,3.5090394095785613,1.1865944634268701,1.1665583746853962,1.21983539656818,1.007038263987459,0.996687081601438,1.2183427661131652,1.007038263987459,0.996687081601438,1.2183427661131652,4.974995007273436,0.8369469173868788,0.8023562991485658,0.8742096617943208,3.4837152384148293,1.1952201745534294,1.171485962189057,1.218199969048586
noise_tau,ideal,nv_charge_readout_master_v1_4,thin_all_counts,0,tau0.01ms,0.01,5.437,1.0,27.43339830432224,0.9249776330930897,7.504300359171423,12.911749357161563,0.11758756837904422,9.422120008455401,636.7993609310438,0.2,0.01,ou,2.1054086423165375,mean,0.07173124485085314,0.79,4.49379883244052,4.324393509166204,4.324393509166204,3.907621234376367,1.1500088066129326,1.1406959195458786,1.2437004550303723,1.0391743542569,1.0178018543953165,1.058431524306132,1.0391743542569,1.0178018543953165,1.058431524306132,4.974995007273436,0.9032770537197711,0.8656746881429698,0.9375932605863719,3.652063329045358,1.2304821761169158,1.2069178844048354,1.2487849628355674
noise_tau,ideal,nv_charge_readout_master_v1_4,thin_all_counts,0,tau0.01ms,0.01,5.437,1.0,27.43339830432224,0.9249776330930897,7.504300359171423,12.911749357161563,0.11758756837904422,9.422120008455401,636.7993609310438,0.2,0.01,ou,2.1054086423165375,mean,0.07173124485085314,0.8,4.77432526115864,4.522783746867362,4.522783746867362,3.9186180735569156,1.2183696322374693,1.1808225105169812,1.2508391248539992,1.0556165247709453,1.0421079059144132,1.070546245889665,1.0556165247709453,1.0421079059144132,1.070546245889665,4.974995007273436,0.959664332160853,0.9262936970603716,0.9886036867467689,3.820411419675886,1.249688773457724,1.2363360353938793,1.2585386713066302
noise_tau,ideal,nv_charge_readout_master_v1_4,thin_all_counts,0,tau0.01ms,0.01,5.437,1.0,27.43339830432224,0.9249776330930897,7.504300359171423,12.911749357161563,0.11758756837904422,9.422120008455401,636.7993609310438,0.2,0.01,ou,2.1054086423165375,mean,0.07173124485085314,0.81,5.048721534035744,4.730275535186357,4.730275535186357,4.155150299019099,1.2150514832706747,1.206877693116632,1.2661408461817614,1.067320813868159,1.0508973222203768,1.08526109965042,1.067320813868159,1.0508973222203768,1.08526109965042,5.063758960355119,0.9970303826787363,0.9835850651961446,1.0045927935473051,4.067326274269469,1.2412875667179033,1.225599363559222,1.2593103950672668
noise_tau,ideal,nv_charge_readout_master_v1_4,thin_all_counts,0,tau0.01ms,0.01,5.437,1.0,27.43339830432224,0.9249776330930897,7.504300359171423,12.911749357161563,0.11758756837904422,9.422120008455401,636.7993609310438,0.2,0.01,ou,2.1054086423165375,mean,0.07173124485085314,0.82,5.42346204248607,4.947286426038086,4.947286426038086,4.5035718567243554,1.2042579123919632,1.1829193907202213,1.2551330675425754,1.0962498580922708,1.0647490411662603,1.127897213260975,1.0962498580922708,1.0647490411662603,1.127897213260975,5.396626681871575,1.0049726175621227,0.9896904176150241,1.0234953243108749,4.336688775709635,1.2505997831487459,1.2310974841566455,1.2741808811569526
noise_tau,ideal,nv_charge_readout_master_v1_4,thin_all_counts,0,tau0.01ms,0.01,5.437,1.0,27.43339830432224,0.9249776330930897,7.504300359171423,12.911749357161563,0.11758756837904422,9.422120008455401,636.7993609310438,0.2,0.01,ou,2.1054086423165375,mean,0.07173124485085314,0.83,5.891198506648421,5.1742531273701875,5.1742531273701875,4.533992183455228,1.2993402432729613,1.232225531059859,1.3053817558056844,1.1385601673574521,1.104558450314259,1.1638393314976563,1.1385601673574521,1.104558450314259,1.1638393314976563,5.751375563390916,1.02431121767591,1.0022185277920679,1.0423121448689627,4.606051277149804,1.279012792557068,1.2557443519747398,1.2982120408549982
noise_tau,ideal,nv_charge_readout_master_v1_4,thin_all_counts,0,tau0.01ms,0.01,5.437,1.0,27.43339830432224,0.9249776330930897,7.504300359171423,12.911749357161563,0.11758756837904422,9.422120008455401,636.7993609310438,0.2,0.01,ou,2.1054086423165375,mean,0.07173124485085314,0.84,6.328828239182801,5.4116323819845205,5.4116323819845205,4.837954723651324,1.3081619404669167,1.2695778713533987,1.330002300769628,1.169485987306095,1.1401416896998373,1.1954039504182505,1.169485987306095,1.1401416896998373,1.1954039504182505,6.129443969561086,1.0325289325772224,1.014541044666653,1.0524035671155847,4.875413778589973,1.2981109966451243,1.2786549121147626,1.3160591036363618
noise_tau,ideal,nv_charge_readout_master_v1_4,thin_all_counts,0,tau0.01ms,0.01,5.437,1.0,27.43339830432224,0.9249776330930897,7.504300359171423,12.911749357161563,0.11758756837904422,9.422120008455401,636.7993609310438,0.2,0.01,ou,2.1054086423165375,mean,0.07173124485085314,0.85,6.829484759547841,5.6599018866763355,5.6599018866763355,5.345820177436088,1.2775373156721734,1.2343890592931719,1.3301725013406986,1.2066436656127832,1.1730511233251741,1.2357322804437023,1.2066436656127832,1.1730511233251741,1.2357322804437023,6.532364816363699,1.0454842850233734,1.0218135777436868,1.0688818584935253,5.1447762800301415,1.3274600075531038,1.303890014023396,1.3489182130121662
noise_tau,ideal,nv_charge_readout_master_v1_4,thin_all_counts,0,tau0.01ms,0.01,5.437,1.0,27.43339830432224,0.9249776330930897,7.504300359171423,12.911749357161563,0.11758756837904422,9.422120008455401,636.7993609310438,0.2,0.01,ou,2.1054086423165375,mean,0.07173124485085314,0.86,7.426634694325745,5.919561253540814,5.919561253540814,5.665361388864783,1.310884546380877,1.2682968874604883,1.366732268168527,1.25459208482444,1.2202577229989473,1.2943067791880212,1.25459208482444,1.2202577229989473,1.2943067791880212,6.961771786474452,1.0667736493107176,1.0449248611555915,1.0972202598715608,5.48578060664357,1.3537972490791372,1.3349397132991507,1.3709105267203445
noise_tau,ideal,nv_charge_readout_master_v1_4,thin_all_counts,0,tau0.01ms,0.01,5.437,1.0,27.43339830432224,0.9249776330930897,7.504300359171423,12.911749357161563,0.11758756837904422,9.422120008455401,636.7993609310438,0.2,0.01,ou,2.1054086423165375,mean,0.07173124485085314,0.87,8.241074792885435,6.191133015381463,6.191133015381463,6.017401356886599,1.3695404883461793,1.3515477487183911,1.4163536665459768,1.3311093094609705,1.2866470445021074,1.3794666527542496,1.3311093094609705,1.2866470445021074,1.3794666527542496,7.419405953192135,1.1107459067312233,1.0790977754740951,1.142942416037231,6.000772222963483,1.3733357119186866,1.3462106534417442,1.4088873824072672
noise_tau,ideal,nv_charge_readout_master_v1_4,thin_all_counts,0,tau0.01ms,0.01,5.437,1.0,27.43339830432224,0.9249776330930897,7.504300359171423,12.911749357161563,0.11758756837904422,9.422120008455401,636.7993609310438,0.2,0.01,ou,2.1054086423165375,mean,0.07173124485085314,0.88,9.253522207061458,6.475163677243649,6.475163677243649,6.405205829444191,1.4446877201859458,1.3308546208319214,1.463938926797901,1.4290792740239273,0.7786130595830852,1.4527116747455677,1.4290792740239273,0.9897127860077787,1.4527116747455677,7.907122839793612,1.170276773808536,1.132871514248486,1.2160372867071683,6.515763839283396,1.4201745850996281,1.3789923471889094,1.4767836153272296
noise_tau,ideal,nv_charge_readout_master_v1_4,thin_all_counts,0,tau0.01ms,0.01,5.437,1.0,27.43339830432224,0.9249776330930897,7.504300359171423,12.911749357161563,0.11758756837904422,9.422120008455401,636.7993609310438,0.2,0.01,ou,2.1054086423165375,mean,0.07173124485085314,0.89,10.785516954201583,12.760862321051034,10.998493206170568,7.179142860412517,1.502340483245634,1.3905960664647143,1.636264480500668,0.8452028305649211,0.7916694387505873,0.9349613766607912,0.9806358700254051,0.9421037691779639,1.043691940683843,8.525879301792946,1.265032798662004,1.2124025603243893,1.368363517886821,7.030755455603309,1.5340480866257178,1.456392227119781,1.6626109452737767
noise_tau,ideal,nv_charge_readout_master_v1_4,thin_all_counts,0,tau0.01ms,0.01,5.437,1.0,27.43339830432224,0.9249776330930897,7.504300359171423,12.911749357161563,0.11758756837904422,9.422120008455401,636.7993609310438,0.2,0.01,ou,2.1054086423165375,mean,0.07173124485085314,0.9,15.839513869485492,13.37177243066214,12.677867109160339,8.146311793706877,1.9443785446220834,1.5320766926962508,1.9938493943841735,1.1845485668874156,0.9356841581520216,1.207684683828458,1.2493831756637297,0.9986514724341883,1.2618029317900668,9.368563556763064,1.6907089089502008,1.3535402093012152,1.7396348922282747,7.85618873332279,2.016182961885914,1.6367878869187178,2.0984839820478287
noise_tau,ideal,nv_charge_readout_master_v1_4,thin_all_counts,0,tau0.01ms,0.01,5.437,1.0,27.43339830432224,0.9249776330930897,7.504300359171423,12.911749357161563,0.11758756837904422,9.422120008455401,636.7993609310438,0.2,0.01,ou,2.1054086423165375,mean,0.07173124485085314,0.91,17.062134882079135,14.011929087460683,13.581320071132204,10.702277717554807,1.594252675212524,1.51782025679392,1.674951529158719,1.2176863567878096,1.2001415087342995,1.244049952688495,1.2562942919183226,1.2381386578286948,1.2823266448396815,10.294537373834439,1.6573969535965605,1.6174379497565459,1.7024384198540787,8.885014823683372,1.920327114885539,1.8545670348685168,1.987103634867576
noise_tau,ideal,nv_charge_readout_master_v1_4,thin_all_counts,0,tau0.01ms,0.01,5.437,1.0,27.43339830432224,0.9249776330930897,7.504300359171423,12.911749357161563,0.11758756837904422,9.422120008455401,636.7993609310438,0.2,0.01,ou,2.1054086423165375,mean,0.07173124485085314,0.92,18.71647952498812,14.682732432824146,14.549155097332049,11.448462706272108,1.6348465296335537,1.5559522720159031,1.6683676297823433,1.2747272764534132,1.2340380349581141,1.3164159027852311,1.2864306827288035,1.243669976534237,1.3272980864952422,11.312032959926938,1.654563736800587,1.5972104562713283,1.7150168532159458,9.913840914043956,1.8879140473672862,1.8021059874117298,1.9584690637016433
noise_tau,ideal,nv_charge_readout_master_v1_4,thin_all_counts,0,tau0.01ms,0.01,5.437,1.0,27.43339830432224,0.9249776330930897,7.504300359171423,12.911749357161563,0.11758756837904422,9.422120008455401,636.7993609310438,0.2,0.01,ou,2.1054086423165375,mean,0.07173124485085314,0.93,21.226251687178117,15.385649638123823,23.29551265537175,14.421022733474482,1.4718964167435329,1.4370130506379495,1.7544530234282485,1.379613613102301,0.711680275769067,1.4067871415224642,0.9111734092824749,0.8170398111907371,1.3869097082320445,12.861109153083753,1.6504215487579954,1.5498826164719384,1.7378949640746089,11.539781956886989,1.8393979857227893,1.772279667484318,1.9122089721001
noise_tau,ideal,nv_charge_readout_master_v1_4,thin_all_counts,0,tau0.01ms,0.01,5.437,1.0,27.43339830432224,0.9249776330930897,7.504300359171423,12.911749357161563,0.11758756837904422,9.422120008455401,636.7993609310438,0.2,0.01,ou,2.1054086423165375,mean,0.07173124485085314,0.94,nan,nan,32.76243880963409,23.255819428623372,nan,0.7295390629227209,1.8610235176880938,nan,nan,nan,nan,0.7363716347116878,0.914226127997543,16.213654006458892,nan,1.5229220128183638,1.8255967203670456,14.34999104256352,nan,1.7132025849748547,2.105802400662492
noise_tau,ideal,nv_charge_readout_master_v1_4,thin_all_counts,0,tau0.01ms,0.01,5.437,1.0,27.43339830432224,0.9249776330930897,7.504300359171423,12.911749357161563,0.11758756837904422,9.422120008455401,636.7993609310438,0.2,0.01,ou,2.1054086423165375,mean,0.07173124485085314,0.95,nan,nan,nan,nan,nan,nan,nan,nan,nan,nan,nan,nan,nan,nan,nan,nan,nan,nan,nan,nan,nan
noise_tau,ideal,nv_charge_readout_master_v1_4,thin_all_counts,0,tau0.01ms,0.01,5.437,1.0,27.43339830432224,0.9249776330930897,7.504300359171423,12.911749357161563,0.11758756837904422,9.422120008455401,636.7993609310438,0.2,0.01,ou,2.1054086423165375,mean,0.07173124485085314,0.96,nan,nan,nan,nan,nan,nan,nan,nan,nan,nan,nan,nan,nan,nan,nan,nan,nan,nan,nan,nan,nan
noise_tau,ideal,nv_charge_readout_master_v1_4,thin_all_counts,0,tau0.01ms,0.01,5.437,1.0,27.43339830432224,0.9249776330930897,7.504300359171423,12.911749357161563,0.11758756837904422,9.422120008455401,636.7993609310438,0.2,0.01,ou,2.1054086423165375,mean,0.07173124485085314,0.97,nan,nan,nan,nan,nan,nan,nan,nan,nan,nan,nan,nan,nan,nan,nan,nan,nan,nan,nan,nan,nan
noise_tau,ideal,nv_charge_readout_master_v1_4,thin_all_counts,0,tau0.01ms,0.01,5.437,1.0,27.43339830432224,0.9249776330930897,7.504300359171423,12.911749357161563,0.11758756837904422,9.422120008455401,636.7993609310438,0.2,0.01,ou,2.1054086423165375,mean,0.07173124485085314,0.98,nan,nan,nan,nan,nan,nan,nan,nan,nan,nan,nan,nan,nan,nan,nan,nan,nan,nan,nan,nan,nan
noise_tau,ideal,nv_charge_readout_master_v1_4,thin_all_counts,0,tau0.01ms,0.01,5.437,1.0,27.43339830432224,0.9249776330930897,7.504300359171423,12.911749357161563,0.11758756837904422,9.422120008455401,636.7993609310438,0.2,0.01,ou,2.1054086423165375,mean,0.07173124485085314,0.99,nan,nan,nan,nan,nan,nan,nan,nan,nan,nan,nan,nan,nan,nan,nan,nan,nan,nan,nan,nan,nan
noise_tau,ideal,nv_charge_readout_master_v1_4,thin_all_counts,1,tau0.03ms,0.03,5.437,1.0,27.43339830432224,0.9249776330930897,7.504300359171423,12.911749357161563,0.11758756837904422,9.422120008455401,636.7993609310438,0.2,0.03,ou,2.1054086423165375,mean,0.0778035886480608,0.55,0.4930238116884915,1.5939654906049103,1.5939654906049103,0.4790533494057143,1.0291626439938435,1.011555380834659,1.0539715013713198,0.3093064527396944,0.2918534983177522,0.330704490750962,0.3093064527396944,0.2918534983177522,0.330704490750962,4.974995007273436,0.09910036310944863,0.09326048946302212,0.10611556036506063,0.48063713910658523,1.0257713596683993,1.0066794437147604,1.0731116124482847
noise_tau,ideal,nv_charge_readout_master_v1_4,thin_all_counts,1,tau0.03ms,0.03,5.437,1.0,27.43339830432224,0.9249776330930897,7.504300359171423,12.911749357161563,0.11758756837904422,9.422120008455401,636.7993609310438,0.2,0.03,ou,2.1054086423165375,mean,0.0778035886480608,0.56,0.5927258359441234,1.5939654906049103,1.5939654906049103,0.5630030777783513,1.0527932427706437,1.0327301233516073,1.0714504635899733,0.3718561282773969,0.35069637700380096,0.39466640074133047,0.3718561282773969,0.35069637700380096,0.39466640074133047,4.974995007273436,0.11914099111206324,0.11203846286436045,0.12706622673666007,0.5767645669279022,1.0276738030237151,1.0086860766828694,1.0637420751453062
noise_tau,ideal,nv_charge_readout_master_v1_4,thin_all_counts,1,tau0.03ms,0.03,5.437,1.0,27.43339830432224,0.9249776330930897,7.504300359171423,12.911749357161563,0.11758756837904422,9.422120008455401,636.7993609310438,0.2,0.03,ou,2.1054086423165375,mean,0.0778035886480608,0.57,0.6904457873967487,1.5939654906049103,1.5939654906049103,0.6614829579403388,1.0437846948417107,1.0340244187897312,1.06229800977889,0.4331623184230446,0.4101795356169482,0.45849660039605455,0.4331623184230446,0.4101795356169482,0.45849660039605455,4.974995007273436,0.1387832121212821,0.13104833925421688,0.14721597996634408,0.6728919947492182,1.0260870879494897,1.005877256434817,1.0572137253089628
noise_tau,ideal,nv_charge_readout_master_v1_4,thin_all_counts,1,tau0.03ms,0.03,5.437,1.0,27.43339830432224,0.9249776330930897,7.504300359171423,12.911749357161563,0.11758756837904422,9.422120008455401,636.7993609310438,0.2,0.03,ou,2.1054086423165375,mean,0.0778035886480608,0.58,0.8030608489870015,1.5939654906049103,1.5939654906049103,0.747325730301799,1.0745794188869884,1.0524518999489556,1.0960846568346199,0.5038131965342861,0.47413906281315255,0.5310329335015634,0.5038131965342861,0.47413906281315255,0.5310329335015634,4.974995007273436,0.16141942812262677,0.15140830934441332,0.17053830030784886,0.7690194225705353,1.0442660164585684,1.0258020188661374,1.0620211105132005
noise_tau,ideal,nv_charge_readout_master_v1_4,thin_all_counts,1,tau0.03ms,0.03,5.437,1.0,27.43339830432224,0.9249776330930897,7.504300359171423,12.911749357161563,0.11758756837904422,9.422120008455401,636.7993609310438,0.2,0.03,ou,2.1054086423165375,mean,0.0778035886480608,0.59,0.9168275252013052,1.5939654906049103,1.5939654906049103,0.8443085955080488,1.0858914975864,1.065260656802171,1.1040385934259023,0.5751865586835063,0.5431727553889517,0.603522341193157,0.5751865586835063,0.5431727553889517,0.603522341193157,4.974995007273436,0.18428712468271918,0.1736466674481696,0.19375685524953215,0.8693780362235013,1.054578660836568,1.0428444164062287,1.0684807664045401
noise_tau,ideal,nv_charge_readout_master_v1_4,thin_all_counts,1,tau0.03ms,0.03,5.437,1.0,27.43339830432224,0.9249776330930897,7.504300359171423,12.911749357161563,0.11758756837904422,9.422120008455401,636.7993609310438,0.2,0.03,ou,2.1054086423165375,mean,0.0778035886480608,0.6,1.0285466817073565,1.5939654906049103,1.5939654906049103,0.9538772392607101,1.0782799288769256,1.061483200951091,1.0954990661081287,0.6452753762674139,0.6138715093911903,0.6753576528310635,0.6452753762674139,0.6138715093911903,0.6753576528310635,4.974995007273436,0.20674325907938051,0.19606872277842022,0.2168188859029362,0.9725902403210677,1.057533418562597,1.0482547709556531,1.0765702461152469
noise_tau,ideal,nv_charge_readout_master_v1_4,thin_all_counts,1,tau0.03ms,0.03,5.437,1.0,27.43339830432224,0.9249776330930897,7.504300359171423,12.911749357161563,0.11758756837904422,9.422120008455401,636.7993609310438,0.2,0.03,ou,2.1054086423165375,mean,0.0778035886480608,0.61,1.1423772523066646,1.5939654906049103,1.5939654906049103,1.0696119287505914,1.068029648510998,1.057981903419591,1.0820316691286758,0.7166888235912385,0.6856697096861573,0.7497397795367672,0.7166888235912385,0.6856697096861573,0.7497397795367672,4.974995007273436,0.229623798744825,0.21882918734296697,0.2410954213195462,1.075802444418634,1.0618838600278584,1.05392241851198,1.0772642294618406
noise_tau,ideal,nv_charge_readout_master_v1_4,thin_all_counts,1,tau0.03ms,0.03,5.437,1.0,27.43339830432224,0.9249776330930897,7.504300359171423,12.911749357161563,0.11758756837904422,9.422120008455401,636.7993609310438,0.2,0.03,ou,2.1054086423165375,mean,0.0778035886480608,0.62,1.2572199413092513,1.5939654906049103,1.5939654906049103,1.162691596408658,1.0813013056880898,1.0698096854854153,1.0941821492137955,0.7887372397454703,0.7576541032542101,0.8199314080173581,0.7887372397454703,0.7576541032542101,0.8199314080173581,4.974995007273436,0.25270777949951656,0.24193851006947176,0.2633140509130339,1.1790146485162005,1.0663310611886567,1.0595396638716017,1.076919208446515
noise_tau,ideal,nv_charge_readout_master_v1_4,thin_all_counts,1,tau0.03ms,0.03,5.437,1.0,27.43339830432224,0.9249776330930897,7.504300359171423,12.911749357161563,0.11758756837904422,9.422120008455401,636.7993609310438,0.2,0.03,ou,2.1054086423165375,mean,0.0778035886480608,0.63,1.3791372185594248,1.5939654906049103,1.5939654906049103,1.2638712340637461,1.091200734211714,1.0753406422485705,1.10477277203777,0.8652240131221673,0.8287253657113977,0.900439443584559,0.8652240131221673,0.8287253657113977,0.900439443584559,4.974995007273436,0.27721378946976394,0.2648926182409561,0.28996610435252157,1.289665720147553,1.069375728155072,1.0618987688458443,1.0804738583520364
noise_tau,ideal,nv_charge_readout_master_v1_4,thin_all_counts,1,tau0.03ms,0.03,5.437,1.0,27.43339830432224,0.9249776330930897,7.504300359171423,12.911749357161563,0.11758756837904422,9.422120008455401,636.7993609310438,0.2,0.03,ou,2.1054086423165375,mean,0.0778035886480608,0.64,1.511427341337673,1.5939654906049103,1.5939654906049103,1.3738557165354959,1.1001354240815744,1.0847223739064165,1.1091173151287366,0.948218358707431,0.9072418837362632,0.9805247827675739,0.948218358707431,0.9072418837362632,0.9805247827675739,4.974995007273436,0.30380479560843143,0.29009173498541,0.31524925451222136,1.4053168550036326,1.0755064496353501,1.0636034921592359,1.0842756921195496
noise_tau,ideal,nv_charge_readout_master_v1_4,thin_all_counts,1,tau0.03ms,0.03,5.437,1.0,27.43339830432224,0.9249776330930897,7.504300359171423,12.911749357161563,0.11758756837904422,9.422120008455401,636.7993609310438,0.2,0.03,ou,2.1054086423165375,mean,0.0778035886480608,0.65,1.6256127057854115,1.5939654906049103,1.5939654906049103,1.5939654906049103,1.0198543916835308,1.0013231586327127,1.102667569377964,1.0198543916835308,0.9818970801665172,1.05514887403617,1.0198543916835308,0.9818970801665172,1.05514887403617,4.974995007273436,0.3267566506918636,0.3137717063558732,0.3389659232731159,1.5311319350853507,1.0617064855973983,1.0476967528238585,1.0753369356705411
noise_tau,ideal,nv_charge_readout_master_v1_4,thin_all_counts,1,tau0.03ms,0.03,5.437,1.0,27.43339830432224,0.9249776330930897,7.504300359171423,12.911749357161563,0.11758756837904422,9.422120008455401,636.7993609310438,0.2,0.03,ou,2.1054086423165375,mean,0.0778035886480608,0.66,1.7580992623739233,1.7563105770543386,1.7692426275705722,1.6500267083305942,1.0654974574033842,1.0475413864249303,1.1013999288251584,1.00101843338129,0.9972825265321764,1.0987725735484264,0.9937016184083524,0.9868613127252054,1.088281506967324,4.974995007273436,0.3533871410531236,0.33808608413131847,0.3705223042217194,1.6569470151670689,1.0610473637846864,1.0423021709072002,1.078832033770513
noise_tau,ideal,nv_charge_readout_master_v1_4,thin_all_counts,1,tau0.03ms,0.03,5.437,1.0,27.43339830432224,0.9249776330930897,7.504300359171423,12.911749357161563,0.11758756837904422,9.422120008455401,636.7993609310438,0.2,0.03,ou,2.1054086423165375,mean,0.0778035886480608,0.67,1.9206126234895062,1.852183187546827,1.865309769182949,1.7854569257645725,1.0756981004551858,1.047062133209675,1.0986796765139306,1.0369452851115188,1.0154739720336732,1.0507544561511777,1.02964808056025,1.006605182498234,1.043584830135312,4.974995007273436,0.3860531760698399,0.36730513852501495,0.40069204831671934,1.782762095248787,1.0773241301282446,1.0553834621938716,1.094593384433082
noise_tau,ideal,nv_charge_readout_master_v1_4,thin_all_counts,1,tau0.03ms,0.03,5.437,1.0,27.43339830432224,0.9249776330930897,7.504300359171423,12.911749357161563,0.11758756837904422,9.422120008455401,636.7993609310438,0.2,0.03,ou,2.1054086423165375,mean,0.0778035886480608,0.68,2.0592387338253313,1.9532892445394563,1.9665932081836868,1.8463595450327113,1.1152967142100423,1.0948797365180962,1.1297702784620314,1.0542415771663431,1.0384183884411808,1.069582557622506,1.0471096540230658,1.0305555293205888,1.0633525480337989,4.974995007273436,0.41391774882481835,0.39773920041482586,0.42794458240714855,1.9085771753305052,1.0789392016430963,1.0618378150969427,1.0964199093598312
noise_tau,ideal,nv_charge_readout_master_v1_4,thin_all_counts,1,tau0.03ms,0.03,5.437,1.0,27.43339830432224,0.9249776330930897,7.504300359171423,12.911749357161563,0.11758756837904422,9.422120008455401,636.7993609310438,0.2,0.03,ou,2.1054086423165375,mean,0.0778035886480608,0.69,2.209283883631389,2.0599144288135145,2.0733761814630163,1.9502180299298657,1.1328394311434193,1.1223248954162184,1.14687536573894,1.072512456211062,1.0508279287037814,1.0944557749254138,1.0655489840114174,1.043709417672005,1.0880574542661738,4.974995007273436,0.4440776081988864,0.4270425174336125,0.4609850309936872,2.034392255412222,1.0859675058995588,1.0689136885627317,1.1051624938462676
noise_tau,ideal,nv_charge_readout_master_v1_4,thin_all_counts,1,tau0.03ms,0.03,5.437,1.0,27.43339830432224,0.9249776330930897,7.504300359171423,12.911749357161563,0.11758756837904422,9.422120008455401,636.7993609310438,0.2,0.03,ou,2.1054086423165375,mean,0.0778035886480608,0.7,2.387553747287105,2.1723600157510607,2.1859573052367773,2.0756215405827656,1.1502837586744061,1.1363888031647293,1.17022409196709,1.0990598841700943,1.0743694042828005,1.1225012636455176,1.0922234124003127,1.0660810330790258,1.1156398049774783,4.974995007273436,0.4799107825829985,0.4608286108915549,0.4995387511920716,2.16020733549394,1.105242866301619,1.0862620313196,1.1242044128457098
noise_tau,ideal,nv_charge_readout_master_v1_4,thin_all_counts,1,tau0.03ms,0.03,5.437,1.0,27.43339830432224,0.9249776330930897,7.504300359171423,12.911749357161563,0.11758756837904422,9.422120008455401,636.7993609310438,0.2,0.03,ou,2.1054086423165375,mean,0.0778035886480608,0.71,2.5696966023737953,2.2909437266052457,2.304651410120035,2.2090887857734067,1.163238263180146,1.1474117192300437,1.1784520591416654,1.1216760030075508,1.0969963396009863,1.1434301265859514,1.115004460583458,1.0903525479748728,1.1377415077827984,4.974995007273436,0.5165224484882703,0.4969855735560494,0.5362023536841922,2.2860224155756583,1.1240907284483923,1.1088014424313661,1.1370701772533363
noise_tau,ideal,nv_charge_readout_master_v1_4,thin_all_counts,1,tau0.03ms,0.03,5.437,1.0,27.43339830432224,0.9249776330930897,7.504300359171423,12.911749357161563,0.11758756837904422,9.422120008455401,636.7993609310438,0.2,0.03,ou,2.1054086423165375,mean,0.0778035886480608,0.72,2.757449326329892,2.41600062623937,2.4297904215439132,2.3511382822032494,1.172814609503057,1.1586272675115457,1.1843716420471346,1.1413280677091564,1.1152283851060747,1.1616076497848482,1.1348506858372505,1.108278680572749,1.1551965719440205,4.974995007273436,0.5542617273582194,0.5331494285832495,0.5752487124211292,2.4118374956573767,1.1432981414771124,1.1317812453199771,1.1513822580423678
noise_tau,ideal,nv_charge_readout_master_v1_4,thin_all_counts,1,tau0.03ms,0.03,5.437,1.0,27.43339830432224,0.9249776330930897,7.504300359171423,12.911749357161563,0.11758756837904422,9.422120008455401,636.7993609310438,0.2,0.03,ou,2.1054086423165375,mean,0.0778035886480608,0.73,2.9329089036475415,2.5478840698712704,2.5617242879776994,2.502321888391794,1.1720749905330843,1.1607262490595796,1.1837566574380711,1.1511155230056147,1.130008928487067,1.1687859987275948,1.144896395530085,1.1233102715312024,1.1623208698179597,4.974995007273436,0.5895300194994433,0.5693604275849449,0.6089698347124445,2.5619636999447977,1.144789406544182,1.1339058971032792,1.1582376537175547
noise_tau,ideal,nv_charge_readout_master_v1_4,thin_all_counts,1,tau0.03ms,0.03,5.437,1.0,27.43339830432224,0.9249776330930897,7.504300359171423,12.911749357161563,0.11758756837904422,9.422120008455401,636.7993609310438,0.2,0.03,ou,2.1054086423165375,mean,0.0778035886480608,0.74,3.1137519160510085,2.6869667014981182,2.7008219595519742,2.648360533938018,1.1757281065584262,1.1678080978648582,1.1834587412282813,1.1588353195128678,1.1394298548119588,1.1768537205595955,1.1528904765597852,1.1328307839061278,1.1710915453810435,4.974995007273436,0.6258804102313082,0.6053859301612209,0.6458483089623452,2.7326608554831995,1.1394578693521862,1.1268959967846721,1.1552334626580991
noise_tau,ideal,nv_charge_readout_master_v1_4,thin_all_counts,1,tau0.03ms,0.03,5.437,1.0,27.43339830432224,0.9249776330930897,7.504300359171423,12.911749357161563,0.11758756837904422,9.422120008455401,636.7993609310438,0.2,0.03,ou,2.1054086423165375,mean,0.0778035886480608,0.75,3.3088624941194373,2.8336415068227385,2.84747241981947,2.792163506861485,1.185053269977998,1.1771403625776502,1.1921746024266484,1.16770681335394,1.149700742659905,1.1840636335229993,1.1620349581223404,1.1433856197448709,1.1783115427840254,4.974995007273436,0.6650986562362143,0.6417222518647296,0.6864482892094195,2.9033580110216013,1.1396674063475734,1.12612399370123,1.1543329420944366
noise_tau,ideal,nv_charge_readout_master_v1_4,thin_all_counts,1,tau0.03ms,0.03,5.437,1.0,27.43339830432224,0.9249776330930897,7.504300359171423,12.911749357161563,0.11758756837904422,9.422120008455401,636.7993609310438,0.2,0.03,ou,2.1054086423165375,mean,0.0778035886480608,0.76,3.517223252087607,2.9883229236565447,3.0020857735389406,3.328388035283768,1.0567347360950778,1.0514410259523592,1.19987704407597,1.17698901422069,1.1602772282831164,1.1951034541193475,1.1715931913369046,1.1538763416962825,1.1884829119642226,4.974995007273436,0.7069802576576322,0.6828131437489382,0.7322326915924262,3.0740551665600027,1.1441639988600232,1.1290482079206414,1.1620198423153778
noise_tau,ideal,nv_charge_readout_master_v1_4,thin_all_counts,1,tau0.03ms,0.03,5.437,1.0,27.43339830432224,0.9249776330930897,7.504300359171423,12.911749357161563,0.11758756837904422,9.422120008455401,636.7993609310438,0.2,0.03,ou,2.1054086423165375,mean,0.0778035886480608,0.77,3.77755933050922,3.1514480129366027,3.165094393524027,3.328388035283768,1.134951601334896,1.0926707582897903,1.1792597286618467,1.1986741697792407,1.1812345123531707,1.2121296492577076,1.1935060572722043,1.1766382764398997,1.2066795320669224,4.974995007273436,0.7593091701572431,0.7278559966325626,0.7900218528537576,3.244752322098404,1.164205756101053,1.1431805186705053,1.1841997975974698
noise_tau,ideal,nv_charge_readout_master_v1_4,thin_all_counts,1,tau0.03ms,0.03,5.437,1.0,27.43339830432224,0.9249776330930897,7.504300359171423,12.911749357161563,0.11758756837904422,9.422120008455401,636.7993609310438,0.2,0.03,ou,2.1054086423165375,mean,0.0778035886480608,0.78,4.0683620488391075,3.323477693665588,4.0800593962606175,3.328388035283768,1.2223220386898945,1.1717719541609242,1.2237804849257057,1.2241279839468273,1.000645544760804,1.2290961375112261,0.9971330448198301,0.9954864097483367,1.2216766318282066,4.974995007273436,0.8177620365228845,0.7839417393157037,0.8477486362063187,3.415449477636806,1.191164464729269,1.1684136452421279,1.2083746020684105
noise_tau,ideal,nv_charge_readout_master_v1_4,thin_all_counts,1,tau0.03ms,0.03,5.437,1.0,27.43339830432224,0.9249776330930897,7.504300359171423,12.911749357161563,0.11758756837904422,9.422120008455401,636.7993609310438,0.2,0.03,ou,2.1054086423165375,mean,0.0778035886480608,0.79,4.348352468738088,4.260713925908218,4.275135275085207,3.5534496064010463,1.2236989265037372,1.1341085000495925,1.2372649541301939,1.020568980775021,1.0088760262697678,1.0392399086521813,1.0171262869925026,1.0047302965286138,1.0356109720573858,4.974995007273436,0.8740415743896832,0.8405496459817146,0.9095200043381015,3.5861466331752077,1.2125417372819516,1.1955802139112504,1.228382358092122
noise_tau,ideal,nv_charge_readout_master_v1_4,thin_all_counts,1,tau0.03ms,0.03,5.437,1.0,27.43339830432224,0.9249776330930897,7.504300359171423,12.911749357161563,0.11758756837904422,9.422120008455401,636.7993609310438,0.2,0.03,ou,2.1054086423165375,mean,0.0778035886480608,0.8,4.6578613504627695,4.465293721321638,4.4795381256038995,3.9038725546873296,1.1931386809413476,1.1515582958826152,1.2449906436100182,1.0431254114867354,1.024513436574844,1.066899524231056,1.0398083953878234,1.0211985029224981,1.064238983251291,4.974995007273436,0.9362544773719336,0.8998103265918046,0.9774862603737459,3.756843788713609,1.23983365091091,1.2217303696450799,1.2584039489598489
noise_tau,ideal,nv_charge_readout_master_v1_4,thin_all_counts,1,tau0.03ms,0.03,5.437,1.0,27.43339830432224,0.9249776330930897,7.504300359171423,12.911749357161563,0.11758756837904422,9.422120008455401,636.7993609310438,0.2,0.03,ou,2.1054086423165375,mean,0.0778035886480608,0.81,5.023746563630489,4.6796964932172145,4.693713889167862,4.101738199673758,1.224784791001548,1.2120982958528173,1.2764576345225178,1.0735197402036527,1.0506086166132274,1.0998715185163335,1.0703137605434954,1.0475852929740135,1.0968274399533178,4.996006824141285,1.005552382225573,0.9687664816237941,1.014045593754894,3.973872697239831,1.2641941366465712,1.2508574586415853,1.278255275137968
noise_tau,ideal,nv_charge_readout_master_v1_4,thin_all_counts,1,tau0.03ms,0.03,5.437,1.0,27.43339830432224,0.9249776330930897,7.504300359171423,12.911749357161563,0.11758756837904422,9.422120008455401,636.7993609310438,0.2,0.03,ou,2.1054086423165375,mean,0.0778035886480608,0.82,5.387628363002609,4.904393895536988,4.918129828484766,4.475898661743928,1.2036975745343275,1.1899394060196862,1.2399500707365063,1.0985309250762596,1.0772294008267995,1.1206999102588682,1.0954628183661617,1.07422511805391,1.1184134838227249,5.344523631480547,1.008065214880549,0.9975305276944176,1.017166574778236,4.242684153223024,1.2698631735076977,1.2548448250419433,1.2853880205900812
noise_tau,ideal,nv_charge_readout_master_v1_4,thin_all_counts,1,tau0.03ms,0.03,5.437,1.0,27.43339830432224,0.9249776330930897,7.504300359171423,12.911749357161563,0.11758756837904422,9.422120008455401,636.7993609310438,0.2,0.03,ou,2.1054086423165375,mean,0.0778035886480608,0.83,5.756982655687868,5.139880228865953,5.153275547035921,4.507966625729968,1.2770686062378842,1.2406465138178449,1.3082004604399082,1.1200616355525606,1.1007470473160095,1.145804211603082,1.117150170438526,1.0972305872663466,1.1427843042817656,5.717352648405081,1.006931531028411,0.992587508124105,1.0238751803426993,4.51149560920622,1.2760696572418446,1.2588009091538768,1.297275667678936
noise_tau,ideal,nv_charge_readout_master_v1_4,thin_all_counts,1,tau0.03ms,0.03,5.437,1.0,27.43339830432224,0.9249776330930897,7.504300359171423,12.911749357161563,0.11758756837904422,9.422120008455401,636.7993609310438,0.2,0.03,ou,2.1054086423165375,mean,0.0778035886480608,0.84,6.197785497505435,5.386673527819188,5.399664057233748,4.762144467362011,1.301469440917381,1.2705911302034076,1.333688235453179,1.1505775253497919,1.126722765736912,1.1791963591641106,1.1478094621835724,1.123534938966645,1.1767961861615257,6.116189872130715,1.013340924183293,0.9962257669649736,1.0342239295230413,4.780307065189416,1.2965245564742507,1.2771908559710154,1.3163205995235387
noise_tau,ideal,nv_charge_readout_master_v1_4,thin_all_counts,1,tau0.03ms,0.03,5.437,1.0,27.43339830432224,0.9249776330930897,7.504300359171423,12.911749357161563,0.11758756837904422,9.422120008455401,636.7993609310438,0.2,0.03,ou,2.1054086423165375,mean,0.0778035886480608,0.85,6.69564658849959,5.645316700640332,5.657832899650065,5.167406290453929,1.2957461078430923,1.2728753821846368,1.3526769511886387,1.1860533152622106,1.1587872994130284,1.2178839854459305,1.1834295404718853,1.156445646426782,1.2143598352838554,6.542849611067745,1.0233532767088789,1.0025348810854007,1.0488865550644768,5.049118521172613,1.3261020830512384,1.305576668328668,1.3486727227450284
noise_tau,ideal,nv_charge_readout_master_v1_4,thin_all_counts,1,tau0.03ms,0.03,5.437,1.0,27.43339830432224,0.9249776330930897,7.504300359171423,12.911749357161563,0.11758756837904422,9.422120008455401,636.7993609310438,0.2,0.03,ou,2.1054086423165375,mean,0.0778035886480608,0.86,7.281094109709547,5.916378723518289,5.928345315756914,5.641564728852081,1.29061607189803,1.258878930051851,1.3404645320959625,1.230667347370167,1.2033433235055668,1.2676486929807709,1.2281831981610736,1.200639308124329,1.2649636904422568,6.999272738100248,1.0402643791940291,1.0199105984264065,1.0670425905946617,5.317929977155808,1.3691594550862625,1.3431345250817595,1.3773180140285781
noise_tau,ideal,nv_charge_readout_master_v1_4,thin_all_counts,1,tau0.03ms,0.03,5.437,1.0,27.43339830432224,0.9249776330930897,7.504300359171423,12.911749357161563,0.11758756837904422,9.422120008455401,636.7993609310438,0.2,0.03,ou,2.1054086423165375,mean,0.0778035886480608,0.87,8.105045171080498,6.200455892249507,6.211791476738499,5.772370030350159,1.4041104656259944,1.342074293005447,1.4193659723270176,1.3071692327029862,1.256414923771652,1.3650177557364578,1.30478384559941,1.254555095215801,1.363402375678022,7.487535519606501,1.0824716824190037,1.0484275895719704,1.124855948666377,5.929523068255318,1.3668966420709612,1.3442300684344366,1.401355527971239
noise_tau,ideal,nv_charge_readout_master_v1_4,thin_all_counts,1,tau0.03ms,0.03,5.437,1.0,27.43339830432224,0.9249776330930897,7.504300359171423,12.911749357161563,0.11758756837904422,9.422120008455401,636.7993609310438,0.2,0.03,ou,2.1054086423165375,mean,0.0778035886480608,0.88,9.402838696695135,6.498173133999303,6.508789771055107,6.512152686939527,1.4438910063569355,1.3479294167272358,1.4720368782419997,1.4469972564286164,0.7879916681958382,1.4559854429708046,1.4446370258431143,0.992182606004272,1.4519162158001235,8.009859060383718,1.1739081331906338,1.110391909528151,1.2305277238440087,6.541116159354829,1.4374975872042253,1.3769989235727271,1.504112344892186
noise_tau,ideal,nv_charge_readout_master_v1_4,thin_all_counts,1,tau0.03ms,0.03,5.437,1.0,27.43339830432224,0.9249776330930897,7.504300359171423,12.911749357161563,0.11758756837904422,9.422120008455401,636.7993609310438,0.2,0.03,ou,2.1054086423165375,mean,0.0778035886480608,0.89,11.25984956899925,12.72300155061192,10.950519982634498,7.143851167409713,1.5761595958727057,1.4177767437864068,1.6674432608339536,0.8849994652761558,0.8172448519208226,1.0265120358507205,1.0282479358838934,0.9771816206017963,1.131290987297316,8.667972943249524,1.2990176183888804,1.2259048682062959,1.4736791989361706,7.152709250454339,1.574207642829048,1.4845098221240853,1.7658959585437817
noise_tau,ideal,nv_charge_readout_master_v1_4,thin_all_counts,1,tau0.03ms,0.03,5.437,1.0,27.43339830432224,0.9249776330930897,7.504300359171423,12.911749357161563,0.11758756837904422,9.422120008455401,636.7993609310438,0.2,0.03,ou,2.1054086423165375,mean,0.0778035886480608,0.9,16.04224129329574,13.380715026933343,12.5059467310309,8.145035956447261,1.9695728022658254,1.5788928159713276,2.0079824112411297,1.1989076264613026,1.0001774092797437,1.2237375691942824,1.282769040866795,1.1009306727454526,1.295565475706224,9.538615216584938,1.681820781008426,1.4142724430311309,1.725245930884639,8.061025004666552,1.9900994332617545,1.6838802937554675,2.072331712373881
noise_tau,ideal,nv_charge_readout_master_v1_4,thin_all_counts,1,tau0.03ms,0.03,5.437,1.0,27.43339830432224,0.9249776330930897,7.504300359171423,12.911749357161563,0.11758756837904422,9.422120008455401,636.7993609310438,0.2,0.03,ou,2.1054086423165375,mean,0.0778035886480608,0.91,17.532886183293556,14.072428893431098,13.453945637559853,10.887773180703613,1.6103280158671076,1.5325455215255122,1.722283651202481,1.2459033416383274,1.2208009427258715,1.285067566365065,1.3031780159975064,1.2776443632104295,1.3468889531837898,10.49670792072828,1.6703223825701243,1.6167146650052544,1.738458124807986,8.99148424120061,1.9499434924163794,1.885593770109066,2.0220114474536297
noise_tau,ideal,nv_charge_readout_master_v1_4,thin_all_counts,1,tau0.03ms,0.03,5.437,1.0,27.43339830432224,0.9249776330930897,7.504300359171423,12.911749357161563,0.11758756837904422,9.422120008455401,636.7993609310438,0.2,0.03,ou,2.1054086423165375,mean,0.0778035886480608,0.92,19.378802308130737,14.799900794693228,14.47380651072826,11.529382100044456,1.6808188105810122,1.616693200465604,1.7231857444684318,1.3093873112365293,1.2765857935159506,1.3412645534788052,1.338887755184982,1.309041341460151,1.3695459595420945,11.55103489042169,1.6776680610842898,1.6180039053755697,1.7331157296197064,9.921943477734665,1.9531256503947774,1.8607451084590465,2.0249683965916296
noise_tau,ideal,nv_charge_readout_master_v1_4,thin_all_counts,1,tau0.03ms,0.03,5.437,1.0,27.43339830432224,0.9249776330930897,7.504300359171423,12.911749357161563,0.11758756837904422,9.422120008455401,636.7993609310438,0.2,0.03,ou,2.1054086423165375,mean,0.0778035886480608,0.93,22.1020869603358,15.564979236456185,15.570976764255398,13.588788431362222,1.626494302415168,1.479317359815263,1.8192869361774664,1.4199882071521461,0.7004674295137142,1.4279143821334024,1.4194412653079775,0.905201104685197,1.4270241915508468,12.954575382569974,1.7061220694329782,1.6249967801500582,1.8218107439703208,11.670169038504152,1.8938960427576446,1.8116049021525962,2.037289513915791
noise_tau,ideal,nv_charge_readout_master_v1_4,thin_all_counts,1,tau0.03ms,0.03,5.437,1.0,27.43339830432224,0.9249776330930897,7.504300359171423,12.911749357161563,0.11758756837904422,9.422120008455401,636.7993609310438,0.2,0.03,ou,2.1054086423165375,mean,0.0778035886480608,0.94,nan,nan,33.062280858237415,17.08350484758039,nan,nan,nan,nan,nan,nan,nan,nan,nan,16.809705148952588,nan,nan,nan,14.367702071854996,nan,nan,nan
noise_tau,ideal,nv_charge_readout_master_v1_4,thin_all_counts,1,tau0.03ms,0.03,5.437,1.0,27.43339830432224,0.9249776330930897,7.504300359171423,12.911749357161563,0.11758756837904422,9.422120008455401,636.7993609310438,0.2,0.03,ou,2.1054086423165375,mean,0.0778035886480608,0.95,nan,nan,nan,nan,nan,nan,nan,nan,nan,nan,nan,nan,nan,nan,nan,nan,nan,nan,nan,nan,nan
noise_tau,ideal,nv_charge_readout_master_v1_4,thin_all_counts,1,tau0.03ms,0.03,5.437,1.0,27.43339830432224,0.9249776330930897,7.504300359171423,12.911749357161563,0.11758756837904422,9.422120008455401,636.7993609310438,0.2,0.03,ou,2.1054086423165375,mean,0.0778035886480608,0.96,nan,nan,nan,nan,nan,nan,nan,nan,nan,nan,nan,nan,nan,nan,nan,nan,nan,nan,nan,nan,nan
noise_tau,ideal,nv_charge_readout_master_v1_4,thin_all_counts,1,tau0.03ms,0.03,5.437,1.0,27.43339830432224,0.9249776330930897,7.504300359171423,12.911749357161563,0.11758756837904422,9.422120008455401,636.7993609310438,0.2,0.03,ou,2.1054086423165375,mean,0.0778035886480608,0.97,nan,nan,nan,nan,nan,nan,nan,nan,nan,nan,nan,nan,nan,nan,nan,nan,nan,nan,nan,nan,nan
noise_tau,ideal,nv_charge_readout_master_v1_4,thin_all_counts,1,tau0.03ms,0.03,5.437,1.0,27.43339830432224,0.9249776330930897,7.504300359171423,12.911749357161563,0.11758756837904422,9.422120008455401,636.7993609310438,0.2,0.03,ou,2.1054086423165375,mean,0.0778035886480608,0.98,nan,nan,nan,nan,nan,nan,nan,nan,nan,nan,nan,nan,nan,nan,nan,nan,nan,nan,nan,nan,nan
noise_tau,ideal,nv_charge_readout_master_v1_4,thin_all_counts,1,tau0.03ms,0.03,5.437,1.0,27.43339830432224,0.9249776330930897,7.504300359171423,12.911749357161563,0.11758756837904422,9.422120008455401,636.7993609310438,0.2,0.03,ou,2.1054086423165375,mean,0.0778035886480608,0.99,nan,nan,nan,nan,nan,nan,nan,nan,nan,nan,nan,nan,nan,nan,nan,nan,nan,nan,nan,nan,nan
noise_tau,ideal,nv_charge_readout_master_v1_4,thin_all_counts,2,tau0.1ms,0.1,5.437,1.0,27.43339830432224,0.9249776330930897,7.504300359171423,12.911749357161563,0.11758756837904422,9.422120008455401,636.7993609310438,0.2,0.1,ou,2.1054086423165375,mean,0.09222437088256896,0.55,0.4984698522819742,1.592387923789351,1.592387923789351,0.47142850773816286,1.0573604355696504,1.0352914027601978,1.0771296354183464,0.31303292673545435,0.291466868257122,0.33289814754063923,0.31303292673545435,0.291466868257122,0.33289814754063923,4.974995007273436,0.10019504573435993,0.09308041575057917,0.10686111703237304,0.48235528653648513,1.033408083616536,1.0133181534163096,1.0763130357034196
noise_tau,ideal,nv_charge_readout_master_v1_4,thin_all_counts,2,tau0.1ms,0.1,5.437,1.0,27.43339830432224,0.9249776330930897,7.504300359171423,12.911749357161563,0.11758756837904422,9.422120008455401,636.7993609310438,0.2,0.1,ou,2.1054086423165375,mean,0.09222437088256896,0.56,0.5893195730230956,1.592387923789351,1.592387923789351,0.5571624314078307,1.0577159187384737,1.0362539584574877,1.0779685055753143,0.37008543221096024,0.35053453759501707,0.3888610024270338,0.37008543221096024,0.35053453759501707,0.3888610024270338,4.974995007273436,0.1184563144609213,0.1119429041196899,0.12476128801567384,0.5788263438437822,1.0181284581997971,1.0035894460699848,1.0487088287243038
noise_tau,ideal,nv_charge_readout_master_v1_4,thin_all_counts,2,tau0.1ms,0.1,5.437,1.0,27.43339830432224,0.9249776330930897,7.504300359171423,12.911749357161563,0.11758756837904422,9.422120008455401,636.7993609310438,0.2,0.1,ou,2.1054086423165375,mean,0.09222437088256896,0.57,0.6870154003014091,1.592387923789351,1.592387923789351,0.6584879146610745,1.0433227170995503,1.0344237304247446,1.060643810421248,0.4314372082567306,0.4061053735015325,0.45698566559042014,0.4314372082567306,0.4061053735015325,0.45698566559042014,4.974995007273436,0.13809368638501013,0.12978959147858316,0.14675946956997082,0.6752974011510782,1.017352353393271,0.9983364198006602,1.0455569207268507
noise_tau,ideal,nv_charge_readout_master_v1_4,thin_all_counts,2,tau0.1ms,0.1,5.437,1.0,27.43339830432224,0.9249776330930897,7.504300359171423,12.911749357161563,0.11758756837904422,9.422120008455401,636.7993609310438,0.2,0.1,ou,2.1054086423165375,mean,0.09222437088256896,0.58,0.7959228536460131,1.592387923789351,1.592387923789351,0.7476391506500105,1.0645815604413225,1.0483752479747088,1.0877413248055638,0.4998297473595396,0.4739305589052311,0.531556988628715,0.4998297473595396,0.4739305589052311,0.531556988628715,4.974995007273436,0.15998465374987814,0.15123069751762835,0.1704882761466363,0.7717684584583752,1.031297463537039,1.0198039798528236,1.0495226248661453
noise_tau,ideal,nv_charge_readout_master_v1_4,thin_all_counts,2,tau0.1ms,0.1,5.437,1.0,27.43339830432224,0.9249776330930897,7.504300359171423,12.911749357161563,0.11758756837904422,9.422120008455401,636.7993609310438,0.2,0.1,ou,2.1054086423165375,mean,0.09222437088256896,0.59,0.9157603901963481,1.592387923789351,1.592387923789351,0.8483809055635121,1.079421264895255,1.0566552543023489,1.0984061574281618,0.5750862440711962,0.542259619599983,0.6068866942966876,0.5750862440711962,0.542259619599983,0.6068866942966876,4.974995007273436,0.18407262496897137,0.17287276257432335,0.194736138602809,0.8722553036428095,1.0498765514773576,1.036325547553204,1.068367817682491
noise_tau,ideal,nv_charge_readout_master_v1_4,thin_all_counts,2,tau0.1ms,0.1,5.437,1.0,27.43339830432224,0.9249776330930897,7.504300359171423,12.911749357161563,0.11758756837904422,9.422120008455401,636.7993609310438,0.2,0.1,ou,2.1054086423165375,mean,0.09222437088256896,0.6,1.035658896695659,1.592387923789351,1.592387923789351,0.9626972588300138,1.075788766610094,1.0554728738343464,1.089885607045235,0.6503810291597395,0.6171242581468981,0.6793763155085771,0.6503810291597395,0.6171242581468981,0.6793763155085771,4.974995007273436,0.20817285146648934,0.19680603480027697,0.21811702057090543,0.9750119419751908,1.0622012429895051,1.04610626135083,1.0791808108642216
noise_tau,ideal,nv_charge_readout_master_v1_4,thin_all_counts,2,tau0.1ms,0.1,5.437,1.0,27.43339830432224,0.9249776330930897,7.504300359171423,12.911749357161563,0.11758756837904422,9.422120008455401,636.7993609310438,0.2,0.1,ou,2.1054086423165375,mean,0.09222437088256896,0.61,1.1484885941931555,1.592387923789351,1.592387923789351,1.0787306053504278,1.064666737456723,1.0540494410715244,1.0780271563680972,0.7212366892736392,0.6892590512485398,0.7536579980748462,0.7212366892736392,0.6892590512485398,0.7536579980748462,4.974995007273436,0.23085221040705906,0.21992103359619428,0.24212982032033598,1.0777685803075723,1.0656170676875747,1.054262347781739,1.0809183423531536
noise_tau,ideal,nv_charge_readout_master_v1_4,thin_all_counts,2,tau0.1ms,0.1,5.437,1.0,27.43339830432224,0.9249776330930897,7.504300359171423,12.911749357161563,0.11758756837904422,9.422120008455401,636.7993609310438,0.2,0.1,ou,2.1054086423165375,mean,0.09222437088256896,0.62,1.2662721970285946,1.592387923789351,1.592387923789351,1.1746047575514753,1.078041093302061,1.065433632854247,1.0917703130517338,0.7952033409141223,0.7595485129400136,0.8329166207163505,0.7952033409141223,0.7595485129400136,0.8329166207163505,4.974995007273436,0.2545273302138608,0.2422223014125562,0.26740739166395244,1.1805252186399535,1.072634601137473,1.0621718308311678,1.0822242986344122
noise_tau,ideal,nv_charge_readout_master_v1_4,thin_all_counts,2,tau0.1ms,0.1,5.437,1.0,27.43339830432224,0.9249776330930897,7.504300359171423,12.911749357161563,0.11758756837904422,9.422120008455401,636.7993609310438,0.2,0.1,ou,2.1054086423165375,mean,0.09222437088256896,0.63,1.3888425887479152,1.592387923789351,1.592387923789351,1.278999900085678,1.085881702301055,1.0709751247731158,1.0978377976004545,0.872176037006695,0.833422624469909,0.9108793739869884,0.872176037006695,0.833422624469909,0.9108793739869884,4.974995007273436,0.27916461960613614,0.26569790928278764,0.29242293525384716,1.2966121239527437,1.0711318852348883,1.063097111293269,1.0822613909772827
noise_tau,ideal,nv_charge_readout_master_v1_4,thin_all_counts,2,tau0.1ms,0.1,5.437,1.0,27.43339830432224,0.9249776330930897,7.504300359171423,12.911749357161563,0.11758756837904422,9.422120008455401,636.7993609310438,0.2,0.1,ou,2.1054086423165375,mean,0.09222437088256896,0.64,1.5179328802490397,1.592387923789351,1.592387923789351,1.3926733515273422,1.0899417861225862,1.0247649178731424,1.0999598400505328,0.9532431498455897,0.90940396748522,1.0011233021124835,0.9532431498455897,0.90940396748522,1.0011233021124835,4.974995007273436,0.3051124429330731,0.2899769258913982,0.3211682008812013,1.4161850944240453,1.0718463894483896,1.063445080522135,1.090348487277246
noise_tau,ideal,nv_charge_readout_master_v1_4,thin_all_counts,2,tau0.1ms,0.1,5.437,1.0,27.43339830432224,0.9249776330930897,7.504300359171423,12.911749357161563,0.11758756837904422,9.422120008455401,636.7993609310438,0.2,0.1,ou,2.1054086423165375,mean,0.09222437088256896,0.65,1.6675805519276135,1.592387923789351,1.592387923789351,1.592387923789351,1.0472200441958446,1.0102679286418426,1.1015907759122097,1.0472200441958446,0.9920083886363085,1.0841605228558338,1.0472200441958446,0.9919848852856147,1.0841605228558338,4.974995007273436,0.3351924071259595,0.3171295247532647,0.35047223625698554,1.5402414843348677,1.0826747421672878,1.0657594055160389,1.1023732978532996
noise_tau,ideal,nv_charge_readout_master_v1_4,thin_all_counts,2,tau0.1ms,0.1,5.437,1.0,27.43339830432224,0.9249776330930897,7.504300359171423,12.911749357161563,0.11758756837904422,9.422120008455401,636.7993609310438,0.2,0.1,ou,2.1054086423165375,mean,0.09222437088256896,0.66,1.7986997086960685,1.7917157917597824,1.7920054117252824,1.6516235307016216,1.089049456647041,1.042369354457884,1.103915698567746,1.003897893275488,0.9962616157224476,1.0981429730379582,1.003735645510323,0.9961804364272769,1.0981429730379582,4.974995007273436,0.36154804297619836,0.34760560006740365,0.37596488540040085,1.6642978742456904,1.0807558770158816,1.0649222720822338,1.0974900360668114
noise_tau,ideal,nv_charge_readout_master_v1_4,thin_all_counts,2,tau0.1ms,0.1,5.437,1.0,27.43339830432224,0.9249776330930897,7.504300359171423,12.911749357161563,0.11758756837904422,9.422120008455401,636.7993609310438,0.2,0.1,ou,2.1054086423165375,mean,0.09222437088256896,0.67,1.9298355426163767,1.8896487875417725,1.8907128104771027,1.8004214501412827,1.07187988815893,1.051993110814494,1.0984404848870413,1.0212667853092865,1.0067462920530168,1.0442817773635442,1.0206920542995643,1.0063818065623154,1.043348514092074,4.974995007273436,0.3879070310211286,0.3718606231380319,0.4059964947777726,1.788354264156513,1.0791125568884943,1.0627354240647966,1.100411597978291
noise_tau,ideal,nv_charge_readout_master_v1_4,thin_all_counts,2,tau0.1ms,0.1,5.437,1.0,27.43339830432224,0.9249776330930897,7.504300359171423,12.911749357161563,0.11758756837904422,9.422120008455401,636.7993609310438,0.2,0.1,ou,2.1054086423165375,mean,0.09222437088256896,0.68,2.08991538764794,1.9929346812035182,1.9948572187963054,1.8682844049590999,1.1186280750942157,1.095786123269753,1.1312541439369097,1.0486622604138014,1.0277791359894588,1.07488177416212,1.0476516153416697,1.0269643804514026,1.073742334140923,4.974995007273436,0.4200839165853406,0.40126922708877655,0.43878438559381444,1.9124106540673358,1.0928172687195008,1.072613772295913,1.1152447791243016
noise_tau,ideal,nv_charge_readout_master_v1_4,thin_all_counts,2,tau0.1ms,0.1,5.437,1.0,27.43339830432224,0.9249776330930897,7.504300359171423,12.911749357161563,0.11758756837904422,9.422120008455401,636.7993609310438,0.2,0.1,ou,2.1054086423165375,mean,0.09222437088256896,0.69,2.255134707990318,2.1018660556021262,2.1047381185192013,1.9866875653516056,1.135122979234635,1.1253121281206262,1.146881780813146,1.0729202757614753,1.051909132236155,1.0946827401829027,1.0714562007253086,1.0504447156987742,1.0928939970498057,4.974995007273436,0.45329386355027773,0.43500772756260053,0.47178612050857055,2.036467043978157,1.107375989539709,1.0897904724522212,1.1271875543114298
noise_tau,ideal,nv_charge_readout_master_v1_4,thin_all_counts,2,tau0.1ms,0.1,5.437,1.0,27.43339830432224,0.9249776330930897,7.504300359171423,12.911749357161563,0.11758756837904422,9.422120008455401,636.7993609310438,0.2,0.1,ou,2.1054086423165375,mean,0.09222437088256896,0.7,2.4233610994612573,2.2167514858161548,2.2206714875667943,2.112594566355168,1.1471018330044513,1.1339620587970582,1.1634451231259755,1.0932037781262764,1.0730496200727864,1.116605057766283,1.0912740191555985,1.0719907104074462,1.1140631565140502,4.974995007273436,0.48710824752955667,0.4682806337987913,0.5054488305450091,2.1605234338889794,1.1216546238052905,1.1046316557162354,1.1401107988257513
noise_tau,ideal,nv_charge_readout_master_v1_4,thin_all_counts,2,tau0.1ms,0.1,5.437,1.0,27.43339830432224,0.9249776330930897,7.504300359171423,12.911749357161563,0.11758756837904422,9.422120008455401,636.7993609310438,0.2,0.1,ou,2.1054086423165375,mean,0.09222437088256896,0.71,2.5898686843177066,2.3379164132608867,2.3429907085835535,2.2464809664238805,1.1528558323111264,1.1413590545512042,1.1644659795068788,1.107767869555867,1.0883539321196367,1.1269723673725085,1.1053687386935487,1.0861855264287525,1.1242255603130125,4.974995007273436,0.5205771423953838,0.5012263676378209,0.5402234165683973,2.284579823799802,1.1336302007649426,1.1208770394215657,1.145195218224843
noise_tau,ideal,nv_charge_readout_master_v1_4,thin_all_counts,2,tau0.1ms,0.1,5.437,1.0,27.43339830432224,0.9249776330930897,7.504300359171423,12.911749357161563,0.11758756837904422,9.422120008455401,636.7993609310438,0.2,0.1,ou,2.1054086423165375,mean,0.09222437088256896,0.72,2.7627527054065797,2.46570406758169,2.4720475276259184,2.388852462690812,1.1565187672974182,1.1458713340700835,1.169145191829561,1.120472136835232,1.1002448229718298,1.1432573022596977,1.1175969209863235,1.0983984985395214,1.1412636473384357,4.974995007273436,0.555327734272585,0.5346619929138671,0.5791287552516211,2.4086362137106248,1.1470194999478234,1.138147259527008,1.1584598120367242
noise_tau,ideal,nv_charge_readout_master_v1_4,thin_all_counts,2,tau0.1ms,0.1,5.437,1.0,27.43339830432224,0.9249776330930897,7.504300359171423,12.911749357161563,0.11758756837904422,9.422120008455401,636.7993609310438,0.2,0.1,ou,2.1054086423165375,mean,0.09222437088256896,0.73,2.974542658342018,2.6004764389369392,2.6082130656573574,2.540246801017052,1.1709660089527854,1.1580409338855935,1.1805209863573496,1.1438452638155778,1.1175636287752155,1.1705614225006937,1.1404523263487039,1.1158392792186467,1.1680154868485275,4.974995007273436,0.5978986218063014,0.5720767629458512,0.6251400385436306,2.5627561483297834,1.1606811129028436,1.1500429841544315,1.1726407195138955
noise_tau,ideal,nv_charge_readout_master_v1_4,thin_all_counts,2,tau0.1ms,0.1,5.437,1.0,27.43339830432224,0.9249776330930897,7.504300359171423,12.911749357161563,0.11758756837904422,9.422120008455401,636.7993609310438,0.2,0.1,ou,2.1054086423165375,mean,0.09222437088256896,0.74,3.206535990345519,2.7426153034247287,2.7518788857586958,2.7179038837183263,1.1797827029698718,1.171414048720197,1.1877698192296455,1.1691526647362787,1.1434502257127814,1.191719333269572,1.1652169748239025,1.1403100779128037,1.1872293167792198,4.974995007273436,0.644530494132671,0.6150342337527193,0.6732964253036391,2.7445345440806124,1.1683350815391802,1.1536703114528786,1.184623853260313
noise_tau,ideal,nv_charge_readout_master_v1_4,thin_all_counts,2,tau0.1ms,0.1,5.437,1.0,27.43339830432224,0.9249776330930897,7.504300359171423,12.911749357161563,0.11758756837904422,9.422120008455401,636.7993609310438,0.2,0.1,ou,2.1054086423165375,mean,0.09222437088256896,0.75,3.449817282130522,2.892523304558162,2.903458119122607,2.901945923062125,1.1887944757048694,1.0475395962726188,1.195942503618974,1.1926670657049339,1.1691943252715546,1.217355023524747,1.1881753208043582,1.1646581609152091,1.211562644778115,4.974995007273436,0.693431305375562,0.6633394500449542,0.7251054450899346,2.926312939831441,1.1788955429794994,1.162946771783991,1.1996785214185377
noise_tau,ideal,nv_charge_readout_master_v1_4,thin_all_counts,2,tau0.1ms,0.1,5.437,1.0,27.43339830432224,0.9249776330930897,7.504300359171423,12.911749357161563,0.11758756837904422,9.422120008455401,636.7993609310438,0.2,0.1,ou,2.1054086423165375,mean,0.09222437088256896,0.76,3.6875104556193965,3.050625093852757,3.063386653070239,3.3323322129554436,1.1065854842692726,1.0715071382142485,1.1482122726978483,1.2087720851211814,1.1922248857519184,1.221942282522061,1.2037365416878203,1.1876867419331167,1.2164332743056527,4.974995007273436,0.7412088756326913,0.7132966446398159,0.7698309800680387,3.10809133558227,1.186422809845959,1.1704846673629636,1.202400277844894
noise_tau,ideal,nv_charge_readout_master_v1_4,thin_all_counts,2,tau0.1ms,0.1,5.437,1.0,27.43339830432224,0.9249776330930897,7.504300359171423,12.911749357161563,0.11758756837904422,9.422120008455401,636.7993609310438,0.2,0.1,ou,2.1054086423165375,mean,0.09222437088256896,0.77,3.9180813073547602,3.2173685337569635,3.232124384506266,3.3323322129554436,1.1757775206571663,1.136001671240638,1.2140017129034533,1.2177906466871438,1.2066368686430629,1.2259369899555457,1.2122309791469488,0.9988841487644493,1.2188305458675959,4.974995007273436,0.7875548219900785,0.7592221915331361,0.8181028487005026,3.2898697313330985,1.1909533286496126,1.1759517547156089,1.2083562282681473
noise_tau,ideal,nv_charge_readout_master_v1_4,thin_all_counts,2,tau0.1ms,0.1,5.437,1.0,27.43339830432224,0.9249776330930897,7.504300359171423,12.911749357161563,0.11758756837904422,9.422120008455401,636.7993609310438,0.2,0.1,ou,2.1054086423165375,mean,0.09222437088256896,0.78,4.185400104571065,4.13342520978748,4.150199333209432,3.5016254112185528,1.195273512455623,1.1785629655010548,1.227553778518093,1.012574291815058,1.0035313153330465,1.2292566164906464,1.008481706186968,0.9977934043761707,1.2205771255597424,4.974995007273436,0.8412872974650257,0.8056932250496825,0.8789110710134116,3.4716481270839274,1.2055945623978506,1.1840524876893868,1.2232630402140143
noise_tau,ideal,nv_charge_readout_master_v1_4,thin_all_counts,2,tau0.1ms,0.1,5.437,1.0,27.43339830432224,0.9249776330930897,7.504300359171423,12.911749357161563,0.11758756837904422,9.422120008455401,636.7993609310438,0.2,0.1,ou,2.1054086423165375,mean,0.09222437088256896,0.79,4.4963140088027895,4.323077069177697,4.340620831225041,3.8978940391454278,1.1535239192362856,1.1382741494502548,1.2420180134276984,1.0400726003383614,1.0215810521954414,1.0608316978119392,1.0358688730556103,1.0165827918833663,1.0564471512873244,4.974995007273436,0.9037826173150294,0.8664052694834654,0.9402410580278827,3.6534265228347564,1.2307114925398916,1.2114084613245688,1.2457011584791884
noise_tau,ideal,nv_charge_readout_master_v1_4,thin_all_counts,2,tau0.1ms,0.1,5.437,1.0,27.43339830432224,0.9249776330930897,7.504300359171423,12.911749357161563,0.11758756837904422,9.422120008455401,636.7993609310438,0.2,0.1,ou,2.1054086423165375,mean,0.09222437088256896,0.8,4.804434888800698,4.521430628960364,4.539779342573083,3.9152725481567416,1.2271010075818507,1.1821676191982482,1.2559820703696947,1.0625917509444143,1.0431933231532067,1.0820567482500059,1.0582970065848203,1.0381199575124418,1.0774379607823101,4.974995007273436,0.9657165246953254,0.9256933884433884,0.9991440007127862,3.8352049185855854,1.2527192133901837,1.2362453202855614,1.2624321222275028
noise_tau,ideal,nv_charge_readout_master_v1_4,thin_all_counts,2,tau0.1ms,0.1,5.437,1.0,27.43339830432224,0.9249776330930897,7.504300359171423,12.911749357161563,0.11758756837904422,9.422120008455401,636.7993609310438,0.2,0.1,ou,2.1054086423165375,mean,0.09222437088256896,0.81,5.125149999827315,4.7288851448557425,4.748075743219595,4.205161735703097,1.2187759524950583,1.1966362353238247,1.258633855992984,1.0837966757138613,1.063443028392866,1.1067180463623445,1.0794162260672007,1.0580380340957034,1.1020885310666275,5.1237922420337245,1.0002649907977244,0.9882295468859742,1.0096175300844188,4.092777574088873,1.2522424947483901,1.237631143257063,1.2679248981031535
noise_tau,ideal,nv_charge_readout_master_v1_4,thin_all_counts,2,tau0.1ms,0.1,5.437,1.0,27.43339830432224,0.9249776330930897,7.504300359171423,12.911749357161563,0.11758756837904422,9.422120008455401,636.7993609310438,0.2,0.1,ou,2.1054086423165375,mean,0.09222437088256896,0.82,5.477494082046975,4.9458581914324755,4.965929302319912,4.4875355801543755,1.220601816790173,1.1916621170347916,1.2584964362574622,1.107491130970037,1.083196688196658,1.1305321160227053,1.103014913943313,1.0787101284010039,1.1259785864823026,5.448816488203851,1.0052630867464905,0.9943672091205265,1.0180999978953045,4.3598245120612145,1.2563565498780487,1.2412487179203142,1.2717045323251648
noise_tau,ideal,nv_charge_readout_master_v1_4,thin_all_counts,2,tau0.1ms,0.1,5.437,1.0,27.43339830432224,0.9249776330930897,7.504300359171423,12.911749357161563,0.11758756837904422,9.422120008455401,636.7993609310438,0.2,0.1,ou,2.1054086423165375,mean,0.09222437088256896,0.83,5.8562995382807355,5.172786502622055,5.193778526144084,4.530081923829431,1.2927579758491892,1.2491269198305157,1.3060087776449507,1.132136332190051,1.1079448424879987,1.1614899190926464,1.127560505093103,1.103596763270444,1.154941954463894,5.794458424476991,1.0106724579371413,0.9949734246414997,1.0295079075446796,4.626871450033559,1.2657147710983538,1.2484009101975035,1.2874137428301566
noise_tau,ideal,nv_charge_readout_master_v1_4,thin_all_counts,2,tau0.1ms,0.1,5.437,1.0,27.43339830432224,0.9249776330930897,7.504300359171423,12.911749357161563,0.11758756837904422,9.422120008455401,636.7993609310438,0.2,0.1,ou,2.1054086423165375,mean,0.09222437088256896,0.84,6.318366213604751,5.410126850798171,5.432082040723667,4.817241883279362,1.3116148963862058,1.2569068115562205,1.3279539068849857,1.1678776464682312,1.1371474095904026,1.1974250998034637,1.163157361438343,1.1328972827661852,1.192694907720015,6.162025919881967,1.0253715735304434,1.0058908966228663,1.0451148592682318,4.893918388005904,1.2910648917010767,1.2720586327894814,1.3132726790701044
noise_tau,ideal,nv_charge_readout_master_v1_4,thin_all_counts,2,tau0.1ms,0.1,5.437,1.0,27.43339830432224,0.9249776330930897,7.504300359171423,12.911749357161563,0.11758756837904422,9.422120008455401,636.7993609310438,0.2,0.1,ou,2.1054086423165375,mean,0.09222437088256896,0.85,6.844919355122683,5.65835696619043,5.681319514996589,5.2778102052308284,1.2969241198440018,1.2437252979642819,1.3148962243284101,1.2097008718294284,1.1711753079112575,1.244696339310764,1.2048115472214898,1.1665341694045464,1.23829596462744,6.552909807222311,1.0445618139865946,1.0173923387750436,1.0698372038915587,5.160965325978249,1.3262866387937309,1.2984711428945455,1.3512613244535698
noise_tau,ideal,nv_charge_readout_master_v1_4,thin_all_counts,2,tau0.1ms,0.1,5.437,1.0,27.43339830432224,0.9249776330930897,7.504300359171423,12.911749357161563,0.11758756837904422,9.422120008455401,636.7993609310438,0.2,0.1,ou,2.1054086423165375,mean,0.09222437088256896,0.86,7.464754430849098,5.917976498483063,5.941992626308172,5.682972293368842,1.313529970849818,1.2665925612791664,1.3621518407850142,1.2613693942114361,1.22022292373742,1.29780950254591,1.2562712376651055,1.215158922282771,1.2929627275396367,6.968589145826389,1.071200249381881,1.0447711893943779,1.0986268642905552,5.513705468950532,1.3538544038823903,1.3371584710283675,1.3702644099398233
noise_tau,ideal,nv_charge_readout_master_v1_4,thin_all_counts,2,tau0.1ms,0.1,5.437,1.0,27.43339830432224,0.9249776330930897,7.504300359171423,12.911749357161563,0.11758756837904422,9.422120008455401,636.7993609310438,0.2,0.1,ou,2.1054086423165375,mean,0.09222437088256896,0.87,8.182875452389899,6.189508022534185,6.21462607021177,5.85482649333383,1.3976290265316542,1.34479801947975,1.4098815256992525,1.3220558762664896,1.2799086507071498,1.3649373191270135,1.316712439323169,1.2774103728623385,1.3596702850313436,7.41063681813649,1.1042067845456227,1.0766048233679548,1.1343615856621123,6.032585499167594,1.3564458313137897,1.3373527112286032,1.3813167818828453
noise_tau,ideal,nv_charge_readout_master_v1_4,thin_all_counts,2,tau0.1ms,0.1,5.437,1.0,27.43339830432224,0.9249776330930897,7.504300359171423,12.911749357161563,0.11758756837904422,9.422120008455401,636.7993609310438,0.2,0.1,ou,2.1054086423165375,mean,0.09222437088256896,0.88,9.167484732160695,6.473498090239955,6.499768616601567,6.534965736352259,1.4028359293705919,1.3239945769069619,1.4465216204114077,1.4161562426321626,0.7765376092999433,1.4430988446716093,1.4104324742799776,0.9759040647372702,1.4319969891399633,7.880725481313708,1.1632792886769208,1.1133254157514498,1.2106297196843194,6.551465529384655,1.3993029026929413,1.356146607812986,1.4551521209890177
noise_tau,ideal,nv_charge_readout_master_v1_4,thin_all_counts,2,tau0.1ms,0.1,5.437,1.0,27.43339830432224,0.9249776330930897,7.504300359171423,12.911749357161563,0.11758756837904422,9.422120008455401,636.7993609310438,0.2,0.1,ou,2.1054086423165375,mean,0.09222437088256896,0.89,10.614100531345125,12.753284279667891,10.714580039477996,7.178509925792601,1.4785938364741051,1.381723476414018,1.58285969690915,0.8322640896719293,0.7865631924834673,0.9167663904267506,0.9906221701865446,0.9683669951711453,1.0411588383246464,8.422182786817139,1.2602553043563594,1.2079984108264352,1.357910747278699,7.070345559601717,1.5012138292068193,1.4336872380869183,1.6228975673859918
noise_tau,ideal,nv_charge_readout_master_v1_4,thin_all_counts,2,tau0.1ms,0.1,5.437,1.0,27.43339830432224,0.9249776330930897,7.504300359171423,12.911749357161563,0.11758756837904422,9.422120008455401,636.7993609310438,0.2,0.1,ou,2.1054086423165375,mean,0.09222437088256896,0.9,15.807520692386916,13.419425395933619,12.383438578649185,8.145529493750356,1.9406375858702876,1.466762989208154,1.9944443412782367,1.177958088814812,0.8992455439289058,1.2084845246590017,1.2765049539343085,1.013457476485478,1.29183467227193,9.264929263212505,1.7061674453525018,1.325231658094001,1.7517003410171608,7.923706123204225,1.9949655434715439,1.5533154016209327,2.05768718713713
noise_tau,ideal,nv_charge_readout_master_v1_4,thin_all_counts,2,tau0.1ms,0.1,5.437,1.0,27.43339830432224,0.9249776330930897,7.504300359171423,12.911749357161563,0.11758756837904422,9.422120008455401,636.7993609310438,0.2,0.1,ou,2.1054086423165375,mean,0.09222437088256896,0.91,17.467126970954624,14.120360999411341,13.402654592719662,10.601977560787157,1.6475347991264524,1.541693337951937,1.7143076502986978,1.2370170261003104,1.207926138150739,1.274805720216677,1.3032587574436776,1.2729599994676764,1.3457886876076106,10.289359659904942,1.69759125429541,1.6469450488080248,1.7617160056556542,8.91946929012925,1.9583146040184989,1.8920103374716222,2.0334634803878386
noise_tau,ideal,nv_charge_readout_master_v1_4,thin_all_counts,2,tau0.1ms,0.1,5.437,1.0,27.43339830432224,0.9249776330930897,7.504300359171423,12.911749357161563,0.11758756837904422,9.422120008455401,636.7993609310438,0.2,0.1,ou,2.1054086423165375,mean,0.09222437088256896,0.92,19.395990090236108,14.857908507328096,14.505756942297042,11.545613433800424,1.679944526243471,1.6089292320660635,1.7149123377089452,1.3054320586689423,1.2718573197602645,1.3436962944747646,1.337123610121974,1.3023267043624893,1.3755462070645499,11.427062118137501,1.6973732959279182,1.6363233442249407,1.762577157455108,9.915232457054277,1.9561810753550881,1.8606022350788325,2.0277708818252274
noise_tau,ideal,nv_charge_readout_master_v1_4,thin_all_counts,2,tau0.1ms,0.1,5.437,1.0,27.43339830432224,0.9249776330930897,7.504300359171423,12.911749357161563,0.11758756837904422,9.422120008455401,636.7993609310438,0.2,0.1,ou,2.1054086423165375,mean,0.09222437088256896,0.93,22.435105902612307,nan,23.845720527844495,15.055357493466525,1.4901742394591642,1.4661534441860713,1.7661995778865125,nan,0.6839364484597127,1.425655005810668,0.9408441181894662,0.8849707721609524,1.4383228897308247,13.095403975753985,1.7132045673543703,1.6153243749504882,1.8338278792427645,11.798505235813243,1.9015210362845516,1.8237116917935192,2.057452319616271
noise_tau,ideal,nv_charge_readout_master_v1_4,thin_all_counts,2,tau0.1ms,0.1,5.437,1.0,27.43339830432224,0.9249776330930897,7.504300359171423,12.911749357161563,0.11758756837904422,9.422120008455401,636.7993609310438,0.2,0.1,ou,2.1054086423165375,mean,0.09222437088256896,0.94,nan,nan,31.796221030958748,23.746462584085553,nan,nan,nan,nan,nan,nan,nan,nan,nan,17.104397530929297,nan,nan,nan,14.84431378731712,nan,nan,nan
noise_tau,ideal,nv_charge_readout_master_v1_4,thin_all_counts,2,tau0.1ms,0.1,5.437,1.0,27.43339830432224,0.9249776330930897,7.504300359171423,12.911749357161563,0.11758756837904422,9.422120008455401,636.7993609310438,0.2,0.1,ou,2.1054086423165375,mean,0.09222437088256896,0.95,nan,nan,nan,nan,nan,nan,nan,nan,nan,nan,nan,nan,nan,nan,nan,nan,nan,nan,nan,nan,nan
noise_tau,ideal,nv_charge_readout_master_v1_4,thin_all_counts,2,tau0.1ms,0.1,5.437,1.0,27.43339830432224,0.9249776330930897,7.504300359171423,12.911749357161563,0.11758756837904422,9.422120008455401,636.7993609310438,0.2,0.1,ou,2.1054086423165375,mean,0.09222437088256896,0.96,nan,nan,nan,nan,nan,nan,nan,nan,nan,nan,nan,nan,nan,nan,nan,nan,nan,nan,nan,nan,nan
noise_tau,ideal,nv_charge_readout_master_v1_4,thin_all_counts,2,tau0.1ms,0.1,5.437,1.0,27.43339830432224,0.9249776330930897,7.504300359171423,12.911749357161563,0.11758756837904422,9.422120008455401,636.7993609310438,0.2,0.1,ou,2.1054086423165375,mean,0.09222437088256896,0.97,nan,nan,nan,nan,nan,nan,nan,nan,nan,nan,nan,nan,nan,nan,nan,nan,nan,nan,nan,nan,nan
noise_tau,ideal,nv_charge_readout_master_v1_4,thin_all_counts,2,tau0.1ms,0.1,5.437,1.0,27.43339830432224,0.9249776330930897,7.504300359171423,12.911749357161563,0.11758756837904422,9.422120008455401,636.7993609310438,0.2,0.1,ou,2.1054086423165375,mean,0.09222437088256896,0.98,nan,nan,nan,nan,nan,nan,nan,nan,nan,nan,nan,nan,nan,nan,nan,nan,nan,nan,nan,nan,nan
noise_tau,ideal,nv_charge_readout_master_v1_4,thin_all_counts,2,tau0.1ms,0.1,5.437,1.0,27.43339830432224,0.9249776330930897,7.504300359171423,12.911749357161563,0.11758756837904422,9.422120008455401,636.7993609310438,0.2,0.1,ou,2.1054086423165375,mean,0.09222437088256896,0.99,nan,nan,nan,nan,nan,nan,nan,nan,nan,nan,nan,nan,nan,nan,nan,nan,nan,nan,nan,nan,nan
noise_tau,ideal,nv_charge_readout_master_v1_4,thin_all_counts,3,tau0.3ms,0.3,5.437,1.0,27.43339830432224,0.9249776330930897,7.504300359171423,12.911749357161563,0.11758756837904422,9.422120008455401,636.7993609310438,0.2,0.3,ou,2.1054086423165375,mean,0.07478632660000839,0.55,0.46289439565956036,1.5929883667671207,1.5929883667671207,0.4457759925688977,1.0384013571300992,1.0261730351483682,1.0727774020113927,0.2905824080805927,0.2756393035170974,0.3132935419466486,0.2905824080805927,0.2756393035170974,0.3132935419466486,4.974995007273436,0.0930441930057838,0.08812669685752093,0.10065569035383554,0.45881964771368516,1.0088809360413833,0.9902899279044262,1.0493479868048972
noise_tau,ideal,nv_charge_readout_master_v1_4,thin_all_counts,3,tau0.3ms,0.3,5.437,1.0,27.43339830432224,0.9249776330930897,7.504300359171423,12.911749357161563,0.11758756837904422,9.422120008455401,636.7993609310438,0.2,0.3,ou,2.1054086423165375,mean,0.07478632660000839,0.56,0.5658449039270886,1.5929883667671207,1.5929883667671207,0.5322726956452606,1.0630733241747998,1.038419839902874,1.0825022947345269,0.35520968999631725,0.3344268047095064,0.3793039424750321,0.35520968999631725,0.3344268047095064,0.3793039424750321,4.974995007273436,0.1137377832741187,0.10689630143671941,0.1218623637032906,0.556710518812591,1.0164077825114215,1.0020584780107114,1.0475778782645448
noise_tau,ideal,nv_charge_readout_master_v1_4,thin_all_counts,3,tau0.3ms,0.3,5.437,1.0,27.43339830432224,0.9249776330930897,7.504300359171423,12.911749357161563,0.11758756837904422,9.422120008455401,636.7993609310438,0.2,0.3,ou,2.1054086423165375,mean,0.07478632660000839,0.57,0.6647782211361413,1.5929883667671207,1.5929883667671207,0.6355528948447879,1.0459840975132222,1.0276513688123285,1.0676886959970353,0.4173151763093354,0.39740525345659566,0.44136982606218844,0.4173151763093354,0.39740525345659566,0.44136982606218844,4.974995007273436,0.1336238971424567,0.12709467460909996,0.14181292870549955,0.6550829860853552,1.014800010466953,0.997706311627725,1.0361394063892342
noise_tau,ideal,nv_charge_readout_master_v1_4,thin_all_counts,3,tau0.3ms,0.3,5.437,1.0,27.43339830432224,0.9249776330930897,7.504300359171423,12.911749357161563,0.11758756837904422,9.422120008455401,636.7993609310438,0.2,0.3,ou,2.1054086423165375,mean,0.07478632660000839,0.58,0.7770225447876342,1.5929883667671207,1.5929883667671207,0.7328494051403864,1.060275875694797,1.0369905130820052,1.085909589034105,0.48777665989147007,0.45709490320756924,0.5219096671009148,0.48777665989147007,0.45709490320756924,0.5219096671009148,4.974995007273436,0.15618559288032013,0.14583310121435736,0.1676478304347748,0.7534554533581204,1.0312786792165034,1.008935539576906,1.05141338822846
noise_tau,ideal,nv_charge_readout_master_v1_4,thin_all_counts,3,tau0.3ms,0.3,5.437,1.0,27.43339830432224,0.9249776330930897,7.504300359171423,12.911749357161563,0.11758756837904422,9.422120008455401,636.7993609310438,0.2,0.3,ou,2.1054086423165375,mean,0.07478632660000839,0.59,0.8954504283389572,1.5929883667671207,1.5929883667671207,0.837316710459047,1.0694285891512176,1.0508452995788675,1.0925326339783243,0.5621198792281346,0.5348245084269678,0.6000657038477024,0.5621198792281346,0.5348245084269678,0.6000657038477024,4.974995007273436,0.1799902164785713,0.17072685976528074,0.192686304989453,0.8573674627969768,1.0444184870484154,1.0329618204011213,1.0613372675848367
noise_tau,ideal,nv_charge_readout_master_v1_4,thin_all_counts,3,tau0.3ms,0.3,5.437,1.0,27.43339830432224,0.9249776330930897,7.504300359171423,12.911749357161563,0.11758756837904422,9.422120008455401,636.7993609310438,0.2,0.3,ou,2.1054086423165375,mean,0.07478632660000839,0.6,1.0317607235147586,1.5929883667671207,1.5929883667671207,0.9566757763549731,1.0784852601221557,1.0584003568240232,1.0931568561930556,0.6476887998929071,0.6091040179341277,0.682187512565784,0.6476887998929071,0.6091040179341277,0.682187512565784,4.974995007273436,0.2073892982819733,0.1942929853043941,0.21921921698312855,0.9676458117401472,1.0662586568315855,1.0464902479499634,1.0867315867246432
noise_tau,ideal,nv_charge_readout_master_v1_4,thin_all_counts,3,tau0.3ms,0.3,5.437,1.0,27.43339830432224,0.9249776330930897,7.504300359171423,12.911749357161563,0.11758756837904422,9.422120008455401,636.7993609310438,0.2,0.3,ou,2.1054086423165375,mean,0.07478632660000839,0.61,1.1543502495478961,1.5929883667671207,1.5929883667671207,1.0783799610724412,1.0704485350413069,1.0596033327297225,1.0847163166333478,0.7246444943540826,0.6918627317920426,0.7595078690951114,0.7246444943540826,0.6918627317920426,0.7595078690951114,4.974995007273436,0.23203043377133797,0.22105430499502046,0.2443260387264538,1.0779241606833174,1.0709011743610335,1.056606854237156,1.0921100283289633
noise_tau,ideal,nv_charge_readout_master_v1_4,thin_all_counts,3,tau0.3ms,0.3,5.437,1.0,27.43339830432224,0.9249776330930897,7.504300359171423,12.911749357161563,0.11758756837904422,9.422120008455401,636.7993609310438,0.2,0.3,ou,2.1054086423165375,mean,0.07478632660000839,0.62,1.2755651819480875,1.5929883667671207,1.5929883667671207,1.1775948384919965,1.0831952894609744,1.0704450684056652,1.098872264752736,0.800737286322294,0.7676399585804689,0.8404278491981458,0.800737286322294,0.7676399585804689,0.8404278491981458,4.974995007273436,0.2563952687556898,0.24526019941444951,0.26996736346862443,1.1882025096264879,1.0735250696861953,1.061956796621806,1.0905475198210728
noise_tau,ideal,nv_charge_readout_master_v1_4,thin_all_counts,3,tau0.3ms,0.3,5.437,1.0,27.43339830432224,0.9249776330930897,7.504300359171423,12.911749357161563,0.11758756837904422,9.422120008455401,636.7993609310438,0.2,0.3,ou,2.1054086423165375,mean,0.07478632660000839,0.63,1.3967731237670011,1.5929883667671207,1.5929883667671207,1.28593784538049,1.086190229788063,1.0734196685289858,1.099174749238256,0.8768256899462943,0.8419482114171934,0.9144787018216126,0.8768256899462943,0.8419482114171934,0.9144787018216126,4.974995007273436,0.2807586985966661,0.2685755891071368,0.2935840004310313,1.2984808585696581,1.075697893079161,1.066180502450612,1.0865132127629367
noise_tau,ideal,nv_charge_readout_master_v1_4,thin_all_counts,3,tau0.3ms,0.3,5.437,1.0,27.43339830432224,0.9249776330930897,7.504300359171423,12.911749357161563,0.11758756837904422,9.422120008455401,636.7993609310438,0.2,0.3,ou,2.1054086423165375,mean,0.07478632660000839,0.64,1.5240431112465416,1.5929883667671207,1.5929883667671207,1.4042488028390385,1.0853084639739832,1.001368919154294,1.0973079944065531,0.9567195486427188,0.9158026710556632,1.0054857915872986,0.9567195486427188,0.9158026710556632,1.0054857915872986,4.974995007273436,0.3063406313008139,0.29231943866748555,0.32270559966379436,1.4158221336944883,1.0764368454034958,1.0685039792696296,1.0882968673926565
noise_tau,ideal,nv_charge_readout_master_v1_4,thin_all_counts,3,tau0.3ms,0.3,5.437,1.0,27.43339830432224,0.9249776330930897,7.504300359171423,12.911749357161563,0.11758756837904422,9.422120008455401,636.7993609310438,0.2,0.3,ou,2.1054086423165375,mean,0.07478632660000839,0.65,1.685000093578457,1.5929883667671207,1.5929883667671207,1.5929883667671207,1.0577604511940466,1.0141572303569224,1.0938462918994858,1.0577604511940466,0.9974080955569254,1.0898035344374901,1.0577604511940466,0.9741355451231037,1.0706341519233888,4.974995007273436,0.33869382604705917,0.3215734741330983,0.353567207936765,1.5436360235024689,1.091578628590979,1.0759837313857972,1.1060829754484807
noise_tau,ideal,nv_charge_readout_master_v1_4,thin_all_counts,3,tau0.3ms,0.3,5.437,1.0,27.43339830432224,0.9249776330930897,7.504300359171423,12.911749357161563,0.11758756837904422,9.422120008455401,636.7993609310438,0.2,0.3,ou,2.1054086423165375,mean,0.07478632660000839,0.66,1.8261357903476134,1.806576127515425,1.8329965557107368,1.6535812054976147,1.1043520477109388,1.0503152365642543,1.1173540292359008,1.0108269242210615,0.9992314826299993,1.080698476623768,0.9962570767840515,0.9814030140141907,1.0149179932787022,4.974995007273436,0.3670628387923617,0.3516146752903009,0.38309776301531795,1.6714499133104495,1.0925459242334072,1.0760936765205844,1.1096282181890837
noise_tau,ideal,nv_charge_readout_master_v1_4,thin_all_counts,3,tau0.3ms,0.3,5.437,1.0,27.43339830432224,0.9249776330930897,7.504300359171423,12.911749357161563,0.11758756837904422,9.422120008455401,636.7993609310438,0.2,0.3,ou,2.1054086423165375,mean,0.07478632660000839,0.67,1.9774744788918495,1.9057648328090773,1.9311932437763875,1.8170003590470014,1.0883181552748922,1.06415330436123,1.1118865331910173,1.0376277517814583,1.0176710498306782,1.0614382836679797,1.0239650978816395,1.0026775321233063,1.04889226883558,4.974995007273436,0.3974827062139328,0.37948874095270996,0.41618730402652,1.79926380311843,1.0990464408079292,1.0800544806116348,1.1222170852746025
noise_tau,ideal,nv_charge_readout_master_v1_4,thin_all_counts,3,tau0.3ms,0.3,5.437,1.0,27.43339830432224,0.9249776330930897,7.504300359171423,12.911749357161563,0.11758756837904422,9.422120008455401,636.7993609310438,0.2,0.3,ou,2.1054086423165375,mean,0.07478632660000839,0.68,2.149532905480157,2.0103994194624937,2.0346504924890403,1.907381450945676,1.1269549173891897,1.110893468097558,1.139367719140759,1.069206887283554,1.046459217248797,1.0904468178841906,1.0564629716087395,1.0332786401697263,1.078625807660544,4.974995007273436,0.4320673492812641,0.4113408799761021,0.4500523981424326,1.9270776929264106,1.115436556279125,1.0942398064660102,1.1360202875884895
noise_tau,ideal,nv_charge_readout_master_v1_4,thin_all_counts,3,tau0.3ms,0.3,5.437,1.0,27.43339830432224,0.9249776330930897,7.504300359171423,12.911749357161563,0.11758756837904422,9.422120008455401,636.7993609310438,0.2,0.3,ou,2.1054086423165375,mean,0.07478632660000839,0.69,2.303264845556074,2.1207788895011235,2.1436501188719155,2.0239021165025117,1.1380317391714214,1.1262563420075649,1.1496779455485773,1.0860466675514096,1.0682494922323824,1.1047339654055583,1.0744593183742854,1.0564549565154226,1.093128962147247,4.974995007273436,0.46296827276986285,0.44617936954727533,0.4805135234075432,2.0548915827343897,1.1208692784128205,1.103963218786324,1.1364959020446255
noise_tau,ideal,nv_charge_readout_master_v1_4,thin_all_counts,3,tau0.3ms,0.3,5.437,1.0,27.43339830432224,0.9249776330930897,7.504300359171423,12.911749357161563,0.11758756837904422,9.422120008455401,636.7993609310438,0.2,0.3,ou,2.1054086423165375,mean,0.07478632660000839,0.7,2.4605608881509373,2.2372186614320353,2.2584890373570294,2.147540952100835,1.1457573769403049,1.1301500046076718,1.1605413137714273,1.0998303074121245,1.0791441528192538,1.121010625747526,1.0894721415297992,1.0679019479319123,1.1106537972387112,4.974995007273436,0.49458559949378855,0.4748498026273859,0.5131957707289507,2.18270547254237,1.127298629661164,1.110869011105522,1.1421109132110487
noise_tau,ideal,nv_charge_readout_master_v1_4,thin_all_counts,3,tau0.3ms,0.3,5.437,1.0,27.43339830432224,0.9249776330930897,7.504300359171423,12.911749357161563,0.11758756837904422,9.422120008455401,636.7993609310438,0.2,0.3,ou,2.1054086423165375,mean,0.07478632660000839,0.71,2.62616191816794,2.360051471578502,2.3794800685786064,2.2787328020191024,1.1524659301173852,1.1379253922092514,1.1647811048906325,1.1127562045972887,1.0905834545046211,1.1345406627838082,1.1036704836685984,1.081796004264266,1.1245402066227008,4.974995007273436,0.5278722720984634,0.508469692100757,0.5495890066201492,2.310519362350351,1.1366110844864357,1.1244925172567688,1.1466312852892908
noise_tau,ideal,nv_charge_readout_master_v1_4,thin_all_counts,3,tau0.3ms,0.3,5.437,1.0,27.43339830432224,0.9249776330930897,7.504300359171423,12.911749357161563,0.11758756837904422,9.422120008455401,636.7993609310438,0.2,0.3,ou,2.1054086423165375,mean,0.07478632660000839,0.72,2.8028371343028966,2.489628324901696,2.506952791494906,2.417939074883829,1.1591843497700869,1.1457061628236933,1.1707694698758726,1.1258054490577696,1.1017068463972997,1.1474641675665518,1.1180254944615664,1.094242168670369,1.138779275878496,4.974995007273436,0.5633849139959242,0.5430726772218751,0.5868765254212369,2.4383332521583316,1.149488951857552,1.1387085694318184,1.157632268974026
noise_tau,ideal,nv_charge_readout_master_v1_4,thin_all_counts,3,tau0.3ms,0.3,5.437,1.0,27.43339830432224,0.9249776330930897,7.504300359171423,12.911749357161563,0.11758756837904422,9.422120008455401,636.7993609310438,0.2,0.3,ou,2.1054086423165375,mean,0.07478632660000839,0.73,2.992069407081138,2.62631949802653,2.641254441159646,2.565649366467959,1.1662035530600257,1.157801667132405,1.1747129329039723,1.1392632957754911,1.115498380849853,1.1613120911990702,1.132821344454594,1.1084218260350664,1.1541933464162801,4.974995007273436,0.6014215899124997,0.5791928118245987,0.6260577309738276,2.599614627236492,1.1509665223963765,1.1403656767870236,1.1624334615447327
noise_tau,ideal,nv_charge_readout_master_v1_4,thin_all_counts,3,tau0.3ms,0.3,5.437,1.0,27.43339830432224,0.9249776330930897,7.504300359171423,12.911749357161563,0.11758756837904422,9.422120008455401,636.7993609310438,0.2,0.3,ou,2.1054086423165375,mean,0.07478632660000839,0.74,3.1947561280856056,2.7705155973378788,2.782750854588531,2.719042575026144,1.1749562722661258,1.1666914816623717,1.1832028740066278,1.153126923795473,1.1303170283096367,1.172334583452798,1.1480568311811714,1.1253709757189942,1.167157748139984,4.974995007273436,0.64216268024689,0.6188614163777009,0.6680934190830969,2.773326782557862,1.1519580556385267,1.137069536250219,1.1677216885175876
noise_tau,ideal,nv_charge_readout_master_v1_4,thin_all_counts,3,tau0.3ms,0.3,5.437,1.0,27.43339830432224,0.9249776330930897,7.504300359171423,12.911749357161563,0.11758756837904422,9.422120008455401,636.7993609310438,0.2,0.3,ou,2.1054086423165375,mean,0.07478632660000839,0.75,3.414623755165418,2.9226286751707797,2.9318274672974396,2.8715882585909056,1.1891063229381573,1.0498850155701445,1.1967344466158287,1.16833992089874,1.148428858276146,1.1872415219130072,1.1646741812924688,1.1445758276460993,1.1838402079807404,4.974995007273436,0.686357222504393,0.6600659041571454,0.715441444528161,2.947038937879232,1.1586625854433645,1.1420386593243588,1.1763717650752215
noise_tau,ideal,nv_charge_readout_master_v1_4,thin_all_counts,3,tau0.3ms,0.3,5.437,1.0,27.43339830432224,0.9249776330930897,7.504300359171423,12.911749357161563,0.11758756837904422,9.422120008455401,636.7993609310438,0.2,0.3,ou,2.1054086423165375,mean,0.07478632660000839,0.76,3.65625296788049,3.083093407284216,3.088890363226823,3.337980855728915,1.0953486930895155,1.0580330311824484,1.1933536713076678,1.1859040531312184,1.1688003187167477,1.2011239421910207,1.1836784534045324,1.166152815405552,1.1993984990354423,4.974995007273436,0.7349259572190632,0.7051711606483335,0.7685149772036245,3.1207510932006017,1.1715939075841786,1.1523683679498185,1.193167590261901
noise_tau,ideal,nv_charge_readout_master_v1_4,thin_all_counts,3,tau0.3ms,0.3,5.437,1.0,27.43339830432224,0.9249776330930897,7.504300359171423,12.911749357161563,0.11758756837904422,9.422120008455401,636.7993609310438,0.2,0.3,ou,2.1054086423165375,mean,0.07478632660000839,0.77,3.9301478975213175,3.2523683349832178,3.254367380912308,3.337980855728915,1.1774027675371708,1.1311942669498811,1.2110291496300707,1.208395695914189,1.0000184893464805,1.217754634011173,1.207653420008028,1.0000124767176364,1.2172488849547423,4.974995007273436,0.7899802696837779,0.7561643857732326,0.8247141276752966,3.294463248521972,1.1929554531484117,1.1715149647996959,1.2154914443710088
noise_tau,ideal,nv_charge_readout_master_v1_4,thin_all_counts,3,tau0.3ms,0.3,5.437,1.0,27.43339830432224,0.9249776330930897,7.504300359171423,12.911749357161563,0.11758756837904422,9.422120008455401,636.7993609310438,0.2,0.3,ou,2.1054086423165375,mean,0.07478632660000839,0.78,4.190620464774358,4.159078392180277,4.1605721440693,3.51252191028699,1.1930517650299763,1.1742910500769543,1.2202592277609423,1.0075839091307788,0.9998592855502283,1.221497306377574,1.007222160718422,0.9997044674970269,1.2213214970119906,4.974995007273436,0.842336617151912,0.8120708438992961,0.8737801485726597,3.468175403843342,1.2083069559084068,1.1925163668723062,1.223097874757442
noise_tau,ideal,nv_charge_readout_master_v1_4,thin_all_counts,3,tau0.3ms,0.3,5.437,1.0,27.43339830432224,0.9249776330930897,7.504300359171423,12.911749357161563,0.11758756837904422,9.422120008455401,636.7993609310438,0.2,0.3,ou,2.1054086423165375,mean,0.07478632660000839,0.79,4.445477760787381,4.336374097972228,4.340963801473499,3.8963614342091053,1.1409305414423745,1.1416014519643063,1.2412013714428005,1.0251601131152803,1.0118578786859924,1.0427337539768862,1.0240762107434314,1.011308028924821,1.0415068155371106,4.974995007273436,0.8935642657506386,0.861945008752213,0.9272915469043087,3.641887559164712,1.2206521174989207,1.2082365477619932,1.2347540426574273
noise_tau,ideal,nv_charge_readout_master_v1_4,thin_all_counts,3,tau0.3ms,0.3,5.437,1.0,27.43339830432224,0.9249776330930897,7.504300359171423,12.911749357161563,0.11758756837904422,9.422120008455401,636.7993609310438,0.2,0.3,ou,2.1054086423165375,mean,0.07478632660000839,0.8,4.731914424409622,4.521227672197571,4.5291767750174525,3.916174490513078,1.2083002010948878,1.1658384613974022,1.2439259398463096,1.0465994564944447,1.0269646169505278,1.0700201326581134,1.0447625825758122,1.0254497299038328,1.0675381659976169,4.974995007273436,0.9511395322993429,0.9126406130177792,0.9897676777293509,3.8155997144860816,1.2401495907562614,1.2245184423035238,1.251559529814901
noise_tau,ideal,nv_charge_readout_master_v1_4,thin_all_counts,3,tau0.3ms,0.3,5.437,1.0,27.43339830432224,0.9249776330930897,7.504300359171423,12.911749357161563,0.11758756837904422,9.422120008455401,636.7993609310438,0.2,0.3,ou,2.1054086423165375,mean,0.07478632660000839,0.81,5.0526054149327555,4.7139612962368505,4.725550176758998,4.161047468099067,1.2142628637786215,1.2010847600275667,1.2565697852077515,1.071838544573169,1.051813222156608,1.0982218708335558,1.069209981047766,1.049622264222568,1.094831679750583,5.058105466358829,0.9989126261872842,0.9757468278364528,1.0097354006998969,4.0533204277979245,1.2465349100657506,1.2336877267209825,1.259471348419977
noise_tau,ideal,nv_charge_readout_master_v1_4,thin_all_counts,3,tau0.3ms,0.3,5.437,1.0,27.43339830432224,0.9249776330930897,7.504300359171423,12.911749357161563,0.11758756837904422,9.422120008455401,636.7993609310438,0.2,0.3,ou,2.1054086423165375,mean,0.07478632660000839,0.82,5.4073568345364125,4.914910885613095,4.930437821778535,4.477519549931241,1.2076679452174475,1.184299911611246,1.2465905343843817,1.100194278265513,1.0765259365366324,1.127001393329586,1.0967295461371096,1.074253690804089,1.1232083673003712,5.361162077298314,1.0086165567412537,0.9968606852747993,1.0226831974754997,4.313174941536375,1.2536836339428152,1.2389376217123156,1.2691566374561873
noise_tau,ideal,nv_charge_readout_master_v1_4,thin_all_counts,3,tau0.3ms,0.3,5.437,1.0,27.43339830432224,0.9249776330930897,7.504300359171423,12.911749357161563,0.11758756837904422,9.422120008455401,636.7993609310438,0.2,0.3,ou,2.1054086423165375,mean,0.07478632660000839,0.83,5.794485616594046,5.1244266754591505,5.144208865664118,4.528980024518442,1.2794239729971346,1.2420990448793063,1.299281008319657,1.1307578356704377,1.107944975146104,1.1590631649085106,1.1264094767361235,1.1041515602978793,1.1535543591205115,5.682376338378743,1.0197292948476708,1.0049828904642522,1.0379132605904484,4.573029455274829,1.2670999986475726,1.2504500491748904,1.285962524270941
noise_tau,ideal,nv_charge_readout_master_v1_4,thin_all_counts,3,tau0.3ms,0.3,5.437,1.0,27.43339830432224,0.9249776330930897,7.504300359171423,12.911749357161563,0.11758756837904422,9.422120008455401,636.7993609310438,0.2,0.3,ou,2.1054086423165375,mean,0.07478632660000839,0.84,6.212207146975696,5.34287383094264,5.367248469636206,4.775464240602089,1.3008593162855435,1.2733203408838365,1.3192298663963233,1.1627089359659613,1.1384682302894282,1.192174674767372,1.1574286493572303,1.133768288459317,1.1853470739276153,6.022836166004969,1.0314421604292683,1.013451006728284,1.0512951218744755,4.832883969013283,1.2854037437700012,1.267206475261238,1.302870240894879
noise_tau,ideal,nv_charge_readout_master_v1_4,thin_all_counts,3,tau0.3ms,0.3,5.437,1.0,27.43339830432224,0.9249776330930897,7.504300359171423,12.911749357161563,0.11758756837904422,9.422120008455401,636.7993609310438,0.2,0.3,ou,2.1054086423165375,mean,0.07478632660000839,0.85,6.665924022665769,5.570633083712516,5.599958494510539,5.149184365202818,1.2945592058642883,1.2332991924226289,1.3281341949053724,1.1966187545461715,1.1675182775430692,1.230462800930861,1.190352398004407,1.1637433232908818,1.224593776771847,6.383694659140975,1.0442109747715866,1.0223399295111948,1.068544935124397,5.092738482751737,1.3089075838553563,1.2901058462619195,1.3320983383704603
noise_tau,ideal,nv_charge_readout_master_v1_4,thin_all_counts,3,tau0.3ms,0.3,5.437,1.0,27.43339830432224,0.9249776330930897,7.504300359171423,12.911749357161563,0.11758756837904422,9.422120008455401,636.7993609310438,0.2,0.3,ou,2.1054086423165375,mean,0.07478632660000839,0.86,7.216294695576969,5.808101395476425,5.8427582247494305,5.670694956386431,1.2725591397664335,1.2250794547798713,1.3122125619530134,1.2424532913969615,1.2125070142381258,1.2811527633888693,1.235083571490149,1.2048096554325278,1.2707515052426572,6.766174004725766,1.0665251426488325,1.0428500099686266,1.0922583114101418,5.358552090222454,1.3466874211681672,1.3263623504223727,1.3569482642700603
noise_tau,ideal,nv_charge_readout_master_v1_4,thin_all_counts,3,tau0.3ms,0.3,5.437,1.0,27.43339830432224,0.9249776330930897,7.504300359171423,12.911749357161563,0.11758756837904422,9.422120008455401,636.7993609310438,0.2,0.3,ou,2.1054086423165375,mean,0.07478632660000839,0.87,7.82423062456186,6.055692649865448,6.096085123906068,5.760790940240642,1.3581868715123038,1.3070553217533725,1.3876533130734805,1.292045530866846,1.2582961758332818,1.3242261183987418,1.2834844765993823,1.2509737824451406,1.3154629809443315,7.171569617082414,1.091006717124356,1.0659292091427677,1.1154542651963002,5.832933978322444,1.3413885111060548,1.3265601314856512,1.358649737255357
noise_tau,ideal,nv_charge_readout_master_v1_4,thin_all_counts,3,tau0.3ms,0.3,5.437,1.0,27.43339830432224,0.9249776330930897,7.504300359171423,12.911749357161563,0.11758756837904422,9.422120008455401,636.7993609310438,0.2,0.3,ou,2.1054086423165375,mean,0.07478632660000839,0.88,8.502980677973648,6.313838373792088,6.3603956228229155,6.189479622649024,1.3737795737882197,1.344008705025873,1.3974391922068583,1.3467213087475287,1.315278176404261,1.3973219516833009,1.3368634880922383,1.307509946635716,1.3846566442636679,7.601254525340002,1.1186285960597158,1.0956145878131864,1.15404310419614,6.307315866422434,1.3481139771737187,1.3276422001784072,1.3846946384797967
noise_tau,ideal,nv_charge_readout_master_v1_4,thin_all_counts,3,tau0.3ms,0.3,5.437,1.0,27.43339830432224,0.9249776330930897,7.504300359171423,12.911749357161563,0.11758756837904422,9.422120008455401,636.7993609310438,0.2,0.3,ou,2.1054086423165375,mean,0.07478632660000839,0.89,9.543022711504449,12.463079098182487,9.948140622598016,7.083311229090937,1.3472544693944204,1.3267875823000224,1.4559952107683536,0.7657034538837296,0.7573389033226413,1.4386046907538803,0.9592770220624637,0.9409583889132782,1.413284131409308,8.056684023728117,1.1844851657827025,1.1499117477296283,1.249027430298307,6.781697754522424,1.4071731087013741,1.3700261300229961,1.4846986657009686
noise_tau,ideal,nv_charge_readout_master_v1_4,thin_all_counts,3,tau0.3ms,0.3,5.437,1.0,27.43339830432224,0.9249776330930897,7.504300359171423,12.911749357161563,0.11758756837904422,9.422120008455401,636.7993609310438,0.2,0.3,ou,2.1054086423165375,mean,0.07478632660000839,0.9,11.70770571793866,13.155167214382313,11.772214123167332,7.418402039401493,1.5781977918903978,1.417859775649904,1.9561086818235167,0.8899701179882253,0.813150366735092,1.1931927107442182,0.9945202827137062,0.9331160913055045,1.2733917492056874,8.814368086676321,1.3282524172817185,1.235676794614759,1.7620956160848151,7.28751133855976,1.6065437395604065,1.4789188451168727,2.113288409717812
noise_tau,ideal,nv_charge_readout_master_v1_4,thin_all_counts,3,tau0.3ms,0.3,5.437,1.0,27.43339830432224,0.9249776330930897,7.504300359171423,12.911749357161563,0.11758756837904422,9.422120008455401,636.7993609310438,0.2,0.3,ou,2.1054086423165375,mean,0.07478632660000839,0.91,16.982567454512914,13.885687724119204,13.104664147639076,8.495960354084655,1.9988990940086133,1.5954609150616386,2.1029906917059065,1.2230267446541003,1.1831043265523302,1.2706776468530132,1.2959177940910815,1.2723228097562882,1.3383520157981528,9.841360401836873,1.7256321038037736,1.672179624027897,1.7951129889295352,8.408488114513757,2.0196933412083413,1.9454511338795732,2.1129408129374005
noise_tau,ideal,nv_charge_readout_master_v1_4,thin_all_counts,3,tau0.3ms,0.3,5.437,1.0,27.43339830432224,0.9249776330930897,7.504300359171423,12.911749357161563,0.11758756837904422,9.422120008455401,636.7993609310438,0.2,0.3,ou,2.1054086423165375,mean,0.07478632660000839,0.92,19.01266503902469,14.65677481932396,14.213165494462752,11.126437582113727,1.7087827886248554,1.6134111165120313,1.7512506469931042,1.2971929550256707,1.2602669833294426,1.3309814248194,1.337679846648641,1.3012573115745478,1.3728281665695412,10.988011120756756,1.7303099560127917,1.6659401469011106,1.8030289689345886,9.529464890467754,1.9951450850134202,1.9099507548646797,2.082716640856838
noise_tau,ideal,nv_charge_readout_master_v1_4,thin_all_counts,3,tau0.3ms,0.3,5.437,1.0,27.43339830432224,0.9249776330930897,7.504300359171423,12.911749357161563,0.11758756837904422,9.422120008455401,636.7993609310438,0.2,0.3,ou,2.1054086423165375,mean,0.07478632660000839,0.93,22.139084702178252,15.470681205888589,15.415433092909995,13.628981829090721,1.6244122253448845,1.547447705083942,1.864003759747352,1.4310348980464722,0.7297164686399833,1.4521762801706113,1.436163652927835,0.9394869150371663,1.4597188498422053,12.26118567392019,1.8056234764692103,1.6924723200245388,1.939310910031964,11.157513364147178,1.9842310718908511,1.8761198549657692,2.1314505470784324
noise_tau,ideal,nv_charge_readout_master_v1_4,thin_all_counts,3,tau0.3ms,0.3,5.437,1.0,27.43339830432224,0.9249776330930897,7.504300359171423,12.911749357161563,0.11758756837904422,9.422120008455401,636.7993609310438,0.2,0.3,ou,2.1054086423165375,mean,0.07478632660000839,0.94,nan,nan,31.18898006378471,16.7641815124394,nan,1.602384245032336,2.4210633481063453,nan,nan,nan,nan,0.9234794364196689,1.1820553517922625,15.716324993200397,nan,1.786861367291545,2.450386052827461,13.826746159786635,nan,1.9942660352245645,2.8621717796665136
noise_tau,ideal,nv_charge_readout_master_v1_4,thin_all_counts,3,tau0.3ms,0.3,5.437,1.0,27.43339830432224,0.9249776330930897,7.504300359171423,12.911749357161563,0.11758756837904422,9.422120008455401,636.7993609310438,0.2,0.3,ou,2.1054086423165375,mean,0.07478632660000839,0.95,nan,nan,nan,nan,nan,nan,nan,nan,nan,nan,nan,nan,nan,nan,nan,nan,nan,nan,nan,nan,nan
noise_tau,ideal,nv_charge_readout_master_v1_4,thin_all_counts,3,tau0.3ms,0.3,5.437,1.0,27.43339830432224,0.9249776330930897,7.504300359171423,12.911749357161563,0.11758756837904422,9.422120008455401,636.7993609310438,0.2,0.3,ou,2.1054086423165375,mean,0.07478632660000839,0.96,nan,nan,nan,nan,nan,nan,nan,nan,nan,nan,nan,nan,nan,nan,nan,nan,nan,nan,nan,nan,nan
noise_tau,ideal,nv_charge_readout_master_v1_4,thin_all_counts,3,tau0.3ms,0.3,5.437,1.0,27.43339830432224,0.9249776330930897,7.504300359171423,12.911749357161563,0.11758756837904422,9.422120008455401,636.7993609310438,0.2,0.3,ou,2.1054086423165375,mean,0.07478632660000839,0.97,nan,nan,nan,nan,nan,nan,nan,nan,nan,nan,nan,nan,nan,nan,nan,nan,nan,nan,nan,nan,nan
noise_tau,ideal,nv_charge_readout_master_v1_4,thin_all_counts,3,tau0.3ms,0.3,5.437,1.0,27.43339830432224,0.9249776330930897,7.504300359171423,12.911749357161563,0.11758756837904422,9.422120008455401,636.7993609310438,0.2,0.3,ou,2.1054086423165375,mean,0.07478632660000839,0.98,nan,nan,nan,nan,nan,nan,nan,nan,nan,nan,nan,nan,nan,nan,nan,nan,nan,nan,nan,nan,nan
noise_tau,ideal,nv_charge_readout_master_v1_4,thin_all_counts,3,tau0.3ms,0.3,5.437,1.0,27.43339830432224,0.9249776330930897,7.504300359171423,12.911749357161563,0.11758756837904422,9.422120008455401,636.7993609310438,0.2,0.3,ou,2.1054086423165375,mean,0.07478632660000839,0.99,nan,nan,nan,nan,nan,nan,nan,nan,nan,nan,nan,nan,nan,nan,nan,nan,nan,nan,nan,nan,nan
noise_tau,ideal,nv_charge_readout_master_v1_4,thin_all_counts,4,tau1ms,1.0,5.437,1.0,27.43339830432224,0.9249776330930897,7.504300359171423,12.911749357161563,0.11758756837904422,9.422120008455401,636.7993609310438,0.2,1.0,ou,2.1054086423165375,mean,0.10129491457000306,0.55,0.5063229251151126,1.5946445871326569,1.5946445871326569,0.4833603670410725,1.047506083741634,1.0246990232082767,1.0816932018649832,0.3175145917784325,0.29510931715984107,0.3481594796016601,0.3175145917784325,0.29510931715984107,0.3481594796016601,4.974995007273436,0.1017735544206314,0.09440912963392221,0.11186174449320616,0.4936146298256212,1.0257453781181096,1.0109520819774063,1.0982523185693187
noise_tau,ideal,nv_charge_readout_master_v1_4,thin_all_counts,4,tau1ms,1.0,5.437,1.0,27.43339830432224,0.9249776330930897,7.504300359171423,12.911749357161563,0.11758756837904422,9.422120008455401,636.7993609310438,0.2,1.0,ou,2.1054086423165375,mean,0.10129491457000306,0.56,0.6205811285608211,1.5946445871326569,1.5946445871326569,0.5820885838824501,1.0661283277909885,1.0406210001038116,1.085666741677979,0.38916579504194915,0.36482573185865347,0.4135390189434911,0.38916579504194915,0.36482573185865347,0.4135390189434911,4.974995007273436,0.12474005052337386,0.11666844027155752,0.13313026836926023,0.5935933910201892,1.045465023615322,1.03071307289148,1.085750065567356
noise_tau,ideal,nv_charge_readout_master_v1_4,thin_all_counts,4,tau1ms,1.0,5.437,1.0,27.43339830432224,0.9249776330930897,7.504300359171423,12.911749357161563,0.11758756837904422,9.422120008455401,636.7993609310438,0.2,1.0,ou,2.1054086423165375,mean,0.10129491457000306,0.57,0.7161827208795322,1.5946445871326569,1.5946445871326569,0.6864137426781796,1.043368855182303,1.0318378906923826,1.0634780390192722,0.4491174564278966,0.42604982389494356,0.4806138807457019,0.4491174564278966,0.42604982389494356,0.4806138807457019,4.974995007273436,0.14395647027433675,0.13603113338207237,0.15433669092598284,0.693572152214756,1.0326001679747014,1.01768048659384,1.0704190593524285
noise_tau,ideal,nv_charge_readout_master_v1_4,thin_all_counts,4,tau1ms,1.0,5.437,1.0,27.43339830432224,0.9249776330930897,7.504300359171423,12.911749357161563,0.11758756837904422,9.422120008455401,636.7993609310438,0.2,1.0,ou,2.1054086423165375,mean,0.10129491457000306,0.58,0.8270492082595277,1.5946445871326569,1.5946445871326569,0.7740175892124285,1.0685147466752782,1.047716441916364,1.0893547809802302,0.5186417179935069,0.49037156177959473,0.5499737949335863,0.5186417179935069,0.49037156177959473,0.5499737949335863,4.974995007273436,0.16624121371988973,0.15663356953358348,0.17705942635834296,0.7935509134093239,1.0422131640001338,1.0290790651664277,1.0704521856197855
noise_tau,ideal,nv_charge_readout_master_v1_4,thin_all_counts,4,tau1ms,1.0,5.437,1.0,27.43339830432224,0.9249776330930897,7.504300359171423,12.911749357161563,0.11758756837904422,9.422120008455401,636.7993609310438,0.2,1.0,ou,2.1054086423165375,mean,0.10129491457000306,0.59,0.9360801792117925,1.5946445871326569,1.5946445871326569,0.8728019140069945,1.0725001448659643,1.0506485028593016,1.0920291779752662,0.5870149290726693,0.5596453387270136,0.61809152929148,0.5870149290726693,0.5596453387270136,0.61809152929148,4.974995007273436,0.18815700876950522,0.17884504754408817,0.19881129416517718,0.8935296746038918,1.0476206955597347,1.0345174920859392,1.066710514664371
noise_tau,ideal,nv_charge_readout_master_v1_4,thin_all_counts,4,tau1ms,1.0,5.437,1.0,27.43339830432224,0.9249776330930897,7.504300359171423,12.911749357161563,0.11758756837904422,9.422120008455401,636.7993609310438,0.2,1.0,ou,2.1054086423165375,mean,0.10129491457000306,0.6,1.0434364833879675,1.5946445871326569,1.5946445871326569,0.9841936303661986,1.0601943064798396,1.0446933030878827,1.0764261413886382,0.6543379583184608,0.6246405310098032,0.6910247985532548,0.6543379583184608,0.6246405310098032,0.6910247985532548,4.974995007273436,0.20973618704389949,0.1995489987379326,0.2223754616885979,0.9935084357984598,1.0502542764514944,1.0455109108716265,1.0627786472635246
noise_tau,ideal,nv_charge_readout_master_v1_4,thin_all_counts,4,tau1ms,1.0,5.437,1.0,27.43339830432224,0.9249776330930897,7.504300359171423,12.911749357161563,0.11758756837904422,9.422120008455401,636.7993609310438,0.2,1.0,ou,2.1054086423165375,mean,0.10129491457000306,0.61,1.1719479678554259,1.5946445871326569,1.5946445871326569,1.0961095659955702,1.0691887054110083,1.0551787688847847,1.083427265806185,0.734927379625522,0.6963614019696274,0.7761389356235535,0.734927379625522,0.6963614019696274,0.7761389356235535,4.974995007273436,0.23556766713173372,0.22253017787491697,0.24951655111186097,1.1007786709987188,1.0646535936167225,1.0531204993461234,1.0799300470556807
noise_tau,ideal,nv_charge_readout_master_v1_4,thin_all_counts,4,tau1ms,1.0,5.437,1.0,27.43339830432224,0.9249776330930897,7.504300359171423,12.911749357161563,0.11758756837904422,9.422120008455401,636.7993609310438,0.2,1.0,ou,2.1054086423165375,mean,0.10129491457000306,0.62,1.3081140073769038,1.5946445871326569,1.5946445871326569,1.2019546538926786,1.0883222616929973,1.0715374505333803,1.1033375298989532,0.8203169646278573,0.7729149818546547,0.8603356932879139,0.8203169646278573,0.7729149818546547,0.8603356932879139,4.974995007273436,0.26293775279461445,0.2470153628810933,0.27664516150295265,1.2091704754974948,1.0818276114777778,1.0708017483351557,1.0942942473791883
noise_tau,ideal,nv_charge_readout_master_v1_4,thin_all_counts,4,tau1ms,1.0,5.437,1.0,27.43339830432224,0.9249776330930897,7.504300359171423,12.911749357161563,0.11758756837904422,9.422120008455401,636.7993609310438,0.2,1.0,ou,2.1054086423165375,mean,0.10129491457000306,0.63,1.4313152215466243,1.5946445871326569,1.5946445871326569,1.3180206019843341,1.085958155275965,1.0735064626436428,1.0981611251309593,0.8975763208278802,0.8564756742014377,0.9388776514376042,0.8975763208278802,0.8564756742014377,0.9388776514376042,4.974995007273436,0.28770184079663264,0.27371487980674986,0.3016868540671524,1.3202684892248364,1.0841092044747551,1.0762274375255925,1.0917381515656215
noise_tau,ideal,nv_charge_readout_master_v1_4,thin_all_counts,4,tau1ms,1.0,5.437,1.0,27.43339830432224,0.9249776330930897,7.504300359171423,12.911749357161563,0.11758756837904422,9.422120008455401,636.7993609310438,0.2,1.0,ou,2.1054086423165375,mean,0.10129491457000306,0.64,1.5649207842379238,1.5946445871326569,1.5946445871326569,1.445294380806364,1.0827695762331944,0.9922398314134648,1.0911368199934122,0.9813602334121488,0.9323359973136399,1.0286955702572194,0.9813602334121488,0.9323359973136399,1.0286955702572194,4.974995007273436,0.3145572572334267,0.29810654508132856,0.3310840188464901,1.444400457230988,1.0834396904290526,1.0734907295944367,1.095674873714149
noise_tau,ideal,nv_charge_readout_master_v1_4,thin_all_counts,4,tau1ms,1.0,5.437,1.0,27.43339830432224,0.9249776330930897,7.504300359171423,12.911749357161563,0.11758756837904422,9.422120008455401,636.7993609310438,0.2,1.0,ou,2.1054086423165375,mean,0.10129491457000306,0.65,1.7160406329455515,1.5946445871326569,1.5946445871326569,1.5946445871326569,1.0761273369579976,1.0281436022084638,1.0969488418106854,1.0761273369579976,0.9987679263305419,1.0969488418106854,1.0761273369579976,0.9987679263305419,1.0969488418106854,4.974995007273436,0.34493313670399717,0.32790478943349244,0.3603950241256823,1.5775795229130194,1.087768070022145,1.0708516780407495,1.106351538742676
noise_tau,ideal,nv_charge_readout_master_v1_4,thin_all_counts,4,tau1ms,1.0,5.437,1.0,27.43339830432224,0.9249776330930897,7.504300359171423,12.911749357161563,0.11758756837904422,9.422120008455401,636.7993609310438,0.2,1.0,ou,2.1054086423165375,mean,0.10129491457000306,0.66,1.8564214007289364,1.822402993105858,1.822402993105858,1.768834956176234,1.0495164595469335,1.036814950302497,1.101318600555073,1.0186667865185526,1.0043732708663615,1.0389760705934783,1.0186667865185526,1.0043732708663615,1.0389760705934783,4.974995007273436,0.37315040477726125,0.35823123801823176,0.38957135999501813,1.7107585885950507,1.0851451590569015,1.0692383330017161,1.1064771150243544
noise_tau,ideal,nv_charge_readout_master_v1_4,thin_all_counts,4,tau1ms,1.0,5.437,1.0,27.43339830432224,0.9249776330930897,7.504300359171423,12.911749357161563,0.11758756837904422,9.422120008455401,636.7993609310438,0.2,1.0,ou,2.1054086423165375,mean,0.10129491457000306,0.67,2.0038173365305205,1.921966177186273,1.921966177186273,1.8306108410337827,1.0946167757855758,1.071724896599703,1.1158518681939713,1.0425872007092634,1.0267561497811692,1.0620116880225359,1.0425872007092634,1.0267561497811692,1.0620116880225359,4.974995007273436,0.4027777582893937,0.3876714563795139,0.42072095328756265,1.8439376542770822,1.0867055791623927,1.0697208685163047,1.109229349410971
noise_tau,ideal,nv_charge_readout_master_v1_4,thin_all_counts,4,tau1ms,1.0,5.437,1.0,27.43339830432224,0.9249776330930897,7.504300359171423,12.911749357161563,0.11758756837904422,9.422120008455401,636.7993609310438,0.2,1.0,ou,2.1054086423165375,mean,0.10129491457000306,0.68,2.1584880670360356,2.026968788035482,2.026968788035482,1.9235867535013227,1.1221163085611523,1.1117945585112265,1.1337244152313206,1.064884708524802,1.046395838254044,1.0881789754088254,1.064884708524802,1.046395838254044,1.0881789754088254,4.974995007273436,0.43386738356125565,0.4168063278950142,0.4529205152239331,1.9771167199591138,1.091735275538347,1.0752995346970482,1.1142604441553452
noise_tau,ideal,nv_charge_readout_master_v1_4,thin_all_counts,4,tau1ms,1.0,5.437,1.0,27.43339830432224,0.9249776330930897,7.504300359171423,12.911749357161563,0.11758756837904422,9.422120008455401,636.7993609310438,0.2,1.0,ou,2.1054086423165375,mean,0.10129491457000306,0.69,2.328934229115953,2.1377079973826363,2.1377079973826363,2.0569355275936427,1.1322349183401557,1.119025264693842,1.1454921652831338,1.0894538599132577,1.0655791449273126,1.1123387822782242,1.0894538599132577,1.0655791449273126,1.1123387822782242,4.974995007273436,0.46812795303534066,0.44864113312831416,0.4890985308943404,2.1102957856411435,1.1036055916722516,1.086589506921837,1.1245415985254752
noise_tau,ideal,nv_charge_readout_master_v1_4,thin_all_counts,4,tau1ms,1.0,5.437,1.0,27.43339830432224,0.9249776330930897,7.504300359171423,12.911749357161563,0.11758756837904422,9.422120008455401,636.7993609310438,0.2,1.0,ou,2.1054086423165375,mean,0.10129491457000306,0.7,2.5129158616296974,2.2544972123141,2.2544972123141,2.199528436643516,1.1424793695617825,1.1276357855150596,1.156326724570087,1.1146236277889858,1.0902854041803314,1.1376293305391538,1.1146236277889858,1.0902854041803314,1.1376293305391538,4.974995007273436,0.5051092228144587,0.48383863812711336,0.5272396190794439,2.2434748513231746,1.120099857659474,1.1048369037560697,1.136089978761006
noise_tau,ideal,nv_charge_readout_master_v1_4,thin_all_counts,4,tau1ms,1.0,5.437,1.0,27.43339830432224,0.9249776330930897,7.504300359171423,12.911749357161563,0.11758756837904422,9.422120008455401,636.7993609310438,0.2,1.0,ou,2.1054086423165375,mean,0.10129491457000306,0.71,2.709442603708572,2.3776669622583,2.3776669622583,2.3520063116724117,1.151970804781558,1.138667637752876,1.1644907619073446,1.139538314960289,1.112758711753578,1.1642448513510317,1.139538314960289,1.112758711753578,1.1642448513510317,4.974995007273436,0.544612125187537,0.521565137769497,0.5689199051176189,2.376653917005206,1.1400240414989444,1.126114786896811,1.1519085064316494
noise_tau,ideal,nv_charge_readout_master_v1_4,thin_all_counts,4,tau1ms,1.0,5.437,1.0,27.43339830432224,0.9249776330930897,7.504300359171423,12.911749357161563,0.11758756837904422,9.422120008455401,636.7993609310438,0.2,1.0,ou,2.1054086423165375,mean,0.10129491457000306,0.72,2.908636742686942,2.507565834429157,2.507565834429157,2.5150544080205672,1.1564905846216416,1.146075130649609,1.1660694821945403,1.159944318410722,1.1351848407562664,1.1813851397415593,1.159944318410722,1.1351848407562664,1.1813851397415593,4.974995007273436,0.5846511882794896,0.5599702367223357,0.6080838031859181,2.5193670195420963,1.1545109228331476,1.1460332952249397,1.1637916809904185
noise_tau,ideal,nv_charge_readout_master_v1_4,thin_all_counts,4,tau1ms,1.0,5.437,1.0,27.43339830432224,0.9249776330930897,7.504300359171423,12.911749357161563,0.11758756837904422,9.422120008455401,636.7993609310438,0.2,1.0,ou,2.1054086423165375,mean,0.10129491457000306,0.73,3.113573465980325,2.644561460375502,2.644561460375502,2.6617776387226955,1.1697346242169322,1.1588840139202898,1.1793158877590828,1.1773496334391214,1.152213235940133,1.2009598771001915,1.1773496334391214,1.152213235940133,1.2009598771001915,4.974995007273436,0.6258445408343697,0.5988694318891011,0.6503748222403816,2.687748682842068,1.1584317707442735,1.1449977566518623,1.1733243993153737
noise_tau,ideal,nv_charge_readout_master_v1_4,thin_all_counts,4,tau1ms,1.0,5.437,1.0,27.43339830432224,0.9249776330930897,7.504300359171423,12.911749357161563,0.11758756837904422,9.422120008455401,636.7993609310438,0.2,1.0,ou,2.1054086423165375,mean,0.10129491457000306,0.74,3.3201874783474636,2.789041556428572,2.789041556428572,2.8062088387045057,1.1831576583160637,1.175560211713898,1.1909611907015294,1.1904403040157763,1.1675325002201975,1.2110138559682653,1.1904403040157763,1.1675325002201975,1.2110138559682653,4.974995007273436,0.6673750372600081,0.6408366496264234,0.6929804603843057,2.8561303461420398,1.1624775748880845,1.1486713992130777,1.1784630507502711
noise_tau,ideal,nv_charge_readout_master_v1_4,thin_all_counts,4,tau1ms,1.0,5.437,1.0,27.43339830432224,0.9249776330930897,7.504300359171423,12.911749357161563,0.11758756837904422,9.422120008455401,636.7993609310438,0.2,1.0,ou,2.1054086423165375,mean,0.10129491457000306,0.75,3.5369395621466535,2.9414150209921783,2.9414150209921783,3.3412057488683518,1.0585817899255667,1.0482958078964046,1.1975462519581843,1.2024619228855358,1.184738426125112,1.2179162142247812,1.2024619228855358,1.184738426125112,1.2179162142247812,4.974995007273436,0.7109433390336377,0.6840636327354903,0.7364277678776829,3.0245120094420113,1.1694248695673652,1.152326583537164,1.1871379653557759
noise_tau,ideal,nv_charge_readout_master_v1_4,thin_all_counts,4,tau1ms,1.0,5.437,1.0,27.43339830432224,0.9249776330930897,7.504300359171423,12.911749357161563,0.11758756837904422,9.422120008455401,636.7993609310438,0.2,1.0,ou,2.1054086423165375,mean,0.10129491457000306,0.76,3.7521196277002278,3.1021130917810305,3.1021130917810305,3.3412057488683518,1.1229837099888418,1.0876424888458869,1.1572993933948115,1.209536698594701,1.1976719889428877,1.2200952070718036,1.209536698594701,1.1976719889428877,1.2200952070718036,4.974995007273436,0.7541956569231997,0.7289719706922766,0.7797461993307121,3.1928936727419828,1.1751470647871574,1.1600839322244931,1.1908028701143702
noise_tau,ideal,nv_charge_readout_master_v1_4,thin_all_counts,4,tau1ms,1.0,5.437,1.0,27.43339830432224,0.9249776330930897,7.504300359171423,12.911749357161563,0.11758756837904422,9.422120008455401,636.7993609310438,0.2,1.0,ou,2.1054086423165375,mean,0.10129491457000306,0.77,3.9772283374922734,3.2715905662823683,3.2715905662823683,3.3412057488683518,1.190357205281159,1.1538124404710273,1.2151137518892094,1.2156864549257298,0.9995450556889299,1.2222453219965959,1.2156864549257298,0.9995199376736024,1.2222453219965959,4.974995007273436,0.7994436842001994,0.7721083495931406,0.8272148413392203,3.3612753360419547,1.1832497905915764,1.1678056382106725,1.2008109824420936
noise_tau,ideal,nv_charge_readout_master_v1_4,thin_all_counts,4,tau1ms,1.0,5.437,1.0,27.43339830432224,0.9249776330930897,7.504300359171423,12.911749357161563,0.11758756837904422,9.422120008455401,636.7993609310438,0.2,1.0,ou,2.1054086423165375,mean,0.10129491457000306,0.78,4.234523751812715,4.17793875405907,4.179753789060406,3.5275626081286346,1.2004106580716711,1.1767758844330027,1.2241079044820162,1.0135437595150647,1.00157178144414,1.2168186582479121,1.0131036337345174,1.0014590444218456,1.2168186582479121,4.974995007273436,0.8511614073223885,0.8194053050258473,0.8803780769533717,3.5296569993419262,1.1996983708621558,1.181543443618169,1.2154645424316077
noise_tau,ideal,nv_charge_readout_master_v1_4,thin_all_counts,4,tau1ms,1.0,5.437,1.0,27.43339830432224,0.9249776330930897,7.504300359171423,12.911749357161563,0.11758756837904422,9.422120008455401,636.7993609310438,0.2,1.0,ou,2.1054086423165375,mean,0.10129491457000306,0.79,4.516137535847366,4.361491507458916,4.366524274437856,3.9084581028909144,1.1554780470863888,1.1401446311015933,1.2417203123820064,1.0354571430722674,1.0198195587165162,1.0528989149313865,1.0342636962504397,1.019083009770982,1.0518170158151299,4.974995007273436,0.9077672498655334,0.8731903949053207,0.9396357376157976,3.698038662641898,1.2212250730285805,1.2055740815886213,1.2357364292053654
noise_tau,ideal,nv_charge_readout_master_v1_4,thin_all_counts,4,tau1ms,1.0,5.437,1.0,27.43339830432224,0.9249776330930897,7.504300359171423,12.911749357161563,0.11758756837904422,9.422120008455401,636.7993609310438,0.2,1.0,ou,2.1054086423165375,mean,0.10129491457000306,0.8,4.809447930399594,4.55310843203598,4.561640517955278,3.924857955754093,1.225381398414339,1.1845313921147451,1.2494567847880782,1.0562998887880621,1.0381578951784682,1.0761937575463152,1.0543241869824924,1.0366003641241452,1.0738525308326172,4.974995007273436,0.9667241722591053,0.929794049113617,0.9958912191594312,3.868006328100247,1.2433919498683272,1.2292972479661743,1.2523369889740004
noise_tau,ideal,nv_charge_readout_master_v1_4,thin_all_counts,4,tau1ms,1.0,5.437,1.0,27.43339830432224,0.9249776330930897,7.504300359171423,12.911749357161563,0.11758756837904422,9.422120008455401,636.7993609310438,0.2,1.0,ou,2.1054086423165375,mean,0.10129491457000306,0.81,5.120002052728483,4.753143817527524,4.7654754461957465,4.215763541594925,1.214489855090749,1.2007272037888002,1.2409843278256347,1.0771822291276243,1.0574924329911832,1.0966070385248923,1.074394802897527,1.05507908765118,1.0937233942855817,5.130678914809424,0.9979190157368604,0.9884607280009274,1.005156902314377,4.112516095002313,1.2449804291223336,1.2320313815609716,1.2578957379781641
noise_tau,ideal,nv_charge_readout_master_v1_4,thin_all_counts,4,tau1ms,1.0,5.437,1.0,27.43339830432224,0.9249776330930897,7.504300359171423,12.911749357161563,0.11758756837904422,9.422120008455401,636.7993609310438,0.2,1.0,ou,2.1054086423165375,mean,0.10129491457000306,0.82,5.428507455002605,4.961967518967617,4.978418649804964,4.495203268439975,1.2076222432732227,1.1877591026733534,1.2373574334066886,1.094023174124295,1.074498596997696,1.1118570270543895,1.0904079863221776,1.0710226651152075,1.1078597238731638,5.447733453131581,0.9964708262079299,0.9866540481042645,1.005106474339221,4.3570258619043765,1.2459204115510811,1.2326550810908483,1.2592040021666244
noise_tau,ideal,nv_charge_readout_master_v1_4,thin_all_counts,4,tau1ms,1.0,5.437,1.0,27.43339830432224,0.9249776330930897,7.504300359171423,12.911749357161563,0.11758756837904422,9.422120008455401,636.7993609310438,0.2,1.0,ou,2.1054086423165375,mean,0.10129491457000306,0.83,5.750926554021232,5.179965640529892,5.200877128117689,4.525960450703984,1.2706532937393902,1.233936556441793,1.300342100582615,1.1102248457062993,1.0890927707694193,1.1305670630923694,1.105760896163032,1.084033602878361,1.126174756786912,5.784380638341176,0.9942164794449735,0.9816808577245182,1.0084476269417102,4.601535628806442,1.2497842063895792,1.2351462279075112,1.2654928693777079
noise_tau,ideal,nv_charge_readout_master_v1_4,thin_all_counts,4,tau1ms,1.0,5.437,1.0,27.43339830432224,0.9249776330930897,7.504300359171423,12.911749357161563,0.11758756837904422,9.422120008455401,636.7993609310438,0.2,1.0,ou,2.1054086423165375,mean,0.10129491457000306,0.84,6.171580117327976,5.407541249414086,5.433276067057435,4.782970875093778,1.2903235830820259,1.2636527576231764,1.3184127420590503,1.1412913619469245,1.1068657427463946,1.167346548472339,1.1358856132393054,1.1011898378462384,1.1616229355523242,6.141831214224079,1.0048436536378598,0.983709818984898,1.022667567137652,4.846045395708508,1.2735291590114521,1.2464351150863853,1.2942604042993278
noise_tau,ideal,nv_charge_readout_master_v1_4,thin_all_counts,4,tau1ms,1.0,5.437,1.0,27.43339830432224,0.9249776330930897,7.504300359171423,12.911749357161563,0.11758756837904422,9.422120008455401,636.7993609310438,0.2,1.0,ou,2.1054086423165375,mean,0.10129491457000306,0.85,6.666212061574321,5.645115121096353,5.676059651796316,5.193090329469252,1.2836695760413677,1.2578670509198868,1.3271433211452208,1.180881508804316,1.1441506534601587,1.2127799990494201,1.1744436229567545,1.1381693372155477,1.204565845102104,6.521370743477738,1.022210256676703,0.9950090839468452,1.0446600580246466,5.090555162610574,1.3095255524459748,1.281373568470661,1.3362820533734905
noise_tau,ideal,nv_charge_readout_master_v1_4,thin_all_counts,4,tau1ms,1.0,5.437,1.0,27.43339830432224,0.9249776330930897,7.504300359171423,12.911749357161563,0.11758756837904422,9.422120008455401,636.7993609310438,0.2,1.0,ou,2.1054086423165375,mean,0.10129491457000306,0.86,7.272954315394688,5.893126517321262,5.929691915728222,5.69595719276594,1.2768625306088304,1.240638928090329,1.3301633003344713,1.234141892935404,1.1935729312602068,1.2718990907929448,1.2265315666912688,1.1885247612036183,1.2618202262344318,6.924364231207575,1.0503425401304056,1.0210307043986568,1.0765470582152195,5.33506492951264,1.3632363263588385,1.3309156023293152,1.3727320754613854
noise_tau,ideal,nv_charge_readout_master_v1_4,thin_all_counts,4,tau1ms,1.0,5.437,1.0,27.43339830432224,0.9249776330930897,7.504300359171423,12.911749357161563,0.11758756837904422,9.422120008455401,636.7993609310438,0.2,1.0,ou,2.1054086423165375,mean,0.10129491457000306,0.87,8.001809508964907,6.1520339982739305,6.194657627378015,5.762060429041325,1.3887062809398938,1.3261383260402166,1.411243389976632,1.3006770624495843,1.2581408685964635,1.3418782287715838,1.2917274836304065,1.249762207636126,1.3318170910304221,7.352261034136147,1.0883467645956724,1.0548935386591336,1.1188255896951058,5.872782063135264,1.3625245110309836,1.3432007217225783,1.3846342832583705
noise_tau,ideal,nv_charge_readout_master_v1_4,thin_all_counts,4,tau1ms,1.0,5.437,1.0,27.43339830432224,0.9249776330930897,7.504300359171423,12.911749357161563,0.11758756837904422,9.422120008455401,636.7993609310438,0.2,1.0,ou,2.1054086423165375,mean,0.10129491457000306,0.88,8.981058357945658,6.4223162704339884,6.471463216941845,6.393795047983078,1.4046522121128566,1.338036950530557,1.4529613052204904,1.3984142137769187,0.9355976916229435,1.4400616646576967,1.3877940825552197,0.9631469400342075,1.4144650674527153,7.8066000731809675,1.1504442745567895,1.1008350973423273,1.2025567028717423,6.410499196757888,1.400992041694324,1.3548978074826852,1.4552783001230472
noise_tau,ideal,nv_charge_readout_master_v1_4,thin_all_counts,4,tau1ms,1.0,5.437,1.0,27.43339830432224,0.9249776330930897,7.504300359171423,12.911749357161563,0.11758756837904422,9.422120008455401,636.7993609310438,0.2,1.0,ou,2.1054086423165375,mean,0.10129491457000306,0.89,10.518899131320538,12.61551657051863,10.80235539171966,7.11791693665857,1.4778058278744852,1.365510626312587,1.6354222386842947,0.8338064535464441,0.7797140355996018,0.9305209536963002,0.9737597727421188,0.9462966896680018,1.0261146109860926,8.309533680192521,1.2658832055033957,1.1935643800506621,1.385360301965858,6.948216330380512,1.5138991981765888,1.433019664508235,1.6569847153254678
noise_tau,ideal,nv_charge_readout_master_v1_4,thin_all_counts,4,tau1ms,1.0,5.437,1.0,27.43339830432224,0.9249776330930897,7.504300359171423,12.911749357161563,0.11758756837904422,9.422120008455401,636.7993609310438,0.2,1.0,ou,2.1054086423165375,mean,0.10129491457000306,0.9,15.961973396171162,13.315682447942786,12.529426508499073,8.10173762909622,1.9701913499205455,1.4924817566720747,2.0287131358941792,1.198734909650629,0.9054982309662388,1.2219008932809132,1.2739588188927635,0.9907979985322385,1.2833498131004184,8.956504731729265,1.7821654623398302,1.3553079950586495,1.8258720998314508,7.75558984663498,2.058125005552839,1.5939400777152437,2.129890740059519
noise_tau,ideal,nv_charge_readout_master_v1_4,thin_all_counts,4,tau1ms,1.0,5.437,1.0,27.43339830432224,0.9249776330930897,7.504300359171423,12.911749357161563,0.11758756837904422,9.422120008455401,636.7993609310438,0.2,1.0,ou,2.1054086423165375,mean,0.10129491457000306,0.91,17.437449782610937,14.05470779284644,13.507454653032555,10.698075076950548,1.6299614329853278,1.5466332614412917,1.7244476804381976,1.240683907458129,1.2160413480977845,1.282608076266648,1.2909500887123881,1.2638608604980328,1.3403424908004642,10.015286491144911,1.7410834725525213,1.6762036648416112,1.8124511116822786,8.761144559763455,1.9903164094214805,1.9171750450435057,2.0784804313943037
noise_tau,ideal,nv_charge_readout_master_v1_4,thin_all_counts,4,tau1ms,1.0,5.437,1.0,27.43339830432224,0.9249776330930897,7.504300359171423,12.911749357161563,0.11758756837904422,9.422120008455401,636.7993609310438,0.2,1.0,ou,2.1054086423165375,mean,0.10129491457000306,0.92,19.566626880627243,14.834749320175977,14.561826200103312,11.50808002534804,1.7002512006806703,1.6308460533474571,1.7454436699193765,1.3189725325533936,1.273927127636148,1.3669373461625833,1.3436932024699226,1.3004089885252745,1.3901010898550585,11.199230783004715,1.7471402509465552,1.6723939830240135,1.8246656976436155,9.766699272891927,2.003402207226306,1.8974613749073568,2.097726859945385
noise_tau,ideal,nv_charge_readout_master_v1_4,thin_all_counts,4,tau1ms,1.0,5.437,1.0,27.43339830432224,0.9249776330930897,7.504300359171423,12.911749357161563,0.11758756837904422,9.422120008455401,636.7993609310438,0.2,1.0,ou,2.1054086423165375,mean,0.10129491457000306,0.93,22.477715215556124,nan,23.887604792866824,15.023912096819824,1.4961293084451737,1.4695925264787297,1.7442315184809538,nan,0.6898335188090182,1.4307145796138936,0.9409781939404944,0.8471058112317872,1.4454620406366328,12.894991669025197,1.743135303417791,1.6421205121125904,1.8543308863927788,11.758039006891064,1.911689117750209,1.8290197868298848,2.020830781964055
noise_tau,ideal,nv_charge_readout_master_v1_4,thin_all_counts,4,tau1ms,1.0,5.437,1.0,27.43339830432224,0.9249776330930897,7.504300359171423,12.911749357161563,0.11758756837904422,9.422120008455401,636.7993609310438,0.2,1.0,ou,2.1054086423165375,mean,0.10129491457000306,0.94,nan,nan,32.20259863243332,36.20774964894488,nan,nan,nan,nan,nan,nan,nan,nan,nan,16.709448365225647,nan,nan,nan,15.043169225463638,nan,nan,nan
noise_tau,ideal,nv_charge_readout_master_v1_4,thin_all_counts,4,tau1ms,1.0,5.437,1.0,27.43339830432224,0.9249776330930897,7.504300359171423,12.911749357161563,0.11758756837904422,9.422120008455401,636.7993609310438,0.2,1.0,ou,2.1054086423165375,mean,0.10129491457000306,0.95,nan,nan,nan,nan,nan,nan,nan,nan,nan,nan,nan,nan,nan,nan,nan,nan,nan,nan,nan,nan,nan
noise_tau,ideal,nv_charge_readout_master_v1_4,thin_all_counts,4,tau1ms,1.0,5.437,1.0,27.43339830432224,0.9249776330930897,7.504300359171423,12.911749357161563,0.11758756837904422,9.422120008455401,636.7993609310438,0.2,1.0,ou,2.1054086423165375,mean,0.10129491457000306,0.96,nan,nan,nan,nan,nan,nan,nan,nan,nan,nan,nan,nan,nan,nan,nan,nan,nan,nan,nan,nan,nan
noise_tau,ideal,nv_charge_readout_master_v1_4,thin_all_counts,4,tau1ms,1.0,5.437,1.0,27.43339830432224,0.9249776330930897,7.504300359171423,12.911749357161563,0.11758756837904422,9.422120008455401,636.7993609310438,0.2,1.0,ou,2.1054086423165375,mean,0.10129491457000306,0.97,nan,nan,nan,nan,nan,nan,nan,nan,nan,nan,nan,nan,nan,nan,nan,nan,nan,nan,nan,nan,nan
noise_tau,ideal,nv_charge_readout_master_v1_4,thin_all_counts,4,tau1ms,1.0,5.437,1.0,27.43339830432224,0.9249776330930897,7.504300359171423,12.911749357161563,0.11758756837904422,9.422120008455401,636.7993609310438,0.2,1.0,ou,2.1054086423165375,mean,0.10129491457000306,0.98,nan,nan,nan,nan,nan,nan,nan,nan,nan,nan,nan,nan,nan,nan,nan,nan,nan,nan,nan,nan,nan
noise_tau,ideal,nv_charge_readout_master_v1_4,thin_all_counts,4,tau1ms,1.0,5.437,1.0,27.43339830432224,0.9249776330930897,7.504300359171423,12.911749357161563,0.11758756837904422,9.422120008455401,636.7993609310438,0.2,1.0,ou,2.1054086423165375,mean,0.10129491457000306,0.99,nan,nan,nan,nan,nan,nan,nan,nan,nan,nan,nan,nan,nan,nan,nan,nan,nan,nan,nan,nan,nan
