experiment,detector,physics_layer,efficiency_model,point_index,point,sweep_value,power_uw,detection_efficiency,photons_per_bright_dwell,contrast,switching_ratio,snr_per_bright_dwell,p_bright_stationary,gamma_tot_khz,horizon_us,noise_sigma,noise_tau_c_ms,noise_kind,noise_photon_order,noise_renormalise,q_excess_finest_bin,target_fidelity,t_threshold_us,t_adaptive_count_us,t_fixed_count_mmpp_us,t_adaptive_mmpp_us,speedup_mmpp,speedup_mmpp_ci_low,speedup_mmpp_ci_high,speedup_count,speedup_count_ci_low,speedup_count_ci_high,speedup_fixed_count_mmpp,speedup_fixed_count_mmpp_ci_low,speedup_fixed_count_mmpp_ci_high,t_learned_us,speedup_learned,speedup_learned_ci_low,speedup_learned_ci_high,t_optimal_us,speedup_optimal,speedup_optimal_ci_low,speedup_optimal_ci_high
efficiency,det_nonpar_dt50ns_ap0.01_tau100ns,nv_charge_readout_master_v1_4,thin_all_counts,0,eta0.02,0.02,5.437,0.02,0.5486679660864447,0.9249776330930898,7.504300359171423,1.8259971054859974,0.11758756837904422,9.422120008455401,636.7993609310438,0.0,0.1,off,2.0,mean,0.03654550269188019,0.55,26.563449902568646,80.64770667242915,80.64770667242915,25.635567109737888,1.0361951342390352,1.0173480723392514,1.0604827724033952,0.3293763827713384,0.30127042171074647,0.354554095641668,0.3293763827713384,0.30127042171074647,0.354554095641668,25.80723463859232,1.0293024523768803,1.0110403235108392,1.0516543330534929,25.437291728430033,1.044271936893343,1.0166875458180842,1.08096041186165
efficiency,det_nonpar_dt50ns_ap0.01_tau100ns,nv_charge_readout_master_v1_4,thin_all_counts,0,eta0.02,0.02,5.437,0.02,0.5486679660864447,0.9249776330930898,7.504300359171423,1.8259971054859974,0.11758756837904422,9.422120008455401,636.7993609310438,0.0,0.1,off,2.0,mean,0.03654550269188019,0.56,32.179075538312894,80.64770667242915,80.64770667242915,31.077090445860875,1.0354597253681703,1.012464520625967,1.0652478830326433,0.39900794289186997,0.36952564039231556,0.43626461684010065,0.39900794289186997,0.36952564039231556,0.43626461684010065,31.31082014763447,1.0277302027409212,1.0137488238916643,1.0483907724770583,31.007424266490887,1.0377861528178651,1.022611142951271,1.0571517966235704
efficiency,det_nonpar_dt50ns_ap0.01_tau100ns,nv_charge_readout_master_v1_4,thin_all_counts,0,eta0.02,0.02,5.437,0.02,0.5486679660864447,0.9249776330930898,7.504300359171423,1.8259971054859974,0.11758756837904422,9.422120008455401,636.7993609310438,0.0,0.1,off,2.0,mean,0.03654550269188019,0.57,39.58078374577073,80.64770667242915,80.64770667242915,37.673656543114014,1.0506223015669898,1.0214686644278967,1.0652911769034554,0.4907862278903725,0.44655859715313756,0.5318986492841368,0.4907862278903725,0.44655859715313756,0.5318986492841368,37.787420246343494,1.0474592731585262,1.0211274446681482,1.0646160302868082,38.92630772256966,1.0168132058109791,0.9829182619086549,1.0442297886690346
efficiency,det_nonpar_dt50ns_ap0.01_tau100ns,nv_charge_readout_master_v1_4,thin_all_counts,0,eta0.02,0.02,5.437,0.02,0.5486679660864447,0.9249776330930898,7.504300359171423,1.8259971054859974,0.11758756837904422,9.422120008455401,636.7993609310438,0.0,0.1,off,2.0,mean,0.03654550269188019,0.58,47.580175720164156,80.64770667242915,80.64770667242915,45.350847280461345,1.0491573713257454,1.0248314304801138,1.0803482598682648,0.5899755576860102,0.5365445936160846,0.6532543230387227,0.5899755576860102,0.5365445936160846,0.6532543230387227,45.70785000464128,1.0409628918300196,1.0226441888612592,1.0595091317462022,47.36271256736435,1.0045914421073436,0.9776202149828926,1.0318216727623146
efficiency,det_nonpar_dt50ns_ap0.01_tau100ns,nv_charge_readout_master_v1_4,thin_all_counts,0,eta0.02,0.02,5.437,0.02,0.5486679660864447,0.9249776330930898,7.504300359171423,1.8259971054859974,0.11758756837904422,9.422120008455401,636.7993609310438,0.0,0.1,off,2.0,mean,0.03654550269188019,0.59,59.38396872394783,80.64770667242915,80.64770667242915,54.460100160417106,1.0904124037419511,1.0410036008184276,1.1266225620858608,0.7363379713343949,0.6559765186312891,0.8158440151720513,0.7363379713343949,0.6559765186312891,0.8158440151720513,55.953762138972486,1.0613043065175087,1.0258567979552602,1.0812092570041938,56.426370670590266,1.0524151742918861,1.0195013164711346,1.0691996250459477
efficiency,det_nonpar_dt50ns_ap0.01_tau100ns,nv_charge_readout_master_v1_4,thin_all_counts,0,eta0.02,0.02,5.437,0.02,0.5486679660864447,0.9249776330930898,7.504300359171423,1.8259971054859974,0.11758756837904422,9.422120008455401,636.7993609310438,0.0,0.1,off,2.0,mean,0.03654550269188019,0.6,70.80653001592545,80.64770667242915,80.64770667242915,65.39905398328625,1.0826843158009771,1.056801576348557,1.1108585197666832,0.8779732609573623,0.814513366770458,0.951314182366849,0.8779732609573623,0.814513366770458,0.951314182366849,66.75326953066644,1.0607200293522243,1.043717060131533,1.077583635849589,68.47575428394897,1.0340379709044376,1.0081237269382177,1.0639757144239272
efficiency,det_nonpar_dt50ns_ap0.01_tau100ns,nv_charge_readout_master_v1_4,thin_all_counts,0,eta0.02,0.02,5.437,0.02,0.5486679660864447,0.9249776330930898,7.504300359171423,1.8259971054859974,0.11758756837904422,9.422120008455401,636.7993609310438,0.0,0.1,off,2.0,mean,0.03654550269188019,0.61,86.54707156784158,80.64770667242915,80.64770667242915,80.64770667242912,1.0731498158946318,0.8373313565770588,1.087058391334721,1.0731498158946315,0.9425624037831295,1.082568834638634,1.0731498158946315,0.9425624037831295,1.082568834638634,79.68421038981047,1.0861257348784457,1.054836748353492,1.1087953999299747,80.52513789730769,1.0747832767230223,1.015830424217445,1.095799288231078
efficiency,det_nonpar_dt50ns_ap0.01_tau100ns,nv_charge_readout_master_v1_4,thin_all_counts,0,eta0.02,0.02,5.437,0.02,0.5486679660864447,0.9249776330930898,7.504300359171423,1.8259971054859974,0.11758756837904422,9.422120008455401,636.7993609310438,0.0,0.1,off,2.0,mean,0.03654550269188019,0.62,107.33199861149501,98.95048381609102,98.95048381609102,104.97324360183171,1.0224700593096863,0.8604580677212226,1.1035060333979598,1.0847041315228114,1.0040288614804747,1.1133047915359153,1.0847041315228114,1.0029704691138541,1.1133047915359153,98.44696964392223,1.0902519295384052,1.07220795564918,1.105422203691488,97.72669911249741,1.0982873624733864,1.0687196128038567,1.1245287251026734
efficiency,det_nonpar_dt50ns_ap0.01_tau100ns,nv_charge_readout_master_v1_4,thin_all_counts,0,eta0.02,0.02,5.437,0.02,0.5486679660864447,0.9249776330930898,7.504300359171423,1.8259971054859974,0.11758756837904422,9.422120008455401,636.7993609310438,0.0,0.1,off,2.0,mean,0.03654550269188019,0.63,130.89662429081667,125.89471371496255,127.35566779404101,136.16980574623403,0.9612749579356494,0.8759910082364759,1.1219812777228255,1.0397309023409746,1.0027740279170325,1.1303221448388898,1.0278036820669973,0.9767608905535544,1.1174004966345978,119.16007619024317,1.0984939627080776,1.0744386002784354,1.1351229564237135,117.20931290135243,1.1167766540956006,1.088866055326916,1.153940534322808
efficiency,det_nonpar_dt50ns_ap0.01_tau100ns,nv_charge_readout_master_v1_4,thin_all_counts,0,eta0.02,0.02,5.437,0.02,0.5486679660864447,0.9249776330930898,7.504300359171423,1.8259971054859974,0.11758756837904422,9.422120008455401,636.7993609310438,0.0,0.1,off,2.0,mean,0.03654550269188019,0.64,185.50146364436333,171.40846845547503,172.30133993935243,176.05673086941192,1.0536459624594354,0.6978725728927871,1.1616134783484047,1.0822187801797498,0.8582878306543561,1.1722213513615243,1.0766106851499655,0.6676834254805514,1.160432198827337,164.86543566517875,1.1251689166739218,1.0623733591039835,1.2083239569599442,162.77731856879,1.139602650267089,1.0968990676268597,1.2149410562589742
efficiency,det_nonpar_dt50ns_ap0.01_tau100ns,nv_charge_readout_master_v1_4,thin_all_counts,0,eta0.02,0.02,5.437,0.02,0.5486679660864447,0.9249776330930898,7.504300359171423,1.8259971054859974,0.11758756837904422,9.422120008455401,636.7993609310438,0.0,0.1,off,2.0,mean,0.03654550269188019,0.65,nan,nan,nan,nan,nan,nan,nan,nan,nan,nan,nan,nan,nan,nan,nan,nan,nan,nan,nan,nan,nan
efficiency,det_nonpar_dt50ns_ap0.01_tau100ns,nv_charge_readout_master_v1_4,thin_all_counts,0,eta0.02,0.02,5.437,0.02,0.5486679660864447,0.9249776330930898,7.504300359171423,1.8259971054859974,0.11758756837904422,9.422120008455401,636.7993609310438,0.0,0.1,off,2.0,mean,0.03654550269188019,0.66,nan,nan,nan,nan,nan,nan,nan,nan,nan,nan,nan,nan,nan,nan,nan,nan,nan,nan,nan,nan,nan
efficiency,det_nonpar_dt50ns_ap0.01_tau100ns,nv_charge_readout_master_v1_4,thin_all_counts,0,eta0.02,0.02,5.437,0.02,0.5486679660864447,0.9249776330930898,7.504300359171423,1.8259971054859974,0.11758756837904422,9.422120008455401,636.7993609310438,0.0,0.1,off,2.0,mean,0.03654550269188019,0.67,nan,nan,nan,nan,nan,nan,nan,nan,nan,nan,nan,nan,nan,nan,nan,nan,nan,nan,nan,nan,nan
efficiency,det_nonpar_dt50ns_ap0.01_tau100ns,nv_charge_readout_master_v1_4,thin_all_counts,0,eta0.02,0.02,5.437,0.02,0.5486679660864447,0.9249776330930898,7.504300359171423,1.8259971054859974,0.11758756837904422,9.422120008455401,636.7993609310438,0.0,0.1,off,2.0,mean,0.03654550269188019,0.68,nan,nan,nan,nan,nan,nan,nan,nan,nan,nan,nan,nan,nan,nan,nan,nan,nan,nan,nan,nan,nan
efficiency,det_nonpar_dt50ns_ap0.01_tau100ns,nv_charge_readout_master_v1_4,thin_all_counts,0,eta0.02,0.02,5.437,0.02,0.5486679660864447,0.9249776330930898,7.504300359171423,1.8259971054859974,0.11758756837904422,9.422120008455401,636.7993609310438,0.0,0.1,off,2.0,mean,0.03654550269188019,0.69,nan,nan,nan,nan,nan,nan,nan,nan,nan,nan,nan,nan,nan,nan,nan,nan,nan,nan,nan,nan,nan
efficiency,det_nonpar_dt50ns_ap0.01_tau100ns,nv_charge_readout_master_v1_4,thin_all_counts,0,eta0.02,0.02,5.437,0.02,0.5486679660864447,0.9249776330930898,7.504300359171423,1.8259971054859974,0.11758756837904422,9.422120008455401,636.7993609310438,0.0,0.1,off,2.0,mean,0.03654550269188019,0.7,nan,nan,nan,nan,nan,nan,nan,nan,nan,nan,nan,nan,nan,nan,nan,nan,nan,nan,nan,nan,nan
efficiency,det_nonpar_dt50ns_ap0.01_tau100ns,nv_charge_readout_master_v1_4,thin_all_counts,0,eta0.02,0.02,5.437,0.02,0.5486679660864447,0.9249776330930898,7.504300359171423,1.8259971054859974,0.11758756837904422,9.422120008455401,636.7993609310438,0.0,0.1,off,2.0,mean,0.03654550269188019,0.71,nan,nan,nan,nan,nan,nan,nan,nan,nan,nan,nan,nan,nan,nan,nan,nan,nan,nan,nan,nan,nan
efficiency,det_nonpar_dt50ns_ap0.01_tau100ns,nv_charge_readout_master_v1_4,thin_all_counts,0,eta0.02,0.02,5.437,0.02,0.5486679660864447,0.9249776330930898,7.504300359171423,1.8259971054859974,0.11758756837904422,9.422120008455401,636.7993609310438,0.0,0.1,off,2.0,mean,0.03654550269188019,0.72,nan,nan,nan,nan,nan,nan,nan,nan,nan,nan,nan,nan,nan,nan,nan,nan,nan,nan,nan,nan,nan
efficiency,det_nonpar_dt50ns_ap0.01_tau100ns,nv_charge_readout_master_v1_4,thin_all_counts,0,eta0.02,0.02,5.437,0.02,0.5486679660864447,0.9249776330930898,7.504300359171423,1.8259971054859974,0.11758756837904422,9.422120008455401,636.7993609310438,0.0,0.1,off,2.0,mean,0.03654550269188019,0.73,nan,nan,nan,nan,nan,nan,nan,nan,nan,nan,nan,nan,nan,nan,nan,nan,nan,nan,nan,nan,nan
efficiency,det_nonpar_dt50ns_ap0.01_tau100ns,nv_charge_readout_master_v1_4,thin_all_counts,0,eta0.02,0.02,5.437,0.02,0.5486679660864447,0.9249776330930898,7.504300359171423,1.8259971054859974,0.11758756837904422,9.422120008455401,636.7993609310438,0.0,0.1,off,2.0,mean,0.03654550269188019,0.74,nan,nan,nan,nan,nan,nan,nan,nan,nan,nan,nan,nan,nan,nan,nan,nan,nan,nan,nan,nan,nan
efficiency,det_nonpar_dt50ns_ap0.01_tau100ns,nv_charge_readout_master_v1_4,thin_all_counts,0,eta0.02,0.02,5.437,0.02,0.5486679660864447,0.9249776330930898,7.504300359171423,1.8259971054859974,0.11758756837904422,9.422120008455401,636.7993609310438,0.0,0.1,off,2.0,mean,0.03654550269188019,0.75,nan,nan,nan,nan,nan,nan,nan,nan,nan,nan,nan,nan,nan,nan,nan,nan,nan,nan,nan,nan,nan
efficiency,det_nonpar_dt50ns_ap0.01_tau100ns,nv_charge_readout_master_v1_4,thin_all_counts,0,eta0.02,0.02,5.437,0.02,0.5486679660864447,0.9249776330930898,7.504300359171423,1.8259971054859974,0.11758756837904422,9.422120008455401,636.7993609310438,0.0,0.1,off,2.0,mean,0.03654550269188019,0.76,nan,nan,nan,nan,nan,nan,nan,nan,nan,nan,nan,nan,nan,nan,nan,nan,nan,nan,nan,nan,nan
efficiency,det_nonpar_dt50ns_ap0.01_tau100ns,nv_charge_readout_master_v1_4,thin_all_counts,0,eta0.02,0.02,5.437,0.02,0.5486679660864447,0.9249776330930898,7.504300359171423,1.8259971054859974,0.11758756837904422,9.422120008455401,636.7993609310438,0.0,0.1,off,2.0,mean,0.03654550269188019,0.77,nan,nan,nan,nan,nan,nan,nan,nan,nan,nan,nan,nan,nan,nan,nan,nan,nan,nan,nan,nan,nan
efficiency,det_nonpar_dt50ns_ap0.01_tau100ns,nv_charge_readout_master_v1_4,thin_all_counts,0,eta0.02,0.02,5.437,0.02,0.5486679660864447,0.9249776330930898,7.504300359171423,1.8259971054859974,0.11758756837904422,9.422120008455401,636.7993609310438,0.0,0.1,off,2.0,mean,0.03654550269188019,0.78,nan,nan,nan,nan,nan,nan,nan,nan,nan,nan,nan,nan,nan,nan,nan,nan,nan,nan,nan,nan,nan
efficiency,det_nonpar_dt50ns_ap0.01_tau100ns,nv_charge_readout_master_v1_4,thin_all_counts,0,eta0.02,0.02,5.437,0.02,0.5486679660864447,0.9249776330930898,7.504300359171423,1.8259971054859974,0.11758756837904422,9.422120008455401,636.7993609310438,0.0,0.1,off,2.0,mean,0.03654550269188019,0.79,nan,nan,nan,nan,nan,nan,nan,nan,nan,nan,nan,nan,nan,nan,nan,nan,nan,nan,nan,nan,nan
efficiency,det_nonpar_dt50ns_ap0.01_tau100ns,nv_charge_readout_master_v1_4,thin_all_counts,0,eta0.02,0.02,5.437,0.02,0.5486679660864447,0.9249776330930898,7.504300359171423,1.8259971054859974,0.11758756837904422,9.422120008455401,636.7993609310438,0.0,0.1,off,2.0,mean,0.03654550269188019,0.8,nan,nan,nan,nan,nan,nan,nan,nan,nan,nan,nan,nan,nan,nan,nan,nan,nan,nan,nan,nan,nan
efficiency,det_nonpar_dt50ns_ap0.01_tau100ns,nv_charge_readout_master_v1_4,thin_all_counts,0,eta0.02,0.02,5.437,0.02,0.5486679660864447,0.9249776330930898,7.504300359171423,1.8259971054859974,0.11758756837904422,9.422120008455401,636.7993609310438,0.0,0.1,off,2.0,mean,0.03654550269188019,0.81,nan,nan,nan,nan,nan,nan,nan,nan,nan,nan,nan,nan,nan,nan,nan,nan,nan,nan,nan,nan,nan
efficiency,det_nonpar_dt50ns_ap0.01_tau100ns,nv_charge_readout_master_v1_4,thin_all_counts,0,eta0.02,0.02,5.437,0.02,0.5486679660864447,0.9249776330930898,7.504300359171423,1.8259971054859974,0.11758756837904422,9.422120008455401,636.7993609310438,0.0,0.1,off,2.0,mean,0.03654550269188019,0.82,nan,nan,nan,nan,nan,nan,nan,nan,nan,nan,nan,nan,nan,nan,nan,nan,nan,nan,nan,nan,nan
efficiency,det_nonpar_dt50ns_ap0.01_tau100ns,nv_charge_readout_master_v1_4,thin_all_counts,0,eta0.02,0.02,5.437,0.02,0.5486679660864447,0.9249776330930898,7.504300359171423,1.8259971054859974,0.11758756837904422,9.422120008455401,636.7993609310438,0.0,0.1,off,2.0,mean,0.03654550269188019,0.83,nan,nan,nan,nan,nan,nan,nan,nan,nan,nan,nan,nan,nan,nan,nan,nan,nan,nan,nan,nan,nan
efficiency,det_nonpar_dt50ns_ap0.01_tau100ns,nv_charge_readout_master_v1_4,thin_all_counts,0,eta0.02,0.02,5.437,0.02,0.5486679660864447,0.9249776330930898,7.504300359171423,1.8259971054859974,0.11758756837904422,9.422120008455401,636.7993609310438,0.0,0.1,off,2.0,mean,0.03654550269188019,0.84,nan,nan,nan,nan,nan,nan,nan,nan,nan,nan,nan,nan,nan,nan,nan,nan,nan,nan,nan,nan,nan
efficiency,det_nonpar_dt50ns_ap0.01_tau100ns,nv_charge_readout_master_v1_4,thin_all_counts,0,eta0.02,0.02,5.437,0.02,0.5486679660864447,0.9249776330930898,7.504300359171423,1.8259971054859974,0.11758756837904422,9.422120008455401,636.7993609310438,0.0,0.1,off,2.0,mean,0.03654550269188019,0.85,nan,nan,nan,nan,nan,nan,nan,nan,nan,nan,nan,nan,nan,nan,nan,nan,nan,nan,nan,nan,nan
efficiency,det_nonpar_dt50ns_ap0.01_tau100ns,nv_charge_readout_master_v1_4,thin_all_counts,0,eta0.02,0.02,5.437,0.02,0.5486679660864447,0.9249776330930898,7.504300359171423,1.8259971054859974,0.11758756837904422,9.422120008455401,636.7993609310438,0.0,0.1,off,2.0,mean,0.03654550269188019,0.86,nan,nan,nan,nan,nan,nan,nan,nan,nan,nan,nan,nan,nan,nan,nan,nan,nan,nan,nan,nan,nan
efficiency,det_nonpar_dt50ns_ap0.01_tau100ns,nv_charge_readout_master_v1_4,thin_all_counts,0,eta0.02,0.02,5.437,0.02,0.5486679660864447,0.9249776330930898,7.504300359171423,1.8259971054859974,0.11758756837904422,9.422120008455401,636.7993609310438,0.0,0.1,off,2.0,mean,0.03654550269188019,0.87,nan,nan,nan,nan,nan,nan,nan,nan,nan,nan,nan,nan,nan,nan,nan,nan,nan,nan,nan,nan,nan
efficiency,det_nonpar_dt50ns_ap0.01_tau100ns,nv_charge_readout_master_v1_4,thin_all_counts,0,eta0.02,0.02,5.437,0.02,0.5486679660864447,0.9249776330930898,7.504300359171423,1.8259971054859974,0.11758756837904422,9.422120008455401,636.7993609310438,0.0,0.1,off,2.0,mean,0.03654550269188019,0.88,nan,nan,nan,nan,nan,nan,nan,nan,nan,nan,nan,nan,nan,nan,nan,nan,nan,nan,nan,nan,nan
efficiency,det_nonpar_dt50ns_ap0.01_tau100ns,nv_charge_readout_master_v1_4,thin_all_counts,0,eta0.02,0.02,5.437,0.02,0.5486679660864447,0.9249776330930898,7.504300359171423,1.8259971054859974,0.11758756837904422,9.422120008455401,636.7993609310438,0.0,0.1,off,2.0,mean,0.03654550269188019,0.89,nan,nan,nan,nan,nan,nan,nan,nan,nan,nan,nan,nan,nan,nan,nan,nan,nan,nan,nan,nan,nan
efficiency,det_nonpar_dt50ns_ap0.01_tau100ns,nv_charge_readout_master_v1_4,thin_all_counts,0,eta0.02,0.02,5.437,0.02,0.5486679660864447,0.9249776330930898,7.504300359171423,1.8259971054859974,0.11758756837904422,9.422120008455401,636.7993609310438,0.0,0.1,off,2.0,mean,0.03654550269188019,0.9,nan,nan,nan,nan,nan,nan,nan,nan,nan,nan,nan,nan,nan,nan,nan,nan,nan,nan,nan,nan,nan
efficiency,det_nonpar_dt50ns_ap0.01_tau100ns,nv_charge_readout_master_v1_4,thin_all_counts,0,eta0.02,0.02,5.437,0.02,0.5486679660864447,0.9249776330930898,7.504300359171423,1.8259971054859974,0.11758756837904422,9.422120008455401,636.7993609310438,0.0,0.1,off,2.0,mean,0.03654550269188019,0.91,nan,nan,nan,nan,nan,nan,nan,nan,nan,nan,nan,nan,nan,nan,nan,nan,nan,nan,nan,nan,nan
efficiency,det_nonpar_dt50ns_ap0.01_tau100ns,nv_charge_readout_master_v1_4,thin_all_counts,0,eta0.02,0.02,5.437,0.02,0.5486679660864447,0.9249776330930898,7.504300359171423,1.8259971054859974,0.11758756837904422,9.422120008455401,636.7993609310438,0.0,0.1,off,2.0,mean,0.03654550269188019,0.92,nan,nan,nan,nan,nan,nan,nan,nan,nan,nan,nan,nan,nan,nan,nan,nan,nan,nan,nan,nan,nan
efficiency,det_nonpar_dt50ns_ap0.01_tau100ns,nv_charge_readout_master_v1_4,thin_all_counts,0,eta0.02,0.02,5.437,0.02,0.5486679660864447,0.9249776330930898,7.504300359171423,1.8259971054859974,0.11758756837904422,9.422120008455401,636.7993609310438,0.0,0.1,off,2.0,mean,0.03654550269188019,0.93,nan,nan,nan,nan,nan,nan,nan,nan,nan,nan,nan,nan,nan,nan,nan,nan,nan,nan,nan,nan,nan
efficiency,det_nonpar_dt50ns_ap0.01_tau100ns,nv_charge_readout_master_v1_4,thin_all_counts,0,eta0.02,0.02,5.437,0.02,0.5486679660864447,0.9249776330930898,7.504300359171423,1.8259971054859974,0.11758756837904422,9.422120008455401,636.7993609310438,0.0,0.1,off,2.0,mean,0.03654550269188019,0.94,nan,nan,nan,nan,nan,nan,nan,nan,nan,nan,nan,nan,nan,nan,nan,nan,nan,nan,nan,nan,nan
efficiency,det_nonpar_dt50ns_ap0.01_tau100ns,nv_charge_readout_master_v1_4,thin_all_counts,0,eta0.02,0.02,5.437,0.02,0.5486679660864447,0.9249776330930898,7.504300359171423,1.8259971054859974,0.11758756837904422,9.422120008455401,636.7993609310438,0.0,0.1,off,2.0,mean,0.03654550269188019,0.95,nan,nan,nan,nan,nan,nan,nan,nan,nan,nan,nan,nan,nan,nan,nan,nan,nan,nan,nan,nan,nan
efficiency,det_nonpar_dt50ns_ap0.01_tau100ns,nv_charge_readout_master_v1_4,thin_all_counts,0,eta0.02,0.02,5.437,0.02,0.5486679660864447,0.9249776330930898,7.504300359171423,1.8259971054859974,0.11758756837904422,9.422120008455401,636.7993609310438,0.0,0.1,off,2.0,mean,0.03654550269188019,0.96,nan,nan,nan,nan,nan,nan,nan,nan,nan,nan,nan,nan,nan,nan,nan,nan,nan,nan,nan,nan,nan
efficiency,det_nonpar_dt50ns_ap0.01_tau100ns,nv_charge_readout_master_v1_4,thin_all_counts,0,eta0.02,0.02,5.437,0.02,0.5486679660864447,0.9249776330930898,7.504300359171423,1.8259971054859974,0.11758756837904422,9.422120008455401,636.7993609310438,0.0,0.1,off,2.0,mean,0.03654550269188019,0.97,nan,nan,nan,nan,nan,nan,nan,nan,nan,nan,nan,nan,nan,nan,nan,nan,nan,nan,nan,nan,nan
efficiency,det_nonpar_dt50ns_ap0.01_tau100ns,nv_charge_readout_master_v1_4,thin_all_counts,0,eta0.02,0.02,5.437,0.02,0.5486679660864447,0.9249776330930898,7.504300359171423,1.8259971054859974,0.11758756837904422,9.422120008455401,636.7993609310438,0.0,0.1,off,2.0,mean,0.03654550269188019,0.98,nan,nan,nan,nan,nan,nan,nan,nan,nan,nan,nan,nan,nan,nan,nan,nan,nan,nan,nan,nan,nan
efficiency,det_nonpar_dt50ns_ap0.01_tau100ns,nv_charge_readout_master_v1_4,thin_all_counts,0,eta0.02,0.02,5.437,0.02,0.5486679660864447,0.9249776330930898,7.504300359171423,1.8259971054859974,0.11758756837904422,9.422120008455401,636.7993609310438,0.0,0.1,off,2.0,mean,0.03654550269188019,0.99,nan,nan,nan,nan,nan,nan,nan,nan,nan,nan,nan,nan,nan,nan,nan,nan,nan,nan,nan,nan,nan
efficiency,det_nonpar_dt50ns_ap0.01_tau100ns,nv_charge_readout_master_v1_4,thin_all_counts,1,eta0.05,0.05,5.437,0.05,1.3716699152161123,0.9249776330930898,7.504300359171423,2.887154927105247,0.11758756837904422,9.422120008455401,636.7993609310438,0.0,0.1,off,2.0,mean,0.0542278090424482,0.55,10.699980116283626,32.18052830543829,32.18052830543829,10.379663131759989,1.0308600559052368,1.0095588005122957,1.0567494794900518,0.3324985846946274,0.30728128071197686,0.36372122091810605,0.3324985846946274,0.30728128071197686,0.36372122091810605,9.561629956914219,1.119053986035743,1.0809209891148417,1.1629780778533199,10.741395579708332,0.9961443126158631,0.9604318757413525,1.050050210225357
efficiency,det_nonpar_dt50ns_ap0.01_tau100ns,nv_charge_readout_master_v1_4,thin_all_counts,1,eta0.05,0.05,5.437,0.05,1.3716699152161123,0.9249776330930898,7.504300359171423,2.887154927105247,0.11758756837904422,9.422120008455401,636.7993609310438,0.0,0.1,off,2.0,mean,0.0542278090424482,0.56,13.287082575309325,32.18052830543829,32.18052830543829,12.873676140799224,1.0321125395721222,1.014885653870174,1.0534762512960412,0.41289199634003215,0.3829980498664426,0.4531837806602686,0.41289199634003215,0.3829980498664426,0.4531837806602686,12.377964901922347,1.0734464575227378,1.0463110404932912,1.1096121821512637,13.08992599066847,1.0150617035406773,0.9766354990283798,1.069284847416287
efficiency,det_nonpar_dt50ns_ap0.01_tau100ns,nv_charge_readout_master_v1_4,thin_all_counts,1,eta0.05,0.05,5.437,0.05,1.3716699152161123,0.9249776330930898,7.504300359171423,2.887154927105247,0.11758756837904422,9.422120008455401,636.7993609310438,0.0,0.1,off,2.0,mean,0.0542278090424482,0.57,15.765413976481524,32.18052830543829,32.18052830543829,15.164652345638327,1.0396159184629108,1.026277669775701,1.0613193624131452,0.4899053808826774,0.46565075836872477,0.5249087301672929,0.4899053808826774,0.46565075836872477,0.5249087301672929,15.229170236516655,1.0352116189941234,1.023930447782573,1.0568327336857777,15.438456401628581,1.0211781259957085,0.9946548767027008,1.0539069162628092
efficiency,det_nonpar_dt50ns_ap0.01_tau100ns,nv_charge_readout_master_v1_4,thin_all_counts,1,eta0.05,0.05,5.437,0.05,1.3716699152161123,0.9249776330930898,7.504300359171423,2.887154927105247,0.11758756837904422,9.422120008455401,636.7993609310438,0.0,0.1,off,2.0,mean,0.0542278090424482,0.58,18.15932591370238,32.18052830543829,32.18052830543829,17.235402529238026,1.0536061390441571,1.0342519426869747,1.0733881612764622,0.5642954565986282,0.5362106200017654,0.5949951687446199,0.5642954565986282,0.5362106200017654,0.5949951687446199,17.214167931151028,1.0549058186449418,1.0347329675108792,1.0760569762964431,17.78698681258872,1.0209332308522396,0.999722022322828,1.044885716497918
efficiency,det_nonpar_dt50ns_ap0.01_tau100ns,nv_charge_readout_master_v1_4,thin_all_counts,1,eta0.05,0.05,5.437,0.05,1.3716699152161123,0.9249776330930898,7.504300359171423,2.887154927105247,0.11758756837904422,9.422120008455401,636.7993609310438,0.0,0.1,off,2.0,mean,0.0542278090424482,0.59,20.660681060920382,32.18052830543829,32.18052830543829,19.58891595891449,1.0547128337399474,1.0322095447115698,1.076967030698511,0.6420242969544061,0.603636676371239,0.6920181444996693,0.6420242969544061,0.603636676371239,0.6920181444996693,19.457893828734754,1.0618148728106118,1.035618039624238,1.0917294265556396,20.13551722354886,1.0260814674657244,1.009010348543519,1.0475216573761443
efficiency,det_nonpar_dt50ns_ap0.01_tau100ns,nv_charge_readout_master_v1_4,thin_all_counts,1,eta0.05,0.05,5.437,0.05,1.3716699152161123,0.9249776330930898,7.504300359171423,2.887154927105247,0.11758756837904422,9.422120008455401,636.7993609310438,0.0,0.1,off,2.0,mean,0.0542278090424482,0.6,23.780520989720756,32.18052830543829,32.18052830543829,22.263804271148583,1.068124777782819,0.7815513423104594,1.0843685511748675,0.7389723612990534,0.6945718839613656,0.7810767580536134,0.7389723612990534,0.6945718839613656,0.7810767580536134,21.994071032917947,1.0812241605534998,1.0554801731556958,1.1047548328408785,22.724062591963968,1.0464907361296563,1.0337416519061098,1.0617812541701699
efficiency,det_nonpar_dt50ns_ap0.01_tau100ns,nv_charge_readout_master_v1_4,thin_all_counts,1,eta0.05,0.05,5.437,0.05,1.3716699152161123,0.9249776330930898,7.504300359171423,2.887154927105247,0.11758756837904422,9.422120008455401,636.7993609310438,0.0,0.1,off,2.0,mean,0.0542278090424482,0.61,26.733501495183837,32.18052830543829,32.18052830543829,32.180528305438294,0.8307353204846564,0.7888270404734163,0.8896325253628776,0.8307353204846566,0.7860537622866536,0.8777676980585324,0.8307353204846566,0.7860537622866536,0.8777676980585324,24.860818177899144,1.0753266969688664,1.0544736731334945,1.0927356992696664,25.539649136349997,1.0467450571642607,1.0283892673753383,1.0661536927954196
efficiency,det_nonpar_dt50ns_ap0.01_tau100ns,nv_charge_readout_master_v1_4,thin_all_counts,1,eta0.05,0.05,5.437,0.05,1.3716699152161123,0.9249776330930898,7.504300359171423,2.887154927105247,0.11758756837904422,9.422120008455401,636.7993609310438,0.0,0.1,off,2.0,mean,0.0542278090424482,0.62,29.758075606835884,32.18052830543829,32.18052830543829,32.180528305438294,0.9247230289195398,0.8762111820989412,0.9871598008430368,0.92472302891954,0.8762111820989412,0.9871598008430368,0.92472302891954,0.8762111820989412,0.9871598008430368,28.101699742858788,1.0589421949253448,1.0520935152459903,1.0791562902402938,28.355235680736026,1.0494737529920415,1.0337539078137215,1.0735992750185122
efficiency,det_nonpar_dt50ns_ap0.01_tau100ns,nv_charge_readout_master_v1_4,thin_all_counts,1,eta0.05,0.05,5.437,0.05,1.3716699152161123,0.9249776330930898,7.504300359171423,2.887154927105247,0.11758756837904422,9.422120008455401,636.7993609310438,0.0,0.1,off,2.0,mean,0.0542278090424482,0.63,33.63583387303299,32.18052830543829,32.18052830543829,32.180528305438294,1.0452231720306706,0.9807178549980098,1.0820735993657438,1.0452231720306708,0.9807178549980098,1.082073599365744,1.0452231720306708,0.9807178549980098,1.082073599365744,31.355431236239806,1.0727275163148629,1.0586856792043275,1.0879057138749813,31.170822225122055,1.0790807387148187,1.0593162028411434,1.0872729415835831
efficiency,det_nonpar_dt50ns_ap0.01_tau100ns,nv_charge_readout_master_v1_4,thin_all_counts,1,eta0.05,0.05,5.437,0.05,1.3716699152161123,0.9249776330930898,7.504300359171423,2.887154927105247,0.11758756837904422,9.422120008455401,636.7993609310438,0.0,0.1,off,2.0,mean,0.0542278090424482,0.64,37.85759374721423,36.819614297924055,36.819614297924055,34.68266406279492,1.0915422667264234,1.035157998485059,1.1006595755176174,1.0281909376043816,1.0027973654948603,1.0621413538780329,1.0281909376043816,1.0027973654948603,1.0621413538780329,34.98589327360542,1.0820816679211482,1.0656797785926537,1.0941594459428268,34.95799149432961,1.0829453332110042,1.065573957646402,1.1007986579129478
efficiency,det_nonpar_dt50ns_ap0.01_tau100ns,nv_charge_readout_master_v1_4,thin_all_counts,1,eta0.05,0.05,5.437,0.05,1.3716699152161123,0.9249776330930898,7.504300359171423,2.887154927105247,0.11758756837904422,9.422120008455401,636.7993609310438,0.0,0.1,off,2.0,mean,0.0542278090424482,0.65,42.510881641810045,39.82914051226372,39.82914051226372,38.44272018969311,1.1058239747874983,1.0876219782011853,1.1189470808606234,1.0673311323080295,1.0396571884765131,1.0936856082554773,1.0673311323080295,1.0396571884765131,1.0936856082554773,38.80186447802379,1.0955886324969495,1.0829787523328382,1.1104598459204398,39.15880489390672,1.0856021208253197,1.0643162199874523,1.1099723947980322
efficiency,det_nonpar_dt50ns_ap0.01_tau100ns,nv_charge_readout_master_v1_4,thin_all_counts,1,eta0.05,0.05,5.437,0.05,1.3716699152161123,0.9249776330930898,7.504300359171423,2.887154927105247,0.11758756837904422,9.422120008455401,636.7993609310438,0.0,0.1,off,2.0,mean,0.0542278090424482,0.66,47.120761749491926,43.08465648525516,43.08465648525516,46.96363694993678,1.0033456693254537,0.974104627968554,1.1157643473070373,1.093678483095671,1.0734097923499106,1.1156646887823918,1.093678483095671,1.0734097923499106,1.1156646887823918,42.85418539464657,1.0995603186842595,1.082292407479688,1.1188032495196494,43.35961829348382,1.086743001992094,1.0640064758635037,1.110056870951878
efficiency,det_nonpar_dt50ns_ap0.01_tau100ns,nv_charge_readout_master_v1_4,thin_all_counts,1,eta0.05,0.05,5.437,0.05,1.3716699152161123,0.9249776330930898,7.504300359171423,2.887154927105247,0.11758756837904422,9.422120008455401,636.7993609310438,0.0,0.1,off,2.0,mean,0.0542278090424482,0.67,52.443458117116144,46.60626869115775,46.60626869115775,46.96363694993678,1.1166822146466393,0.7996881820657316,1.1271493619398787,1.125244727584593,0.9961075987462279,1.1312088317367963,1.125244727584593,0.9959540545772577,1.1312088317367963,47.32971548000917,1.1080450745423747,1.0947305069806537,1.1208245944647222,47.56043169306092,1.1026699348645244,1.0840056579283162,1.1229397571159927
efficiency,det_nonpar_dt50ns_ap0.01_tau100ns,nv_charge_readout_master_v1_4,thin_all_counts,1,eta0.05,0.05,5.437,0.05,1.3716699152161123,0.9249776330930898,7.504300359171423,2.887154927105247,0.11758756837904422,9.422120008455401,636.7993609310438,0.0,0.1,off,2.0,mean,0.0542278090424482,0.68,58.68447756786062,56.778795644438844,56.81996374559006,67.78595208247623,0.865732143091511,0.8182122901024244,0.9223971335042872,1.0335632677972877,1.0109022038983133,1.0594679959520015,1.0328144141488522,1.009836767145224,1.058351506723894,52.42338767328845,1.1194331418181587,1.10395969619842,1.1322277861107295,52.14176237111058,1.125479364318055,1.107770590294718,1.1338188613324254
efficiency,det_nonpar_dt50ns_ap0.01_tau100ns,nv_charge_readout_master_v1_4,thin_all_counts,1,eta0.05,0.05,5.437,0.05,1.3716699152161123,0.9249776330930898,7.504300359171423,2.887154927105247,0.11758756837904422,9.422120008455401,636.7993609310438,0.0,0.1,off,2.0,mean,0.0542278090424482,0.69,65.40883925017351,61.19031362000938,61.28386257046596,67.78595208247623,0.9649320728074978,0.904894075110125,1.042010964295936,1.0689410689469758,1.0391738467065033,1.1142308159204606,1.0673093455061604,1.0370525459708138,1.1120481929517394,58.14129456868194,1.124997985259968,1.1074830941828626,1.1451773020338383,58.45005608222786,1.1190552008736485,1.0999491723938941,1.1473093004174872
efficiency,det_nonpar_dt50ns_ap0.01_tau100ns,nv_charge_readout_master_v1_4,thin_all_counts,1,eta0.05,0.05,5.437,0.05,1.3716699152161123,0.9249776330930898,7.504300359171423,2.887154927105247,0.11758756837904422,9.422120008455401,636.7993609310438,0.0,0.1,off,2.0,mean,0.0542278090424482,0.7,75.35395029712433,65.94459143449332,66.09845490876882,67.78595208247623,1.11164552509995,1.0093508727258265,1.1801894761697038,1.1426858315132316,1.0113213703852797,1.1861036328806658,1.140025896235097,0.9992623814423632,1.1787068112503383,66.07857805838069,1.1403688231691187,1.1221948056991373,1.176250081506405,64.7583497933452,1.1636175186302842,1.1324614285001358,1.2119311260951346
efficiency,det_nonpar_dt50ns_ap0.01_tau100ns,nv_charge_readout_master_v1_4,thin_all_counts,1,eta0.05,0.05,5.437,0.05,1.3716699152161123,0.9249776330930898,7.504300359171423,2.887154927105247,0.11758756837904422,9.422120008455401,636.7993609310438,0.0,0.1,off,2.0,mean,0.0542278090424482,0.71,89.26613942960574,85.24339137041777,85.43115335435455,81.00724729243407,1.1019525093521236,1.035893223076869,1.2085279490886367,1.0471913188168156,1.0214818885661412,1.1503892427170699,1.0448897846356386,1.0138918560952643,1.115391329069437,74.87984262896882,1.1921250939578136,1.1654707444147454,1.217183963687798,74.23806316194508,1.2024308774715469,1.1822770990945197,1.2248807385533231
efficiency,det_nonpar_dt50ns_ap0.01_tau100ns,nv_charge_readout_master_v1_4,thin_all_counts,1,eta0.05,0.05,5.437,0.05,1.3716699152161123,0.9249776330930898,7.504300359171423,2.887154927105247,0.11758756837904422,9.422120008455401,636.7993609310438,0.0,0.1,off,2.0,mean,0.0542278090424482,0.72,108.63070643142828,93.69766894092355,93.751602415136,88.69800313884562,1.2247255021218517,0.916926163065325,1.2599272249552975,1.1593746958627116,0.9624304125866702,1.2356999483407156,1.1587077301399817,0.9020480913467567,1.232998783122297,89.39274989353355,1.215207123181769,1.1924391922365685,1.2496062566243886,88.1310723439473,1.2326039334626213,1.2033941629731904,1.2800590674258439
efficiency,det_nonpar_dt50ns_ap0.01_tau100ns,nv_charge_readout_master_v1_4,thin_all_counts,1,eta0.05,0.05,5.437,0.05,1.3716699152161123,0.9249776330930898,7.504300359171423,2.887154927105247,0.11758756837904422,9.422120008455401,636.7993609310438,0.0,0.1,off,2.0,mean,0.0542278090424482,0.73,nan,nan,nan,nan,nan,0.6412441546253309,1.2518500332386568,nan,0.9408315557095451,1.2393331059257915,nan,0.3596125958219337,1.2372055867117728,nan,nan,1.155179219842461,1.2940556677941804,nan,nan,1.2143260207537787,1.310075932118323
efficiency,det_nonpar_dt50ns_ap0.01_tau100ns,nv_charge_readout_master_v1_4,thin_all_counts,1,eta0.05,0.05,5.437,0.05,1.3716699152161123,0.9249776330930898,7.504300359171423,2.887154927105247,0.11758756837904422,9.422120008455401,636.7993609310438,0.0,0.1,off,2.0,mean,0.0542278090424482,0.74,nan,nan,nan,nan,nan,nan,nan,nan,nan,nan,nan,nan,nan,nan,nan,nan,nan,nan,nan,nan,nan
efficiency,det_nonpar_dt50ns_ap0.01_tau100ns,nv_charge_readout_master_v1_4,thin_all_counts,1,eta0.05,0.05,5.437,0.05,1.3716699152161123,0.9249776330930898,7.504300359171423,2.887154927105247,0.11758756837904422,9.422120008455401,636.7993609310438,0.0,0.1,off,2.0,mean,0.0542278090424482,0.75,nan,nan,nan,nan,nan,nan,nan,nan,nan,nan,nan,nan,nan,nan,nan,nan,nan,nan,nan,nan,nan
efficiency,det_nonpar_dt50ns_ap0.01_tau100ns,nv_charge_readout_master_v1_4,thin_all_counts,1,eta0.05,0.05,5.437,0.05,1.3716699152161123,0.9249776330930898,7.504300359171423,2.887154927105247,0.11758756837904422,9.422120008455401,636.7993609310438,0.0,0.1,off,2.0,mean,0.0542278090424482,0.76,nan,nan,nan,nan,nan,nan,nan,nan,nan,nan,nan,nan,nan,nan,nan,nan,nan,nan,nan,nan,nan
efficiency,det_nonpar_dt50ns_ap0.01_tau100ns,nv_charge_readout_master_v1_4,thin_all_counts,1,eta0.05,0.05,5.437,0.05,1.3716699152161123,0.9249776330930898,7.504300359171423,2.887154927105247,0.11758756837904422,9.422120008455401,636.7993609310438,0.0,0.1,off,2.0,mean,0.0542278090424482,0.77,nan,nan,nan,nan,nan,nan,nan,nan,nan,nan,nan,nan,nan,nan,nan,nan,nan,nan,nan,nan,nan
efficiency,det_nonpar_dt50ns_ap0.01_tau100ns,nv_charge_readout_master_v1_4,thin_all_counts,1,eta0.05,0.05,5.437,0.05,1.3716699152161123,0.9249776330930898,7.504300359171423,2.887154927105247,0.11758756837904422,9.422120008455401,636.7993609310438,0.0,0.1,off,2.0,mean,0.0542278090424482,0.78,nan,nan,nan,nan,nan,nan,nan,nan,nan,nan,nan,nan,nan,nan,nan,nan,nan,nan,nan,nan,nan
efficiency,det_nonpar_dt50ns_ap0.01_tau100ns,nv_charge_readout_master_v1_4,thin_all_counts,1,eta0.05,0.05,5.437,0.05,1.3716699152161123,0.9249776330930898,7.504300359171423,2.887154927105247,0.11758756837904422,9.422120008455401,636.7993609310438,0.0,0.1,off,2.0,mean,0.0542278090424482,0.79,nan,nan,nan,nan,nan,nan,nan,nan,nan,nan,nan,nan,nan,nan,nan,nan,nan,nan,nan,nan,nan
efficiency,det_nonpar_dt50ns_ap0.01_tau100ns,nv_charge_readout_master_v1_4,thin_all_counts,1,eta0.05,0.05,5.437,0.05,1.3716699152161123,0.9249776330930898,7.504300359171423,2.887154927105247,0.11758756837904422,9.422120008455401,636.7993609310438,0.0,0.1,off,2.0,mean,0.0542278090424482,0.8,nan,nan,nan,nan,nan,nan,nan,nan,nan,nan,nan,nan,nan,nan,nan,nan,nan,nan,nan,nan,nan
efficiency,det_nonpar_dt50ns_ap0.01_tau100ns,nv_charge_readout_master_v1_4,thin_all_counts,1,eta0.05,0.05,5.437,0.05,1.3716699152161123,0.9249776330930898,7.504300359171423,2.887154927105247,0.11758756837904422,9.422120008455401,636.7993609310438,0.0,0.1,off,2.0,mean,0.0542278090424482,0.81,nan,nan,nan,nan,nan,nan,nan,nan,nan,nan,nan,nan,nan,nan,nan,nan,nan,nan,nan,nan,nan
efficiency,det_nonpar_dt50ns_ap0.01_tau100ns,nv_charge_readout_master_v1_4,thin_all_counts,1,eta0.05,0.05,5.437,0.05,1.3716699152161123,0.9249776330930898,7.504300359171423,2.887154927105247,0.11758756837904422,9.422120008455401,636.7993609310438,0.0,0.1,off,2.0,mean,0.0542278090424482,0.82,nan,nan,nan,nan,nan,nan,nan,nan,nan,nan,nan,nan,nan,nan,nan,nan,nan,nan,nan,nan,nan
efficiency,det_nonpar_dt50ns_ap0.01_tau100ns,nv_charge_readout_master_v1_4,thin_all_counts,1,eta0.05,0.05,5.437,0.05,1.3716699152161123,0.9249776330930898,7.504300359171423,2.887154927105247,0.11758756837904422,9.422120008455401,636.7993609310438,0.0,0.1,off,2.0,mean,0.0542278090424482,0.83,nan,nan,nan,nan,nan,nan,nan,nan,nan,nan,nan,nan,nan,nan,nan,nan,nan,nan,nan,nan,nan
efficiency,det_nonpar_dt50ns_ap0.01_tau100ns,nv_charge_readout_master_v1_4,thin_all_counts,1,eta0.05,0.05,5.437,0.05,1.3716699152161123,0.9249776330930898,7.504300359171423,2.887154927105247,0.11758756837904422,9.422120008455401,636.7993609310438,0.0,0.1,off,2.0,mean,0.0542278090424482,0.84,nan,nan,nan,nan,nan,nan,nan,nan,nan,nan,nan,nan,nan,nan,nan,nan,nan,nan,nan,nan,nan
efficiency,det_nonpar_dt50ns_ap0.01_tau100ns,nv_charge_readout_master_v1_4,thin_all_counts,1,eta0.05,0.05,5.437,0.05,1.3716699152161123,0.9249776330930898,7.504300359171423,2.887154927105247,0.11758756837904422,9.422120008455401,636.7993609310438,0.0,0.1,off,2.0,mean,0.0542278090424482,0.85,nan,nan,nan,nan,nan,nan,nan,nan,nan,nan,nan,nan,nan,nan,nan,nan,nan,nan,nan,nan,nan
efficiency,det_nonpar_dt50ns_ap0.01_tau100ns,nv_charge_readout_master_v1_4,thin_all_counts,1,eta0.05,0.05,5.437,0.05,1.3716699152161123,0.9249776330930898,7.504300359171423,2.887154927105247,0.11758756837904422,9.422120008455401,636.7993609310438,0.0,0.1,off,2.0,mean,0.0542278090424482,0.86,nan,nan,nan,nan,nan,nan,nan,nan,nan,nan,nan,nan,nan,nan,nan,nan,nan,nan,nan,nan,nan
efficiency,det_nonpar_dt50ns_ap0.01_tau100ns,nv_charge_readout_master_v1_4,thin_all_counts,1,eta0.05,0.05,5.437,0.05,1.3716699152161123,0.9249776330930898,7.504300359171423,2.887154927105247,0.11758756837904422,9.422120008455401,636.7993609310438,0.0,0.1,off,2.0,mean,0.0542278090424482,0.87,nan,nan,nan,nan,nan,nan,nan,nan,nan,nan,nan,nan,nan,nan,nan,nan,nan,nan,nan,nan,nan
efficiency,det_nonpar_dt50ns_ap0.01_tau100ns,nv_charge_readout_master_v1_4,thin_all_counts,1,eta0.05,0.05,5.437,0.05,1.3716699152161123,0.9249776330930898,7.504300359171423,2.887154927105247,0.11758756837904422,9.422120008455401,636.7993609310438,0.0,0.1,off,2.0,mean,0.0542278090424482,0.88,nan,nan,nan,nan,nan,nan,nan,nan,nan,nan,nan,nan,nan,nan,nan,nan,nan,nan,nan,nan,nan
efficiency,det_nonpar_dt50ns_ap0.01_tau100ns,nv_charge_readout_master_v1_4,thin_all_counts,1,eta0.05,0.05,5.437,0.05,1.3716699152161123,0.9249776330930898,7.504300359171423,2.887154927105247,0.11758756837904422,9.422120008455401,636.7993609310438,0.0,0.1,off,2.0,mean,0.0542278090424482,0.89,nan,nan,nan,nan,nan,nan,nan,nan,nan,nan,nan,nan,nan,nan,nan,nan,nan,nan,nan,nan,nan
efficiency,det_nonpar_dt50ns_ap0.01_tau100ns,nv_charge_readout_master_v1_4,thin_all_counts,1,eta0.05,0.05,5.437,0.05,1.3716699152161123,0.9249776330930898,7.504300359171423,2.887154927105247,0.11758756837904422,9.422120008455401,636.7993609310438,0.0,0.1,off,2.0,mean,0.0542278090424482,0.9,nan,nan,nan,nan,nan,nan,nan,nan,nan,nan,nan,nan,nan,nan,nan,nan,nan,nan,nan,nan,nan
efficiency,det_nonpar_dt50ns_ap0.01_tau100ns,nv_charge_readout_master_v1_4,thin_all_counts,1,eta0.05,0.05,5.437,0.05,1.3716699152161123,0.9249776330930898,7.504300359171423,2.887154927105247,0.11758756837904422,9.422120008455401,636.7993609310438,0.0,0.1,off,2.0,mean,0.0542278090424482,0.91,nan,nan,nan,nan,nan,nan,nan,nan,nan,nan,nan,nan,nan,nan,nan,nan,nan,nan,nan,nan,nan
efficiency,det_nonpar_dt50ns_ap0.01_tau100ns,nv_charge_readout_master_v1_4,thin_all_counts,1,eta0.05,0.05,5.437,0.05,1.3716699152161123,0.9249776330930898,7.504300359171423,2.887154927105247,0.11758756837904422,9.422120008455401,636.7993609310438,0.0,0.1,off,2.0,mean,0.0542278090424482,0.92,nan,nan,nan,nan,nan,nan,nan,nan,nan,nan,nan,nan,nan,nan,nan,nan,nan,nan,nan,nan,nan
efficiency,det_nonpar_dt50ns_ap0.01_tau100ns,nv_charge_readout_master_v1_4,thin_all_counts,1,eta0.05,0.05,5.437,0.05,1.3716699152161123,0.9249776330930898,7.504300359171423,2.887154927105247,0.11758756837904422,9.422120008455401,636.7993609310438,0.0,0.1,off,2.0,mean,0.0542278090424482,0.93,nan,nan,nan,nan,nan,nan,nan,nan,nan,nan,nan,nan,nan,nan,nan,nan,nan,nan,nan,nan,nan
efficiency,det_nonpar_dt50ns_ap0.01_tau100ns,nv_charge_readout_master_v1_4,thin_all_counts,1,eta0.05,0.05,5.437,0.05,1.3716699152161123,0.9249776330930898,7.504300359171423,2.887154927105247,0.11758756837904422,9.422120008455401,636.7993609310438,0.0,0.1,off,2.0,mean,0.0542278090424482,0.94,nan,nan,nan,nan,nan,nan,nan,nan,nan,nan,nan,nan,nan,nan,nan,nan,nan,nan,nan,nan,nan
efficiency,det_nonpar_dt50ns_ap0.01_tau100ns,nv_charge_readout_master_v1_4,thin_all_counts,1,eta0.05,0.05,5.437,0.05,1.3716699152161123,0.9249776330930898,7.504300359171423,2.887154927105247,0.11758756837904422,9.422120008455401,636.7993609310438,0.0,0.1,off,2.0,mean,0.0542278090424482,0.95,nan,nan,nan,nan,nan,nan,nan,nan,nan,nan,nan,nan,nan,nan,nan,nan,nan,nan,nan,nan,nan
efficiency,det_nonpar_dt50ns_ap0.01_tau100ns,nv_charge_readout_master_v1_4,thin_all_counts,1,eta0.05,0.05,5.437,0.05,1.3716699152161123,0.9249776330930898,7.504300359171423,2.887154927105247,0.11758756837904422,9.422120008455401,636.7993609310438,0.0,0.1,off,2.0,mean,0.0542278090424482,0.96,nan,nan,nan,nan,nan,nan,nan,nan,nan,nan,nan,nan,nan,nan,nan,nan,nan,nan,nan,nan,nan
efficiency,det_nonpar_dt50ns_ap0.01_tau100ns,nv_charge_readout_master_v1_4,thin_all_counts,1,eta0.05,0.05,5.437,0.05,1.3716699152161123,0.9249776330930898,7.504300359171423,2.887154927105247,0.11758756837904422,9.422120008455401,636.7993609310438,0.0,0.1,off,2.0,mean,0.0542278090424482,0.97,nan,nan,nan,nan,nan,nan,nan,nan,nan,nan,nan,nan,nan,nan,nan,nan,nan,nan,nan,nan,nan
efficiency,det_nonpar_dt50ns_ap0.01_tau100ns,nv_charge_readout_master_v1_4,thin_all_counts,1,eta0.05,0.05,5.437,0.05,1.3716699152161123,0.9249776330930898,7.504300359171423,2.887154927105247,0.11758756837904422,9.422120008455401,636.7993609310438,0.0,0.1,off,2.0,mean,0.0542278090424482,0.98,nan,nan,nan,nan,nan,nan,nan,nan,nan,nan,nan,nan,nan,nan,nan,nan,nan,nan,nan,nan,nan
efficiency,det_nonpar_dt50ns_ap0.01_tau100ns,nv_charge_readout_master_v1_4,thin_all_counts,1,eta0.05,0.05,5.437,0.05,1.3716699152161123,0.9249776330930898,7.504300359171423,2.887154927105247,0.11758756837904422,9.422120008455401,636.7993609310438,0.0,0.1,off,2.0,mean,0.0542278090424482,0.99,nan,nan,nan,nan,nan,nan,nan,nan,nan,nan,nan,nan,nan,nan,nan,nan,nan,nan,nan,nan,nan
efficiency,det_nonpar_dt50ns_ap0.01_tau100ns,nv_charge_readout_master_v1_4,thin_all_counts,2,eta0.15,0.15,5.437,0.15,4.115009745648336,0.9249776330930897,7.504300359171423,5.000699023069105,0.11758756837904422,9.422120008455401,636.7993609310438,0.0,0.1,off,2.0,mean,-0.023719446603640948,0.55,3.5915136223308752,10.689584781362093,10.689584781362093,3.3767925862581865,1.06358727419223,1.0401688799165842,1.0873266994009874,0.33598251903973725,0.3100619052521342,0.35996945093988975,0.33598251903973725,0.3100619052521342,0.35996945093988975,4.97534049303783,0.7218628810141954,0.6641241609070223,0.7758724786103437,3.409333164256158,1.0534358038060692,1.0228278088786031,1.0977657699790064
efficiency,det_nonpar_dt50ns_ap0.01_tau100ns,nv_charge_readout_master_v1_4,thin_all_counts,2,eta0.15,0.15,5.437,0.15,4.115009745648336,0.9249776330930897,7.504300359171423,5.000699023069105,0.11758756837904422,9.422120008455401,636.7993609310438,0.0,0.1,off,2.0,mean,-0.023719446603640948,0.56,4.266448140076646,10.689584781362093,10.689584781362093,4.089620500335985,1.0432381536932664,1.0258849209891892,1.0645685432295477,0.39912197034214497,0.3765612261945067,0.42475014302341524,0.39912197034214497,0.3765612261945067,0.42475014302341524,4.97534049303783,0.85751882630884,0.806362931929248,0.9157104809702583,4.167014487258535,1.0238620847424815,1.0010287512412193,1.0568339322185951
efficiency,det_nonpar_dt50ns_ap0.01_tau100ns,nv_charge_readout_master_v1_4,thin_all_counts,2,eta0.15,0.15,5.437,0.15,4.115009745648336,0.9249776330930897,7.504300359171423,5.000699023069105,0.11758756837904422,9.422120008455401,636.7993609310438,0.0,0.1,off,2.0,mean,-0.023719446603640948,0.57,5.059404217540378,10.689584781362093,10.689584781362093,4.816759890166982,1.0503750099457385,1.0333169123427521,1.0719010720808544,0.4733022209021384,0.442293723761108,0.5068854295942887,0.4733022209021384,0.442293723761108,0.5068854295942887,5.054598240787254,1.0009508128092839,0.9460917616920813,1.0238962264453457,4.9246958102609035,1.0273536503511145,1.0048773814896848,1.0497673662262956
efficiency,det_nonpar_dt50ns_ap0.01_tau100ns,nv_charge_readout_master_v1_4,thin_all_counts,2,eta0.15,0.15,5.437,0.15,4.115009745648336,0.9249776330930897,7.504300359171423,5.000699023069105,0.11758756837904422,9.422120008455401,636.7993609310438,0.0,0.1,off,2.0,mean,-0.023719446603640948,0.58,6.026983322517737,10.689584781362093,10.689584781362093,5.5372310017255,1.088447153575428,1.0559712098942573,1.1130844487238671,0.5638182816067964,0.5212463235428879,0.6030155221506223,0.5638182816067964,0.5212463235428879,0.6030155221506223,5.697801052753525,1.0577735632951122,1.0205998193536399,1.087386264717924,5.6906962134419805,1.0590941945348293,1.0374636351130606,1.0769954412525093
efficiency,det_nonpar_dt50ns_ap0.01_tau100ns,nv_charge_readout_master_v1_4,thin_all_counts,2,eta0.15,0.15,5.437,0.15,4.115009745648336,0.9249776330930897,7.504300359171423,5.000699023069105,0.11758756837904422,9.422120008455401,636.7993609310438,0.0,0.1,off,2.0,mean,-0.023719446603640948,0.59,6.890809194768331,10.689584781362093,10.689584781362093,6.365467215640485,1.0825299952589555,1.0573067153730535,1.1062028367372683,0.6446283308200009,0.6135284041509926,0.6778932684361704,0.6446283308200009,0.6135284041509926,0.6778932684361704,6.422852082444195,1.0728581487347684,1.0514510939254875,1.0939731843858664,6.508274913731007,1.0587766014970053,1.0395659764940317,1.0769278779540667
efficiency,det_nonpar_dt50ns_ap0.01_tau100ns,nv_charge_readout_master_v1_4,thin_all_counts,2,eta0.15,0.15,5.437,0.15,4.115009745648336,0.9249776330930897,7.504300359171423,5.000699023069105,0.11758756837904422,9.422120008455401,636.7993609310438,0.0,0.1,off,2.0,mean,-0.023719446603640948,0.6,7.681126313121251,10.689584781362093,10.689584781362093,7.288383599330828,1.0538861200755791,1.0466240679922658,1.0718688521837878,0.718561709385919,0.685613951408054,0.7590186759166736,0.718561709385919,0.685613951408054,0.7590186759166736,7.240166599537861,1.060904636312034,1.0404602538463588,1.0841722493765777,7.325853614020034,1.0484957409497377,1.0327443067316908,1.0672544655372573
efficiency,det_nonpar_dt50ns_ap0.01_tau100ns,nv_charge_readout_master_v1_4,thin_all_counts,2,eta0.15,0.15,5.437,0.15,4.115009745648336,0.9249776330930897,7.504300359171423,5.000699023069105,0.11758756837904422,9.422120008455401,636.7993609310438,0.0,0.1,off,2.0,mean,-0.023719446603640948,0.61,8.617045404495922,10.689584781362093,10.689584781362093,8.015516099752706,1.0750456111942406,1.0575711299745327,1.0910076810490206,0.8061160073794669,0.7610578786616853,0.8507830984916652,0.8061160073794669,0.7610578786616853,0.8507830984916652,8.161485227465391,1.0558182934029532,1.033239362895975,1.0749541790012016,8.143432314309061,1.0581589030161964,1.0426637663873404,1.0735959008914255
efficiency,det_nonpar_dt50ns_ap0.01_tau100ns,nv_charge_readout_master_v1_4,thin_all_counts,2,eta0.15,0.15,5.437,0.15,4.115009745648336,0.9249776330930897,7.504300359171423,5.000699023069105,0.11758756837904422,9.422120008455401,636.7993609310438,0.0,0.1,off,2.0,mean,-0.023719446603640948,0.62,9.58601709146076,10.689584781362093,10.689584781362093,8.81519166352519,1.0874428438266444,1.0694795543949402,1.102190971148712,0.8967623427408082,0.8480368644075076,0.945387475767234,0.8967623427408082,0.8480368644075076,0.945387475767234,9.200042596034672,1.0419535552577168,1.0300378522419822,1.0560700286012734,8.979327721950712,1.067565121610045,1.0591824769621294,1.0753748578175386
efficiency,det_nonpar_dt50ns_ap0.01_tau100ns,nv_charge_readout_master_v1_4,thin_all_counts,2,eta0.15,0.15,5.437,0.15,4.115009745648336,0.9249776330930897,7.504300359171423,5.000699023069105,0.11758756837904422,9.422120008455401,636.7993609310438,0.0,0.1,off,2.0,mean,-0.023719446603640948,0.63,10.629072002089362,10.689584781362093,10.689584781362093,9.694647618146693,1.096385595510825,1.0716773549634568,1.1081426026617454,0.9943390898233729,0.941761175346033,1.0404961002960325,0.9943390898233729,0.941761175346033,1.0404961002960325,10.072929294189148,1.05521161636874,1.0418856536520114,1.0697980100575746,9.906806666355495,1.0729059685990192,1.0570507878121234,1.0902554711786474
efficiency,det_nonpar_dt50ns_ap0.01_tau100ns,nv_charge_readout_master_v1_4,thin_all_counts,2,eta0.15,0.15,5.437,0.15,4.115009745648336,0.9249776330930897,7.504300359171423,5.000699023069105,0.11758756837904422,9.422120008455401,636.7993609310438,0.0,0.1,off,2.0,mean,-0.023719446603640948,0.64,11.626363314908694,10.689584781362093,10.689584781362093,10.689584781362091,1.0876346979519662,1.0043572171985986,1.0994052124636635,1.0876346979519662,0.9970764272087773,1.0946743013940956,1.0876346979519662,0.9970764272087773,1.0946743013940956,10.87401876200222,1.0691873510036087,1.0543503816895428,1.0829678784017942,10.834285610760277,1.0731084385814742,1.0548702310451803,1.091215234926706
efficiency,det_nonpar_dt50ns_ap0.01_tau100ns,nv_charge_readout_master_v1_4,thin_all_counts,2,eta0.15,0.15,5.437,0.15,4.115009745648336,0.9249776330930897,7.504300359171423,5.000699023069105,0.11758756837904422,9.422120008455401,636.7993609310438,0.0,0.1,off,2.0,mean,-0.023719446603640948,0.65,12.52762557736067,12.35484542210984,12.35484542210984,11.655151223173277,1.0748574031757478,1.031718736034544,1.1002730946263075,1.0139848091455381,1.001591575234266,1.0332741311063975,1.0139848091455381,1.001591575234266,1.0332741311063975,11.738818032266819,1.0671965050421288,1.0527565050164294,1.0846750282541562,11.76176455516506,1.0651144663373906,1.0484868954166384,1.0864110369410704
efficiency,det_nonpar_dt50ns_ap0.01_tau100ns,nv_charge_readout_master_v1_4,thin_all_counts,2,eta0.15,0.15,5.437,0.15,4.115009745648336,0.9249776330930897,7.504300359171423,5.000699023069105,0.11758756837904422,9.422120008455401,636.7993609310438,0.0,0.1,off,2.0,mean,-0.023719446603640948,0.66,13.64876556189577,13.109751153227624,13.109751153227624,12.301170436040977,1.109550154829698,1.0972830896783898,1.1197352665642102,1.0411155331911424,1.0191568647670481,1.0613321534854627,1.0411155331911424,1.0191568647670481,1.0613321534854627,12.672393878535093,1.0770471382691542,1.06199845918826,1.0908179628445578,12.689243499569843,1.0756169634823742,1.0529505174785188,1.0962213070593831
efficiency,det_nonpar_dt50ns_ap0.01_tau100ns,nv_charge_readout_master_v1_4,thin_all_counts,2,eta0.15,0.15,5.437,0.15,4.115009745648336,0.9249776330930897,7.504300359171423,5.000699023069105,0.11758756837904422,9.422120008455401,636.7993609310438,0.0,0.1,off,2.0,mean,-0.023719446603640948,0.67,14.798412151169105,13.910783132259008,13.910783132259008,13.180703645691882,1.1227330914162517,0.8333673911084226,1.1281133500988787,1.0638087022470857,1.0444742090169927,1.0861585875063011,1.0638087022470857,1.0444742090169927,1.0861585875063011,13.68021602952841,1.0817381917966131,1.0746609654920636,1.0899381787314455,13.616722443974625,1.0867822423535831,1.0674637412529007,1.106510915610185
efficiency,det_nonpar_dt50ns_ap0.01_tau100ns,nv_charge_readout_master_v1_4,thin_all_counts,2,eta0.15,0.15,5.437,0.15,4.115009745648336,0.9249776330930897,7.504300359171423,5.000699023069105,0.11758756837904422,9.422120008455401,636.7993609310438,0.0,0.1,off,2.0,mean,-0.023719446603640948,0.68,16.173709632073592,14.760759765077577,14.760759765077577,17.854437696184647,0.9058649679866304,0.8595405492729501,0.943153256955111,1.0957233834493336,1.0681831799986308,1.119022139155524,1.0957233834493336,1.0681831799986308,1.119022139155524,14.71342327417828,1.0992485793879172,1.08662837470208,1.1138088956327765,14.544201388379406,1.1120383443669954,1.0904555405393894,1.1272283163901704
efficiency,det_nonpar_dt50ns_ap0.01_tau100ns,nv_charge_readout_master_v1_4,thin_all_counts,2,eta0.15,0.15,5.437,0.15,4.115009745648336,0.9249776330930897,7.504300359171423,5.000699023069105,0.11758756837904422,9.422120008455401,636.7993609310438,0.0,0.1,off,2.0,mean,-0.023719446603640948,0.69,17.465256193155124,15.662671667784885,15.662671667784885,17.854437696184647,0.9782025337536848,0.9423369018990728,1.0128629717927924,1.1150879341407514,1.0975511507068372,1.1316569002247436,1.1150879341407514,1.0975511507068372,1.1316569002247436,15.813492620022688,1.1044527994429902,1.0936506646950737,1.1163535325277487,15.486384304592065,1.127781401367928,1.113990695945447,1.1346547480096403
efficiency,det_nonpar_dt50ns_ap0.01_tau100ns,nv_charge_readout_master_v1_4,thin_all_counts,2,eta0.15,0.15,5.437,0.15,4.115009745648336,0.9249776330930897,7.504300359171423,5.000699023069105,0.11758756837904422,9.422120008455401,636.7993609310438,0.0,0.1,off,2.0,mean,-0.023719446603640948,0.7,18.82743542905523,16.61969218909933,16.61969218909933,17.854437696184647,1.0544961286055234,1.010565485810482,1.1009311693879582,1.1328389969462813,1.113294597059115,1.1479264534239415,1.1328389969462813,1.113294597059115,1.1479264534239415,16.99581016488347,1.1077692234969914,1.0961214511980206,1.1162038556352527,16.766758572386113,1.122902518562111,1.1097270796592753,1.1346203193035715
efficiency,det_nonpar_dt50ns_ap0.01_tau100ns,nv_charge_readout_master_v1_4,thin_all_counts,2,eta0.15,0.15,5.437,0.15,4.115009745648336,0.9249776330930897,7.504300359171423,5.000699023069105,0.11758756837904422,9.422120008455401,636.7993609310438,0.0,0.1,off,2.0,mean,-0.023719446603640948,0.71,20.442481913461513,17.635188575683983,17.635188575683983,17.854437696184647,1.1449524348688904,1.092750371947086,1.16551456247944,1.1591870325474334,1.0037239234639244,1.1694688545694478,1.1591870325474334,1.0037239234639244,1.1694688545694478,18.25460827726287,1.1198532229762366,1.1112049284759882,1.1338090546659083,18.047132840180165,1.1327274029893735,1.1131300256561403,1.1525246137751448
efficiency,det_nonpar_dt50ns_ap0.01_tau100ns,nv_charge_readout_master_v1_4,thin_all_counts,2,eta0.15,0.15,5.437,0.15,4.115009745648336,0.9249776330930897,7.504300359171423,5.000699023069105,0.11758756837904422,9.422120008455401,636.7993609310438,0.0,0.1,off,2.0,mean,-0.023719446603640948,0.72,22.324633759272178,21.531758841598798,21.531758841598798,20.470286157505555,1.0905872828302752,1.0854939415453195,1.1719611723909378,1.0368235091014286,1.0123751269806067,1.0661411717012177,1.0368235091014286,1.0123751269806067,1.0661411717012177,19.578509641009322,1.1402621633932135,1.1248776948650239,1.153747469643183,19.327507107974217,1.1550705238163588,1.1305379317801927,1.1750198101716516
efficiency,det_nonpar_dt50ns_ap0.01_tau100ns,nv_charge_readout_master_v1_4,thin_all_counts,2,eta0.15,0.15,5.437,0.15,4.115009745648336,0.9249776330930897,7.504300359171423,5.000699023069105,0.11758756837904422,9.422120008455401,636.7993609310438,0.0,0.1,off,2.0,mean,-0.023719446603640948,0.73,24.201536323403953,22.635762041410597,22.635762041410597,20.481793184915688,1.181612181360554,1.1285859124352675,1.1860386431179666,1.0691725897775775,1.0461775738015389,1.0881082283463155,1.0691725897775775,1.0461775738015389,1.0881082283463155,20.998425928456594,1.152540500219427,1.141259843355903,1.1621516694238339,20.607881375768265,1.1743825520978242,1.1574563986383695,1.1877842572336106
efficiency,det_nonpar_dt50ns_ap0.01_tau100ns,nv_charge_readout_master_v1_4,thin_all_counts,2,eta0.15,0.15,5.437,0.15,4.115009745648336,0.9249776330930897,7.504300359171423,5.000699023069105,0.11758756837904422,9.422120008455401,636.7993609310438,0.0,0.1,off,2.0,mean,-0.023719446603640948,0.74,25.95363172477001,23.79637107050745,23.79637107050745,21.81355770675332,1.1897936170556422,1.1788303048488273,1.2011992308475525,1.0906550266790975,1.071614015557431,1.1148967642709038,1.0906550266790975,1.071614015557431,1.1148967642709038,22.51708006578768,1.152619773476038,1.1432078246104853,1.164493151098969,21.888255643562317,1.1857332145334014,1.175055977223075,1.1974738953645563
efficiency,det_nonpar_dt50ns_ap0.01_tau100ns,nv_charge_readout_master_v1_4,thin_all_counts,2,eta0.15,0.15,5.437,0.15,4.115009745648336,0.9249776330930897,7.504300359171423,5.000699023069105,0.11758756837904422,9.422120008455401,636.7993609310438,0.0,0.1,off,2.0,mean,-0.023719446603640948,0.75,28.092767833096538,25.016488293583233,25.016488293583233,23.3356938928134,1.2038539741793646,1.190145621922465,1.2198959753115273,1.1229700789100112,1.0951648200431856,1.15521687471746,1.1229700789100112,1.0951648200431856,1.15521687471746,24.142030649271838,1.1636456038524605,1.1518581519815587,1.1773920254731396,23.508325480315868,1.1950135647313265,1.1799278681662222,1.2096852045528623
efficiency,det_nonpar_dt50ns_ap0.01_tau100ns,nv_charge_readout_master_v1_4,thin_all_counts,2,eta0.15,0.15,5.437,0.15,4.115009745648336,0.9249776330930897,7.504300359171423,5.000699023069105,0.11758756837904422,9.422120008455401,636.7993609310438,0.0,0.1,off,2.0,mean,-0.023719446603640948,0.76,30.683627131271415,26.29916488899504,26.29916488899504,25.088917388644134,1.22299526344487,1.201272919718287,1.2467522503507358,1.1667148847038509,1.1302276772719797,1.1994747507202208,1.1667148847038509,1.1302276772719797,1.1994747507202208,25.952517525193475,1.1822986768618962,1.1677925233204105,1.1977601733374643,25.440915240512176,1.2060740284378892,1.1868177428144673,1.229225788043173
efficiency,det_nonpar_dt50ns_ap0.01_tau100ns,nv_charge_readout_master_v1_4,thin_all_counts,2,eta0.15,0.15,5.437,0.15,4.115009745648336,0.9249776330930897,7.504300359171423,5.000699023069105,0.11758756837904422,9.422120008455401,636.7993609310438,0.0,0.1,off,2.0,mean,-0.023719446603640948,0.77,33.35100112531705,27.647608478922994,27.647608478922994,26.97386152841422,1.236419230898222,1.2211334832023069,1.2535508875523786,1.2062888242482892,1.1775073459190248,1.2391282699736232,1.2062888242482892,1.1775073459190248,1.2391282699736232,28.03310825435434,1.1897004364521973,1.1724251489875368,1.207543675686564,27.373505000708484,1.2183679482935728,1.2012464834626024,1.2406480030403548
efficiency,det_nonpar_dt50ns_ap0.01_tau100ns,nv_charge_readout_master_v1_4,thin_all_counts,2,eta0.15,0.15,5.437,0.15,4.115009745648336,0.9249776330930897,7.504300359171423,5.000699023069105,0.11758756837904422,9.422120008455401,636.7993609310438,0.0,0.1,off,2.0,mean,-0.023719446603640948,0.78,36.87466000469242,36.7183339891576,36.7183339891576,32.0056596805092,1.1521293537701505,1.1489742695882443,1.2688629063540873,1.0042574375945539,1.0003959929106847,1.2694907601920313,1.0042574375945539,1.0003959929106847,1.2694907601920313,30.280498130382856,1.2177692667378253,1.1899279130744305,1.246609678238912,29.306094760904788,1.2582590858842213,1.2250780108954518,1.2718652783487145
efficiency,det_nonpar_dt50ns_ap0.01_tau100ns,nv_charge_readout_master_v1_4,thin_all_counts,2,eta0.15,0.15,5.437,0.15,4.115009745648336,0.9249776330930897,7.504300359171423,5.000699023069105,0.11758756837904422,9.422120008455401,636.7993609310438,0.0,0.1,off,2.0,mean,-0.023719446603640948,0.79,41.603223258151935,39.17313642817441,39.17313642817441,32.183338511275764,1.2926944556599005,1.141218334475773,1.2985859325318472,1.0620345229295896,1.0203218889382037,1.1102171862437153,1.0620345229295896,1.0203218889382037,1.1102171862437153,33.015430796578805,1.260114505683295,1.2379069677157881,1.28205407016716,32.77097162000435,1.2695144880219578,1.249021618873527,1.2923027289418891
efficiency,det_nonpar_dt50ns_ap0.01_tau100ns,nv_charge_readout_master_v1_4,thin_all_counts,2,eta0.15,0.15,5.437,0.15,4.115009745648336,0.9249776330930897,7.504300359171423,5.000699023069105,0.11758756837904422,9.422120008455401,636.7993609310438,0.0,0.1,off,2.0,mean,-0.023719446603640948,0.8,47.33576512951668,41.79205456526134,41.79205456526134,39.28682904170623,1.2048761960214667,1.1520724539473777,1.3243429110110556,1.1326498690223146,1.0760145403505292,1.228388793093321,1.1326498690223146,1.0760145403505292,1.228388793093321,36.82444798222832,1.2854439841803245,1.2596113334382029,1.3193892567306036,36.61152101882867,1.2929199282699213,1.2691039320569433,1.3271842362014248
efficiency,det_nonpar_dt50ns_ap0.01_tau100ns,nv_charge_readout_master_v1_4,thin_all_counts,2,eta0.15,0.15,5.437,0.15,4.115009745648336,0.9249776330930897,7.504300359171423,5.000699023069105,0.11758756837904422,9.422120008455401,636.7993609310438,0.0,0.1,off,2.0,mean,-0.023719446603640948,0.81,57.04253272052053,44.5860603474578,44.5860603474578,43.55290687679692,1.309729632556634,1.2468271022502253,1.4159993452178952,1.279380422400854,1.1585823738083614,1.4012975360360966,1.279380422400854,0.8859245075475609,1.4001155018211433,43.45918047733365,1.3125542657269238,1.265894288663195,1.3671027171356038,42.74490610547636,1.3344872621725656,1.2885040994111372,1.4202813143140174
efficiency,det_nonpar_dt50ns_ap0.01_tau100ns,nv_charge_readout_master_v1_4,thin_all_counts,2,eta0.15,0.15,5.437,0.15,4.115009745648336,0.9249776330930897,7.504300359171423,5.000699023069105,0.11758756837904422,9.422120008455401,636.7993609310438,0.0,0.1,off,2.0,mean,-0.023719446603640948,0.82,nan,nan,128.0640754683452,67.18150016430644,nan,1.1433613905807039,1.4708550658479236,nan,1.309759128501007,1.4347442423091008,nan,0.7791385005556641,1.4136537955088813,59.0461350401128,nan,1.19734422003063,1.4288209177315572,53.528718292190646,nan,1.3039973309691837,1.517334847839545
efficiency,det_nonpar_dt50ns_ap0.01_tau100ns,nv_charge_readout_master_v1_4,thin_all_counts,2,eta0.15,0.15,5.437,0.15,4.115009745648336,0.9249776330930897,7.504300359171423,5.000699023069105,0.11758756837904422,9.422120008455401,636.7993609310438,0.0,0.1,off,2.0,mean,-0.023719446603640948,0.83,nan,nan,nan,nan,nan,nan,nan,nan,nan,nan,nan,nan,nan,nan,nan,nan,nan,nan,nan,nan,nan
efficiency,det_nonpar_dt50ns_ap0.01_tau100ns,nv_charge_readout_master_v1_4,thin_all_counts,2,eta0.15,0.15,5.437,0.15,4.115009745648336,0.9249776330930897,7.504300359171423,5.000699023069105,0.11758756837904422,9.422120008455401,636.7993609310438,0.0,0.1,off,2.0,mean,-0.023719446603640948,0.84,nan,nan,nan,nan,nan,nan,nan,nan,nan,nan,nan,nan,nan,nan,nan,nan,nan,nan,nan,nan,nan
efficiency,det_nonpar_dt50ns_ap0.01_tau100ns,nv_charge_readout_master_v1_4,thin_all_counts,2,eta0.15,0.15,5.437,0.15,4.115009745648336,0.9249776330930897,7.504300359171423,5.000699023069105,0.11758756837904422,9.422120008455401,636.7993609310438,0.0,0.1,off,2.0,mean,-0.023719446603640948,0.85,nan,nan,nan,nan,nan,nan,nan,nan,nan,nan,nan,nan,nan,nan,nan,nan,nan,nan,nan,nan,nan
efficiency,det_nonpar_dt50ns_ap0.01_tau100ns,nv_charge_readout_master_v1_4,thin_all_counts,2,eta0.15,0.15,5.437,0.15,4.115009745648336,0.9249776330930897,7.504300359171423,5.000699023069105,0.11758756837904422,9.422120008455401,636.7993609310438,0.0,0.1,off,2.0,mean,-0.023719446603640948,0.86,nan,nan,nan,nan,nan,nan,nan,nan,nan,nan,nan,nan,nan,nan,nan,nan,nan,nan,nan,nan,nan
efficiency,det_nonpar_dt50ns_ap0.01_tau100ns,nv_charge_readout_master_v1_4,thin_all_counts,2,eta0.15,0.15,5.437,0.15,4.115009745648336,0.9249776330930897,7.504300359171423,5.000699023069105,0.11758756837904422,9.422120008455401,636.7993609310438,0.0,0.1,off,2.0,mean,-0.023719446603640948,0.87,nan,nan,nan,nan,nan,nan,nan,nan,nan,nan,nan,nan,nan,nan,nan,nan,nan,nan,nan,nan,nan
efficiency,det_nonpar_dt50ns_ap0.01_tau100ns,nv_charge_readout_master_v1_4,thin_all_counts,2,eta0.15,0.15,5.437,0.15,4.115009745648336,0.9249776330930897,7.504300359171423,5.000699023069105,0.11758756837904422,9.422120008455401,636.7993609310438,0.0,0.1,off,2.0,mean,-0.023719446603640948,0.88,nan,nan,nan,nan,nan,nan,nan,nan,nan,nan,nan,nan,nan,nan,nan,nan,nan,nan,nan,nan,nan
efficiency,det_nonpar_dt50ns_ap0.01_tau100ns,nv_charge_readout_master_v1_4,thin_all_counts,2,eta0.15,0.15,5.437,0.15,4.115009745648336,0.9249776330930897,7.504300359171423,5.000699023069105,0.11758756837904422,9.422120008455401,636.7993609310438,0.0,0.1,off,2.0,mean,-0.023719446603640948,0.89,nan,nan,nan,nan,nan,nan,nan,nan,nan,nan,nan,nan,nan,nan,nan,nan,nan,nan,nan,nan,nan
efficiency,det_nonpar_dt50ns_ap0.01_tau100ns,nv_charge_readout_master_v1_4,thin_all_counts,2,eta0.15,0.15,5.437,0.15,4.115009745648336,0.9249776330930897,7.504300359171423,5.000699023069105,0.11758756837904422,9.422120008455401,636.7993609310438,0.0,0.1,off,2.0,mean,-0.023719446603640948,0.9,nan,nan,nan,nan,nan,nan,nan,nan,nan,nan,nan,nan,nan,nan,nan,nan,nan,nan,nan,nan,nan
efficiency,det_nonpar_dt50ns_ap0.01_tau100ns,nv_charge_readout_master_v1_4,thin_all_counts,2,eta0.15,0.15,5.437,0.15,4.115009745648336,0.9249776330930897,7.504300359171423,5.000699023069105,0.11758756837904422,9.422120008455401,636.7993609310438,0.0,0.1,off,2.0,mean,-0.023719446603640948,0.91,nan,nan,nan,nan,nan,nan,nan,nan,nan,nan,nan,nan,nan,nan,nan,nan,nan,nan,nan,nan,nan
efficiency,det_nonpar_dt50ns_ap0.01_tau100ns,nv_charge_readout_master_v1_4,thin_all_counts,2,eta0.15,0.15,5.437,0.15,4.115009745648336,0.9249776330930897,7.504300359171423,5.000699023069105,0.11758756837904422,9.422120008455401,636.7993609310438,0.0,0.1,off,2.0,mean,-0.023719446603640948,0.92,nan,nan,nan,nan,nan,nan,nan,nan,nan,nan,nan,nan,nan,nan,nan,nan,nan,nan,nan,nan,nan
efficiency,det_nonpar_dt50ns_ap0.01_tau100ns,nv_charge_readout_master_v1_4,thin_all_counts,2,eta0.15,0.15,5.437,0.15,4.115009745648336,0.9249776330930897,7.504300359171423,5.000699023069105,0.11758756837904422,9.422120008455401,636.7993609310438,0.0,0.1,off,2.0,mean,-0.023719446603640948,0.93,nan,nan,nan,nan,nan,nan,nan,nan,nan,nan,nan,nan,nan,nan,nan,nan,nan,nan,nan,nan,nan
efficiency,det_nonpar_dt50ns_ap0.01_tau100ns,nv_charge_readout_master_v1_4,thin_all_counts,2,eta0.15,0.15,5.437,0.15,4.115009745648336,0.9249776330930897,7.504300359171423,5.000699023069105,0.11758756837904422,9.422120008455401,636.7993609310438,0.0,0.1,off,2.0,mean,-0.023719446603640948,0.94,nan,nan,nan,nan,nan,nan,nan,nan,nan,nan,nan,nan,nan,nan,nan,nan,nan,nan,nan,nan,nan
efficiency,det_nonpar_dt50ns_ap0.01_tau100ns,nv_charge_readout_master_v1_4,thin_all_counts,2,eta0.15,0.15,5.437,0.15,4.115009745648336,0.9249776330930897,7.504300359171423,5.000699023069105,0.11758756837904422,9.422120008455401,636.7993609310438,0.0,0.1,off,2.0,mean,-0.023719446603640948,0.95,nan,nan,nan,nan,nan,nan,nan,nan,nan,nan,nan,nan,nan,nan,nan,nan,nan,nan,nan,nan,nan
efficiency,det_nonpar_dt50ns_ap0.01_tau100ns,nv_charge_readout_master_v1_4,thin_all_counts,2,eta0.15,0.15,5.437,0.15,4.115009745648336,0.9249776330930897,7.504300359171423,5.000699023069105,0.11758756837904422,9.422120008455401,636.7993609310438,0.0,0.1,off,2.0,mean,-0.023719446603640948,0.96,nan,nan,nan,nan,nan,nan,nan,nan,nan,nan,nan,nan,nan,nan,nan,nan,nan,nan,nan,nan,nan
efficiency,det_nonpar_dt50ns_ap0.01_tau100ns,nv_charge_readout_master_v1_4,thin_all_counts,2,eta0.15,0.15,5.437,0.15,4.115009745648336,0.9249776330930897,7.504300359171423,5.000699023069105,0.11758756837904422,9.422120008455401,636.7993609310438,0.0,0.1,off,2.0,mean,-0.023719446603640948,0.97,nan,nan,nan,nan,nan,nan,nan,nan,nan,nan,nan,nan,nan,nan,nan,nan,nan,nan,nan,nan,nan
efficiency,det_nonpar_dt50ns_ap0.01_tau100ns,nv_charge_readout_master_v1_4,thin_all_counts,2,eta0.15,0.15,5.437,0.15,4.115009745648336,0.9249776330930897,7.504300359171423,5.000699023069105,0.11758756837904422,9.422120008455401,636.7993609310438,0.0,0.1,off,2.0,mean,-0.023719446603640948,0.98,nan,nan,nan,nan,nan,nan,nan,nan,nan,nan,nan,nan,nan,nan,nan,nan,nan,nan,nan,nan,nan
efficiency,det_nonpar_dt50ns_ap0.01_tau100ns,nv_charge_readout_master_v1_4,thin_all_counts,2,eta0.15,0.15,5.437,0.15,4.115009745648336,0.9249776330930897,7.504300359171423,5.000699023069105,0.11758756837904422,9.422120008455401,636.7993609310438,0.0,0.1,off,2.0,mean,-0.023719446603640948,0.99,nan,nan,nan,nan,nan,nan,nan,nan,nan,nan,nan,nan,nan,nan,nan,nan,nan,nan,nan,nan,nan
efficiency,det_nonpar_dt50ns_ap0.01_tau100ns,nv_charge_readout_master_v1_4,thin_all_counts,3,eta0.4,0.4,5.437,0.4,10.973359321728898,0.9249776330930898,7.504300359171423,8.16610730916909,0.11758756837904422,9.422120008455401,636.7993609310438,0.0,0.1,off,2.0,mean,0.0029796319124959503,0.55,1.1628173387353633,3.9686961184740612,3.9686961184740612,1.1199916215465378,1.0382375335359115,1.0269505427078582,1.0644786449106407,0.29299732305593085,0.2768100085649134,0.31482609447266535,0.29299732305593085,0.2768100085649134,0.31482609447266535,4.974995007273436,0.23373236295419914,0.2203167421438023,0.251377271023088,1.138443335988828,1.0214099393232994,1.0080315455374957,1.0686042211165303
efficiency,det_nonpar_dt50ns_ap0.01_tau100ns,nv_charge_readout_master_v1_4,thin_all_counts,3,eta0.4,0.4,5.437,0.4,10.973359321728898,0.9249776330930898,7.504300359171423,8.16610730916909,0.11758756837904422,9.422120008455401,636.7993609310438,0.0,0.1,off,2.0,mean,0.0029796319124959503,0.56,1.424900344164995,3.9686961184740612,3.9686961184740612,1.335506664730987,1.0669361537420816,1.044864825434338,1.0913269463287143,0.359034882396806,0.3341628482238948,0.3849829636803513,0.359034882396806,0.3341628482238948,0.3849829636803513,4.974995007273436,0.2864124169133421,0.26608039061909955,0.30782692631763425,1.374321918796092,1.036802458490373,1.0119204384029257,1.074996119195913
efficiency,det_nonpar_dt50ns_ap0.01_tau100ns,nv_charge_readout_master_v1_4,thin_all_counts,3,eta0.4,0.4,5.437,0.4,10.973359321728898,0.9249776330930898,7.504300359171423,8.16610730916909,0.11758756837904422,9.422120008455401,636.7993609310438,0.0,0.1,off,2.0,mean,0.0029796319124959503,0.57,1.6722466075243712,3.9686961184740612,3.9686961184740612,1.592492316217537,1.0500814292757563,1.0371005431059381,1.0659274328184716,0.42135919647265396,0.39776178790921685,0.44645847881566847,0.42135919647265396,0.39776178790921685,0.44645847881566847,4.974995007273436,0.3361303086896668,0.3163500192158802,0.35772987435990583,1.6102005016033534,1.0385331552556563,1.0205188468988247,1.0616080277672797
efficiency,det_nonpar_dt50ns_ap0.01_tau100ns,nv_charge_readout_master_v1_4,thin_all_counts,3,eta0.4,0.4,5.437,0.4,10.973359321728898,0.9249776330930898,7.504300359171423,8.16610730916909,0.11758756837904422,9.422120008455401,636.7993609310438,0.0,0.1,off,2.0,mean,0.0029796319124959503,0.58,1.9213815123031666,3.9686961184740612,3.9686961184740612,1.813762556357367,1.0593346442005804,1.0426481136686283,1.0777409042027233,0.48413419796976687,0.4582725120034254,0.5087867955904416,0.48413419796976687,0.4582725120034254,0.5087867955904416,4.974995007273436,0.3862077267402499,0.3643862161898715,0.40747318198244187,1.8506017325523039,1.0382469001870245,1.0275356711698194,1.0524747465868372
efficiency,det_nonpar_dt50ns_ap0.01_tau100ns,nv_charge_readout_master_v1_4,thin_all_counts,3,eta0.4,0.4,5.437,0.4,10.973359321728898,0.9249776330930898,7.504300359171423,8.16610730916909,0.11758756837904422,9.422120008455401,636.7993609310438,0.0,0.1,off,2.0,mean,0.0029796319124959503,0.59,2.1878280478589365,3.9686961184740612,3.9686961184740612,2.0399357558307365,1.0724985047227493,1.0495344836057663,1.0982381699276724,0.5512712443955378,0.5215360152070206,0.5871564417952214,0.5512712443955378,0.5215360152070206,0.5871564417952214,4.974995007273436,0.4397648730622513,0.41498523139669485,0.4698127206768188,2.1006381704118042,1.0415063758600749,1.021160359245778,1.0646429348066906
efficiency,det_nonpar_dt50ns_ap0.01_tau100ns,nv_charge_readout_master_v1_4,thin_all_counts,3,eta0.4,0.4,5.437,0.4,10.973359321728898,0.9249776330930898,7.504300359171423,8.16610730916909,0.11758756837904422,9.422120008455401,636.7993609310438,0.0,0.1,off,2.0,mean,0.0029796319124959503,0.6,2.47596570167531,3.9686961184740612,3.9686961184740612,2.294312380267711,1.079175496314239,1.0628053565918525,1.093963709640963,0.6238738436409444,0.5930039925357126,0.6581569525376493,0.6238738436409444,0.5930039925357126,0.6581569525376493,4.974995007273436,0.49768204753079176,0.4715833712301417,0.5261942950191718,2.350674608271305,1.0533000581888892,1.0445253960263097,1.0630373941066587
efficiency,det_nonpar_dt50ns_ap0.01_tau100ns,nv_charge_readout_master_v1_4,thin_all_counts,3,eta0.4,0.4,5.437,0.4,10.973359321728898,0.9249776330930898,7.504300359171423,8.16610730916909,0.11758756837904422,9.422120008455401,636.7993609310438,0.0,0.1,off,2.0,mean,0.0029796319124959503,0.61,2.763802447199193,3.9686961184740612,3.9686961184740612,2.580409350247429,1.0710713193370576,1.0609747389893958,1.0836782619492282,0.6964006224446979,0.662054176023002,0.7329313646165831,0.6964006224446979,0.662054176023002,0.7329313646165831,4.974995007273436,0.5555387378597401,0.5266176943492438,0.5857728902166968,2.6265900903689645,1.052239729881473,1.0394267258172998,1.0650545030473508
efficiency,det_nonpar_dt50ns_ap0.01_tau100ns,nv_charge_readout_master_v1_4,thin_all_counts,3,eta0.4,0.4,5.437,0.4,10.973359321728898,0.9249776330930898,7.504300359171423,8.16610730916909,0.11758756837904422,9.422120008455401,636.7993609310438,0.0,0.1,off,2.0,mean,0.0029796319124959503,0.62,3.0423970635452386,3.9686961184740612,3.9686961184740612,2.8351744230721843,1.0730899089617594,1.0626321221738655,1.0832948231155317,0.766598644170071,0.7355022560657871,0.7989379404835002,0.766598644170071,0.7355022560657871,0.7989379404835002,4.974995007273436,0.6115377119167473,0.5847374972613961,0.6391865896666195,2.9322471606209275,1.0375650130737908,1.019952669515341,1.0550994846016875
efficiency,det_nonpar_dt50ns_ap0.01_tau100ns,nv_charge_readout_master_v1_4,thin_all_counts,3,eta0.4,0.4,5.437,0.4,10.973359321728898,0.9249776330930898,7.504300359171423,8.16610730916909,0.11758756837904422,9.422120008455401,636.7993609310438,0.0,0.1,off,2.0,mean,0.0029796319124959503,0.63,3.3353166166184227,3.9686961184740612,3.9686961184740612,3.097577584669998,1.0767499846089417,1.0610442056405882,1.092833052206149,0.8404061477755145,0.8019852456008011,0.8848558143730779,0.8404061477755145,0.8019852456008011,0.8848558143730779,4.974995007273436,0.6704160731301628,0.6377833903902961,0.7082419489525168,3.23790423087289,1.030085011414705,1.0102966645757936,1.0521132746042754
efficiency,det_nonpar_dt50ns_ap0.01_tau100ns,nv_charge_readout_master_v1_4,thin_all_counts,3,eta0.4,0.4,5.437,0.4,10.973359321728898,0.9249776330930898,7.504300359171423,8.16610730916909,0.11758756837904422,9.422120008455401,636.7993609310438,0.0,0.1,off,2.0,mean,0.0029796319124959503,0.64,3.6853749744543833,3.9686961184740612,3.9686961184740612,3.384266877892094,1.0889729171565323,1.0750972870882598,1.0995626242285967,0.928611025998984,0.8829618386724196,0.9736928900336852,0.928611025998984,0.8829618386724196,0.9736928900336852,4.974995007273436,0.7407796327566902,0.7029148372023407,0.7790672240823069,3.543561301124853,1.0400200987872041,1.0190695305850466,1.0627904395225507
efficiency,det_nonpar_dt50ns_ap0.01_tau100ns,nv_charge_readout_master_v1_4,thin_all_counts,3,eta0.4,0.4,5.437,0.4,10.973359321728898,0.9249776330930898,7.504300359171423,8.16610730916909,0.11758756837904422,9.422120008455401,636.7993609310438,0.0,0.1,off,2.0,mean,0.0029796319124959503,0.65,4.048987944825846,3.9686961184740612,3.9686961184740612,3.9686961184740612,1.0202312860332217,1.0148700197272191,1.098116269608295,1.0202312860332217,0.9726311555129279,1.0746998625472868,1.0202312860332217,0.9726311555129279,1.0746998625472868,4.974995007273436,0.8138677403507404,0.772491201303085,0.8600673721282137,3.849218371376816,1.0518987373993998,1.0299826017780351,1.0769885581643
efficiency,det_nonpar_dt50ns_ap0.01_tau100ns,nv_charge_readout_master_v1_4,thin_all_counts,3,eta0.4,0.4,5.437,0.4,10.973359321728898,0.9249776330930898,7.504300359171423,8.16610730916909,0.11758756837904422,9.422120008455401,636.7993609310438,0.0,0.1,off,2.0,mean,0.0029796319124959503,0.66,4.462607518329022,4.438958491539256,4.438958491539256,4.155379240106959,1.0739350755899129,1.0515876527770922,1.101025616127995,1.005327607103072,0.9952064193869852,1.100663054983977,1.005327607103072,0.9952064193869852,1.100663054983977,4.974995007273436,0.8970074365511314,0.8500009554142207,0.9389715682022809,4.1548754416287785,1.074065295343633,1.0510549122694437,1.0942326144962713
efficiency,det_nonpar_dt50ns_ap0.01_tau100ns,nv_charge_readout_master_v1_4,thin_all_counts,3,eta0.4,0.4,5.437,0.4,10.973359321728898,0.9249776330930898,7.504300359171423,8.16610730916909,0.11758756837904422,9.422120008455401,636.7993609310438,0.0,0.1,off,2.0,mean,0.0029796319124959503,0.67,4.819332196320849,4.685560609703512,4.685560609703512,4.498836319230132,1.071239728309467,1.053476569760883,1.0988247509390618,1.028549750554993,1.0142698601470894,1.0513402208706764,1.028549750554993,1.0142698601470894,1.0513402208706764,4.974995007273436,0.9687109613728238,0.9294289125260977,1.0038329519007805,4.460532511880741,1.0804387555710973,1.0642088129257605,1.0964305299913137
efficiency,det_nonpar_dt50ns_ap0.01_tau100ns,nv_charge_readout_master_v1_4,thin_all_counts,3,eta0.4,0.4,5.437,0.4,10.973359321728898,0.9249776330930898,7.504300359171423,8.16610730916909,0.11758756837904422,9.422120008455401,636.7993609310438,0.0,0.1,off,2.0,mean,0.0029796319124959503,0.68,5.238032811491743,4.94586247405801,4.94586247405801,4.699746104848845,1.1145352737433056,1.0881693693641614,1.1327670180966913,1.059073688151707,1.0339127016474265,1.0874687102137288,1.059073688151707,1.0339127016474265,1.0874687102137288,5.160050268758147,1.0151127486500946,0.9987695017218456,1.0390061933268901,4.7661895821327045,1.098997998553785,1.079131032791335,1.115661198823743
efficiency,det_nonpar_dt50ns_ap0.01_tau100ns,nv_charge_readout_master_v1_4,thin_all_counts,3,eta0.4,0.4,5.437,0.4,10.973359321728898,0.9249776330930898,7.504300359171423,8.16610730916909,0.11758756837904422,9.422120008455401,636.7993609310438,0.0,0.1,off,2.0,mean,0.0029796319124959503,0.69,5.708496793306705,5.220625160975785,5.220625160975785,5.002065491549822,1.1412279193365789,1.1242396879011833,1.1594012316904743,1.093450806615607,1.0668130964905669,1.1229291109051525,1.093450806615607,1.0668130964905669,1.1229291109051525,5.477832642711665,1.042108652388631,1.021525398293502,1.0635931034479509,5.071846652384664,1.125526299306132,1.1084735418074885,1.1360638666340257
efficiency,det_nonpar_dt50ns_ap0.01_tau100ns,nv_charge_readout_master_v1_4,thin_all_counts,3,eta0.4,0.4,5.437,0.4,10.973359321728898,0.9249776330930898,7.504300359171423,8.16610730916909,0.11758756837904422,9.422120008455401,636.7993609310438,0.0,0.1,off,2.0,mean,0.0029796319124959503,0.7,6.198272983756475,5.510652027704115,5.510652027704115,5.326670113193006,1.1636299699515271,1.1453280493725877,1.1788173401377635,1.1247803259206772,1.0982806958233913,1.1463086837920444,1.1247803259206772,1.0982806958233913,1.1463086837920444,5.815185685929194,1.065877053376683,1.044249253746095,1.0838818807112427,5.442610096288469,1.1388420030277977,1.1250529758284549,1.1519851517265576
efficiency,det_nonpar_dt50ns_ap0.01_tau100ns,nv_charge_readout_master_v1_4,thin_all_counts,3,eta0.4,0.4,5.437,0.4,10.973359321728898,0.9249776330930898,7.504300359171423,8.16610730916909,0.11758756837904422,9.422120008455401,636.7993609310438,0.0,0.1,off,2.0,mean,0.0029796319124959503,0.71,6.627506174251634,5.816791061238256,5.816791061238256,5.67233966502755,1.1683902173759273,1.1544276768882742,1.1824966121928882,1.13937497573461,1.1202115202225502,1.1603996179450569,1.13937497573461,1.1202115202225502,1.1603996179450569,6.173314660649407,1.0735733618921748,1.056674428778548,1.0908402974910683,5.818232224793158,1.1390927550141308,1.1241578390106135,1.1541617053353093
efficiency,det_nonpar_dt50ns_ap0.01_tau100ns,nv_charge_readout_master_v1_4,thin_all_counts,3,eta0.4,0.4,5.437,0.4,10.973359321728898,0.9249776330930898,7.504300359171423,8.16610730916909,0.11758756837904422,9.422120008455401,636.7993609310438,0.0,0.1,off,2.0,mean,0.0029796319124959503,0.72,7.0787795546152,6.139937357684668,6.139937357684668,6.040441137091124,1.1718977793108842,1.1604910936665032,1.1831478203062564,1.1529074552781045,1.133948355953651,1.1718604717667394,1.1529074552781045,1.133948355953651,1.1718604717667394,6.5534990553443375,1.080152677956442,1.0622610952250122,1.0985928963540101,6.193854353297848,1.1428714901644699,1.1264361901942843,1.1595629496415023
efficiency,det_nonpar_dt50ns_ap0.01_tau100ns,nv_charge_readout_master_v1_4,thin_all_counts,3,eta0.4,0.4,5.437,0.4,10.973359321728898,0.9249776330930898,7.504300359171423,8.16610730916909,0.11758756837904422,9.422120008455401,636.7993609310438,0.0,0.1,off,2.0,mean,0.0029796319124959503,0.73,7.5521136104506095,6.481035739362901,6.481035739362901,6.432430229032395,1.1740684844686833,1.1679338060860749,1.180654516298241,1.1652633798302425,1.1491536339453665,1.1850220490213748,1.1652633798302425,1.1491536339453665,1.1850220490213748,6.957097155951735,1.0855265409064818,1.069228714991607,1.1071899287834794,6.569476481802536,1.149576169633909,1.1344716342334495,1.1684073859224644
efficiency,det_nonpar_dt50ns_ap0.01_tau100ns,nv_charge_readout_master_v1_4,thin_all_counts,3,eta0.4,0.4,5.437,0.4,10.973359321728898,0.9249776330930898,7.504300359171423,8.16610730916909,0.11758756837904422,9.422120008455401,636.7993609310438,0.0,0.1,off,2.0,mean,0.0029796319124959503,0.74,8.104720664670367,6.841083517298067,6.841083517298067,6.842161018465665,1.1845264446126447,1.1213641364091684,1.1916886972391452,1.1847130128110732,1.1677160417592207,1.2002399350636552,1.1847130128110732,1.1677160417592207,1.2002399350636552,7.3855508986273275,1.0973752365821083,1.079461194099311,1.1178185347357714,6.945098610307226,1.1669698472880061,1.1471233774686889,1.1874980277262788
efficiency,det_nonpar_dt50ns_ap0.01_tau100ns,nv_charge_readout_master_v1_4,thin_all_counts,3,eta0.4,0.4,5.437,0.4,10.973359321728898,0.9249776330930898,7.504300359171423,8.16610730916909,0.11758756837904422,9.422120008455401,636.7993609310438,0.0,0.1,off,2.0,mean,0.0029796319124959503,0.75,8.675910286099858,7.221133407180974,7.221133407180974,7.438528280994339,1.1663476911510933,1.1302263766947755,1.1985875580161753,1.2014610168359718,1.0052141791171896,1.211071837750747,1.2014610168359718,1.0052141791171896,1.211071837750747,7.840391021354501,1.1065660197903004,1.0907033007017828,1.1222446546905045,7.320720738811914,1.1851169571464735,1.1691035240414707,1.2002034300952584
efficiency,det_nonpar_dt50ns_ap0.01_tau100ns,nv_charge_readout_master_v1_4,thin_all_counts,3,eta0.4,0.4,5.437,0.4,10.973359321728898,0.9249776330930898,7.504300359171423,8.16610730916909,0.11758756837904422,9.422120008455401,636.7993609310438,0.0,0.1,off,2.0,mean,0.0029796319124959503,0.76,9.212193389980323,9.09752076072641,9.09752076072641,8.948444941536025,1.029474221517535,1.0168538969636851,1.2141733655726001,1.012604821936648,1.002913470032696,1.2117565162667392,1.012604821936648,1.002913470032696,1.2117565162667392,8.323242532816526,1.1068034307133163,1.097047721430932,1.1189598606674265,7.696342867316604,1.1969572495400316,1.1862288273312407,1.2085148811799167
efficiency,det_nonpar_dt50ns_ap0.01_tau100ns,nv_charge_readout_master_v1_4,thin_all_counts,3,eta0.4,0.4,5.437,0.4,10.973359321728898,0.9249776330930898,7.504300359171423,8.16610730916909,0.11758756837904422,9.422120008455401,636.7993609310438,0.0,0.1,off,2.0,mean,0.0029796319124959503,0.77,9.787642559196826,9.483768542741336,9.483768542741336,9.031536839881408,1.083718389541037,1.0495652238042166,1.1180087232707638,1.0320414838348273,1.0167316164213254,1.0475187570685476,1.0320414838348273,1.0167316164213254,1.0475187570685476,8.835830518069994,1.107721853557546,1.0996596056328203,1.116982202937215,8.071964995821293,1.2125476961636612,1.199920617679053,1.2203627038530225
efficiency,det_nonpar_dt50ns_ap0.01_tau100ns,nv_charge_readout_master_v1_4,thin_all_counts,3,eta0.4,0.4,5.437,0.4,10.973359321728898,0.9249776330930898,7.504300359171423,8.16610730916909,0.11758756837904422,9.422120008455401,636.7993609310438,0.0,0.1,off,2.0,mean,0.0029796319124959503,0.78,10.404922516257963,9.886415006664798,9.886415006664798,9.115400298382301,1.1414663290326934,1.1062116155493358,1.1780432634321303,1.0524464640866906,1.0352525903435688,1.0736318145593116,1.0524464640866906,1.0352525903435688,1.0736318145593116,9.367136964070776,1.1107900478201385,1.100734661540712,1.1219393306394174,8.614120407966299,1.2078914646509398,1.1942449567675766,1.2229870826732028
efficiency,det_nonpar_dt50ns_ap0.01_tau100ns,nv_charge_readout_master_v1_4,thin_all_counts,3,eta0.4,0.4,5.437,0.4,10.973359321728898,0.9249776330930898,7.504300359171423,8.16610730916909,0.11758756837904422,9.422120008455401,636.7993609310438,0.0,0.1,off,2.0,mean,0.0029796319124959503,0.79,11.102610692868383,10.306156381137733,10.306156381137733,9.20004248145648,1.2067999376357992,1.1679701801564062,1.2437612160414682,1.0772794708596036,1.055104079465536,1.1018034239824959,1.0772794708596036,1.055104079465536,1.1018034239824959,9.924974197338424,1.1186538596589768,1.1057389806211733,1.133328827094447,9.183136027150063,1.2090216958611273,1.1931951218799939,1.2235033583262869
efficiency,det_nonpar_dt50ns_ap0.01_tau100ns,nv_charge_readout_master_v1_4,thin_all_counts,3,eta0.4,0.4,5.437,0.4,10.973359321728898,0.9249776330930898,7.504300359171423,8.16610730916909,0.11758756837904422,9.422120008455401,636.7993609310438,0.0,0.1,off,2.0,mean,0.0029796319124959503,0.8,11.87459294001339,10.743718454147563,10.743718454147563,9.469826877869094,1.2539398125391514,1.240493090717657,1.266061062908546,1.105259132645016,1.0812295396412839,1.1367477691852992,1.105259132645016,1.0812295396412839,1.1367477691852992,10.516032080631078,1.1291894936194207,1.1132425423279193,1.1479651006238616,9.752151646333829,1.2176382577559137,1.2007310901941586,1.237510560628293
efficiency,det_nonpar_dt50ns_ap0.01_tau100ns,nv_charge_readout_master_v1_4,thin_all_counts,3,eta0.4,0.4,5.437,0.4,10.973359321728898,0.9249776330930898,7.504300359171423,8.16610730916909,0.11758756837904422,9.422120008455401,636.7993609310438,0.0,0.1,off,2.0,mean,0.0029796319124959503,0.81,12.80000626864417,11.199857828010996,11.199857828010996,10.03585126865518,1.2754280554776884,1.2450340553333823,1.2826596438598452,1.1428722100945943,1.1149679565403048,1.1754580371233225,1.1428722100945943,1.1149679565403048,1.1754580371233225,11.142288989579242,1.1487770852663486,1.1314380376639832,1.1670893988412516,10.321167265517595,1.2401704128377251,1.2211976118304797,1.2616787095247746
efficiency,det_nonpar_dt50ns_ap0.01_tau100ns,nv_charge_readout_master_v1_4,thin_all_counts,3,eta0.4,0.4,5.437,0.4,10.973359321728898,0.9249776330930898,7.504300359171423,8.16610730916909,0.11758756837904422,9.422120008455401,636.7993609310438,0.0,0.1,off,2.0,mean,0.0029796319124959503,0.82,13.833721420116596,11.675363227638824,11.675363227638824,11.89963029767253,1.1625337152552007,1.1590806694425755,1.2711036323063305,1.1848643293056904,1.1555835764359663,1.2163401565809009,1.1848643293056904,1.1555835764359663,1.2163401565809009,11.805841117199057,1.171769235481517,1.153872359005717,1.1870161197937361,10.890182884701353,1.2702928469227415,1.2495192113437728,1.2896577015722577
efficiency,det_nonpar_dt50ns_ap0.01_tau100ns,nv_charge_readout_master_v1_4,thin_all_counts,3,eta0.4,0.4,5.437,0.4,10.973359321728898,0.9249776330930898,7.504300359171423,8.16610730916909,0.11758756837904422,9.422120008455401,636.7993609310438,0.0,0.1,off,2.0,mean,0.0029796319124959503,0.83,15.004379981835942,12.171056864344969,12.171056864344969,11.915835291362871,1.2591966584761192,1.2110482938416414,1.316982579682829,1.2327918724783198,1.1992740209705797,1.2697020837740083,1.2327918724783198,1.1992740209705797,1.2697020837740083,12.533078228842257,1.1971823448214423,1.1820985899781062,1.211936706974372,11.546359000473538,1.2994901666595144,1.2865906734180406,1.3105603371252181
efficiency,det_nonpar_dt50ns_ap0.01_tau100ns,nv_charge_readout_master_v1_4,thin_all_counts,3,eta0.4,0.4,5.437,0.4,10.973359321728898,0.9249776330930898,7.504300359171423,8.16610730916909,0.11758756837904422,9.422120008455401,636.7993609310438,0.0,0.1,off,2.0,mean,0.0029796319124959503,0.84,16.360762423853277,12.687795857557822,12.687795857557822,12.67725559636819,1.2905602714628825,1.259995977152518,1.3421981046265696,1.289488151254227,1.2548054800177253,1.3247079886083537,1.289488151254227,1.2548054800177253,1.3247079886083537,13.45450763812885,1.2160060303870477,1.2003639210750663,1.2368993955757375,12.484524958149429,1.310483376716195,1.2931925270000195,1.330308937236171
efficiency,det_nonpar_dt50ns_ap0.01_tau100ns,nv_charge_readout_master_v1_4,thin_all_counts,3,eta0.4,0.4,5.437,0.4,10.973359321728898,0.9249776330930898,7.504300359171423,8.16610730916909,0.11758756837904422,9.422120008455401,636.7993609310438,0.0,0.1,off,2.0,mean,0.0029796319124959503,0.85,17.897824530257857,13.226473716892388,13.226473716892388,13.170527048119093,1.3589300158503437,1.212877712119044,1.3656962288006496,1.3531818769956336,0.9961110211419364,1.360955873503129,1.3531818769956336,0.9962437374297369,1.360955873503129,14.443680353632464,1.239145708853679,1.2215922742505758,1.269091622325373,13.422690915825319,1.3334006305066868,1.3141886432820717,1.3649020823301035
efficiency,det_nonpar_dt50ns_ap0.01_tau100ns,nv_charge_readout_master_v1_4,thin_all_counts,3,eta0.4,0.4,5.437,0.4,10.973359321728898,0.9249776330930898,7.504300359171423,8.16610730916909,0.11758756837904422,9.422120008455401,636.7993609310438,0.0,0.1,off,2.0,mean,0.0029796319124959503,0.86,20.01361173500421,19.622517666144255,19.567323049822495,15.763944440139115,1.269581468711875,1.2102167146858809,1.3609319954907717,1.0199308812209522,0.9989282516665122,1.0546481875758766,1.0228078559364187,1.0025330675059807,1.0563997834970489,15.527851961333843,1.288884759130911,1.2598271231995193,1.3122746803307386,14.499045000007525,1.3803399972200807,1.3560233821445589,1.3975312900236654
efficiency,det_nonpar_dt50ns_ap0.01_tau100ns,nv_charge_readout_master_v1_4,thin_all_counts,3,eta0.4,0.4,5.437,0.4,10.973359321728898,0.9249776330930898,7.504300359171423,8.16610730916909,0.11758756837904422,9.422120008455401,636.7993609310438,0.0,0.1,off,2.0,mean,0.0029796319124959503,0.87,22.912849662789515,21.42390462990594,21.294431759600045,17.331379691124365,1.322044180621321,1.3097778082258789,1.4407879210098298,1.0694992373521461,1.0248912525812908,1.1285010165715326,1.076001929587055,1.0329257873390365,1.128234235534885,17.169070471870313,1.3345422339741555,1.297932294191183,1.3896654925881842,16.38478668229816,1.3984222136711832,1.3633683682501916,1.447851702348793
efficiency,det_nonpar_dt50ns_ap0.01_tau100ns,nv_charge_readout_master_v1_4,thin_all_counts,3,eta0.4,0.4,5.437,0.4,10.973359321728898,0.9249776330930898,7.504300359171423,8.16610730916909,0.11758756837904422,9.422120008455401,636.7993609310438,0.0,0.1,off,2.0,mean,0.0029796319124959503,0.88,31.05966030160408,41.06638999771432,23.86406938312317,20.966735769397612,1.4813779618922742,1.2830978106095665,2.220026927589988,0.7563279923882475,0.6492946103122864,1.2919022847151156,1.3015240528746401,1.0816180877621466,1.7997639196873823,19.154425763146545,1.6215396214781557,1.3595448091301,2.3545255343005853,18.34539930453215,1.6930490193217504,1.415311211981298,2.452781435032681
efficiency,det_nonpar_dt50ns_ap0.01_tau100ns,nv_charge_readout_master_v1_4,thin_all_counts,3,eta0.4,0.4,5.437,0.4,10.973359321728898,0.9249776330930898,7.504300359171423,8.16610730916909,0.11758756837904422,9.422120008455401,636.7993609310438,0.0,0.1,off,2.0,mean,0.0029796319124959503,0.89,53.908014592821296,nan,44.815975853654145,22.231804942215994,2.4248150221242413,1.694335769558482,2.6156504592094163,nan,0.9963462365787852,1.12314097352831,1.202874947292391,1.1056873404021723,1.3141149711942663,23.40232051114555,2.303532872611806,2.037264954846546,2.577150106089341,22.02804354546363,2.4472447805707604,2.2267138300590243,2.673313317451786
efficiency,det_nonpar_dt50ns_ap0.01_tau100ns,nv_charge_readout_master_v1_4,thin_all_counts,3,eta0.4,0.4,5.437,0.4,10.973359321728898,0.9249776330930898,7.504300359171423,8.16610730916909,0.11758756837904422,9.422120008455401,636.7993609310438,0.0,0.1,off,2.0,mean,0.0029796319124959503,0.9,nan,nan,nan,nan,nan,nan,nan,nan,nan,nan,nan,nan,nan,nan,nan,nan,nan,nan,nan,nan,nan
efficiency,det_nonpar_dt50ns_ap0.01_tau100ns,nv_charge_readout_master_v1_4,thin_all_counts,3,eta0.4,0.4,5.437,0.4,10.973359321728898,0.9249776330930898,7.504300359171423,8.16610730916909,0.11758756837904422,9.422120008455401,636.7993609310438,0.0,0.1,off,2.0,mean,0.0029796319124959503,0.91,nan,nan,nan,nan,nan,nan,nan,nan,nan,nan,nan,nan,nan,nan,nan,nan,nan,nan,nan,nan,nan
efficiency,det_nonpar_dt50ns_ap0.01_tau100ns,nv_charge_readout_master_v1_4,thin_all_counts,3,eta0.4,0.4,5.437,0.4,10.973359321728898,0.9249776330930898,7.504300359171423,8.16610730916909,0.11758756837904422,9.422120008455401,636.7993609310438,0.0,0.1,off,2.0,mean,0.0029796319124959503,0.92,nan,nan,nan,nan,nan,nan,nan,nan,nan,nan,nan,nan,nan,nan,nan,nan,nan,nan,nan,nan,nan
efficiency,det_nonpar_dt50ns_ap0.01_tau100ns,nv_charge_readout_master_v1_4,thin_all_counts,3,eta0.4,0.4,5.437,0.4,10.973359321728898,0.9249776330930898,7.504300359171423,8.16610730916909,0.11758756837904422,9.422120008455401,636.7993609310438,0.0,0.1,off,2.0,mean,0.0029796319124959503,0.93,nan,nan,nan,nan,nan,nan,nan,nan,nan,nan,nan,nan,nan,nan,nan,nan,nan,nan,nan,nan,nan
efficiency,det_nonpar_dt50ns_ap0.01_tau100ns,nv_charge_readout_master_v1_4,thin_all_counts,3,eta0.4,0.4,5.437,0.4,10.973359321728898,0.9249776330930898,7.504300359171423,8.16610730916909,0.11758756837904422,9.422120008455401,636.7993609310438,0.0,0.1,off,2.0,mean,0.0029796319124959503,0.94,nan,nan,nan,nan,nan,nan,nan,nan,nan,nan,nan,nan,nan,nan,nan,nan,nan,nan,nan,nan,nan
efficiency,det_nonpar_dt50ns_ap0.01_tau100ns,nv_charge_readout_master_v1_4,thin_all_counts,3,eta0.4,0.4,5.437,0.4,10.973359321728898,0.9249776330930898,7.504300359171423,8.16610730916909,0.11758756837904422,9.422120008455401,636.7993609310438,0.0,0.1,off,2.0,mean,0.0029796319124959503,0.95,nan,nan,nan,nan,nan,nan,nan,nan,nan,nan,nan,nan,nan,nan,nan,nan,nan,nan,nan,nan,nan
efficiency,det_nonpar_dt50ns_ap0.01_tau100ns,nv_charge_readout_master_v1_4,thin_all_counts,3,eta0.4,0.4,5.437,0.4,10.973359321728898,0.9249776330930898,7.504300359171423,8.16610730916909,0.11758756837904422,9.422120008455401,636.7993609310438,0.0,0.1,off,2.0,mean,0.0029796319124959503,0.96,nan,nan,nan,nan,nan,nan,nan,nan,nan,nan,nan,nan,nan,nan,nan,nan,nan,nan,nan,nan,nan
efficiency,det_nonpar_dt50ns_ap0.01_tau100ns,nv_charge_readout_master_v1_4,thin_all_counts,3,eta0.4,0.4,5.437,0.4,10.973359321728898,0.9249776330930898,7.504300359171423,8.16610730916909,0.11758756837904422,9.422120008455401,636.7993609310438,0.0,0.1,off,2.0,mean,0.0029796319124959503,0.97,nan,nan,nan,nan,nan,nan,nan,nan,nan,nan,nan,nan,nan,nan,nan,nan,nan,nan,nan,nan,nan
efficiency,det_nonpar_dt50ns_ap0.01_tau100ns,nv_charge_readout_master_v1_4,thin_all_counts,3,eta0.4,0.4,5.437,0.4,10.973359321728898,0.9249776330930898,7.504300359171423,8.16610730916909,0.11758756837904422,9.422120008455401,636.7993609310438,0.0,0.1,off,2.0,mean,0.0029796319124959503,0.98,nan,nan,nan,nan,nan,nan,nan,nan,nan,nan,nan,nan,nan,nan,nan,nan,nan,nan,nan,nan,nan
efficiency,det_nonpar_dt50ns_ap0.01_tau100ns,nv_charge_readout_master_v1_4,thin_all_counts,3,eta0.4,0.4,5.437,0.4,10.973359321728898,0.9249776330930898,7.504300359171423,8.16610730916909,0.11758756837904422,9.422120008455401,636.7993609310438,0.0,0.1,off,2.0,mean,0.0029796319124959503,0.99,nan,nan,nan,nan,nan,nan,nan,nan,nan,nan,nan,nan,nan,nan,nan,nan,nan,nan,nan,nan,nan
efficiency,det_nonpar_dt50ns_ap0.01_tau100ns,nv_charge_readout_master_v1_4,thin_all_counts,4,eta1,1.0,5.437,1.0,27.43339830432224,0.9249776330930897,7.504300359171423,12.911749357161563,0.11758756837904422,9.422120008455401,636.7993609310438,0.0,0.1,off,2.0,mean,0.005618310003728144,0.55,0.5010894988116873,1.596371009231857,1.596371009231857,0.47389077703107,1.0573944948897667,1.0354046343429402,1.073950672687713,0.3138928832419739,0.28924078296715433,0.3329278979527847,0.3138928832419739,0.28924078296715433,0.3329278979527847,4.974995007273436,0.10072160837932402,0.0926540766172499,0.10693036456092465,0.48036198586850065,1.043149777777921,1.0197137695973484,1.0745089790908149
efficiency,det_nonpar_dt50ns_ap0.01_tau100ns,nv_charge_readout_master_v1_4,thin_all_counts,4,eta1,1.0,5.437,1.0,27.43339830432224,0.9249776330930897,7.504300359171423,12.911749357161563,0.11758756837904422,9.422120008455401,636.7993609310438,0.0,0.1,off,2.0,mean,0.005618310003728144,0.56,0.6031826036943696,1.596371009231857,1.596371009231857,0.5678739734006578,1.0621768771727105,1.0405932333648882,1.083917906243979,0.3778461273764984,0.35498496509138294,0.40277545342342513,0.3778461273764984,0.35498496509138294,0.40277545342342513,4.974995007273436,0.12124285608578853,0.1136249507456411,0.12950881590447447,0.5859846604560496,1.0293487942584292,1.0107136246979609,1.062994274149756
efficiency,det_nonpar_dt50ns_ap0.01_tau100ns,nv_charge_readout_master_v1_4,thin_all_counts,4,eta1,1.0,5.437,1.0,27.43339830432224,0.9249776330930897,7.504300359171423,12.911749357161563,0.11758756837904422,9.422120008455401,636.7993609310438,0.0,0.1,off,2.0,mean,0.005618310003728144,0.57,0.7054021938968886,1.596371009231857,1.596371009231857,0.6757424347702282,1.04389210681544,1.0349816070028337,1.06361688084794,0.44187860454589095,0.41899832997909064,0.47390619570179937,0.44187860454589095,0.41899832997909064,0.47390619570179937,4.974995007273436,0.14178952800265962,0.13414845242453777,0.15262417803612183,0.6916073350435973,1.0199460852340754,1.005134439910551,1.053511429473767
efficiency,det_nonpar_dt50ns_ap0.01_tau100ns,nv_charge_readout_master_v1_4,thin_all_counts,4,eta1,1.0,5.437,1.0,27.43339830432224,0.9249776330930897,7.504300359171423,12.911749357161563,0.11758756837904422,9.422120008455401,636.7993609310438,0.0,0.1,off,2.0,mean,0.005618310003728144,0.58,0.8297453812608251,1.596371009231857,1.596371009231857,0.7699005672058991,1.077730575354832,1.0542193324846014,1.096689536156494,0.5197697630828829,0.4881028194366791,0.5525996398452208,0.5197697630828829,0.4881028194366791,0.5525996398452208,4.974995007273436,0.16678315858563444,0.15631580466037678,0.1779325237085278,0.7972300096311462,1.04078543360996,1.0277898967757002,1.0669367310511888
efficiency,det_nonpar_dt50ns_ap0.01_tau100ns,nv_charge_readout_master_v1_4,thin_all_counts,4,eta1,1.0,5.437,1.0,27.43339830432224,0.9249776330930897,7.504300359171423,12.911749357161563,0.11758756837904422,9.422120008455401,636.7993609310438,0.0,0.1,off,2.0,mean,0.005618310003728144,0.59,0.9520552590099707,1.596371009231857,1.596371009231857,0.877178719115836,1.0853606434611267,1.063080496494047,1.1085695686875077,0.5963872141903162,0.5615087552448873,0.6368652683992369,0.5963872141903162,0.5615087552448873,0.6368652683992369,4.974995007273436,0.19136808330823793,0.17966260435225406,0.20509654415909398,0.9061415153787773,1.050669506751383,1.0353091880642658,1.083301905515989
efficiency,det_nonpar_dt50ns_ap0.01_tau100ns,nv_charge_readout_master_v1_4,thin_all_counts,4,eta1,1.0,5.437,1.0,27.43339830432224,0.9249776330930897,7.504300359171423,12.911749357161563,0.11758756837904422,9.422120008455401,636.7993609310438,0.0,0.1,off,2.0,mean,0.005618310003728144,0.6,1.0799154213886146,1.596371009231857,1.596371009231857,0.9994050375389867,1.0805583130217984,1.0597596187715816,1.0991856275307725,0.6764814790192469,0.6425393899754882,0.7097808910849247,0.6764814790192469,0.6425393899754882,0.7097808910849247,4.974995007273436,0.2170686442518595,0.20553477155912786,0.22812835267373996,1.0155529234627407,1.063376803353996,1.0515871873371527,1.085861347932311
efficiency,det_nonpar_dt50ns_ap0.01_tau100ns,nv_charge_readout_master_v1_4,thin_all_counts,4,eta1,1.0,5.437,1.0,27.43339830432224,0.9249776330930897,7.504300359171423,12.911749357161563,0.11758756837904422,9.422120008455401,636.7993609310438,0.0,0.1,off,2.0,mean,0.005618310003728144,0.61,1.1958141440989793,1.596371009231857,1.596371009231857,1.1117368020871694,1.0756270205807377,1.0646541746305815,1.0861121506068845,0.7490828492772379,0.7138472583108549,0.7827819743925679,0.7490828492772379,0.7138472583108549,0.7827819743925679,4.974995007273436,0.24036489330154115,0.22837848317501241,0.25192583212114145,1.1249643315467044,1.0629796079444263,1.0509220707659002,1.0818244376933788
efficiency,det_nonpar_dt50ns_ap0.01_tau100ns,nv_charge_readout_master_v1_4,thin_all_counts,4,eta1,1.0,5.437,1.0,27.43339830432224,0.9249776330930897,7.504300359171423,12.911749357161563,0.11758756837904422,9.422120008455401,636.7993609310438,0.0,0.1,off,2.0,mean,0.005618310003728144,0.62,1.3228606727020502,1.596371009231857,1.596371009231857,1.2138890309171337,1.08977067838119,1.074859314471097,1.1040511086549656,0.8286674369879626,0.7875035680496705,0.8636343499082438,0.8286674369879626,0.7875035680496705,0.8636343499082438,4.974995007273436,0.2659019096035332,0.25207397102876483,0.2778599012224596,1.2343757396306678,1.071683953459631,1.0602014920822898,1.0870026093753773
efficiency,det_nonpar_dt50ns_ap0.01_tau100ns,nv_charge_readout_master_v1_4,thin_all_counts,4,eta1,1.0,5.437,1.0,27.43339830432224,0.9249776330930897,7.504300359171423,12.911749357161563,0.11758756837904422,9.422120008455401,636.7993609310438,0.0,0.1,off,2.0,mean,0.005618310003728144,0.63,1.4433699708604806,1.596371009231857,1.596371009231857,1.3254275441944048,1.0889844391590346,1.0770060065638294,1.1019759341821376,0.9041569675930173,0.8651594343013744,0.9469611538120865,0.9041569675930173,0.8651594343013744,0.9469611538120865,4.974995007273436,0.2901249084170488,0.27647016035605354,0.30436466557241193,1.3437871477146315,1.074106098808289,1.0675974338779897,1.0836555260050569
efficiency,det_nonpar_dt50ns_ap0.01_tau100ns,nv_charge_readout_master_v1_4,thin_all_counts,4,eta1,1.0,5.437,1.0,27.43339830432224,0.9249776330930897,7.504300359171423,12.911749357161563,0.11758756837904422,9.422120008455401,636.7993609310438,0.0,0.1,off,2.0,mean,0.005618310003728144,0.64,1.576557352523764,1.596371009231857,1.596371009231857,1.4472148031372534,1.089373428952028,1.0039906427198235,1.0999182362505602,0.9875883133723238,0.9436765793519777,1.0360407292197025,0.9875883133723238,0.9436765793519777,1.0360407292197025,4.974995007273436,0.31689626828144335,0.30175910484652185,0.3333037920608621,1.4616582861262617,1.0786087059390685,1.0701234808949385,1.0911308362974996
efficiency,det_nonpar_dt50ns_ap0.01_tau100ns,nv_charge_readout_master_v1_4,thin_all_counts,4,eta1,1.0,5.437,1.0,27.43339830432224,0.9249776330930897,7.504300359171423,12.911749357161563,0.11758756837904422,9.422120008455401,636.7993609310438,0.0,0.1,off,2.0,mean,0.005618310003728144,0.65,1.7238552635687647,1.596371009231857,1.596371009231857,1.596371009231857,1.0798587882138067,1.0326956913197787,1.0941028687933536,1.0798587882138067,0.9945317771294667,1.093251654414208,1.0798587882138067,0.9945317771294667,1.093251654414208,4.974995007273436,0.34650391830514216,0.3300695836947246,0.3646913123028972,1.58278316697161,1.0891291362840765,1.0751922988168419,1.1078522219449665
efficiency,det_nonpar_dt50ns_ap0.01_tau100ns,nv_charge_readout_master_v1_4,thin_all_counts,4,eta1,1.0,5.437,1.0,27.43339830432224,0.9249776330930897,7.504300359171423,12.911749357161563,0.11758756837904422,9.422120008455401,636.7993609310438,0.0,0.1,off,2.0,mean,0.005618310003728144,0.66,1.874584065879702,1.8304370406714903,1.8304370406714903,1.7711132460381742,1.0584213460505605,1.045837691596671,1.100914992243187,1.024118297558061,1.0056267017166,1.0454878202146953,1.024118297558061,1.0056267017166,1.0454878202146953,4.974995007273436,0.3768011954060381,0.36063517207418133,0.39451143387876525,1.703908047816958,1.100167387718729,1.0840657984334092,1.1208627299525031
efficiency,det_nonpar_dt50ns_ap0.01_tau100ns,nv_charge_readout_master_v1_4,thin_all_counts,4,eta1,1.0,5.437,1.0,27.43339830432224,0.9249776330930897,7.504300359171423,12.911749357161563,0.11758756837904422,9.422120008455401,636.7993609310438,0.0,0.1,off,2.0,mean,0.005618310003728144,0.67,2.0113187585983128,1.925318545504908,1.925318545504908,1.8368440841491878,1.0949861101193792,1.0796663927531198,1.1090983928748224,1.0446680437864122,1.0303254183989794,1.0602103478381053,1.0446680437864122,1.0303254183989794,1.0602103478381053,4.974995007273436,0.4042855833338059,0.3911302154569145,0.4198473084713348,1.8250329286623062,1.1020725856560563,1.0861564001905222,1.120792313623981
efficiency,det_nonpar_dt50ns_ap0.01_tau100ns,nv_charge_readout_master_v1_4,thin_all_counts,4,eta1,1.0,5.437,1.0,27.43339830432224,0.9249776330930897,7.504300359171423,12.911749357161563,0.11758756837904422,9.422120008455401,636.7993609310438,0.0,0.1,off,2.0,mean,0.005618310003728144,0.68,2.1435954053563195,2.0251182746527503,2.0251182746527503,1.9214546712168858,1.1156107075889272,1.1072075505458387,1.123711241842495,1.0585038079930835,1.0420127036528224,1.0766151603743555,1.0585038079930835,1.0420127036528224,1.0766151603743555,4.974995007273436,0.43087388072196775,0.41713278262555803,0.4475886955555668,1.9461578095076544,1.1014499414611263,1.0867176283477737,1.1201552266817438
efficiency,det_nonpar_dt50ns_ap0.01_tau100ns,nv_charge_readout_master_v1_4,thin_all_counts,4,eta1,1.0,5.437,1.0,27.43339830432224,0.9249776330930897,7.504300359171423,12.911749357161563,0.11758756837904422,9.422120008455401,636.7993609310438,0.0,0.1,off,2.0,mean,0.005618310003728144,0.69,2.286508389757623,2.130091166424115,2.130091166424115,2.034288925510082,1.123984091485087,1.114991271121616,1.1343121210488079,1.0734321731384355,1.0549805197051525,1.092459310943234,1.0734321731384355,1.0549805197051525,1.092459310943234,4.974995007273436,0.4596001375709425,0.44444584301269535,0.4785808695832594,2.067282690353001,1.1060453417559395,1.090204417192368,1.1223985976897433
efficiency,det_nonpar_dt50ns_ap0.01_tau100ns,nv_charge_readout_master_v1_4,thin_all_counts,4,eta1,1.0,5.437,1.0,27.43339830432224,0.9249776330930897,7.504300359171423,12.911749357161563,0.11758756837904422,9.422120008455401,636.7993609310438,0.0,0.1,off,2.0,mean,0.005618310003728144,0.7,2.4397172232043167,2.240505373966893,2.240505373966893,2.1537491851588144,1.1327768525769242,1.1213784001693063,1.1477409476356017,1.0889138011236776,1.0691084140416394,1.1108636476508051,1.0889138011236776,1.0691084140416394,1.1108636476508051,4.974995007273436,0.4903959138928689,0.4754074552797041,0.5112508832831141,2.1884075711983493,1.1148367677545334,1.0997271841092886,1.1326960285181285
efficiency,det_nonpar_dt50ns_ap0.01_tau100ns,nv_charge_readout_master_v1_4,thin_all_counts,4,eta1,1.0,5.437,1.0,27.43339830432224,0.9249776330930897,7.504300359171423,12.911749357161563,0.11758756837904422,9.422120008455401,636.7993609310438,0.0,0.1,off,2.0,mean,0.005618310003728144,0.71,2.6124373547175437,2.3566429502647117,2.3566429502647117,2.2802245513916644,1.145693020945294,1.132349390862861,1.1590827000515318,1.1085418579951196,1.0857488182178663,1.12985688026235,1.1085418579951196,1.0857488182178663,1.12985688026235,4.974995007273436,0.5251135631087396,0.5066496119769537,0.5474127459587217,2.3095324520436975,1.1311542093317661,1.1151247984001789,1.1446110446767594
efficiency,det_nonpar_dt50ns_ap0.01_tau100ns,nv_charge_readout_master_v1_4,thin_all_counts,4,eta1,1.0,5.437,1.0,27.43339830432224,0.9249776330930897,7.504300359171423,12.911749357161563,0.11758756837904422,9.422120008455401,636.7993609310438,0.0,0.1,off,2.0,mean,0.005618310003728144,0.72,2.7987545874097615,2.4788005686410055,2.4788005686410055,2.4141269747646676,1.1593236878862132,1.147209027861008,1.1692597639743803,1.1290761438481394,1.1067997725759784,1.1476652317805969,1.1290761438481394,1.1067997725759784,1.1476652317805969,4.974995007273436,0.5625643007315557,0.5424825312555621,0.5837999411310608,2.4306573328890457,1.151439386185794,1.1403777616880424,1.1607005595958304
efficiency,det_nonpar_dt50ns_ap0.01_tau100ns,nv_charge_readout_master_v1_4,thin_all_counts,4,eta1,1.0,5.437,1.0,27.43339830432224,0.9249776330930897,7.504300359171423,12.911749357161563,0.11758756837904422,9.422120008455401,636.7993609310438,0.0,0.1,off,2.0,mean,0.005618310003728144,0.73,2.9807973824107523,2.607290280610728,2.607290280610728,2.5558925969503585,1.1662451645923548,1.1571846345191765,1.1742650326076973,1.143254897461028,1.1235444518741764,1.1624669405430814,1.143254897461028,1.1235444518741764,1.1624669405430814,4.974995007273436,0.5991558540366032,0.5798422757355229,0.6217299800119633,2.57927413976884,1.1556729610284457,1.1448148693845628,1.1670993520604813
efficiency,det_nonpar_dt50ns_ap0.01_tau100ns,nv_charge_readout_master_v1_4,thin_all_counts,4,eta1,1.0,5.437,1.0,27.43339830432224,0.9249776330930897,7.504300359171423,12.911749357161563,0.11758756837904422,9.422120008455401,636.7993609310438,0.0,0.1,off,2.0,mean,0.005618310003728144,0.74,3.1751678013741214,2.7424403130156327,2.7424403130156327,2.7111878596220502,1.171135297801441,1.164349555012588,1.18009989430867,1.1577892092326538,1.1384379670531706,1.1766419244517161,1.1577892092326538,1.1384379670531706,1.1766419244517161,4.974995007273436,0.6382253241926937,0.6168214391628346,0.6632039520055726,2.749884487476191,1.1546549739942893,1.1407339170808437,1.1686170017773725
efficiency,det_nonpar_dt50ns_ap0.01_tau100ns,nv_charge_readout_master_v1_4,thin_all_counts,4,eta1,1.0,5.437,1.0,27.43339830432224,0.9249776330930897,7.504300359171423,12.911749357161563,0.11758756837904422,9.422120008455401,636.7993609310438,0.0,0.1,off,2.0,mean,0.005618310003728144,0.75,3.3879217790223706,2.8845959064794195,2.8845959064794195,2.8617955419128496,1.1838448028183919,1.1706716550645329,1.191931594616676,1.1744874806943923,1.1578523393324942,1.1923481198981276,1.1744874806943923,1.1578523393324942,1.1923481198981276,4.974995007273436,0.6809899857324949,0.6577474723911511,0.7068423747775677,2.9204948351835425,1.1600505976616295,1.1468630499295274,1.1757033799839696
efficiency,det_nonpar_dt50ns_ap0.01_tau100ns,nv_charge_readout_master_v1_4,thin_all_counts,4,eta1,1.0,5.437,1.0,27.43339830432224,0.9249776330930897,7.504300359171423,12.911749357161563,0.11758756837904422,9.422120008455401,636.7993609310438,0.0,0.1,off,2.0,mean,0.005618310003728144,0.76,3.61447302793998,3.034120197324561,3.034120197324561,3.331004679046549,1.0850999551806604,1.0616595644511329,1.196127741042614,1.1912754910392689,1.1754355575183315,1.2063458624816097,1.1912754910392689,1.1754355575183315,1.2063458624816097,4.974995007273436,0.7265279709136643,0.7023325324071971,0.7531759346581397,3.0911051828908938,1.1693141494976942,1.15318338386324,1.1862255411811093
efficiency,det_nonpar_dt50ns_ap0.01_tau100ns,nv_charge_readout_master_v1_4,thin_all_counts,4,eta1,1.0,5.437,1.0,27.43339830432224,0.9249776330930897,7.504300359171423,12.911749357161563,0.11758756837904422,9.422120008455401,636.7993609310438,0.0,0.1,off,2.0,mean,0.005618310003728144,0.77,3.853954887471799,3.191395145203682,3.191395145203682,3.331004679046549,1.1569947384687964,1.1201558057516725,1.1982416330270884,1.2076081814136592,1.195899525459068,1.2177506356322887,1.2076081814136592,1.195899525459068,1.2177506356322887,4.974995007273436,0.7746650764146139,0.7481870546636233,0.8044953252979836,3.261715530598245,1.1815729640790988,1.1663473910161681,1.1991124097103318
efficiency,det_nonpar_dt50ns_ap0.01_tau100ns,nv_charge_readout_master_v1_4,thin_all_counts,4,eta1,1.0,5.437,1.0,27.43339830432224,0.9249776330930897,7.504300359171423,12.911749357161563,0.11758756837904422,9.422120008455401,636.7993609310438,0.0,0.1,off,2.0,mean,0.005618310003728144,0.78,4.108818399971636,4.097028434160865,4.097028434160865,3.5001554612962305,1.1738959727377354,1.1653880016070628,1.221243972988169,1.0028776870847333,0.9993882017421224,1.2256909821682613,1.0028776870847333,0.9993882017421224,1.2256909821682613,4.974995007273436,0.8258939745596827,0.7978207065198551,0.8591900237156355,3.4323258783055963,1.1970944909228716,1.1790607171589063,1.2130800596248248
efficiency,det_nonpar_dt50ns_ap0.01_tau100ns,nv_charge_readout_master_v1_4,thin_all_counts,4,eta1,1.0,5.437,1.0,27.43339830432224,0.9249776330930897,7.504300359171423,12.911749357161563,0.11758756837904422,9.422120008455401,636.7993609310438,0.0,0.1,off,2.0,mean,0.005618310003728144,0.79,4.379039476447152,4.272882130614576,4.272882130614576,3.5740947352510775,1.2252163976676258,1.144023269301608,1.2389252052238466,1.0248444358134696,1.011068659897762,1.0435719473979612,1.0248444358134696,1.011068659897762,1.0435719473979612,4.974995007273436,0.8802098233355012,0.8494525853125018,0.913428837797741,3.6029362260129476,1.2154085450724308,1.2008665750799936,1.229558577795312
efficiency,det_nonpar_dt50ns_ap0.01_tau100ns,nv_charge_readout_master_v1_4,thin_all_counts,4,eta1,1.0,5.437,1.0,27.43339830432224,0.9249776330930897,7.504300359171423,12.911749357161563,0.11758756837904422,9.422120008455401,636.7993609310438,0.0,0.1,off,2.0,mean,0.005618310003728144,0.8,4.660389580515278,4.456283864152576,4.456283864152576,3.9165727661187577,1.1899152291593007,1.156772538632512,1.231784095755988,1.0458017762298712,1.029309129532635,1.0632304875729979,1.0458017762298712,1.029309129532635,1.0632304875729979,4.974995007273436,0.9367626648271595,0.9050088480002177,0.9707015369024821,3.7735465737202993,1.2350157840825717,1.2215619479652615,1.2467205862444681
efficiency,det_nonpar_dt50ns_ap0.01_tau100ns,nv_charge_readout_master_v1_4,thin_all_counts,4,eta1,1.0,5.437,1.0,27.43339830432224,0.9249776330930897,7.504300359171423,12.911749357161563,0.11758756837904422,9.422120008455401,636.7993609310438,0.0,0.1,off,2.0,mean,0.005618310003728144,0.81,4.944789428329297,4.6475576135423,4.6475576135423,3.9346771017766033,1.256720513634169,1.2121041076233516,1.2635339790510585,1.0639544120810698,1.0464801112486894,1.0848766955281148,1.0639544120810698,1.0464801112486894,1.0848766955281148,4.974995007273436,0.9939285207522864,0.9629517839502634,1.0017267783737311,3.982493885347369,1.241631392460504,1.22911712700814,1.2537023515861445
efficiency,det_nonpar_dt50ns_ap0.01_tau100ns,nv_charge_readout_master_v1_4,thin_all_counts,4,eta1,1.0,5.437,1.0,27.43339830432224,0.9249776330930897,7.504300359171423,12.911749357161563,0.11758756837904422,9.422120008455401,636.7993609310438,0.0,0.1,off,2.0,mean,0.005618310003728144,0.82,5.263412847296889,4.847041263450232,4.847041263450232,4.306839284197426,1.222105702111826,1.1923529181641457,1.2309619967492833,1.0859022156436677,1.061789382257408,1.1170328271825096,1.0859022156436677,1.061789382257408,1.1170328271825096,5.267867682991943,0.999154337966871,0.9892931631586129,1.0128442242742952,4.238035353123017,1.2419464229854216,1.2284528280943476,1.2599836028580513
efficiency,det_nonpar_dt50ns_ap0.01_tau100ns,nv_charge_readout_master_v1_4,thin_all_counts,4,eta1,1.0,5.437,1.0,27.43339830432224,0.9249776330930897,7.504300359171423,12.911749357161563,0.11758756837904422,9.422120008455401,636.7993609310438,0.0,0.1,off,2.0,mean,0.005618310003728144,0.83,5.661053341001723,5.055087201314455,5.055087201314455,4.516487419485893,1.2534194862533492,1.213274832714793,1.2929849768661281,1.1198725393955025,1.0913569293576302,1.151003387556669,1.1198725393955025,1.0913569293576302,1.151003387556669,5.591871239656328,1.0123719052854383,0.9984653798365433,1.0291321412922718,4.493576820898668,1.2598100726070534,1.2422793235813328,1.282762079565948
efficiency,det_nonpar_dt50ns_ap0.01_tau100ns,nv_charge_readout_master_v1_4,thin_all_counts,4,eta1,1.0,5.437,1.0,27.43339830432224,0.9249776330930897,7.504300359171423,12.911749357161563,0.11758756837904422,9.422120008455401,636.7993609310438,0.0,0.1,off,2.0,mean,0.005618310003728144,0.84,6.08391342628295,5.272062939836285,5.272062939836285,4.717253557408504,1.289715159942609,1.2711763215310936,1.3185194074325148,1.1539910459551295,1.1242469375182327,1.1822271207342587,1.1539910459551295,1.1242469375182327,1.1822271207342587,5.935802841413818,1.0249520728410606,1.00571730432407,1.042888140405986,4.749118288674318,1.281061674288435,1.2613645032144098,1.3012238403279994
efficiency,det_nonpar_dt50ns_ap0.01_tau100ns,nv_charge_readout_master_v1_4,thin_all_counts,4,eta1,1.0,5.437,1.0,27.43339830432224,0.9249776330930897,7.504300359171423,12.911749357161563,0.11758756837904422,9.422120008455401,636.7993609310438,0.0,0.1,off,2.0,mean,0.005618310003728144,0.85,6.533978476073944,5.498351766190676,5.498351766190676,5.071736755571682,1.2883118330019554,1.269285601703076,1.3368447119996127,1.1883522106117927,1.1623581997319732,1.2202533844441097,1.1883522106117927,1.1623581997319732,1.2202533844441097,6.300888175368965,1.0369932451136272,1.0168700147446914,1.0576824626952233,5.0046597564499695,1.3055789592195552,1.2860590894755122,1.3263322447354782
efficiency,det_nonpar_dt50ns_ap0.01_tau100ns,nv_charge_readout_master_v1_4,thin_all_counts,4,eta1,1.0,5.437,1.0,27.43339830432224,0.9249776330930897,7.504300359171423,12.911749357161563,0.11758756837904422,9.422120008455401,636.7993609310438,0.0,0.1,off,2.0,mean,0.005618310003728144,0.86,7.081982166297914,5.734353419102186,5.734353419102186,5.629464060318847,1.2580206730899348,1.2274060007246392,1.3228764989770567,1.2350097122905834,1.2034007330463332,1.2700367872105196,1.2350097122905834,1.2034007330463332,1.2700367872105196,6.6884283152922634,1.0588410060560622,1.0351342489130528,1.0829294856263465,5.260201224225621,1.3463329375466024,1.3235029925146733,1.3664476987084901
efficiency,det_nonpar_dt50ns_ap0.01_tau100ns,nv_charge_readout_master_v1_4,thin_all_counts,4,eta1,1.0,5.437,1.0,27.43339830432224,0.9249776330930897,7.504300359171423,12.911749357161563,0.11758756837904422,9.422120008455401,636.7993609310438,0.0,0.1,off,2.0,mean,0.005618310003728144,0.87,7.743150369703398,5.980484794982576,5.980484794982576,5.73716017617863,1.3496486296223482,1.294131604740222,1.3933939503560433,1.2947362354636598,1.2539717280093468,1.3431901293103992,1.2947362354636598,1.2539717280093468,1.3431901293103992,7.099804358325043,1.090614611179248,1.0580094729571456,1.125279471072613,5.674715132437882,1.3645002769287746,1.3459803230286256,1.3898060352454948
efficiency,det_nonpar_dt50ns_ap0.01_tau100ns,nv_charge_readout_master_v1_4,thin_all_counts,4,eta1,1.0,5.437,1.0,27.43339830432224,0.9249776330930897,7.504300359171423,12.911749357161563,0.11758756837904422,9.422120008455401,636.7993609310438,0.0,0.1,off,2.0,mean,0.005618310003728144,0.88,8.582809041146556,6.237180684377423,6.237180684377423,6.166403641967429,1.39186623832626,1.366836736810129,1.424911768153022,1.3760718945731916,1.334087861724407,1.420180555477868,1.3760718945731916,1.334087861724407,1.420180555477868,7.5364823468678575,1.1388348895574005,1.1067966959153035,1.1685792758146718,6.163848757589776,1.3924431598971705,1.3634029782933432,1.4216984551102811
efficiency,det_nonpar_dt50ns_ap0.01_tau100ns,nv_charge_readout_master_v1_4,thin_all_counts,4,eta1,1.0,5.437,1.0,27.43339830432224,0.9249776330930897,7.504300359171423,12.911749357161563,0.11758756837904422,9.422120008455401,636.7993609310438,0.0,0.1,off,2.0,mean,0.005618310003728144,0.89,9.489255212519964,6.50489454002268,6.50489454002268,6.503871331261635,1.459016442546876,1.3396465434845677,1.4651602875618333,1.458786941761377,0.7718420221622077,1.4628687321941696,1.458786941761377,0.9718437650706128,1.4628687321941696,8.000018493192751,1.1861541595928073,1.1614426382209628,1.2514849017728757,6.652982382741669,1.4263159988422331,1.3993457013396413,1.500353892027886
efficiency,det_nonpar_dt50ns_ap0.01_tau100ns,nv_charge_readout_master_v1_4,thin_all_counts,4,eta1,1.0,5.437,1.0,27.43339830432224,0.9249776330930897,7.504300359171423,12.911749357161563,0.11758756837904422,9.422120008455401,636.7993609310438,0.0,0.1,off,2.0,mean,0.005618310003728144,0.9,11.687678302070514,12.885242660695518,11.87823372839814,7.164409216078602,1.6313526976991548,1.4351749593484033,1.8906503142414222,0.9070592312337281,0.8183609320111764,1.1040184130251731,0.9839575958273955,0.9324324722859091,1.1514637229334137,8.560680144853238,1.3652744997250315,1.249800817016503,1.6454849508672964,7.142116007893563,1.6364447579895278,1.4962292285669667,1.9786871766280854
efficiency,det_nonpar_dt50ns_ap0.01_tau100ns,nv_charge_readout_master_v1_4,thin_all_counts,4,eta1,1.0,5.437,1.0,27.43339830432224,0.9249776330930897,7.504300359171423,12.911749357161563,0.11758756837904422,9.422120008455401,636.7993609310438,0.0,0.1,off,2.0,mean,0.005618310003728144,0.91,15.90425745273293,13.5217031236797,13.033771010747955,8.458681906015167,1.8802288145417834,1.4941295038552553,1.984811867933421,1.1762022363056333,1.1203872382730977,1.2082589765856369,1.2202345307139357,1.1663208478847165,1.25977037482805,9.408849845851377,1.690350862570685,1.618934121098883,1.7677471887665739,8.124903088351136,1.9574704190053955,1.867182250719057,2.0542452096443253
efficiency,det_nonpar_dt50ns_ap0.01_tau100ns,nv_charge_readout_master_v1_4,thin_all_counts,4,eta1,1.0,5.437,1.0,27.43339830432224,0.9249776330930897,7.504300359171423,12.911749357161563,0.11758756837904422,9.422120008455401,636.7993609310438,0.0,0.1,off,2.0,mean,0.005618310003728144,0.92,17.30869101226059,14.189601250013267,13.965954689010577,10.698756279749936,1.6178227225366,1.5073104977850984,1.6598383317911127,1.2198151806587523,1.1906636985042085,1.250314331668392,1.2393489308597228,1.2059661035819873,1.2768444456586008,10.62814100697856,1.6285718265212612,1.5643072643824143,1.6985044392973807,9.18731169385801,1.8839777716295356,1.8123885191673046,1.962856443089349
efficiency,det_nonpar_dt50ns_ap0.01_tau100ns,nv_charge_readout_master_v1_4,thin_all_counts,4,eta1,1.0,5.437,1.0,27.43339830432224,0.9249776330930897,7.504300359171423,12.911749357161563,0.11758756837904422,9.422120008455401,636.7993609310438,0.0,0.1,off,2.0,mean,0.005618310003728144,0.93,19.201294526547088,14.89048988819875,14.964808742968968,11.561643096144003,1.6607755806742583,1.522023971227832,1.6911829136006902,1.2895005248796283,1.251655519369208,1.3273241934373492,1.2830965538111927,1.2422413623572177,1.31992052755836,12.031305128078678,1.5959444401202225,1.5179889030332847,1.6683534856981965,10.596659108676171,1.8120139875808352,1.71923541881359,1.9241860105584023
efficiency,det_nonpar_dt50ns_ap0.01_tau100ns,nv_charge_readout_master_v1_4,thin_all_counts,4,eta1,1.0,5.437,1.0,27.43339830432224,0.9249776330930897,7.504300359171423,12.911749357161563,0.11758756837904422,9.422120008455401,636.7993609310438,0.0,0.1,off,2.0,mean,0.005618310003728144,0.94,23.76044885564963,nan,32.32133528649036,14.877955310277503,1.597023808724322,0.6880720710841374,1.697727279802295,nan,1.341388647095246,1.4435869862102242,0.7351320310575473,0.6558133071686525,0.7889771451906455,14.364082468086796,1.6541570899804483,1.5264780407109213,1.760725876313185,12.665543385268393,1.87599127276971,1.723091184185504,2.0031583320420916
efficiency,det_nonpar_dt50ns_ap0.01_tau100ns,nv_charge_readout_master_v1_4,thin_all_counts,4,eta1,1.0,5.437,1.0,27.43339830432224,0.9249776330930897,7.504300359171423,12.911749357161563,0.11758756837904422,9.422120008455401,636.7993609310438,0.0,0.1,off,2.0,mean,0.005618310003728144,0.95,nan,nan,nan,nan,nan,nan,nan,nan,nan,nan,nan,nan,nan,nan,nan,nan,nan,nan,nan,nan,nan
efficiency,det_nonpar_dt50ns_ap0.01_tau100ns,nv_charge_readout_master_v1_4,thin_all_counts,4,eta1,1.0,5.437,1.0,27.43339830432224,0.9249776330930897,7.504300359171423,12.911749357161563,0.11758756837904422,9.422120008455401,636.7993609310438,0.0,0.1,off,2.0,mean,0.005618310003728144,0.96,nan,nan,nan,nan,nan,nan,nan,nan,nan,nan,nan,nan,nan,nan,nan,nan,nan,nan,nan,nan,nan
efficiency,det_nonpar_dt50ns_ap0.01_tau100ns,nv_charge_readout_master_v1_4,thin_all_counts,4,eta1,1.0,5.437,1.0,27.43339830432224,0.9249776330930897,7.504300359171423,12.911749357161563,0.11758756837904422,9.422120008455401,636.7993609310438,0.0,0.1,off,2.0,mean,0.005618310003728144,0.97,nan,nan,nan,nan,nan,nan,nan,nan,nan,nan,nan,nan,nan,nan,nan,nan,nan,nan,nan,nan,nan
efficiency,det_nonpar_dt50ns_ap0.01_tau100ns,nv_charge_readout_master_v1_4,thin_all_counts,4,eta1,1.0,5.437,1.0,27.43339830432224,0.9249776330930897,7.504300359171423,12.911749357161563,0.11758756837904422,9.422120008455401,636.7993609310438,0.0,0.1,off,2.0,mean,0.005618310003728144,0.98,nan,nan,nan,nan,nan,nan,nan,nan,nan,nan,nan,nan,nan,nan,nan,nan,nan,nan,nan,nan,nan
efficiency,det_nonpar_dt50ns_ap0.01_tau100ns,nv_charge_readout_master_v1_4,thin_all_counts,4,eta1,1.0,5.437,1.0,27.43339830432224,0.9249776330930897,7.504300359171423,12.911749357161563,0.11758756837904422,9.422120008455401,636.7993609310438,0.0,0.1,off,2.0,mean,0.005618310003728144,0.99,nan,nan,nan,nan,nan,nan,nan,nan,nan,nan,nan,nan,nan,nan,nan,nan,nan,nan,nan,nan,nan
