experiment,detector,physics_layer,efficiency_model,point_index,point,sweep_value,power_uw,detection_efficiency,photons_per_bright_dwell,contrast,switching_ratio,snr_per_bright_dwell,p_bright_stationary,gamma_tot_khz,horizon_us,noise_sigma,noise_tau_c_ms,noise_kind,noise_photon_order,noise_renormalise,q_excess_finest_bin,target_fidelity,t_threshold_us,t_adaptive_count_us,t_fixed_count_mmpp_us,t_adaptive_mmpp_us,speedup_mmpp,speedup_mmpp_ci_low,speedup_mmpp_ci_high,speedup_count,speedup_count_ci_low,speedup_count_ci_high,speedup_fixed_count_mmpp,speedup_fixed_count_mmpp_ci_low,speedup_fixed_count_mmpp_ci_high,t_learned_us,speedup_learned,speedup_learned_ci_low,speedup_learned_ci_high,t_optimal_us,speedup_optimal,speedup_optimal_ci_low,speedup_optimal_ci_high
efficiency,ideal,nv_charge_readout_master_v1_4,thin_all_counts,0,eta0.02,0.02,5.437,0.02,0.5486679660864447,0.9249776330930898,7.504300359171423,1.8259971054859974,0.11758756837904422,9.422120008455401,636.7993609310438,0.0,0.1,off,2.0,mean,0.036322695146225416,0.55,30.060294365384102,81.23867052122841,81.23867052122841,28.611833047944206,1.0506245550577882,1.004889782772325,1.0756052157049976,0.3700244498404128,0.33431657735888043,0.4020360996039911,0.3700244498404128,0.33431657735888043,0.4020360996039911,27.840099640768035,1.079748088306584,1.0233791813002835,1.119468799061553,29.166113329741748,1.0306582171416898,0.9871945084397009,1.0543498834864677
efficiency,ideal,nv_charge_readout_master_v1_4,thin_all_counts,0,eta0.02,0.02,5.437,0.02,0.5486679660864447,0.9249776330930898,7.504300359171423,1.8259971054859974,0.11758756837904422,9.422120008455401,636.7993609310438,0.0,0.1,off,2.0,mean,0.036322695146225416,0.56,37.282025726346845,81.23867052122841,81.23867052122841,35.79647668414799,1.0414998675793339,1.0177500381941254,1.0638348580450105,0.45891969288941903,0.4241278422860941,0.5085510797828254,0.45891969288941903,0.4241278422860941,0.5085510797828254,34.98328780424383,1.065709602109615,1.027714622350761,1.1072716241825857,36.494749795816375,1.0215723065628668,1.0014796870090819,1.0546085814385513
efficiency,ideal,nv_charge_readout_master_v1_4,thin_all_counts,0,eta0.02,0.02,5.437,0.02,0.5486679660864447,0.9249776330930898,7.504300359171423,1.8259971054859974,0.11758756837904422,9.422120008455401,636.7993609310438,0.0,0.1,off,2.0,mean,0.036322695146225416,0.57,46.2365498496332,81.23867052122841,81.23867052122841,43.809299314641024,1.0554049156906053,1.0295668140631615,1.0865112022726013,0.5691445902915307,0.5219936055494302,0.6297312071777242,0.5691445902915307,0.5219936055494302,0.6297312071777242,43.95926887425429,1.0518043414664853,1.022615091853694,1.0748217407126486,44.77841829121158,1.0325632662801714,0.9965599460400502,1.0696802957431435
efficiency,ideal,nv_charge_readout_master_v1_4,thin_all_counts,0,eta0.02,0.02,5.437,0.02,0.5486679660864447,0.9249776330930898,7.504300359171423,1.8259971054859974,0.11758756837904422,9.422120008455401,636.7993609310438,0.0,0.1,off,2.0,mean,0.036322695146225416,0.58,56.13727121652911,81.23867052122841,81.23867052122841,52.44737486413026,1.0703542619999162,1.0404338089166947,1.1060965383056816,0.6910166163029455,0.647421517045593,0.7608471414642215,0.6910166163029455,0.647421517045593,0.7608471414642215,53.5762464450949,1.0478014967707519,1.027700423727797,1.0706811050449527,53.06208678660688,1.0579544570549837,1.0425162512240453,1.0748516368611276
efficiency,ideal,nv_charge_readout_master_v1_4,thin_all_counts,0,eta0.02,0.02,5.437,0.02,0.5486679660864447,0.9249776330930898,7.504300359171423,1.8259971054859974,0.11758756837904422,9.422120008455401,636.7993609310438,0.0,0.1,off,2.0,mean,0.036322695146225416,0.59,67.90276893629446,81.23867052122841,81.23867052122841,62.78865841662326,1.0814495905572215,1.0544824085208562,1.1145223932798718,0.83584293662894,0.7738015184034351,0.9231400480953288,0.83584293662894,0.7738015184034351,0.9231400480953288,64.21228114661483,1.0574732391340094,1.045017994629066,1.0767503086793626,64.5051719619554,1.052671698578572,1.0273131155145288,1.08355535966917
efficiency,ideal,nv_charge_readout_master_v1_4,thin_all_counts,0,eta0.02,0.02,5.437,0.02,0.5486679660864447,0.9249776330930898,7.504300359171423,1.8259971054859974,0.11758756837904422,9.422120008455401,636.7993609310438,0.0,0.1,off,2.0,mean,0.036322695146225416,0.6,80.94820581951677,81.23867052122841,81.23867052122841,75.16897911425663,1.076883134151333,0.8405636743587684,1.0966765071410418,0.9964245512654502,0.9257985785482198,1.0735149256378291,0.9964245512654502,0.9257985785482198,1.0735149256378291,75.8602045906971,1.0670707554279868,1.0541944037947106,1.0839143421963238,76.67735329421625,1.0556990081401607,1.033732901794533,1.083661701236046
efficiency,ideal,nv_charge_readout_master_v1_4,thin_all_counts,0,eta0.02,0.02,5.437,0.02,0.5486679660864447,0.9249776330930898,7.504300359171423,1.8259971054859974,0.11758756837904422,9.422120008455401,636.7993609310438,0.0,0.1,off,2.0,mean,0.036322695146225416,0.61,97.45546534567163,94.32333399546962,94.32333399546962,105.79651444744458,0.9211595094097694,0.8551471336957421,1.0227373950011511,1.0332063257046495,1.0090044080528797,1.0673772833642599,1.0332063257046495,1.0090044080528797,1.0673772833642599,90.98298484175689,1.071139461023092,1.0616374869482992,1.0905592942356628,90.90371170053878,1.0720735547819662,1.0556405091764371,1.0960220740354951
efficiency,ideal,nv_charge_readout_master_v1_4,thin_all_counts,0,eta0.02,0.02,5.437,0.02,0.5486679660864447,0.9249776330930898,7.504300359171423,1.8259971054859974,0.11758756837904422,9.422120008455401,636.7993609310438,0.0,0.1,off,2.0,mean,0.036322695146225416,0.62,117.07141082070667,117.78888970287484,117.95494175853071,137.29616191336717,0.8526925238782556,0.8416199261869501,1.0886913039902004,0.9939087728564381,0.9874103798717049,1.0940741960950955,0.9925095894699119,0.9866411735881578,1.0940741960950955,106.57205962351559,1.0985187978376498,1.0766180802484124,1.1171676081617778,107.48609124461687,1.0891773015940782,1.0653344629049282,1.1091859303933167
efficiency,ideal,nv_charge_readout_master_v1_4,thin_all_counts,0,eta0.02,0.02,5.437,0.02,0.5486679660864447,0.9249776330930898,7.504300359171423,1.8259971054859974,0.11758756837904422,9.422120008455401,636.7993609310438,0.0,0.1,off,2.0,mean,0.036322695146225416,0.63,140.34185679651202,132.05694612764293,134.04371680754065,137.29616191336717,1.0221833942092762,0.9268264935631145,1.1321741349478396,1.0627374092148179,1.0058165223533404,1.135506370159184,1.046985715846825,0.6110508739190303,1.0814983315863227,126.18099310117687,1.1122265988505924,1.089384536636697,1.1297676013727165,128.87885124910696,1.0889440388109022,1.065651405567629,1.1416851945555453
efficiency,ideal,nv_charge_readout_master_v1_4,thin_all_counts,0,eta0.02,0.02,5.437,0.02,0.5486679660864447,0.9249776330930898,7.504300359171423,1.8259971054859974,0.11758756837904422,9.422120008455401,636.7993609310438,0.0,0.1,off,2.0,mean,0.036322695146225416,0.64,195.12460692804447,174.22608710628307,nan,177.56334584583294,1.0989013864238562,0.892274238803438,1.1501026802497958,1.1199505778317382,0.9653724951188044,1.1589657193630758,nan,0.4249064500146942,0.8166455013092697,175.02833901642236,1.114817223453949,1.0704837834763488,1.1509791192428744,170.4966706130335,1.144448194949845,1.1126712078468337,1.2024464103818056
efficiency,ideal,nv_charge_readout_master_v1_4,thin_all_counts,0,eta0.02,0.02,5.437,0.02,0.5486679660864447,0.9249776330930898,7.504300359171423,1.8259971054859974,0.11758756837904422,9.422120008455401,636.7993609310438,0.0,0.1,off,2.0,mean,0.036322695146225416,0.65,nan,nan,nan,nan,nan,nan,nan,nan,nan,nan,nan,nan,nan,nan,nan,nan,nan,nan,nan,nan,nan
efficiency,ideal,nv_charge_readout_master_v1_4,thin_all_counts,0,eta0.02,0.02,5.437,0.02,0.5486679660864447,0.9249776330930898,7.504300359171423,1.8259971054859974,0.11758756837904422,9.422120008455401,636.7993609310438,0.0,0.1,off,2.0,mean,0.036322695146225416,0.66,nan,nan,nan,nan,nan,nan,nan,nan,nan,nan,nan,nan,nan,nan,nan,nan,nan,nan,nan,nan,nan
efficiency,ideal,nv_charge_readout_master_v1_4,thin_all_counts,0,eta0.02,0.02,5.437,0.02,0.5486679660864447,0.9249776330930898,7.504300359171423,1.8259971054859974,0.11758756837904422,9.422120008455401,636.7993609310438,0.0,0.1,off,2.0,mean,0.036322695146225416,0.67,nan,nan,nan,nan,nan,nan,nan,nan,nan,nan,nan,nan,nan,nan,nan,nan,nan,nan,nan,nan,nan
efficiency,ideal,nv_charge_readout_master_v1_4,thin_all_counts,0,eta0.02,0.02,5.437,0.02,0.5486679660864447,0.9249776330930898,7.504300359171423,1.8259971054859974,0.11758756837904422,9.422120008455401,636.7993609310438,0.0,0.1,off,2.0,mean,0.036322695146225416,0.68,nan,nan,nan,nan,nan,nan,nan,nan,nan,nan,nan,nan,nan,nan,nan,nan,nan,nan,nan,nan,nan
efficiency,ideal,nv_charge_readout_master_v1_4,thin_all_counts,0,eta0.02,0.02,5.437,0.02,0.5486679660864447,0.9249776330930898,7.504300359171423,1.8259971054859974,0.11758756837904422,9.422120008455401,636.7993609310438,0.0,0.1,off,2.0,mean,0.036322695146225416,0.69,nan,nan,nan,nan,nan,nan,nan,nan,nan,nan,nan,nan,nan,nan,nan,nan,nan,nan,nan,nan,nan
efficiency,ideal,nv_charge_readout_master_v1_4,thin_all_counts,0,eta0.02,0.02,5.437,0.02,0.5486679660864447,0.9249776330930898,7.504300359171423,1.8259971054859974,0.11758756837904422,9.422120008455401,636.7993609310438,0.0,0.1,off,2.0,mean,0.036322695146225416,0.7,nan,nan,nan,nan,nan,nan,nan,nan,nan,nan,nan,nan,nan,nan,nan,nan,nan,nan,nan,nan,nan
efficiency,ideal,nv_charge_readout_master_v1_4,thin_all_counts,0,eta0.02,0.02,5.437,0.02,0.5486679660864447,0.9249776330930898,7.504300359171423,1.8259971054859974,0.11758756837904422,9.422120008455401,636.7993609310438,0.0,0.1,off,2.0,mean,0.036322695146225416,0.71,nan,nan,nan,nan,nan,nan,nan,nan,nan,nan,nan,nan,nan,nan,nan,nan,nan,nan,nan,nan,nan
efficiency,ideal,nv_charge_readout_master_v1_4,thin_all_counts,0,eta0.02,0.02,5.437,0.02,0.5486679660864447,0.9249776330930898,7.504300359171423,1.8259971054859974,0.11758756837904422,9.422120008455401,636.7993609310438,0.0,0.1,off,2.0,mean,0.036322695146225416,0.72,nan,nan,nan,nan,nan,nan,nan,nan,nan,nan,nan,nan,nan,nan,nan,nan,nan,nan,nan,nan,nan
efficiency,ideal,nv_charge_readout_master_v1_4,thin_all_counts,0,eta0.02,0.02,5.437,0.02,0.5486679660864447,0.9249776330930898,7.504300359171423,1.8259971054859974,0.11758756837904422,9.422120008455401,636.7993609310438,0.0,0.1,off,2.0,mean,0.036322695146225416,0.73,nan,nan,nan,nan,nan,nan,nan,nan,nan,nan,nan,nan,nan,nan,nan,nan,nan,nan,nan,nan,nan
efficiency,ideal,nv_charge_readout_master_v1_4,thin_all_counts,0,eta0.02,0.02,5.437,0.02,0.5486679660864447,0.9249776330930898,7.504300359171423,1.8259971054859974,0.11758756837904422,9.422120008455401,636.7993609310438,0.0,0.1,off,2.0,mean,0.036322695146225416,0.74,nan,nan,nan,nan,nan,nan,nan,nan,nan,nan,nan,nan,nan,nan,nan,nan,nan,nan,nan,nan,nan
efficiency,ideal,nv_charge_readout_master_v1_4,thin_all_counts,0,eta0.02,0.02,5.437,0.02,0.5486679660864447,0.9249776330930898,7.504300359171423,1.8259971054859974,0.11758756837904422,9.422120008455401,636.7993609310438,0.0,0.1,off,2.0,mean,0.036322695146225416,0.75,nan,nan,nan,nan,nan,nan,nan,nan,nan,nan,nan,nan,nan,nan,nan,nan,nan,nan,nan,nan,nan
efficiency,ideal,nv_charge_readout_master_v1_4,thin_all_counts,0,eta0.02,0.02,5.437,0.02,0.5486679660864447,0.9249776330930898,7.504300359171423,1.8259971054859974,0.11758756837904422,9.422120008455401,636.7993609310438,0.0,0.1,off,2.0,mean,0.036322695146225416,0.76,nan,nan,nan,nan,nan,nan,nan,nan,nan,nan,nan,nan,nan,nan,nan,nan,nan,nan,nan,nan,nan
efficiency,ideal,nv_charge_readout_master_v1_4,thin_all_counts,0,eta0.02,0.02,5.437,0.02,0.5486679660864447,0.9249776330930898,7.504300359171423,1.8259971054859974,0.11758756837904422,9.422120008455401,636.7993609310438,0.0,0.1,off,2.0,mean,0.036322695146225416,0.77,nan,nan,nan,nan,nan,nan,nan,nan,nan,nan,nan,nan,nan,nan,nan,nan,nan,nan,nan,nan,nan
efficiency,ideal,nv_charge_readout_master_v1_4,thin_all_counts,0,eta0.02,0.02,5.437,0.02,0.5486679660864447,0.9249776330930898,7.504300359171423,1.8259971054859974,0.11758756837904422,9.422120008455401,636.7993609310438,0.0,0.1,off,2.0,mean,0.036322695146225416,0.78,nan,nan,nan,nan,nan,nan,nan,nan,nan,nan,nan,nan,nan,nan,nan,nan,nan,nan,nan,nan,nan
efficiency,ideal,nv_charge_readout_master_v1_4,thin_all_counts,0,eta0.02,0.02,5.437,0.02,0.5486679660864447,0.9249776330930898,7.504300359171423,1.8259971054859974,0.11758756837904422,9.422120008455401,636.7993609310438,0.0,0.1,off,2.0,mean,0.036322695146225416,0.79,nan,nan,nan,nan,nan,nan,nan,nan,nan,nan,nan,nan,nan,nan,nan,nan,nan,nan,nan,nan,nan
efficiency,ideal,nv_charge_readout_master_v1_4,thin_all_counts,0,eta0.02,0.02,5.437,0.02,0.5486679660864447,0.9249776330930898,7.504300359171423,1.8259971054859974,0.11758756837904422,9.422120008455401,636.7993609310438,0.0,0.1,off,2.0,mean,0.036322695146225416,0.8,nan,nan,nan,nan,nan,nan,nan,nan,nan,nan,nan,nan,nan,nan,nan,nan,nan,nan,nan,nan,nan
efficiency,ideal,nv_charge_readout_master_v1_4,thin_all_counts,0,eta0.02,0.02,5.437,0.02,0.5486679660864447,0.9249776330930898,7.504300359171423,1.8259971054859974,0.11758756837904422,9.422120008455401,636.7993609310438,0.0,0.1,off,2.0,mean,0.036322695146225416,0.81,nan,nan,nan,nan,nan,nan,nan,nan,nan,nan,nan,nan,nan,nan,nan,nan,nan,nan,nan,nan,nan
efficiency,ideal,nv_charge_readout_master_v1_4,thin_all_counts,0,eta0.02,0.02,5.437,0.02,0.5486679660864447,0.9249776330930898,7.504300359171423,1.8259971054859974,0.11758756837904422,9.422120008455401,636.7993609310438,0.0,0.1,off,2.0,mean,0.036322695146225416,0.82,nan,nan,nan,nan,nan,nan,nan,nan,nan,nan,nan,nan,nan,nan,nan,nan,nan,nan,nan,nan,nan
efficiency,ideal,nv_charge_readout_master_v1_4,thin_all_counts,0,eta0.02,0.02,5.437,0.02,0.5486679660864447,0.9249776330930898,7.504300359171423,1.8259971054859974,0.11758756837904422,9.422120008455401,636.7993609310438,0.0,0.1,off,2.0,mean,0.036322695146225416,0.83,nan,nan,nan,nan,nan,nan,nan,nan,nan,nan,nan,nan,nan,nan,nan,nan,nan,nan,nan,nan,nan
efficiency,ideal,nv_charge_readout_master_v1_4,thin_all_counts,0,eta0.02,0.02,5.437,0.02,0.5486679660864447,0.9249776330930898,7.504300359171423,1.8259971054859974,0.11758756837904422,9.422120008455401,636.7993609310438,0.0,0.1,off,2.0,mean,0.036322695146225416,0.84,nan,nan,nan,nan,nan,nan,nan,nan,nan,nan,nan,nan,nan,nan,nan,nan,nan,nan,nan,nan,nan
efficiency,ideal,nv_charge_readout_master_v1_4,thin_all_counts,0,eta0.02,0.02,5.437,0.02,0.5486679660864447,0.9249776330930898,7.504300359171423,1.8259971054859974,0.11758756837904422,9.422120008455401,636.7993609310438,0.0,0.1,off,2.0,mean,0.036322695146225416,0.85,nan,nan,nan,nan,nan,nan,nan,nan,nan,nan,nan,nan,nan,nan,nan,nan,nan,nan,nan,nan,nan
efficiency,ideal,nv_charge_readout_master_v1_4,thin_all_counts,0,eta0.02,0.02,5.437,0.02,0.5486679660864447,0.9249776330930898,7.504300359171423,1.8259971054859974,0.11758756837904422,9.422120008455401,636.7993609310438,0.0,0.1,off,2.0,mean,0.036322695146225416,0.86,nan,nan,nan,nan,nan,nan,nan,nan,nan,nan,nan,nan,nan,nan,nan,nan,nan,nan,nan,nan,nan
efficiency,ideal,nv_charge_readout_master_v1_4,thin_all_counts,0,eta0.02,0.02,5.437,0.02,0.5486679660864447,0.9249776330930898,7.504300359171423,1.8259971054859974,0.11758756837904422,9.422120008455401,636.7993609310438,0.0,0.1,off,2.0,mean,0.036322695146225416,0.87,nan,nan,nan,nan,nan,nan,nan,nan,nan,nan,nan,nan,nan,nan,nan,nan,nan,nan,nan,nan,nan
efficiency,ideal,nv_charge_readout_master_v1_4,thin_all_counts,0,eta0.02,0.02,5.437,0.02,0.5486679660864447,0.9249776330930898,7.504300359171423,1.8259971054859974,0.11758756837904422,9.422120008455401,636.7993609310438,0.0,0.1,off,2.0,mean,0.036322695146225416,0.88,nan,nan,nan,nan,nan,nan,nan,nan,nan,nan,nan,nan,nan,nan,nan,nan,nan,nan,nan,nan,nan
efficiency,ideal,nv_charge_readout_master_v1_4,thin_all_counts,0,eta0.02,0.02,5.437,0.02,0.5486679660864447,0.9249776330930898,7.504300359171423,1.8259971054859974,0.11758756837904422,9.422120008455401,636.7993609310438,0.0,0.1,off,2.0,mean,0.036322695146225416,0.89,nan,nan,nan,nan,nan,nan,nan,nan,nan,nan,nan,nan,nan,nan,nan,nan,nan,nan,nan,nan,nan
efficiency,ideal,nv_charge_readout_master_v1_4,thin_all_counts,0,eta0.02,0.02,5.437,0.02,0.5486679660864447,0.9249776330930898,7.504300359171423,1.8259971054859974,0.11758756837904422,9.422120008455401,636.7993609310438,0.0,0.1,off,2.0,mean,0.036322695146225416,0.9,nan,nan,nan,nan,nan,nan,nan,nan,nan,nan,nan,nan,nan,nan,nan,nan,nan,nan,nan,nan,nan
efficiency,ideal,nv_charge_readout_master_v1_4,thin_all_counts,0,eta0.02,0.02,5.437,0.02,0.5486679660864447,0.9249776330930898,7.504300359171423,1.8259971054859974,0.11758756837904422,9.422120008455401,636.7993609310438,0.0,0.1,off,2.0,mean,0.036322695146225416,0.91,nan,nan,nan,nan,nan,nan,nan,nan,nan,nan,nan,nan,nan,nan,nan,nan,nan,nan,nan,nan,nan
efficiency,ideal,nv_charge_readout_master_v1_4,thin_all_counts,0,eta0.02,0.02,5.437,0.02,0.5486679660864447,0.9249776330930898,7.504300359171423,1.8259971054859974,0.11758756837904422,9.422120008455401,636.7993609310438,0.0,0.1,off,2.0,mean,0.036322695146225416,0.92,nan,nan,nan,nan,nan,nan,nan,nan,nan,nan,nan,nan,nan,nan,nan,nan,nan,nan,nan,nan,nan
efficiency,ideal,nv_charge_readout_master_v1_4,thin_all_counts,0,eta0.02,0.02,5.437,0.02,0.5486679660864447,0.9249776330930898,7.504300359171423,1.8259971054859974,0.11758756837904422,9.422120008455401,636.7993609310438,0.0,0.1,off,2.0,mean,0.036322695146225416,0.93,nan,nan,nan,nan,nan,nan,nan,nan,nan,nan,nan,nan,nan,nan,nan,nan,nan,nan,nan,nan,nan
efficiency,ideal,nv_charge_readout_master_v1_4,thin_all_counts,0,eta0.02,0.02,5.437,0.02,0.5486679660864447,0.9249776330930898,7.504300359171423,1.8259971054859974,0.11758756837904422,9.422120008455401,636.7993609310438,0.0,0.1,off,2.0,mean,0.036322695146225416,0.94,nan,nan,nan,nan,nan,nan,nan,nan,nan,nan,nan,nan,nan,nan,nan,nan,nan,nan,nan,nan,nan
efficiency,ideal,nv_charge_readout_master_v1_4,thin_all_counts,0,eta0.02,0.02,5.437,0.02,0.5486679660864447,0.9249776330930898,7.504300359171423,1.8259971054859974,0.11758756837904422,9.422120008455401,636.7993609310438,0.0,0.1,off,2.0,mean,0.036322695146225416,0.95,nan,nan,nan,nan,nan,nan,nan,nan,nan,nan,nan,nan,nan,nan,nan,nan,nan,nan,nan,nan,nan
efficiency,ideal,nv_charge_readout_master_v1_4,thin_all_counts,0,eta0.02,0.02,5.437,0.02,0.5486679660864447,0.9249776330930898,7.504300359171423,1.8259971054859974,0.11758756837904422,9.422120008455401,636.7993609310438,0.0,0.1,off,2.0,mean,0.036322695146225416,0.96,nan,nan,nan,nan,nan,nan,nan,nan,nan,nan,nan,nan,nan,nan,nan,nan,nan,nan,nan,nan,nan
efficiency,ideal,nv_charge_readout_master_v1_4,thin_all_counts,0,eta0.02,0.02,5.437,0.02,0.5486679660864447,0.9249776330930898,7.504300359171423,1.8259971054859974,0.11758756837904422,9.422120008455401,636.7993609310438,0.0,0.1,off,2.0,mean,0.036322695146225416,0.97,nan,nan,nan,nan,nan,nan,nan,nan,nan,nan,nan,nan,nan,nan,nan,nan,nan,nan,nan,nan,nan
efficiency,ideal,nv_charge_readout_master_v1_4,thin_all_counts,0,eta0.02,0.02,5.437,0.02,0.5486679660864447,0.9249776330930898,7.504300359171423,1.8259971054859974,0.11758756837904422,9.422120008455401,636.7993609310438,0.0,0.1,off,2.0,mean,0.036322695146225416,0.98,nan,nan,nan,nan,nan,nan,nan,nan,nan,nan,nan,nan,nan,nan,nan,nan,nan,nan,nan,nan,nan
efficiency,ideal,nv_charge_readout_master_v1_4,thin_all_counts,0,eta0.02,0.02,5.437,0.02,0.5486679660864447,0.9249776330930898,7.504300359171423,1.8259971054859974,0.11758756837904422,9.422120008455401,636.7993609310438,0.0,0.1,off,2.0,mean,0.036322695146225416,0.99,nan,nan,nan,nan,nan,nan,nan,nan,nan,nan,nan,nan,nan,nan,nan,nan,nan,nan,nan,nan,nan
efficiency,ideal,nv_charge_readout_master_v1_4,thin_all_counts,1,eta0.05,0.05,5.437,0.05,1.3716699152161123,0.9249776330930898,7.504300359171423,2.887154927105247,0.11758756837904422,9.422120008455401,636.7993609310438,0.0,0.1,off,2.0,mean,0.014076383474191517,0.55,10.197444443765283,32.07688634150789,32.07688634150789,9.787380035938988,1.0418972601779588,1.0233519443793413,1.0649521335595358,0.3179063059674113,0.29436709451931337,0.34125520056114117,0.3179063059674113,0.29436709451931337,0.34125520056114117,10.022700271577104,1.017434839659301,1.008337904364395,1.044705899677721,10.176572350828845,1.002050994403311,0.9734575520334755,1.0403784900298134
efficiency,ideal,nv_charge_readout_master_v1_4,thin_all_counts,1,eta0.05,0.05,5.437,0.05,1.3716699152161123,0.9249776330930898,7.504300359171423,2.887154927105247,0.11758756837904422,9.422120008455401,636.7993609310438,0.0,0.1,off,2.0,mean,0.014076383474191517,0.56,12.388440167863527,32.07688634150789,32.07688634150789,11.735629642557406,1.0556263741434722,1.0339314106109256,1.0752477487842982,0.3862108072451138,0.3609181650060289,0.40805264860736296,0.3862108072451138,0.3609181650060289,0.40805264860736296,11.810298806056506,1.048952306059398,1.0266943296677273,1.0726355423928067,12.517032788959767,0.989726589099482,0.9615130287404392,1.0243026739997856
efficiency,ideal,nv_charge_readout_master_v1_4,thin_all_counts,1,eta0.05,0.05,5.437,0.05,1.3716699152161123,0.9249776330930898,7.504300359171423,2.887154927105247,0.11758756837904422,9.422120008455401,636.7993609310438,0.0,0.1,off,2.0,mean,0.014076383474191517,0.57,14.67410897210956,32.07688634150789,32.07688634150789,14.071692587960147,1.0428105134036858,1.032854021038952,1.0641068230616688,0.45746675085234445,0.42284981832408003,0.49158165695334227,0.45746675085234445,0.42284981832408003,0.49158165695334227,13.916724446394266,1.054422614217351,1.0189276714890916,1.0847046120905224,14.857493227090663,0.9876571200687659,0.9484747646519015,1.0229524300544548
efficiency,ideal,nv_charge_readout_master_v1_4,thin_all_counts,1,eta0.05,0.05,5.437,0.05,1.3716699152161123,0.9249776330930898,7.504300359171423,2.887154927105247,0.11758756837904422,9.422120008455401,636.7993609310438,0.0,0.1,off,2.0,mean,0.014076383474191517,0.58,17.301673874966763,32.07688634150789,32.07688634150789,16.211380613462378,1.06725480620688,1.043879826457884,1.0891220749815558,0.5393813380377317,0.5057842056982754,0.5743409549953667,0.5393813380377317,0.5057842056982754,0.5743409549953667,16.398841595569827,1.0550546374959093,1.0325854000285675,1.0785992282310208,17.197953665221586,1.0060309622740131,0.9762523758817914,1.035859989516069
efficiency,ideal,nv_charge_readout_master_v1_4,thin_all_counts,1,eta0.05,0.05,5.437,0.05,1.3716699152161123,0.9249776330930898,7.504300359171423,2.887154927105247,0.11758756837904422,9.422120008455401,636.7993609310438,0.0,0.1,off,2.0,mean,0.014076383474191517,0.59,20.077519410879603,32.07688634150789,32.07688634150789,18.665905822351142,1.0756252389765169,1.0473383130941325,1.1003983922214133,0.6259185881423611,0.5857971449250143,0.6702115244487834,0.6259185881423611,0.5857971449250143,0.6702115244487834,19.27588527320501,1.0415874096734186,1.032913748358969,1.0588596925722982,19.53841410335251,1.0275920709160624,1.0017387785381036,1.0478596839287346
efficiency,ideal,nv_charge_readout_master_v1_4,thin_all_counts,1,eta0.05,0.05,5.437,0.05,1.3716699152161123,0.9249776330930898,7.504300359171423,2.887154927105247,0.11758756837904422,9.422120008455401,636.7993609310438,0.0,0.1,off,2.0,mean,0.014076383474191517,0.6,23.147340072208543,32.07688634150789,32.07688634150789,21.492064647445755,1.0770179809113645,1.0591144879037104,1.0959530847602768,0.7216205409019266,0.6816968408724885,0.7655084941581602,0.7216205409019266,0.6816968408724885,0.7655084941581602,21.918496181022956,1.0560642427763598,1.0440373051739957,1.0696782408656687,22.094867327351714,1.047634264069735,1.0335172740282206,1.0585402714403689
efficiency,ideal,nv_charge_readout_master_v1_4,thin_all_counts,1,eta0.05,0.05,5.437,0.05,1.3716699152161123,0.9249776330930898,7.504300359171423,2.887154927105247,0.11758756837904422,9.422120008455401,636.7993609310438,0.0,0.1,off,2.0,mean,0.014076383474191517,0.61,26.323111770297984,32.07688634150789,32.07688634150789,32.07688634150788,0.8206255273672108,0.7896786371052706,1.0751569517324668,0.8206255273672106,0.7752284360327635,0.8686188339104723,0.8206255273672106,0.7752284360327635,0.8686188339104723,24.825406416889315,1.0603295401597028,1.0471025073960507,1.0715270367596736,25.193936574385887,1.0448193235931262,1.0255093808647502,1.0643863324014615
efficiency,ideal,nv_charge_readout_master_v1_4,thin_all_counts,1,eta0.05,0.05,5.437,0.05,1.3716699152161123,0.9249776330930898,7.504300359171423,2.887154927105247,0.11758756837904422,9.422120008455401,636.7993609310438,0.0,0.1,off,2.0,mean,0.014076383474191517,0.62,30.018864219556985,32.07688634150789,32.07688634150789,32.07688634150788,0.9358409634887851,0.8741978308159529,0.9995171531353743,0.9358409634887849,0.8741978308159529,0.9995171531353743,0.9358409634887849,0.8741978308159529,0.9995171531353743,27.971728107422457,1.0731859005733475,1.0521810493838228,1.091108125538091,28.29300582142006,1.060999471354518,1.0371943969344843,1.0808058108077072
efficiency,ideal,nv_charge_readout_master_v1_4,thin_all_counts,1,eta0.05,0.05,5.437,0.05,1.3716699152161123,0.9249776330930898,7.504300359171423,2.887154927105247,0.11758756837904422,9.422120008455401,636.7993609310438,0.0,0.1,off,2.0,mean,0.014076383474191517,0.63,33.99237111746229,32.07688634150789,32.07688634150789,32.07688634150788,1.0597154211154138,1.0022716026153806,1.086881345674553,1.0597154211154136,0.9973619399208487,1.086881345674553,1.0597154211154136,0.9973619399208487,1.086881345674553,31.51680823171821,1.0785473854948515,1.0677361946880575,1.0884718873527486,31.392075068454233,1.082832881972211,1.066331403781165,1.08988165007517
efficiency,ideal,nv_charge_readout_master_v1_4,thin_all_counts,1,eta0.05,0.05,5.437,0.05,1.3716699152161123,0.9249776330930898,7.504300359171423,2.887154927105247,0.11758756837904422,9.422120008455401,636.7993609310438,0.0,0.1,off,2.0,mean,0.014076383474191517,0.64,38.271576443038384,37.2943282581246,37.2943282581246,35.2656919699694,1.0852353748121162,1.0442820099994796,1.1083633904189236,1.0262036677038389,1.0042404533720484,1.06174965550796,1.0262036677038389,1.0042404533720484,1.06174965550796,35.44851561988298,1.0796383367198583,1.0685805408742524,1.092430356522003,35.48003884614203,1.0786791020438777,1.0629233206333193,1.1014739484866458
efficiency,ideal,nv_charge_readout_master_v1_4,thin_all_counts,1,eta0.05,0.05,5.437,0.05,1.3716699152161123,0.9249776330930898,7.504300359171423,2.887154927105247,0.11758756837904422,9.422120008455401,636.7993609310438,0.0,0.1,off,2.0,mean,0.014076383474191517,0.65,42.952057208864126,40.4439573175541,40.4439573175541,38.89318173187504,1.1043595637140333,0.9962563638573236,1.11741826762053,1.062014205771635,1.042258501050868,1.0891893810873547,1.062014205771635,1.042258501050868,1.0891893810873547,39.43957778598148,1.0890597623012874,1.0774166931547942,1.1055103192162274,39.87366093330459,1.0772037531419216,1.0581387442400818,1.100573004556574
efficiency,ideal,nv_charge_readout_master_v1_4,thin_all_counts,1,eta0.05,0.05,5.437,0.05,1.3716699152161123,0.9249776330930898,7.504300359171423,2.887154927105247,0.11758756837904422,9.422120008455401,636.7993609310438,0.0,0.1,off,2.0,mean,0.014076383474191517,0.66,48.05233381623148,43.85958294202004,43.85958294202004,46.81971836759804,1.0263268445776572,0.984772365522108,1.1181035919021252,1.095594864177209,1.074895867315512,1.1128402732228715,1.095594864177209,1.074895867315512,1.1128402732228715,43.733053247658155,1.098764669919419,1.080129664224297,1.1180963942197406,44.267283020467154,1.0855044750321428,1.0663812717988363,1.1088926224071667
efficiency,ideal,nv_charge_readout_master_v1_4,thin_all_counts,1,eta0.05,0.05,5.437,0.05,1.3716699152161123,0.9249776330930898,7.504300359171423,2.887154927105247,0.11758756837904422,9.422120008455401,636.7993609310438,0.0,0.1,off,2.0,mean,0.014076383474191517,0.67,54.60788697775481,53.774871202689035,53.83968736754318,48.10844933221105,1.13509971191676,0.8105545920059765,1.1376570834929467,1.0154908000044474,1.0021913449810231,1.1376075002263588,1.0142682776920198,1.002117778678688,1.1376075002263588,48.493925486248884,1.1260768525171183,1.09383592686003,1.1339623524400149,48.660905107629716,1.1222127261499015,1.0817417992917218,1.1343232565532957
efficiency,ideal,nv_charge_readout_master_v1_4,thin_all_counts,1,eta0.05,0.05,5.437,0.05,1.3716699152161123,0.9249776330930898,7.504300359171423,2.887154927105247,0.11758756837904422,9.422120008455401,636.7993609310438,0.0,0.1,off,2.0,mean,0.014076383474191517,0.68,60.507803151694596,57.550567716585206,57.978002821969824,67.6147452651029,0.8948906472169124,0.8483036824429449,0.9643681942822131,1.0513849915377491,1.0293102963203482,1.088352370644515,1.0436337956913229,1.0232144195925836,1.0756008945927424,53.70029892872563,1.1267684604885404,1.1136067315342213,1.1423843146992831,53.751847472935644,1.1256878785824174,1.1117267190290823,1.1403930650830452
efficiency,ideal,nv_charge_readout_master_v1_4,thin_all_counts,1,eta0.05,0.05,5.437,0.05,1.3716699152161123,0.9249776330930898,7.504300359171423,2.887154927105247,0.11758756837904422,9.422120008455401,636.7993609310438,0.0,0.1,off,2.0,mean,0.014076383474191517,0.69,68.03824850081025,61.59136731387713,62.43440435077194,67.6147452651029,1.0062634745431176,0.9414354505471856,1.0828463560296406,1.1046718309414862,1.0645111521918345,1.1450484375663497,1.0897557077433546,1.0522599561865127,1.1237780725839228,59.4627387490003,1.1442165284045906,1.1246447301065652,1.1571840955009354,59.54011011638488,1.1427296383532681,1.1183935811489019,1.1640047004410539
efficiency,ideal,nv_charge_readout_master_v1_4,thin_all_counts,1,eta0.05,0.05,5.437,0.05,1.3716699152161123,0.9249776330930898,7.504300359171423,2.887154927105247,0.11758756837904422,9.422120008455401,636.7993609310438,0.0,0.1,off,2.0,mean,0.014076383474191517,0.7,76.27973078920603,65.91588368466624,67.233341213999,67.6147452651029,1.1281523059819214,1.0051690833561402,1.1818509746305617,1.1572283723619514,1.0026877849158464,1.186530271328424,1.1345521345787801,0.9570843306123105,1.1399177072738034,66.24438077730497,1.151489830445198,1.1393685030262726,1.1766392489351292,65.3283727598342,1.1676355550693442,1.148581678906983,1.1809291892588882
efficiency,ideal,nv_charge_readout_master_v1_4,thin_all_counts,1,eta0.05,0.05,5.437,0.05,1.3716699152161123,0.9249776330930898,7.504300359171423,2.887154927105247,0.11758756837904422,9.422120008455401,636.7993609310438,0.0,0.1,off,2.0,mean,0.014076383474191517,0.71,88.14891362753112,84.79415703425212,86.39848816421689,81.15658540920857,1.0861584821868213,1.0186053184793926,1.192064779940601,1.0395635349252172,1.0062112144872264,1.1731367251305502,1.0202599084834356,0.9749441485034891,1.0813558928281586,74.4945954009051,1.1832927362467442,1.161395253883706,1.209729282350203,74.84852846218982,1.1776973500829755,1.1536725857298973,1.206457811508635
efficiency,ideal,nv_charge_readout_master_v1_4,thin_all_counts,1,eta0.05,0.05,5.437,0.05,1.3716699152161123,0.9249776330930898,7.504300359171423,2.887154927105247,0.11758756837904422,9.422120008455401,636.7993609310438,0.0,0.1,off,2.0,mean,0.014076383474191517,0.72,103.76629997536632,92.51638137413057,93.58258665554811,85.56007118815762,1.2127888457125153,0.9954390579418188,1.243161965888648,1.1215992069095502,0.9869844241553639,1.2161266221418543,1.1088206009660928,0.930153286916786,1.1756087535901385,85.94816758849588,1.2073125336677382,1.182795555546808,1.2312138940079327,86.29945896435125,1.2023980361015973,1.1815667755727486,1.2483083125170942
efficiency,ideal,nv_charge_readout_master_v1_4,thin_all_counts,1,eta0.05,0.05,5.437,0.05,1.3716699152161123,0.9249776330930898,7.504300359171423,2.887154927105247,0.11758756837904422,9.422120008455401,636.7993609310438,0.0,0.1,off,2.0,mean,0.014076383474191517,0.73,nan,nan,234.2673719654492,141.50208032089262,nan,0.9427463440790405,1.2599507248815494,nan,0.9549962922773709,1.259745501581671,nan,0.4207561844219809,1.194006244302976,124.71830895137387,nan,1.155372534467377,1.279574101194235,129.51880184107358,nan,1.180575921122776,1.3256807497679144
efficiency,ideal,nv_charge_readout_master_v1_4,thin_all_counts,1,eta0.05,0.05,5.437,0.05,1.3716699152161123,0.9249776330930898,7.504300359171423,2.887154927105247,0.11758756837904422,9.422120008455401,636.7993609310438,0.0,0.1,off,2.0,mean,0.014076383474191517,0.74,nan,nan,nan,nan,nan,nan,nan,nan,nan,nan,nan,nan,nan,nan,nan,nan,nan,nan,nan,nan,nan
efficiency,ideal,nv_charge_readout_master_v1_4,thin_all_counts,1,eta0.05,0.05,5.437,0.05,1.3716699152161123,0.9249776330930898,7.504300359171423,2.887154927105247,0.11758756837904422,9.422120008455401,636.7993609310438,0.0,0.1,off,2.0,mean,0.014076383474191517,0.75,nan,nan,nan,nan,nan,nan,nan,nan,nan,nan,nan,nan,nan,nan,nan,nan,nan,nan,nan,nan,nan
efficiency,ideal,nv_charge_readout_master_v1_4,thin_all_counts,1,eta0.05,0.05,5.437,0.05,1.3716699152161123,0.9249776330930898,7.504300359171423,2.887154927105247,0.11758756837904422,9.422120008455401,636.7993609310438,0.0,0.1,off,2.0,mean,0.014076383474191517,0.76,nan,nan,nan,nan,nan,nan,nan,nan,nan,nan,nan,nan,nan,nan,nan,nan,nan,nan,nan,nan,nan
efficiency,ideal,nv_charge_readout_master_v1_4,thin_all_counts,1,eta0.05,0.05,5.437,0.05,1.3716699152161123,0.9249776330930898,7.504300359171423,2.887154927105247,0.11758756837904422,9.422120008455401,636.7993609310438,0.0,0.1,off,2.0,mean,0.014076383474191517,0.77,nan,nan,nan,nan,nan,nan,nan,nan,nan,nan,nan,nan,nan,nan,nan,nan,nan,nan,nan,nan,nan
efficiency,ideal,nv_charge_readout_master_v1_4,thin_all_counts,1,eta0.05,0.05,5.437,0.05,1.3716699152161123,0.9249776330930898,7.504300359171423,2.887154927105247,0.11758756837904422,9.422120008455401,636.7993609310438,0.0,0.1,off,2.0,mean,0.014076383474191517,0.78,nan,nan,nan,nan,nan,nan,nan,nan,nan,nan,nan,nan,nan,nan,nan,nan,nan,nan,nan,nan,nan
efficiency,ideal,nv_charge_readout_master_v1_4,thin_all_counts,1,eta0.05,0.05,5.437,0.05,1.3716699152161123,0.9249776330930898,7.504300359171423,2.887154927105247,0.11758756837904422,9.422120008455401,636.7993609310438,0.0,0.1,off,2.0,mean,0.014076383474191517,0.79,nan,nan,nan,nan,nan,nan,nan,nan,nan,nan,nan,nan,nan,nan,nan,nan,nan,nan,nan,nan,nan
efficiency,ideal,nv_charge_readout_master_v1_4,thin_all_counts,1,eta0.05,0.05,5.437,0.05,1.3716699152161123,0.9249776330930898,7.504300359171423,2.887154927105247,0.11758756837904422,9.422120008455401,636.7993609310438,0.0,0.1,off,2.0,mean,0.014076383474191517,0.8,nan,nan,nan,nan,nan,nan,nan,nan,nan,nan,nan,nan,nan,nan,nan,nan,nan,nan,nan,nan,nan
efficiency,ideal,nv_charge_readout_master_v1_4,thin_all_counts,1,eta0.05,0.05,5.437,0.05,1.3716699152161123,0.9249776330930898,7.504300359171423,2.887154927105247,0.11758756837904422,9.422120008455401,636.7993609310438,0.0,0.1,off,2.0,mean,0.014076383474191517,0.81,nan,nan,nan,nan,nan,nan,nan,nan,nan,nan,nan,nan,nan,nan,nan,nan,nan,nan,nan,nan,nan
efficiency,ideal,nv_charge_readout_master_v1_4,thin_all_counts,1,eta0.05,0.05,5.437,0.05,1.3716699152161123,0.9249776330930898,7.504300359171423,2.887154927105247,0.11758756837904422,9.422120008455401,636.7993609310438,0.0,0.1,off,2.0,mean,0.014076383474191517,0.82,nan,nan,nan,nan,nan,nan,nan,nan,nan,nan,nan,nan,nan,nan,nan,nan,nan,nan,nan,nan,nan
efficiency,ideal,nv_charge_readout_master_v1_4,thin_all_counts,1,eta0.05,0.05,5.437,0.05,1.3716699152161123,0.9249776330930898,7.504300359171423,2.887154927105247,0.11758756837904422,9.422120008455401,636.7993609310438,0.0,0.1,off,2.0,mean,0.014076383474191517,0.83,nan,nan,nan,nan,nan,nan,nan,nan,nan,nan,nan,nan,nan,nan,nan,nan,nan,nan,nan,nan,nan
efficiency,ideal,nv_charge_readout_master_v1_4,thin_all_counts,1,eta0.05,0.05,5.437,0.05,1.3716699152161123,0.9249776330930898,7.504300359171423,2.887154927105247,0.11758756837904422,9.422120008455401,636.7993609310438,0.0,0.1,off,2.0,mean,0.014076383474191517,0.84,nan,nan,nan,nan,nan,nan,nan,nan,nan,nan,nan,nan,nan,nan,nan,nan,nan,nan,nan,nan,nan
efficiency,ideal,nv_charge_readout_master_v1_4,thin_all_counts,1,eta0.05,0.05,5.437,0.05,1.3716699152161123,0.9249776330930898,7.504300359171423,2.887154927105247,0.11758756837904422,9.422120008455401,636.7993609310438,0.0,0.1,off,2.0,mean,0.014076383474191517,0.85,nan,nan,nan,nan,nan,nan,nan,nan,nan,nan,nan,nan,nan,nan,nan,nan,nan,nan,nan,nan,nan
efficiency,ideal,nv_charge_readout_master_v1_4,thin_all_counts,1,eta0.05,0.05,5.437,0.05,1.3716699152161123,0.9249776330930898,7.504300359171423,2.887154927105247,0.11758756837904422,9.422120008455401,636.7993609310438,0.0,0.1,off,2.0,mean,0.014076383474191517,0.86,nan,nan,nan,nan,nan,nan,nan,nan,nan,nan,nan,nan,nan,nan,nan,nan,nan,nan,nan,nan,nan
efficiency,ideal,nv_charge_readout_master_v1_4,thin_all_counts,1,eta0.05,0.05,5.437,0.05,1.3716699152161123,0.9249776330930898,7.504300359171423,2.887154927105247,0.11758756837904422,9.422120008455401,636.7993609310438,0.0,0.1,off,2.0,mean,0.014076383474191517,0.87,nan,nan,nan,nan,nan,nan,nan,nan,nan,nan,nan,nan,nan,nan,nan,nan,nan,nan,nan,nan,nan
efficiency,ideal,nv_charge_readout_master_v1_4,thin_all_counts,1,eta0.05,0.05,5.437,0.05,1.3716699152161123,0.9249776330930898,7.504300359171423,2.887154927105247,0.11758756837904422,9.422120008455401,636.7993609310438,0.0,0.1,off,2.0,mean,0.014076383474191517,0.88,nan,nan,nan,nan,nan,nan,nan,nan,nan,nan,nan,nan,nan,nan,nan,nan,nan,nan,nan,nan,nan
efficiency,ideal,nv_charge_readout_master_v1_4,thin_all_counts,1,eta0.05,0.05,5.437,0.05,1.3716699152161123,0.9249776330930898,7.504300359171423,2.887154927105247,0.11758756837904422,9.422120008455401,636.7993609310438,0.0,0.1,off,2.0,mean,0.014076383474191517,0.89,nan,nan,nan,nan,nan,nan,nan,nan,nan,nan,nan,nan,nan,nan,nan,nan,nan,nan,nan,nan,nan
efficiency,ideal,nv_charge_readout_master_v1_4,thin_all_counts,1,eta0.05,0.05,5.437,0.05,1.3716699152161123,0.9249776330930898,7.504300359171423,2.887154927105247,0.11758756837904422,9.422120008455401,636.7993609310438,0.0,0.1,off,2.0,mean,0.014076383474191517,0.9,nan,nan,nan,nan,nan,nan,nan,nan,nan,nan,nan,nan,nan,nan,nan,nan,nan,nan,nan,nan,nan
efficiency,ideal,nv_charge_readout_master_v1_4,thin_all_counts,1,eta0.05,0.05,5.437,0.05,1.3716699152161123,0.9249776330930898,7.504300359171423,2.887154927105247,0.11758756837904422,9.422120008455401,636.7993609310438,0.0,0.1,off,2.0,mean,0.014076383474191517,0.91,nan,nan,nan,nan,nan,nan,nan,nan,nan,nan,nan,nan,nan,nan,nan,nan,nan,nan,nan,nan,nan
efficiency,ideal,nv_charge_readout_master_v1_4,thin_all_counts,1,eta0.05,0.05,5.437,0.05,1.3716699152161123,0.9249776330930898,7.504300359171423,2.887154927105247,0.11758756837904422,9.422120008455401,636.7993609310438,0.0,0.1,off,2.0,mean,0.014076383474191517,0.92,nan,nan,nan,nan,nan,nan,nan,nan,nan,nan,nan,nan,nan,nan,nan,nan,nan,nan,nan,nan,nan
efficiency,ideal,nv_charge_readout_master_v1_4,thin_all_counts,1,eta0.05,0.05,5.437,0.05,1.3716699152161123,0.9249776330930898,7.504300359171423,2.887154927105247,0.11758756837904422,9.422120008455401,636.7993609310438,0.0,0.1,off,2.0,mean,0.014076383474191517,0.93,nan,nan,nan,nan,nan,nan,nan,nan,nan,nan,nan,nan,nan,nan,nan,nan,nan,nan,nan,nan,nan
efficiency,ideal,nv_charge_readout_master_v1_4,thin_all_counts,1,eta0.05,0.05,5.437,0.05,1.3716699152161123,0.9249776330930898,7.504300359171423,2.887154927105247,0.11758756837904422,9.422120008455401,636.7993609310438,0.0,0.1,off,2.0,mean,0.014076383474191517,0.94,nan,nan,nan,nan,nan,nan,nan,nan,nan,nan,nan,nan,nan,nan,nan,nan,nan,nan,nan,nan,nan
efficiency,ideal,nv_charge_readout_master_v1_4,thin_all_counts,1,eta0.05,0.05,5.437,0.05,1.3716699152161123,0.9249776330930898,7.504300359171423,2.887154927105247,0.11758756837904422,9.422120008455401,636.7993609310438,0.0,0.1,off,2.0,mean,0.014076383474191517,0.95,nan,nan,nan,nan,nan,nan,nan,nan,nan,nan,nan,nan,nan,nan,nan,nan,nan,nan,nan,nan,nan
efficiency,ideal,nv_charge_readout_master_v1_4,thin_all_counts,1,eta0.05,0.05,5.437,0.05,1.3716699152161123,0.9249776330930898,7.504300359171423,2.887154927105247,0.11758756837904422,9.422120008455401,636.7993609310438,0.0,0.1,off,2.0,mean,0.014076383474191517,0.96,nan,nan,nan,nan,nan,nan,nan,nan,nan,nan,nan,nan,nan,nan,nan,nan,nan,nan,nan,nan,nan
efficiency,ideal,nv_charge_readout_master_v1_4,thin_all_counts,1,eta0.05,0.05,5.437,0.05,1.3716699152161123,0.9249776330930898,7.504300359171423,2.887154927105247,0.11758756837904422,9.422120008455401,636.7993609310438,0.0,0.1,off,2.0,mean,0.014076383474191517,0.97,nan,nan,nan,nan,nan,nan,nan,nan,nan,nan,nan,nan,nan,nan,nan,nan,nan,nan,nan,nan,nan
efficiency,ideal,nv_charge_readout_master_v1_4,thin_all_counts,1,eta0.05,0.05,5.437,0.05,1.3716699152161123,0.9249776330930898,7.504300359171423,2.887154927105247,0.11758756837904422,9.422120008455401,636.7993609310438,0.0,0.1,off,2.0,mean,0.014076383474191517,0.98,nan,nan,nan,nan,nan,nan,nan,nan,nan,nan,nan,nan,nan,nan,nan,nan,nan,nan,nan,nan,nan
efficiency,ideal,nv_charge_readout_master_v1_4,thin_all_counts,1,eta0.05,0.05,5.437,0.05,1.3716699152161123,0.9249776330930898,7.504300359171423,2.887154927105247,0.11758756837904422,9.422120008455401,636.7993609310438,0.0,0.1,off,2.0,mean,0.014076383474191517,0.99,nan,nan,nan,nan,nan,nan,nan,nan,nan,nan,nan,nan,nan,nan,nan,nan,nan,nan,nan,nan,nan
efficiency,ideal,nv_charge_readout_master_v1_4,thin_all_counts,2,eta0.15,0.15,5.437,0.15,4.115009745648336,0.9249776330930897,7.504300359171423,5.000699023069105,0.11758756837904422,9.422120008455401,636.7993609310438,0.0,0.1,off,2.0,mean,0.011856852715145805,0.55,3.1637712903627397,10.639267709302054,10.639267709302054,3.01869927544886,1.0480577896890073,1.0297062252723779,1.0688340892616255,0.29736739189264055,0.27618373204920565,0.31887046129485,0.29736739189264055,0.27618373204920565,0.31887046129485,4.9756859788022245,0.6358462539318731,0.5883978932510556,0.6831691305529284,3.0379937624962983,1.0414015095814717,1.016279912858434,1.0678671579869634
efficiency,ideal,nv_charge_readout_master_v1_4,thin_all_counts,2,eta0.15,0.15,5.437,0.15,4.115009745648336,0.9249776330930897,7.504300359171423,5.000699023069105,0.11758756837904422,9.422120008455401,636.7993609310438,0.0,0.1,off,2.0,mean,0.011856852715145805,0.56,3.8106692184195707,10.639267709302054,10.639267709302054,3.6111353146023,1.0552551722474697,1.0345163933548924,1.0762766395944472,0.35817025405685127,0.33791310431032695,0.3808263591426122,0.35817025405685127,0.33791310431032695,0.3808263591426122,4.9756859788022245,0.7658580615123338,0.7218745874870188,0.8153602347862448,3.703633718497856,1.0289001310759012,1.0103594480675462,1.044909466147785
efficiency,ideal,nv_charge_readout_master_v1_4,thin_all_counts,2,eta0.15,0.15,5.437,0.15,4.115009745648336,0.9249776330930897,7.504300359171423,5.000699023069105,0.11758756837904422,9.422120008455401,636.7993609310438,0.0,0.1,off,2.0,mean,0.011856852715145805,0.57,4.50872028899755,10.639267709302054,10.639267709302054,4.319840126648198,1.0437238779241365,1.0341055391754754,1.0647475759650438,0.42378107330220816,0.3978395227866325,0.46126372164431345,0.42378107330220816,0.3978395227866325,0.46126372164431345,4.9756859788022245,0.9061504902451489,0.8486951005145215,0.9889633997635746,4.430765513266034,1.017593974562209,0.9973755411256446,1.0465436975031799
efficiency,ideal,nv_charge_readout_master_v1_4,thin_all_counts,2,eta0.15,0.15,5.437,0.15,4.115009745648336,0.9249776330930897,7.504300359171423,5.000699023069105,0.11758756837904422,9.422120008455401,636.7993609310438,0.0,0.1,off,2.0,mean,0.011856852715145805,0.58,5.357628118691088,10.639267709302054,10.639267709302054,4.98786300665912,1.0741329726855584,1.0551622234856037,1.0961182622911558,0.5035711352583827,0.47472294341963045,0.5396564242681142,0.5035711352583827,0.47472294341963045,0.5396564242681142,5.271607024692339,1.0163178123095715,1.0003065142202117,1.039430144436751,5.1578973080342205,1.038723301130047,1.0225450292001443,1.0541360236384656
efficiency,ideal,nv_charge_readout_master_v1_4,thin_all_counts,2,eta0.15,0.15,5.437,0.15,4.115009745648336,0.9249776330930897,7.504300359171423,5.000699023069105,0.11758756837904422,9.422120008455401,636.7993609310438,0.0,0.1,off,2.0,mean,0.011856852715145805,0.59,6.206811788351416,10.639267709302054,10.639267709302054,5.707996049478907,1.0873889425550753,1.0626718090338807,1.1105849285162246,0.5833871238078461,0.5489601429524124,0.6259285234088743,0.5833871238078461,0.5489601429524124,0.6259285234088743,5.936860914066708,1.0454703046259834,1.0189560437320915,1.0751757281632843,5.923565178579811,1.047816914515578,1.0324990812318877,1.0632931288259813
efficiency,ideal,nv_charge_readout_master_v1_4,thin_all_counts,2,eta0.15,0.15,5.437,0.15,4.115009745648336,0.9249776330930897,7.504300359171423,5.000699023069105,0.11758756837904422,9.422120008455401,636.7993609310438,0.0,0.1,off,2.0,mean,0.011856852715145805,0.6,7.069269883101031,10.639267709302054,10.639267709302054,6.532099790505228,1.0822354388058506,1.0618996106160081,1.098835161307611,0.6644507945711596,0.634170675420134,0.7059129745423548,0.6644507945711596,0.634170675420134,0.7059129745423548,6.6860669522364535,1.0573136544402084,1.0334953918175593,1.081898515956879,6.744751124397935,1.048114267334373,1.0274269753095797,1.0659861033193165
efficiency,ideal,nv_charge_readout_master_v1_4,thin_all_counts,2,eta0.15,0.15,5.437,0.15,4.115009745648336,0.9249776330930897,7.504300359171423,5.000699023069105,0.11758756837904422,9.422120008455401,636.7993609310438,0.0,0.1,off,2.0,mean,0.011856852715145805,0.61,7.913795058320728,10.639267709302054,10.639267709302054,7.40721836746647,1.0683895985946916,1.0601111917389034,1.0867587581478901,0.7438289245604368,0.7104085094239551,0.7913322042483774,0.7438289245604368,0.7104085094239551,0.7913322042483774,7.529819535416213,1.050993987451957,1.0298545307275597,1.0759264594421942,7.565937070216059,1.0459768545358434,1.0272845074963122,1.0658747723256614
efficiency,ideal,nv_charge_readout_master_v1_4,thin_all_counts,2,eta0.15,0.15,5.437,0.15,4.115009745648336,0.9249776330930897,7.504300359171423,5.000699023069105,0.11758756837904422,9.422120008455401,636.7993609310438,0.0,0.1,off,2.0,mean,0.011856852715145805,0.62,8.933524888389401,10.639267709302054,10.639267709302054,8.172540019897195,1.0931148537222801,1.0748957128473389,1.114277973598338,0.8396747908297016,0.7962097260596291,0.8975975761915458,0.8396747908297016,0.7962097260596291,0.8975975761915458,8.480050026566127,1.0534754937061264,1.0357463984768656,1.0721964737700957,8.387123016034183,1.0651477117136148,1.0483884510505737,1.0780428009244596
efficiency,ideal,nv_charge_readout_master_v1_4,thin_all_counts,2,eta0.15,0.15,5.437,0.15,4.115009745648336,0.9249776330930897,7.504300359171423,5.000699023069105,0.11758756837904422,9.422120008455401,636.7993609310438,0.0,0.1,off,2.0,mean,0.011856852715145805,0.63,9.953792216337472,10.639267709302054,10.639267709302054,9.01693551660013,1.1038996783344623,1.0859976574294858,1.118949474240375,0.9355711772939729,0.8937427734604405,0.9884010567684091,0.9355711772939729,0.8937427734604405,0.9884010567684091,9.547320368470427,1.0425744431086024,1.0371906807508506,1.0593297988949457,9.262756702355002,1.0746036559296412,1.0629802445250478,1.0849052023149715
efficiency,ideal,nv_charge_readout_master_v1_4,thin_all_counts,2,eta0.15,0.15,5.437,0.15,4.115009745648336,0.9249776330930897,7.504300359171423,5.000699023069105,0.11758756837904422,9.422120008455401,636.7993609310438,0.0,0.1,off,2.0,mean,0.011856852715145805,0.64,10.926506251244545,10.639267709302054,10.639267709302054,9.948574850973637,1.0982986422598209,1.0465285730115954,1.1122647879365362,1.0269979616822082,0.9873944864666504,1.0733415962094779,1.0269979616822082,0.9873944864666504,1.0733415962094779,10.295920731031494,1.0612461514308762,1.0495138928325738,1.0791575914364488,10.200964657611754,1.0711248022108777,1.0547138199232653,1.089577720109642
efficiency,ideal,nv_charge_readout_master_v1_4,thin_all_counts,2,eta0.15,0.15,5.437,0.15,4.115009745648336,0.9249776330930897,7.504300359171423,5.000699023069105,0.11758756837904422,9.422120008455401,636.7993609310438,0.0,0.1,off,2.0,mean,0.011856852715145805,0.65,11.897864915593516,11.865413547097607,11.865413547097607,11.621798994525724,1.0237541469438447,1.0057324753113255,1.0963416068333978,1.0027349546956033,0.9957601755913023,1.0951684308234704,1.0027349546956033,0.9957601755913023,1.0951684308234704,11.10321845381494,1.0715690198372658,1.0553608608950877,1.0927390823932281,11.139172612868506,1.0681102923073955,1.050429448617284,1.0891783270851512
efficiency,ideal,nv_charge_readout_master_v1_4,thin_all_counts,2,eta0.15,0.15,5.437,0.15,4.115009745648336,0.9249776330930897,7.504300359171423,5.000699023069105,0.11758756837904422,9.422120008455401,636.7993609310438,0.0,0.1,off,2.0,mean,0.011856852715145805,0.66,12.936307859417862,12.587483128385024,12.587483128385024,11.742179812261332,1.1016956022006754,1.0674111551513614,1.11049959317461,1.0277120316647124,1.0091551021444998,1.0496839504351312,1.0277120316647124,1.0091551021444998,1.0496839504351312,11.973815965926311,1.0803830538426928,1.0604723204927906,1.1058100486903153,12.077380568125257,1.0711186739912375,1.0523396375760865,1.0935691531278882
efficiency,ideal,nv_charge_readout_master_v1_4,thin_all_counts,2,eta0.15,0.15,5.437,0.15,4.115009745648336,0.9249776330930897,7.504300359171423,5.000699023069105,0.11758756837904422,9.422120008455401,636.7993609310438,0.0,0.1,off,2.0,mean,0.011856852715145805,0.67,14.113616329443351,13.353494244297513,13.353494244297513,12.693637057659059,1.1118654381982278,0.8375811811538213,1.1209333192842408,1.0569230847926145,1.0338622228386014,1.0851125123768777,1.0569230847926145,1.0338622228386014,1.0851125123768777,12.912676570513737,1.0930047114842152,1.0687541116736847,1.120074194591609,13.015588523382009,1.0843625168457636,1.063691125724469,1.1084985891940662
efficiency,ideal,nv_charge_readout_master_v1_4,thin_all_counts,2,eta0.15,0.15,5.437,0.15,4.115009745648336,0.9249776330930897,7.504300359171423,5.000699023069105,0.11758756837904422,9.422120008455401,636.7993609310438,0.0,0.1,off,2.0,mean,0.011856852715145805,0.68,15.442985186943108,14.166120956331701,14.166120956331701,17.75909635527713,0.8695816993162613,0.8401171155133139,1.120841339068149,1.0901350648174932,1.0665984390537293,1.1190507587761234,1.0901350648174932,1.0665984390537293,1.1190507587761234,13.925152740711535,1.1089993391450597,1.0888573606563035,1.1331995058646744,13.953796478638761,1.1067228342182056,1.0885890987520537,1.1262180428035586
efficiency,ideal,nv_charge_readout_master_v1_4,thin_all_counts,2,eta0.15,0.15,5.437,0.15,4.115009745648336,0.9249776330930897,7.504300359171423,5.000699023069105,0.11758756837904422,9.422120008455401,636.7993609310438,0.0,0.1,off,2.0,mean,0.011856852715145805,0.69,16.823998277247835,15.028200055960502,15.028200055960502,17.75909635527713,0.9473454020788941,0.9068218128492073,0.9928352020754071,1.1194952299410654,1.0964727579086888,1.141393560987079,1.1194952299410654,1.0964727579086888,1.141393560987079,15.017016634253933,1.1203289366326041,1.1006492824671243,1.1401926765656467,14.892004433895503,1.1297336333687187,1.1134392017644936,1.1404043568371207
efficiency,ideal,nv_charge_readout_master_v1_4,thin_all_counts,2,eta0.15,0.15,5.437,0.15,4.115009745648336,0.9249776330930897,7.504300359171423,5.000699023069105,0.11758756837904422,9.422120008455401,636.7993609310438,0.0,0.1,off,2.0,mean,0.011856852715145805,0.7,18.15839401124648,15.942740967563646,15.942740967563646,17.75909635527713,1.022484120136591,0.9820444505076205,1.0687270567601652,1.1389756659906034,1.1202296298289145,1.1553106060860125,1.1389756659906034,1.1202296298289145,1.1553106060860125,16.194493000723565,1.1212696816402445,1.1060308724665076,1.134983532438862,15.962297562015754,1.1375802224396947,1.1254933372575258,1.148371853823669
efficiency,ideal,nv_charge_readout_master_v1_4,thin_all_counts,2,eta0.15,0.15,5.437,0.15,4.115009745648336,0.9249776330930897,7.504300359171423,5.000699023069105,0.11758756837904422,9.422120008455401,636.7993609310438,0.0,0.1,off,2.0,mean,0.011856852715145805,0.71,19.53357603099032,16.912936254000865,16.912936254000865,17.75909635527713,1.0999194801477556,1.0582131900726501,1.1475677959204946,1.1549488354731738,1.140473600474278,1.16642450327036,1.1549488354731738,1.140473600474278,1.16642450327036,17.4642946690399,1.1184863975994845,1.1133080234451118,1.125560803976442,17.20241448381766,1.1355136250998714,1.119301191080115,1.1513791870887191
efficiency,ideal,nv_charge_readout_master_v1_4,thin_all_counts,2,eta0.15,0.15,5.437,0.15,4.115009745648336,0.9249776330930897,7.504300359171423,5.000699023069105,0.11758756837904422,9.422120008455401,636.7993609310438,0.0,0.1,off,2.0,mean,0.011856852715145805,0.72,21.026194225484254,20.86936444911833,20.86936444911833,18.657756459385116,1.126941187771147,1.1150036172662914,1.1699863593125823,1.007514832411322,1.0008247506075618,1.1742991328831907,1.007514832411322,1.0008247506075618,1.1742991328831907,18.687599489745562,1.1251415269800675,1.117448431943314,1.1346268388901835,18.44253140561956,1.1400926349556022,1.1248827301254247,1.1555926118187345
efficiency,ideal,nv_charge_readout_master_v1_4,thin_all_counts,2,eta0.15,0.15,5.437,0.15,4.115009745648336,0.9249776330930897,7.504300359171423,5.000699023069105,0.11758756837904422,9.422120008455401,636.7993609310438,0.0,0.1,off,2.0,mean,0.011856852715145805,0.73,22.657674069459418,21.89614112967511,21.89614112967511,20.385847271401527,1.1114413724292413,1.0910696862712332,1.1730486405271183,1.0347793218574128,1.014320854956703,1.0555355917486984,1.0347793218574128,1.014320854956703,1.0555355917486984,19.946663905663748,1.1359129615166321,1.124457821518538,1.1465618460887774,19.682648327421465,1.151149667084851,1.1339922730650602,1.1683628827067842
efficiency,ideal,nv_charge_readout_master_v1_4,thin_all_counts,2,eta0.15,0.15,5.437,0.15,4.115009745648336,0.9249776330930897,7.504300359171423,5.000699023069105,0.11758756837904422,9.422120008455401,636.7993609310438,0.0,0.1,off,2.0,mean,0.011856852715145805,0.74,24.513376104710982,22.973435417239322,22.973435417239322,20.78673649429634,1.1792796869021356,1.1442862723553708,1.197847071405932,1.067031362941743,1.039223145279712,1.0956139361935446,1.067031362941743,1.039223145279712,1.0956139361935446,21.290556937707905,1.1513731733947792,1.1376197364211142,1.1639032826190403,20.922765249223367,1.1716126340241233,1.150107715201142,1.192063841695162
efficiency,ideal,nv_charge_readout_master_v1_4,thin_all_counts,2,eta0.15,0.15,5.437,0.15,4.115009745648336,0.9249776330930897,7.504300359171423,5.000699023069105,0.11758756837904422,9.422120008455401,636.7993609310438,0.0,0.1,off,2.0,mean,0.011856852715145805,0.75,26.629664351483736,24.103732787636492,24.103732787636492,22.010868636581993,1.209841591949957,1.193182951236093,1.2175295836907951,1.1047942070260117,1.0778000261657468,1.1283136806503926,1.1047942070260117,1.0778000261657468,1.1283136806503926,22.819815852224895,1.1669535163618503,1.1541012407281714,1.1795278064526669,22.162882171025274,1.201543379872232,1.1819194112287863,1.2115885510577693
efficiency,ideal,nv_charge_readout_master_v1_4,thin_all_counts,2,eta0.15,0.15,5.437,0.15,4.115009745648336,0.9249776330930897,7.504300359171423,5.000699023069105,0.11758756837904422,9.422120008455401,636.7993609310438,0.0,0.1,off,2.0,mean,0.011856852715145805,0.76,28.739693494622514,25.28964100257318,25.28964100257318,23.665861564340712,1.214394558021372,1.200821833006822,1.233682829317743,1.1364215684872039,1.1124331748539726,1.1689140981936375,1.1364215684872039,1.1124331748539726,1.1689140981936375,24.482432331775968,1.173890449492676,1.1585026639255138,1.1953040265985546,23.88753743940681,1.2031250005373595,1.189998638304043,1.221129018036437
efficiency,ideal,nv_charge_readout_master_v1_4,thin_all_counts,2,eta0.15,0.15,5.437,0.15,4.115009745648336,0.9249776330930897,7.504300359171423,5.000699023069105,0.11758756837904422,9.422120008455401,636.7993609310438,0.0,0.1,off,2.0,mean,0.011856852715145805,0.77,31.456057830793725,26.53389612612545,26.53389612612545,25.47746163873913,1.2346621604941987,1.2145331329083517,1.2499936099681974,1.1855046722603955,1.1537008433964022,1.2098497371967432,1.1855046722603955,1.1537008433964022,1.2098497371967432,26.26618447587296,1.197587638192672,1.1759137382901077,1.2131424288163357,25.761959105822044,1.221027395532386,1.1995872875841764,1.2378479613818845
efficiency,ideal,nv_charge_readout_master_v1_4,thin_all_counts,2,eta0.15,0.15,5.437,0.15,4.115009745648336,0.9249776330930897,7.504300359171423,5.000699023069105,0.11758756837904422,9.422120008455401,636.7993609310438,0.0,0.1,off,2.0,mean,0.011856852715145805,0.78,34.184020658207224,27.839368837239682,27.839368837239682,27.427738043202186,1.2463302881325113,1.2305243469250537,1.2612594868147957,1.2279021431147008,1.1995909873779536,1.2555553808192192,1.2279021431147008,1.1995909873779536,1.2555553808192192,28.17989804163153,1.2130640291070434,1.2012688397724787,1.2251465514988913,27.636380772237278,1.236921033182012,1.2209387332438568,1.2572677671895796
efficiency,ideal,nv_charge_readout_master_v1_4,thin_all_counts,2,eta0.15,0.15,5.437,0.15,4.115009745648336,0.9249776330930897,7.504300359171423,5.000699023069105,0.11758756837904422,9.422120008455401,636.7993609310438,0.0,0.1,off,2.0,mean,0.011856852715145805,0.79,37.45589660093897,37.28413475756718,37.28413475756718,31.885636178051413,1.1746949752478788,1.1512138454480945,1.2708541469189396,1.0046068346359287,0.995674983315536,1.2706906688526527,1.0046068346359287,0.995674983315536,1.2706906688526527,30.48269528751492,1.2287593419037366,1.2165484030804443,1.2595783168257113,29.65641878472049,1.2629945939472944,1.247306815767166,1.2764629031167087
efficiency,ideal,nv_charge_readout_master_v1_4,thin_all_counts,2,eta0.15,0.15,5.437,0.15,4.115009745648336,0.9249776330930897,7.504300359171423,5.000699023069105,0.11758756837904422,9.422120008455401,636.7993609310438,0.0,0.1,off,2.0,mean,0.011856852715145805,0.8,42.55803999652676,39.77849165990989,39.77849165990989,37.110678277073696,1.1467869080371496,1.1386949851598565,1.2979554939497977,1.069875659448852,1.026632255466208,1.1336219676551937,1.069875659448852,1.026632255466208,1.1336219676551937,33.511081441951184,1.269969161402534,1.2480477902188674,1.2918678514712383,33.27823660395117,1.2788550217674028,1.2558207878579495,1.3109019799385457
efficiency,ideal,nv_charge_readout_master_v1_4,thin_all_counts,2,eta0.15,0.15,5.437,0.15,4.115009745648336,0.9249776330930897,7.504300359171423,5.000699023069105,0.11758756837904422,9.422120008455401,636.7993609310438,0.0,0.1,off,2.0,mean,0.011856852715145805,0.81,49.47107574384425,42.43972426948628,42.43972426948628,39.50542125314268,1.2522604284319283,1.1694610894019792,1.3352225377497475,1.1656785381005277,1.0947666661527171,1.2520463194367795,1.1656785381005277,1.0947666661527171,1.2520463194367795,37.943021552289196,1.3038254129463114,1.2777087724695728,1.3308843473788685,37.52863451781124,1.3182221090502262,1.2885984888360764,1.3454822816550018
efficiency,ideal,nv_charge_readout_master_v1_4,thin_all_counts,2,eta0.15,0.15,5.437,0.15,4.115009745648336,0.9249776330930897,7.504300359171423,5.000699023069105,0.11758756837904422,9.422120008455401,636.7993609310438,0.0,0.1,off,2.0,mean,0.011856852715145805,0.82,60.82786303716216,45.27899678723265,45.27899678723265,44.807135651609194,1.357548572399709,1.2858479825734561,1.416040071755126,1.3434012975816159,1.1979795223635543,1.4109330930931738,1.3434012975816159,0.9464966564280304,1.4107104054203203,44.80391492230756,1.3576461597751224,1.314254383227578,1.414165526223263,45.161457608594326,1.346897692371791,1.2930766377285068,1.4110172817242748
efficiency,ideal,nv_charge_readout_master_v1_4,thin_all_counts,2,eta0.15,0.15,5.437,0.15,4.115009745648336,0.9249776330930897,7.504300359171423,5.000699023069105,0.11758756837904422,9.422120008455401,636.7993609310438,0.0,0.1,off,2.0,mean,0.011856852715145805,0.83,nan,nan,nan,nan,nan,nan,nan,nan,nan,nan,nan,nan,nan,nan,nan,nan,nan,nan,nan,nan,nan
efficiency,ideal,nv_charge_readout_master_v1_4,thin_all_counts,2,eta0.15,0.15,5.437,0.15,4.115009745648336,0.9249776330930897,7.504300359171423,5.000699023069105,0.11758756837904422,9.422120008455401,636.7993609310438,0.0,0.1,off,2.0,mean,0.011856852715145805,0.84,nan,nan,nan,nan,nan,nan,nan,nan,nan,nan,nan,nan,nan,nan,nan,nan,nan,nan,nan,nan,nan
efficiency,ideal,nv_charge_readout_master_v1_4,thin_all_counts,2,eta0.15,0.15,5.437,0.15,4.115009745648336,0.9249776330930897,7.504300359171423,5.000699023069105,0.11758756837904422,9.422120008455401,636.7993609310438,0.0,0.1,off,2.0,mean,0.011856852715145805,0.85,nan,nan,nan,nan,nan,nan,nan,nan,nan,nan,nan,nan,nan,nan,nan,nan,nan,nan,nan,nan,nan
efficiency,ideal,nv_charge_readout_master_v1_4,thin_all_counts,2,eta0.15,0.15,5.437,0.15,4.115009745648336,0.9249776330930897,7.504300359171423,5.000699023069105,0.11758756837904422,9.422120008455401,636.7993609310438,0.0,0.1,off,2.0,mean,0.011856852715145805,0.86,nan,nan,nan,nan,nan,nan,nan,nan,nan,nan,nan,nan,nan,nan,nan,nan,nan,nan,nan,nan,nan
efficiency,ideal,nv_charge_readout_master_v1_4,thin_all_counts,2,eta0.15,0.15,5.437,0.15,4.115009745648336,0.9249776330930897,7.504300359171423,5.000699023069105,0.11758756837904422,9.422120008455401,636.7993609310438,0.0,0.1,off,2.0,mean,0.011856852715145805,0.87,nan,nan,nan,nan,nan,nan,nan,nan,nan,nan,nan,nan,nan,nan,nan,nan,nan,nan,nan,nan,nan
efficiency,ideal,nv_charge_readout_master_v1_4,thin_all_counts,2,eta0.15,0.15,5.437,0.15,4.115009745648336,0.9249776330930897,7.504300359171423,5.000699023069105,0.11758756837904422,9.422120008455401,636.7993609310438,0.0,0.1,off,2.0,mean,0.011856852715145805,0.88,nan,nan,nan,nan,nan,nan,nan,nan,nan,nan,nan,nan,nan,nan,nan,nan,nan,nan,nan,nan,nan
efficiency,ideal,nv_charge_readout_master_v1_4,thin_all_counts,2,eta0.15,0.15,5.437,0.15,4.115009745648336,0.9249776330930897,7.504300359171423,5.000699023069105,0.11758756837904422,9.422120008455401,636.7993609310438,0.0,0.1,off,2.0,mean,0.011856852715145805,0.89,nan,nan,nan,nan,nan,nan,nan,nan,nan,nan,nan,nan,nan,nan,nan,nan,nan,nan,nan,nan,nan
efficiency,ideal,nv_charge_readout_master_v1_4,thin_all_counts,2,eta0.15,0.15,5.437,0.15,4.115009745648336,0.9249776330930897,7.504300359171423,5.000699023069105,0.11758756837904422,9.422120008455401,636.7993609310438,0.0,0.1,off,2.0,mean,0.011856852715145805,0.9,nan,nan,nan,nan,nan,nan,nan,nan,nan,nan,nan,nan,nan,nan,nan,nan,nan,nan,nan,nan,nan
efficiency,ideal,nv_charge_readout_master_v1_4,thin_all_counts,2,eta0.15,0.15,5.437,0.15,4.115009745648336,0.9249776330930897,7.504300359171423,5.000699023069105,0.11758756837904422,9.422120008455401,636.7993609310438,0.0,0.1,off,2.0,mean,0.011856852715145805,0.91,nan,nan,nan,nan,nan,nan,nan,nan,nan,nan,nan,nan,nan,nan,nan,nan,nan,nan,nan,nan,nan
efficiency,ideal,nv_charge_readout_master_v1_4,thin_all_counts,2,eta0.15,0.15,5.437,0.15,4.115009745648336,0.9249776330930897,7.504300359171423,5.000699023069105,0.11758756837904422,9.422120008455401,636.7993609310438,0.0,0.1,off,2.0,mean,0.011856852715145805,0.92,nan,nan,nan,nan,nan,nan,nan,nan,nan,nan,nan,nan,nan,nan,nan,nan,nan,nan,nan,nan,nan
efficiency,ideal,nv_charge_readout_master_v1_4,thin_all_counts,2,eta0.15,0.15,5.437,0.15,4.115009745648336,0.9249776330930897,7.504300359171423,5.000699023069105,0.11758756837904422,9.422120008455401,636.7993609310438,0.0,0.1,off,2.0,mean,0.011856852715145805,0.93,nan,nan,nan,nan,nan,nan,nan,nan,nan,nan,nan,nan,nan,nan,nan,nan,nan,nan,nan,nan,nan
efficiency,ideal,nv_charge_readout_master_v1_4,thin_all_counts,2,eta0.15,0.15,5.437,0.15,4.115009745648336,0.9249776330930897,7.504300359171423,5.000699023069105,0.11758756837904422,9.422120008455401,636.7993609310438,0.0,0.1,off,2.0,mean,0.011856852715145805,0.94,nan,nan,nan,nan,nan,nan,nan,nan,nan,nan,nan,nan,nan,nan,nan,nan,nan,nan,nan,nan,nan
efficiency,ideal,nv_charge_readout_master_v1_4,thin_all_counts,2,eta0.15,0.15,5.437,0.15,4.115009745648336,0.9249776330930897,7.504300359171423,5.000699023069105,0.11758756837904422,9.422120008455401,636.7993609310438,0.0,0.1,off,2.0,mean,0.011856852715145805,0.95,nan,nan,nan,nan,nan,nan,nan,nan,nan,nan,nan,nan,nan,nan,nan,nan,nan,nan,nan,nan,nan
efficiency,ideal,nv_charge_readout_master_v1_4,thin_all_counts,2,eta0.15,0.15,5.437,0.15,4.115009745648336,0.9249776330930897,7.504300359171423,5.000699023069105,0.11758756837904422,9.422120008455401,636.7993609310438,0.0,0.1,off,2.0,mean,0.011856852715145805,0.96,nan,nan,nan,nan,nan,nan,nan,nan,nan,nan,nan,nan,nan,nan,nan,nan,nan,nan,nan,nan,nan
efficiency,ideal,nv_charge_readout_master_v1_4,thin_all_counts,2,eta0.15,0.15,5.437,0.15,4.115009745648336,0.9249776330930897,7.504300359171423,5.000699023069105,0.11758756837904422,9.422120008455401,636.7993609310438,0.0,0.1,off,2.0,mean,0.011856852715145805,0.97,nan,nan,nan,nan,nan,nan,nan,nan,nan,nan,nan,nan,nan,nan,nan,nan,nan,nan,nan,nan,nan
efficiency,ideal,nv_charge_readout_master_v1_4,thin_all_counts,2,eta0.15,0.15,5.437,0.15,4.115009745648336,0.9249776330930897,7.504300359171423,5.000699023069105,0.11758756837904422,9.422120008455401,636.7993609310438,0.0,0.1,off,2.0,mean,0.011856852715145805,0.98,nan,nan,nan,nan,nan,nan,nan,nan,nan,nan,nan,nan,nan,nan,nan,nan,nan,nan,nan,nan,nan
efficiency,ideal,nv_charge_readout_master_v1_4,thin_all_counts,2,eta0.15,0.15,5.437,0.15,4.115009745648336,0.9249776330930897,7.504300359171423,5.000699023069105,0.11758756837904422,9.422120008455401,636.7993609310438,0.0,0.1,off,2.0,mean,0.011856852715145805,0.99,nan,nan,nan,nan,nan,nan,nan,nan,nan,nan,nan,nan,nan,nan,nan,nan,nan,nan,nan,nan,nan
efficiency,ideal,nv_charge_readout_master_v1_4,thin_all_counts,3,eta0.4,0.4,5.437,0.4,10.973359321728898,0.9249776330930898,7.504300359171423,8.16610730916909,0.11758756837904422,9.422120008455401,636.7993609310438,0.0,0.1,off,2.0,mean,0.011057726932944267,0.55,1.1968537690238972,3.9890079285278244,3.9890079285278244,1.147477505623973,1.0430302669620304,1.0266987566616943,1.0726846922789701,0.3000379519089113,0.27792807534069547,0.32691204811567043,0.3000379519089113,0.27792807534069547,0.32691204811567043,4.974995007273436,0.24057386334541012,0.22214853982896965,0.26275876065415327,1.168361092262034,1.0243868757275194,1.0001241067227626,1.071596811386612
efficiency,ideal,nv_charge_readout_master_v1_4,thin_all_counts,3,eta0.4,0.4,5.437,0.4,10.973359321728898,0.9249776330930898,7.504300359171423,8.16610730916909,0.11758756837904422,9.422120008455401,636.7993609310438,0.0,0.1,off,2.0,mean,0.011057726932944267,0.56,1.4714889981554957,3.9890079285278244,3.9890079285278244,1.392811083343955,1.05648857605487,1.031885513123991,1.078983824306689,0.36888595473375274,0.3472372533970854,0.3928610440898408,0.36888595473375274,0.3472372533970854,0.3928610440898408,4.974995007273436,0.29577697987720203,0.27776004917948444,0.3166329689374589,1.4312999459171407,1.0280787072989113,1.0053867748518168,1.0663858133403892
efficiency,ideal,nv_charge_readout_master_v1_4,thin_all_counts,3,eta0.4,0.4,5.437,0.4,10.973359321728898,0.9249776330930898,7.504300359171423,8.16610730916909,0.11758756837904422,9.422120008455401,636.7993609310438,0.0,0.1,off,2.0,mean,0.011057726932944267,0.57,1.7472456461413135,3.9890079285278244,3.9890079285278244,1.679443827730171,1.0403715904584787,1.0307685952041852,1.063637352068806,0.4380150848148724,0.4111719968325639,0.4692327509964415,0.4380150848148724,0.4111719968325639,0.4692327509964415,4.974995007273436,0.35120550746017687,0.3289907477483741,0.3768823889602815,1.6942387995722443,1.03128652618654,1.0178651309864013,1.0684169218560775
efficiency,ideal,nv_charge_readout_master_v1_4,thin_all_counts,3,eta0.4,0.4,5.437,0.4,10.973359321728898,0.9249776330930898,7.504300359171423,8.16610730916909,0.11758756837904422,9.422120008455401,636.7993609310438,0.0,0.1,off,2.0,mean,0.011057726932944267,0.58,2.038115845187598,3.9890079285278244,3.9890079285278244,1.9043400739145337,1.0702478370882973,1.051211510609746,1.0927442328181027,0.5109330143497061,0.4809058961801455,0.5431901084891206,0.5109330143497061,0.4809058961801455,0.5431901084891206,4.974995007273436,0.40967193780252553,0.38425424962541593,0.4364427826090572,1.9609176047355847,1.0393684264272913,1.0273020090139875,1.063116460593501
efficiency,ideal,nv_charge_readout_master_v1_4,thin_all_counts,3,eta0.4,0.4,5.437,0.4,10.973359321728898,0.9249776330930898,7.504300359171423,8.16610730916909,0.11758756837904422,9.422120008455401,636.7993609310438,0.0,0.1,off,2.0,mean,0.011057726932944267,0.59,2.316291513689029,3.9890079285278244,3.9890079285278244,2.159352433965102,1.07267877038291,1.0538557931832486,1.0903325275485336,0.5806685660170837,0.5505538899376389,0.6148887697739721,0.5806685660170837,0.5505538899376389,0.6148887697739721,4.974995007273436,0.46558670115298895,0.44004240643886766,0.4945673966533407,2.2292963878572127,1.0390235799535994,1.0264066966334526,1.0575689412087694
efficiency,ideal,nv_charge_readout_master_v1_4,thin_all_counts,3,eta0.4,0.4,5.437,0.4,10.973359321728898,0.9249776330930898,7.504300359171423,8.16610730916909,0.11758756837904422,9.422120008455401,636.7993609310438,0.0,0.1,off,2.0,mean,0.011057726932944267,0.6,2.6140807309854814,3.9890079285278244,3.9890079285278244,2.448513791177129,1.0676193617552614,1.050135377004373,1.0836736682778492,0.6553210166093174,0.6213057891128637,0.6925216254818707,0.6553210166093174,0.6213057891128637,0.6925216254818707,4.974995007273436,0.5254438903282714,0.49640282899205307,0.5571490341995471,2.4978316495894504,1.0465399985684136,1.0386538916078527,1.0590889366702818
efficiency,ideal,nv_charge_readout_master_v1_4,thin_all_counts,3,eta0.4,0.4,5.437,0.4,10.973359321728898,0.9249776330930898,7.504300359171423,8.16610730916909,0.11758756837904422,9.422120008455401,636.7993609310438,0.0,0.1,off,2.0,mean,0.011057726932944267,0.61,2.917917173658059,3.9890079285278244,3.9890079285278244,2.7382740650932327,1.0656045027979002,1.0548569310879063,1.075461095522955,0.7314894394644486,0.6956015044740242,0.7703659658604488,0.7314894394644486,0.6956015044740242,0.7703659658604488,4.974995007273436,0.5865166034120775,0.5551009756160532,0.6196676423112075,2.788743352638763,1.0463197235045203,1.0293010448777997,1.0614238793107362
efficiency,ideal,nv_charge_readout_master_v1_4,thin_all_counts,3,eta0.4,0.4,5.437,0.4,10.973359321728898,0.9249776330930898,7.504300359171423,8.16610730916909,0.11758756837904422,9.422120008455401,636.7993609310438,0.0,0.1,off,2.0,mean,0.011057726932944267,0.62,3.2213940675991735,3.9890079285278244,3.9890079285278244,2.9883236576284435,1.077993697026679,1.0643274909255405,1.0935972726678342,0.8075677274444664,0.7734472962107463,0.8507078263441313,0.8075677274444664,0.7734472962107463,0.8507078263441313,4.974995007273436,0.6475170453215531,0.6178458954451943,0.6843521472003492,3.0796550556880753,1.0460243142001597,1.0267344877598834,1.0673503164253466
efficiency,ideal,nv_charge_readout_master_v1_4,thin_all_counts,3,eta0.4,0.4,5.437,0.4,10.973359321728898,0.9249776330930898,7.504300359171423,8.16610730916909,0.11758756837904422,9.422120008455401,636.7993609310438,0.0,0.1,off,2.0,mean,0.011057726932944267,0.63,3.5477626974247953,3.9890079285278244,3.9890079285278244,3.261206902764055,1.0878680204000146,1.0727690166820019,1.1033737059232451,0.8893847194568314,0.8492032938650715,0.9336295942170953,0.8893847194568314,0.8492032938650715,0.9336295942170953,4.974995007273436,0.7131188457954171,0.6789984796388411,0.7497971713328796,3.370566758737388,1.052571555875008,1.0284714793090874,1.0728987869195599
efficiency,ideal,nv_charge_readout_master_v1_4,thin_all_counts,3,eta0.4,0.4,5.437,0.4,10.973359321728898,0.9249776330930898,7.504300359171423,8.16610730916909,0.11758756837904422,9.422120008455401,636.7993609310438,0.0,0.1,off,2.0,mean,0.011057726932944267,0.64,3.8724660842821907,3.9890079285278244,3.9890079285278244,3.559008889644943,1.0880742938151298,1.0162946779327289,1.0967585946895033,0.9707842535453058,0.9289308275866006,1.016452038153258,0.9707842535453058,0.9289308275866006,1.016452038153258,4.974995007273436,0.7783859237286973,0.7416990619991418,0.8164096112196932,3.6614784617867007,1.0576236142578683,1.0351446477752404,1.0775095070554557
efficiency,ideal,nv_charge_readout_master_v1_4,thin_all_counts,3,eta0.4,0.4,5.437,0.4,10.973359321728898,0.9249776330930898,7.504300359171423,8.16610730916909,0.11758756837904422,9.422120008455401,636.7993609310438,0.0,0.1,off,2.0,mean,0.011057726932944267,0.65,4.21656258175842,3.9890079285278244,3.9890079285278244,3.9890079285278244,1.0570454251552657,1.0180238669341142,1.0925414927037778,1.0570454251552657,1.0003290220677532,1.0894886421284826,1.0570454251552657,1.0003290220677532,1.0894886421284826,4.974995007273436,0.8475511182611865,0.8099960391083575,0.8903798931290869,3.9523901648360136,1.0668386484898984,1.0440925537153072,1.0872882055784532
efficiency,ideal,nv_charge_readout_master_v1_4,thin_all_counts,3,eta0.4,0.4,5.437,0.4,10.973359321728898,0.9249776330930898,7.504300359171423,8.16610730916909,0.11758756837904422,9.422120008455401,636.7993609310438,0.0,0.1,off,2.0,mean,0.011057726932944267,0.66,4.585848383136095,4.51779083162947,4.51779083162947,4.192951521430495,1.0937041269610377,1.053213399713836,1.1036664106297382,1.0150643431807749,1.001279789020612,1.0861339330425084,1.0150643431807749,1.001279789020612,1.0861339330425084,4.974995007273436,0.9217794945385052,0.880186587694176,0.9669216140365718,4.243301867885326,1.0807264073864908,1.0616190136062686,1.0994722138544084
efficiency,ideal,nv_charge_readout_master_v1_4,thin_all_counts,3,eta0.4,0.4,5.437,0.4,10.973359321728898,0.9249776330930898,7.504300359171423,8.16610730916909,0.11758756837904422,9.422120008455401,636.7993609310438,0.0,0.1,off,2.0,mean,0.011057726932944267,0.67,4.9810373548057925,4.768402208496626,4.768402208496626,4.565921970037461,1.0909160050242657,1.067679885103205,1.1083850874320913,1.0445925358247423,1.0228698809795769,1.0645992417224424,1.0445925358247423,1.0228698809795769,1.0645992417224424,4.979532529963153,1.0003022020307297,0.9563024692715989,1.0096575174482916,4.534213570934639,1.0985449354956276,1.078190749347851,1.113779530979029
efficiency,ideal,nv_charge_readout_master_v1_4,thin_all_counts,3,eta0.4,0.4,5.437,0.4,10.973359321728898,0.9249776330930898,7.504300359171423,8.16610730916909,0.11758756837904422,9.422120008455401,636.7993609310438,0.0,0.1,off,2.0,mean,0.011057726932944267,0.68,5.367283809605866,5.032915526501814,5.032915526501814,4.794095494673109,1.119561305270128,1.1038221053935637,1.1311014946009632,1.0664362994656615,1.045769409459583,1.0896886011953264,1.0664362994656615,1.045769409459583,1.0896886011953264,5.2908292828439585,1.0144503862579386,1.0040082709312894,1.0298737101670477,4.825125273983952,1.1123615460400826,1.0985176074156282,1.1232483296802913
efficiency,ideal,nv_charge_readout_master_v1_4,thin_all_counts,3,eta0.4,0.4,5.437,0.4,10.973359321728898,0.9249776330930898,7.504300359171423,8.16610730916909,0.11758756837904422,9.422120008455401,636.7993609310438,0.0,0.1,off,2.0,mean,0.011057726932944267,0.69,5.754558223635041,5.312101955612736,5.312101955612736,5.095932724982332,1.1292453284212054,1.118957796560002,1.1407239864555867,1.083292126491437,1.0640744714210255,1.104712230581977,1.083292126491437,1.0640744714210255,1.104712230581977,5.621586832048717,1.0236537112311872,1.0105927332745612,1.0383617660868698,5.116036977033261,1.1248077856880645,1.1110542318568515,1.1319712581993422
efficiency,ideal,nv_charge_readout_master_v1_4,thin_all_counts,3,eta0.4,0.4,5.437,0.4,10.973359321728898,0.9249776330930898,7.504300359171423,8.16610730916909,0.11758756837904422,9.422120008455401,636.7993609310438,0.0,0.1,off,2.0,mean,0.011057726932944267,0.7,6.149543640146196,5.606775444220146,5.606775444220146,5.416773688884677,1.1352779335723728,1.1219913992517254,1.1495456463602456,1.0968057667594968,1.077823177324804,1.1180183580346406,1.0968057667594968,1.077823177324804,1.1180183580346406,5.973021774249448,1.029553193101984,1.013265695592098,1.0472636426040387,5.512550765963122,1.1155531987326346,1.1008269940535946,1.1305713435226008
efficiency,ideal,nv_charge_readout_master_v1_4,thin_all_counts,3,eta0.4,0.4,5.437,0.4,10.973359321728898,0.9249776330930898,7.504300359171423,8.16610730916909,0.11758756837904422,9.422120008455401,636.7993609310438,0.0,0.1,off,2.0,mean,0.011057726932944267,0.71,6.557534067695762,5.91779509214709,5.91779509214709,5.757814865323804,1.1388928301929666,1.1256812038016655,1.1516270438459224,1.1081042796492913,1.0905859619798002,1.1282122759103657,1.1081042796492913,1.0905859619798002,1.1282122759103657,6.346426761971046,1.033263963115388,1.0163541835232655,1.0503428758149234,5.912863191075738,1.1090285460338443,1.0950296208869965,1.1248793926597624
efficiency,ideal,nv_charge_readout_master_v1_4,thin_all_counts,3,eta0.4,0.4,5.437,0.4,10.973359321728898,0.9249776330930898,7.504300359171423,8.16610730916909,0.11758756837904422,9.422120008455401,636.7993609310438,0.0,0.1,off,2.0,mean,0.011057726932944267,0.72,7.022955735652035,6.246067655294015,6.246067655294015,6.120328063801743,1.1474802759657314,1.1319255820227905,1.160232889324794,1.1243803498829457,1.1014309401688815,1.150626824269748,1.1243803498829457,1.1014309401688815,1.150626824269748,6.743175258242452,1.041490909948929,1.020294644786271,1.0642693443910158,6.313175616188355,1.1124283819451577,1.0942529125259663,1.1327589480141367
efficiency,ideal,nv_charge_readout_master_v1_4,thin_all_counts,3,eta0.4,0.4,5.437,0.4,10.973359321728898,0.9249776330930898,7.504300359171423,8.16610730916909,0.11758756837904422,9.422120008455401,636.7993609310438,0.0,0.1,off,2.0,mean,0.011057726932944267,0.73,7.599163188910289,6.59255018922179,6.59255018922179,6.505665167206212,1.1680839689100797,1.1571232178372415,1.175319407203848,1.1526894708111919,1.129986521664456,1.1722211301291603,1.1526894708111919,1.129986521664456,1.1722211301291603,7.164726588486015,1.0606354750678735,1.0375207027486142,1.0809372006136775,6.71348804130097,1.1319247375076413,1.1105904654366614,1.1520545345251911
efficiency,ideal,nv_charge_readout_master_v1_4,thin_all_counts,3,eta0.4,0.4,5.437,0.4,10.973359321728898,0.9249776330930898,7.504300359171423,8.16610730916909,0.11758756837904422,9.422120008455401,636.7993609310438,0.0,0.1,off,2.0,mean,0.011057726932944267,0.74,8.150240419230814,6.958252839379855,6.958252839379855,6.885403504369108,1.1836982994619136,1.123529988936027,1.189971641476531,1.171305585951831,1.1558538789271504,1.1867312867644795,1.171305585951831,1.1558538789271504,1.1867312867644795,7.612631308227038,1.07062066836506,1.052841374306438,1.089181745457951,7.113800466413586,1.145694268163772,1.1290064816213345,1.163662420869334
efficiency,ideal,nv_charge_readout_master_v1_4,thin_all_counts,3,eta0.4,0.4,5.437,0.4,10.973359321728898,0.9249776330930898,7.504300359171423,8.16610730916909,0.11758756837904422,9.422120008455401,636.7993609310438,0.0,0.1,off,2.0,mean,0.011057726932944267,0.75,8.742844286294247,7.34424178611421,7.34424178611421,7.469199834891498,1.1705195308141398,1.0174479126982612,1.1955011873240828,1.190435247219717,0.99942262590762,1.2001431388285255,1.190435247219717,0.9993801364769498,1.2001431388285255,8.088536906367064,1.0808931686288197,1.0634281127748226,1.0959083403643466,7.514112891526201,1.16352314804236,1.1468557865134816,1.1811313889944344
efficiency,ideal,nv_charge_readout_master_v1_4,thin_all_counts,3,eta0.4,0.4,5.437,0.4,10.973359321728898,0.9249776330930898,7.504300359171423,8.16610730916909,0.11758756837904422,9.422120008455401,636.7993609310438,0.0,0.1,off,2.0,mean,0.011057726932944267,0.76,9.391658333522969,9.196254869794643,9.199707183665243,8.980629149571367,1.045768417457837,1.0173339434774533,1.2022223585236358,1.0212481566132028,1.0030428754115943,1.03932669278448,1.0208649195051065,1.0028874814461044,1.0383671147978946,8.594193864998733,1.0927910727929981,1.081548776550011,1.1024042861490813,7.914425316638818,1.186650698917899,1.1731802139930256,1.1983636834818934
efficiency,ideal,nv_charge_readout_master_v1_4,thin_all_counts,3,eta0.4,0.4,5.437,0.4,10.973359321728898,0.9249776330930898,7.504300359171423,8.16610730916909,0.11758756837904422,9.422120008455401,636.7993609310438,0.0,0.1,off,2.0,mean,0.011057726932944267,0.77,10.024064817240054,9.600326806911333,9.609175414434583,9.084624742995045,1.103409893179065,1.070637768015249,1.1382802916263046,1.0441378735173545,1.0267987606005031,1.0622950978667174,1.043176379336591,1.026201914062712,1.060918736344488,9.12791373120342,1.0981769890060613,1.0907857529307101,1.1078604948510222,8.377997103631067,1.1964750874520562,1.1845096409726055,1.2081604070578746
efficiency,ideal,nv_charge_readout_master_v1_4,thin_all_counts,3,eta0.4,0.4,5.437,0.4,10.973359321728898,0.9249776330930898,7.504300359171423,8.16610730916909,0.11758756837904422,9.422120008455401,636.7993609310438,0.0,0.1,off,2.0,mean,0.011057726932944267,0.78,10.701493373117259,10.022153159567502,10.036868598309725,9.189824604323722,1.1644937562880484,1.1297931478723697,1.202625398683519,1.067783858691207,1.0484367866840498,1.0903635198126878,1.066218339743878,1.047540113844002,1.0887147392573848,9.681053639405196,1.105405854746897,1.0923575990577081,1.119958488458839,8.953489300102671,1.1952316035039594,1.1817606013065616,1.2123779608072502
efficiency,ideal,nv_charge_readout_master_v1_4,thin_all_counts,3,eta0.4,0.4,5.437,0.4,10.973359321728898,0.9249776330930898,7.504300359171423,8.16610730916909,0.11758756837904422,9.422120008455401,636.7993609310438,0.0,0.1,off,2.0,mean,0.011057726932944267,0.79,11.484444141583856,10.462514034576293,10.483597906685043,9.296242678967387,1.2353855786883923,1.1986381439984635,1.251572687090966,1.0976753869701212,1.075061450360267,1.123204143450935,1.0954678197129828,1.0734922991115692,1.1205239938955347,10.267713119226007,1.118500683475423,1.1029761503377424,1.1355161440668398,9.528981496574273,1.2052121358103784,1.1879178428089154,1.2236746767944242
efficiency,ideal,nv_charge_readout_master_v1_4,thin_all_counts,3,eta0.4,0.4,5.437,0.4,10.973359321728898,0.9249776330930898,7.504300359171423,8.16610730916909,0.11758756837904422,9.422120008455401,636.7993609310438,0.0,0.1,off,2.0,mean,0.011057726932944267,0.8,12.372850781615545,10.92222381566854,10.950210615247059,9.818584404644353,1.2601460935410385,1.2502819432972836,1.269163113822298,1.1328142501407086,1.1068701279200315,1.161086476778153,1.1299189774841047,1.1041400160268269,1.1577568095884332,10.889923413873703,1.1361742696787565,1.11713731964732,1.1543125912512568,10.104473693045877,1.2244923543252744,1.2051455206869237,1.2437718034602867
efficiency,ideal,nv_charge_readout_master_v1_4,thin_all_counts,3,eta0.4,0.4,5.437,0.4,10.973359321728898,0.9249776330930898,7.504300359171423,8.16610730916909,0.11758756837904422,9.422120008455401,636.7993609310438,0.0,0.1,off,2.0,mean,0.011057726932944267,0.81,13.375772104153402,11.402132669577655,11.437591710934333,10.656025671075417,1.25523084469104,1.1748869024695574,1.2791469649141318,1.1730938844310825,1.1435013045224935,1.203409888067985,1.1694570362540717,1.14025731966344,1.1988901825395755,11.549838857298944,1.1580916642573378,1.1384712246582207,1.1756647856282008,10.67996588951748,1.25241711841813,1.2311512089216485,1.2728850397644207
efficiency,ideal,nv_charge_readout_master_v1_4,thin_all_counts,3,eta0.4,0.4,5.437,0.4,10.973359321728898,0.9249776330930898,7.504300359171423,8.16610730916909,0.11758756837904422,9.422120008455401,636.7993609310438,0.0,0.1,off,2.0,mean,0.011057726932944267,0.82,14.521592975141631,11.903128118299987,11.94666557042129,11.968535039332943,1.2133141547748671,1.1704636804009492,1.268101552073599,1.2199812377736228,1.186302258090173,1.2516956552212921,1.215535237806907,1.182079894742144,1.2478344733565412,12.249744333336922,1.185460902691823,1.169080356868355,1.1985065240087316,11.255458085989076,1.2901823154775263,1.269280505400025,1.3043851840574192
efficiency,ideal,nv_charge_readout_master_v1_4,thin_all_counts,3,eta0.4,0.4,5.437,0.4,10.973359321728898,0.9249776330930898,7.504300359171423,8.16610730916909,0.11758756837904422,9.422120008455401,636.7993609310438,0.0,0.1,off,2.0,mean,0.011057726932944267,0.83,15.728234799420076,12.4261366804384,12.478397713309391,12.011673699705433,1.3094124259973683,1.243168166418266,1.3169869104405731,1.2657381134540342,1.233617982045142,1.2953674914130828,1.260437049753946,1.2299678452659122,1.2889630262776601,13.07808809557333,1.202640224204008,1.1914943292148195,1.2165262920134001,12.07601343869877,1.3024360132804593,1.2898730372193359,1.317142348517256
efficiency,ideal,nv_charge_readout_master_v1_4,thin_all_counts,3,eta0.4,0.4,5.437,0.4,10.973359321728898,0.9249776330930898,7.504300359171423,8.16610730916909,0.11758756837904422,9.422120008455401,636.7993609310438,0.0,0.1,off,2.0,mean,0.011057726932944267,0.84,17.089077054675318,12.972125584664324,13.03379663335081,12.910265800023039,1.3236812718948685,1.2769873516919519,1.353643567665373,1.3173690728740757,1.2786437199477854,1.343324768409707,1.311135775354042,1.2724063479416459,1.3349447974260684,14.00062457778221,1.2205939070599905,1.2033023450855602,1.2379297234792819,12.984421621003253,1.3161215457631539,1.2982225285862656,1.3336881188946323
efficiency,ideal,nv_charge_readout_master_v1_4,thin_all_counts,3,eta0.4,0.4,5.437,0.4,10.973359321728898,0.9249776330930898,7.504300359171423,8.16610730916909,0.11758756837904422,9.422120008455401,636.7993609310438,0.0,0.1,off,2.0,mean,0.011057726932944267,0.85,18.720310295104376,18.590033586921713,18.705489742117035,15.274863328022704,1.2255631944516834,1.1938070383823274,1.3613549548191222,1.0070078791183203,0.9994287493465236,1.3601345026164167,1.0007923103426675,0.9907843136169137,1.3465571689159155,14.988237358207376,1.2490001224095482,1.2241308087145872,1.2737267443744904,13.892829803307738,1.3474799994056839,1.3196070366214259,1.3737614646550362
efficiency,ideal,nv_charge_readout_master_v1_4,thin_all_counts,3,eta0.4,0.4,5.437,0.4,10.973359321728898,0.9249776330930898,7.504300359171423,8.16610730916909,0.11758756837904422,9.422120008455401,636.7993609310438,0.0,0.1,off,2.0,mean,0.011057726932944267,0.86,20.805666409555986,20.177203726393202,20.121618433933946,15.856817443056094,1.3120959791756357,1.2435627036170565,1.382769259403819,1.0311471644775392,1.0040488896687834,1.061201429889163,1.0339956737509957,1.007615663670531,1.0620464628636124,16.222593649621555,1.2825117153841394,1.2635263408447563,1.3029472165613125,15.215818202881227,1.3673708592033704,1.3497771545248052,1.3865906851560041
efficiency,ideal,nv_charge_readout_master_v1_4,thin_all_counts,3,eta0.4,0.4,5.437,0.4,10.973359321728898,0.9249776330930898,7.504300359171423,8.16610730916909,0.11758756837904422,9.422120008455401,636.7993609310438,0.0,0.1,off,2.0,mean,0.011057726932944267,0.87,23.59922330803596,21.899882445763225,21.644957388589983,17.509415409285776,1.3478018972307078,1.2987351148723436,1.4364903207304058,1.0775958896802886,1.0242347940189702,1.1402205203694356,1.0902873535096982,1.0426043501736757,1.1522945017377935,17.974006613261786,1.312963982700647,1.271868791999128,1.372134283664169,16.930977078249718,1.3938488723342828,1.3541028641974484,1.4517104359737
efficiency,ideal,nv_charge_readout_master_v1_4,thin_all_counts,3,eta0.4,0.4,5.437,0.4,10.973359321728898,0.9249776330930898,7.504300359171423,8.16610730916909,0.11758756837904422,9.422120008455401,636.7993609310438,0.0,0.1,off,2.0,mean,0.011057726932944267,0.88,43.734579800056984,42.44103713945443,24.071608389863098,22.276616501293645,1.9632505590567237,1.2635758098921748,2.2236794478019184,1.0304785827064542,0.6377265220356636,1.1771781079787336,1.8168532443587877,1.127394543161197,1.872430347931328,19.96338689540949,2.190739478686034,1.3365139404651067,2.286935223474861,18.869712328033927,2.3177131182377586,1.4160318752862273,2.4207951883495884
efficiency,ideal,nv_charge_readout_master_v1_4,thin_all_counts,3,eta0.4,0.4,5.437,0.4,10.973359321728898,0.9249776330930898,7.504300359171423,8.16610730916909,0.11758756837904422,9.422120008455401,636.7993609310438,0.0,0.1,off,2.0,mean,0.011057726932944267,0.89,57.36635795687766,nan,44.02426360450979,22.572668807341675,2.5414078612724547,1.7333723487365962,2.8041839732657277,nan,0.9609758332364591,1.137021237062303,1.303062294743327,1.1197980399040273,1.5326185184106456,22.727551142433825,2.524088829340303,2.124168770438947,2.846067224593938,22.194621099195604,2.584696431648332,2.205156914094056,2.9257014602603384
efficiency,ideal,nv_charge_readout_master_v1_4,thin_all_counts,3,eta0.4,0.4,5.437,0.4,10.973359321728898,0.9249776330930898,7.504300359171423,8.16610730916909,0.11758756837904422,9.422120008455401,636.7993609310438,0.0,0.1,off,2.0,mean,0.011057726932944267,0.9,nan,nan,96.92556598073332,49.29002480105271,nan,nan,nan,nan,nan,nan,nan,nan,nan,29.92827500271138,nan,nan,nan,29.51764604818894,nan,nan,nan
efficiency,ideal,nv_charge_readout_master_v1_4,thin_all_counts,3,eta0.4,0.4,5.437,0.4,10.973359321728898,0.9249776330930898,7.504300359171423,8.16610730916909,0.11758756837904422,9.422120008455401,636.7993609310438,0.0,0.1,off,2.0,mean,0.011057726932944267,0.91,nan,nan,nan,nan,nan,nan,nan,nan,nan,nan,nan,nan,nan,nan,nan,nan,nan,nan,nan,nan,nan
efficiency,ideal,nv_charge_readout_master_v1_4,thin_all_counts,3,eta0.4,0.4,5.437,0.4,10.973359321728898,0.9249776330930898,7.504300359171423,8.16610730916909,0.11758756837904422,9.422120008455401,636.7993609310438,0.0,0.1,off,2.0,mean,0.011057726932944267,0.92,nan,nan,nan,nan,nan,nan,nan,nan,nan,nan,nan,nan,nan,nan,nan,nan,nan,nan,nan,nan,nan
efficiency,ideal,nv_charge_readout_master_v1_4,thin_all_counts,3,eta0.4,0.4,5.437,0.4,10.973359321728898,0.9249776330930898,7.504300359171423,8.16610730916909,0.11758756837904422,9.422120008455401,636.7993609310438,0.0,0.1,off,2.0,mean,0.011057726932944267,0.93,nan,nan,nan,nan,nan,nan,nan,nan,nan,nan,nan,nan,nan,nan,nan,nan,nan,nan,nan,nan,nan
efficiency,ideal,nv_charge_readout_master_v1_4,thin_all_counts,3,eta0.4,0.4,5.437,0.4,10.973359321728898,0.9249776330930898,7.504300359171423,8.16610730916909,0.11758756837904422,9.422120008455401,636.7993609310438,0.0,0.1,off,2.0,mean,0.011057726932944267,0.94,nan,nan,nan,nan,nan,nan,nan,nan,nan,nan,nan,nan,nan,nan,nan,nan,nan,nan,nan,nan,nan
efficiency,ideal,nv_charge_readout_master_v1_4,thin_all_counts,3,eta0.4,0.4,5.437,0.4,10.973359321728898,0.9249776330930898,7.504300359171423,8.16610730916909,0.11758756837904422,9.422120008455401,636.7993609310438,0.0,0.1,off,2.0,mean,0.011057726932944267,0.95,nan,nan,nan,nan,nan,nan,nan,nan,nan,nan,nan,nan,nan,nan,nan,nan,nan,nan,nan,nan,nan
efficiency,ideal,nv_charge_readout_master_v1_4,thin_all_counts,3,eta0.4,0.4,5.437,0.4,10.973359321728898,0.9249776330930898,7.504300359171423,8.16610730916909,0.11758756837904422,9.422120008455401,636.7993609310438,0.0,0.1,off,2.0,mean,0.011057726932944267,0.96,nan,nan,nan,nan,nan,nan,nan,nan,nan,nan,nan,nan,nan,nan,nan,nan,nan,nan,nan,nan,nan
efficiency,ideal,nv_charge_readout_master_v1_4,thin_all_counts,3,eta0.4,0.4,5.437,0.4,10.973359321728898,0.9249776330930898,7.504300359171423,8.16610730916909,0.11758756837904422,9.422120008455401,636.7993609310438,0.0,0.1,off,2.0,mean,0.011057726932944267,0.97,nan,nan,nan,nan,nan,nan,nan,nan,nan,nan,nan,nan,nan,nan,nan,nan,nan,nan,nan,nan,nan
efficiency,ideal,nv_charge_readout_master_v1_4,thin_all_counts,3,eta0.4,0.4,5.437,0.4,10.973359321728898,0.9249776330930898,7.504300359171423,8.16610730916909,0.11758756837904422,9.422120008455401,636.7993609310438,0.0,0.1,off,2.0,mean,0.011057726932944267,0.98,nan,nan,nan,nan,nan,nan,nan,nan,nan,nan,nan,nan,nan,nan,nan,nan,nan,nan,nan,nan,nan
efficiency,ideal,nv_charge_readout_master_v1_4,thin_all_counts,3,eta0.4,0.4,5.437,0.4,10.973359321728898,0.9249776330930898,7.504300359171423,8.16610730916909,0.11758756837904422,9.422120008455401,636.7993609310438,0.0,0.1,off,2.0,mean,0.011057726932944267,0.99,nan,nan,nan,nan,nan,nan,nan,nan,nan,nan,nan,nan,nan,nan,nan,nan,nan,nan,nan,nan,nan
efficiency,ideal,nv_charge_readout_master_v1_4,thin_all_counts,4,eta1,1.0,5.437,1.0,27.43339830432224,0.9249776330930897,7.504300359171423,12.911749357161563,0.11758756837904422,9.422120008455401,636.7993609310438,0.0,0.1,off,2.0,mean,0.030417556651362254,0.55,0.45049609642541066,1.5861166916547633,1.5861166916547633,0.4371863632243957,1.0304440721866328,1.0216902340938008,1.1013180217906053,0.2840245606112481,0.2763327649882138,0.3032124872993333,0.2840245606112481,0.2763327649882138,0.3032124872993333,4.974995007273436,0.09055207005570579,0.08812669685752093,0.096812215529997,0.44058787882439776,1.0224886295724944,1.0058506627323143,1.0693460784914135
efficiency,ideal,nv_charge_readout_master_v1_4,thin_all_counts,4,eta1,1.0,5.437,1.0,27.43339830432224,0.9249776330930897,7.504300359171423,12.911749357161563,0.11758756837904422,9.422120008455401,636.7993609310438,0.0,0.1,off,2.0,mean,0.030417556651362254,0.56,0.5419305763207105,1.5861166916547633,1.5861166916547633,0.516570495342312,1.049093165806137,1.0251464116026283,1.0726018245942324,0.3416713153401881,0.3182266956150241,0.36488007144951473,0.3416713153401881,0.3182266956150241,0.36488007144951473,4.974995007273436,0.10893087842870369,0.10132062406751406,0.11669404354507794,0.5304372771060424,1.0216675933436903,1.0076340140820839,1.0425885239478627
efficiency,ideal,nv_charge_readout_master_v1_4,thin_all_counts,4,eta1,1.0,5.437,1.0,27.43339830432224,0.9249776330930897,7.504300359171423,12.911749357161563,0.11758756837904422,9.422120008455401,636.7993609310438,0.0,0.1,off,2.0,mean,0.030417556651362254,0.57,0.6434303173457581,1.5861166916547633,1.5861166916547633,0.6103691677163245,1.0541658251728716,1.0361526504842558,1.072188548470836,0.4056639216591815,0.37959985751063124,0.428378648193639,0.4056639216591815,0.37959985751063124,0.428378648193639,4.974995007273436,0.12933285689836146,0.12073859011929616,0.13685912121081428,0.627349236824216,1.025633378631252,1.006420447911915,1.04619077511888
efficiency,ideal,nv_charge_readout_master_v1_4,thin_all_counts,4,eta1,1.0,5.437,1.0,27.43339830432224,0.9249776330930897,7.504300359171423,12.911749357161563,0.11758756837904422,9.422120008455401,636.7993609310438,0.0,0.1,off,2.0,mean,0.030417556651362254,0.58,0.742009644444095,1.5861166916547633,1.5861166916547633,0.7040720652321227,1.0538830910717425,1.0375906591125401,1.0789961892466062,0.467815292751236,0.4409639699090836,0.4991319548031978,0.467815292751236,0.4409639699090836,0.4991319548031978,4.974995007273436,0.14914781690419346,0.1400910479382843,0.15958291453448326,0.7242611965423905,1.0245055899535074,1.0063405111591184,1.0468107550833647
efficiency,ideal,nv_charge_readout_master_v1_4,thin_all_counts,4,eta1,1.0,5.437,1.0,27.43339830432224,0.9249776330930897,7.504300359171423,12.911749357161563,0.11758756837904422,9.422120008455401,636.7993609310438,0.0,0.1,off,2.0,mean,0.030417556651362254,0.59,0.8593422554469733,1.5861166916547633,1.5861166916547633,0.7962565721346176,1.07922783374112,1.0565211756956687,1.0988587980431759,0.5417900586812683,0.5124362106236,0.5718899071947747,0.5417900586812683,0.5124362106236,0.5718899071947747,4.974995007273436,0.17273228499538515,0.16298790881059746,0.18296534912896364,0.8224804734794093,1.0448178201868117,1.0358261945923868,1.0584874597342206
efficiency,ideal,nv_charge_readout_master_v1_4,thin_all_counts,4,eta1,1.0,5.437,1.0,27.43339830432224,0.9249776330930897,7.504300359171423,12.911749357161563,0.11758756837904422,9.422120008455401,636.7993609310438,0.0,0.1,off,2.0,mean,0.030417556651362254,0.6,0.9761166513915961,1.5861166916547633,1.5861166916547633,0.9005108425350499,1.083958799034231,1.0655420654071979,1.1001966322545984,0.6154128864082714,0.5820513995644374,0.6495508209727247,0.6154128864082714,0.5820513995644374,0.6495508209727247,4.974995007273436,0.19620454894216274,0.18495784696183243,0.2076866000372275,0.9269225803781267,1.053072470187749,1.0411441249836069,1.0742403486720753
efficiency,ideal,nv_charge_readout_master_v1_4,thin_all_counts,4,eta1,1.0,5.437,1.0,27.43339830432224,0.9249776330930897,7.504300359171423,12.911749357161563,0.11758756837904422,9.422120008455401,636.7993609310438,0.0,0.1,off,2.0,mean,0.030417556651362254,0.61,1.096911652865467,1.5861166916547633,1.5861166916547633,1.0184151765922114,1.0770770880849576,1.064849631194853,1.0932173771369607,0.6915705878620326,0.658407865145043,0.7258848730787245,0.6915705878620326,0.658407865145043,0.7258848730787245,4.974995007273436,0.2204849756154094,0.20943231371297277,0.23222614538108663,1.0318098262567785,1.0630947922301401,1.0566642724663142,1.0838198269264832
efficiency,ideal,nv_charge_readout_master_v1_4,thin_all_counts,4,eta1,1.0,5.437,1.0,27.43339830432224,0.9249776330930897,7.504300359171423,12.911749357161563,0.11758756837904422,9.422120008455401,636.7993609310438,0.0,0.1,off,2.0,mean,0.030417556651362254,0.62,1.2182954781651276,1.5861166916547633,1.5861166916547633,1.1179900044058293,1.0897194727716792,1.0765763190999074,1.1052018627041278,0.7680995254479699,0.7343948772703841,0.8036423011283597,0.7680995254479699,0.7343948772703841,0.8036423011283597,4.974995007273436,0.24488375895533188,0.23341388683879002,0.25706417636683854,1.1374846257153146,1.071043467861374,1.059223356172289,1.0892349023801386
efficiency,ideal,nv_charge_readout_master_v1_4,thin_all_counts,4,eta1,1.0,5.437,1.0,27.43339830432224,0.9249776330930897,7.504300359171423,12.911749357161563,0.11758756837904422,9.422120008455401,636.7993609310438,0.0,0.1,off,2.0,mean,0.030417556651362254,0.63,1.3454342156264851,1.5861166916547633,1.5861166916547633,1.21649141362539,1.1059956532013815,1.0914351140356764,1.1192834609184155,0.8482567661669463,0.8138601273399003,0.8785013920342964,0.8482567661669463,0.8138601273399003,0.8785013920342964,4.974995007273436,0.2704393097198012,0.25853759798382847,0.2809527575348524,1.2431594251738507,1.08227005191899,1.0725192605882488,1.094055110212271
efficiency,ideal,nv_charge_readout_master_v1_4,thin_all_counts,4,eta1,1.0,5.437,1.0,27.43339830432224,0.9249776330930897,7.504300359171423,12.911749357161563,0.11758756837904422,9.422120008455401,636.7993609310438,0.0,0.1,off,2.0,mean,0.030417556651362254,0.64,1.4580891191521501,1.5861166916547633,1.5861166916547633,1.3236713687890136,1.1015491862501425,1.0899611952147632,1.114146162827033,0.919282374886904,0.8890302538033443,0.9574931650713177,0.919282374886904,0.8890302538033443,0.9574931650713177,4.974995007273436,0.2930835341584114,0.28273378906672075,0.30634276935645394,1.3488342246323868,1.0809994975843231,1.0710316365203014,1.0880114278030988
efficiency,ideal,nv_charge_readout_master_v1_4,thin_all_counts,4,eta1,1.0,5.437,1.0,27.43339830432224,0.9249776330930897,7.504300359171423,12.911749357161563,0.11758756837904422,9.422120008455401,636.7993609310438,0.0,0.1,off,2.0,mean,0.030417556651362254,0.65,1.5830294431723424,1.5861166916547633,1.5861166916547633,1.440294500172551,1.0991012206064048,1.0077806559999236,1.110236286007515,0.9980535804845481,0.9617935175979939,1.0380522491418553,0.9980535804845481,0.9617935175979939,1.0380522491418553,4.974995007273436,0.3181971923304356,0.30552530992815985,0.3320477791145522,1.4764735457409215,1.0721691883601945,1.0605934129335834,1.0842167303570736
efficiency,ideal,nv_charge_readout_master_v1_4,thin_all_counts,4,eta1,1.0,5.437,1.0,27.43339830432224,0.9249776330930897,7.504300359171423,12.911749357161563,0.11758756837904422,9.422120008455401,636.7993609310438,0.0,0.1,off,2.0,mean,0.030417556651362254,0.66,1.7200076775238327,1.5861166916547633,1.5861166916547633,1.5861166916547633,1.0844143350697506,1.0457578825394747,1.1044819775093784,1.0844143350697506,0.9983592785855285,1.1024582244074335,1.0844143350697506,0.9983592785855285,1.1024582244074335,4.974995007273436,0.345730533399367,0.33231531799815217,0.36115943739751694,1.6066668809948053,1.0705440548191607,1.054159316679435,1.087312652233338
efficiency,ideal,nv_charge_readout_master_v1_4,thin_all_counts,4,eta1,1.0,5.437,1.0,27.43339830432224,0.9249776330930897,7.504300359171423,12.911749357161563,0.11758756837904422,9.422120008455401,636.7993609310438,0.0,0.1,off,2.0,mean,0.030417556651362254,0.67,1.862682302584016,1.8255985089568545,1.8255985089568545,1.7642214965500342,1.0558097757149676,1.0458423771406893,1.1137158519684474,1.0203132251944877,1.0043124974803115,1.041834583078984,1.0203132251944877,1.0043124974803115,1.041834583078984,4.974995007273436,0.37440887877490875,0.3593627882864701,0.39196830767029167,1.7368602162486888,1.0724422640107911,1.0551892584075944,1.0926436065754934
efficiency,ideal,nv_charge_readout_master_v1_4,thin_all_counts,4,eta1,1.0,5.437,1.0,27.43339830432224,0.9249776330930897,7.504300359171423,12.911749357161563,0.11758756837904422,9.422120008455401,636.7993609310438,0.0,0.1,off,2.0,mean,0.030417556651362254,0.68,2.0180203444004023,1.9250945395329078,1.9250945395329078,1.8285673857726472,1.1036073158155466,1.0783432314547567,1.1231383415224165,1.0482707747381805,1.0285271574151411,1.0705957593094675,1.0482707747381805,1.0285271574151411,1.0705957593094675,4.974995007273436,0.4056326371081899,0.38894480197908854,0.4255228883074433,1.8670535515025724,1.0808583089522712,1.061170956028802,1.1013101767904874
efficiency,ideal,nv_charge_readout_master_v1_4,thin_all_counts,4,eta1,1.0,5.437,1.0,27.43339830432224,0.9249776330930897,7.504300359171423,12.911749357161563,0.11758756837904422,9.422120008455401,636.7993609310438,0.0,0.1,off,2.0,mean,0.030417556651362254,0.69,2.186096039251012,2.0300131534709758,2.0300131534709758,1.930078947319378,1.1326459170425165,1.1202646481563738,1.1395834045854334,1.0768876228773006,1.0527944393206217,1.0947796274293755,1.0768876228773006,1.0527944393206217,1.0947796274293755,4.974995007273436,0.4394167302791143,0.4215571881341146,0.45800705409452236,1.9972468867564546,1.0945547361955086,1.0735655324534505,1.1109392361309802
efficiency,ideal,nv_charge_readout_master_v1_4,thin_all_counts,4,eta1,1.0,5.437,1.0,27.43339830432224,0.9249776330930897,7.504300359171423,12.911749357161563,0.11758756837904422,9.422120008455401,636.7993609310438,0.0,0.1,off,2.0,mean,0.030417556651362254,0.7,2.341354669980072,2.1406498842727273,2.1406498842727273,2.0596001952239034,1.1368005671244066,1.1253362891727527,1.1464600888983374,1.093758809967905,1.0732045730924884,1.1130024046667484,1.093758809967905,1.0732045730924884,1.1130024046667484,4.974995007273436,0.47062452656877335,0.45354728930676824,0.49030710322661447,2.127440222010338,1.1005501568300677,1.0862687466462162,1.1162796650644728
efficiency,ideal,nv_charge_readout_master_v1_4,thin_all_counts,4,eta1,1.0,5.437,1.0,27.43339830432224,0.9249776330930897,7.504300359171423,12.911749357161563,0.11758756837904422,9.422120008455401,636.7993609310438,0.0,0.1,off,2.0,mean,0.030417556651362254,0.71,2.5139954759642444,2.2573163721632787,2.2573163721632787,2.197813187930912,1.1438622216708945,1.1275720606948652,1.1582263885090842,1.1137098489898336,1.088281265065419,1.1404187138354192,1.1137098489898336,1.088281265065419,1.1404187138354192,4.974995007273436,0.5053262309386817,0.4847568665882804,0.529060599652335,2.2576335572642217,1.11355337887991,1.096164320496505,1.1301144820592792
efficiency,ideal,nv_charge_readout_master_v1_4,thin_all_counts,4,eta1,1.0,5.437,1.0,27.43339830432224,0.9249776330930897,7.504300359171423,12.911749357161563,0.11758756837904422,9.422120008455401,636.7993609310438,0.0,0.1,off,2.0,mean,0.030417556651362254,0.72,2.72156300555194,2.3803412419156733,2.3803412419156733,2.3453011998369506,1.1604321891538485,1.1456160336988068,1.1758541104053502,1.1433499355586743,1.1157110135778041,1.1697094783369808,1.1433499355586743,1.1157110135778041,1.1697094783369808,4.974995007273436,0.5470483893095407,0.5231311890222985,0.5720589614267556,2.387826892518105,1.139765622909913,1.1224333803401354,1.1517687446796268
efficiency,ideal,nv_charge_readout_master_v1_4,thin_all_counts,4,eta1,1.0,5.437,1.0,27.43339830432224,0.9249776330930897,7.504300359171423,12.911749357161563,0.11758756837904422,9.422120008455401,636.7993609310438,0.0,0.1,off,2.0,mean,0.030417556651362254,0.73,2.920761245829603,2.510071028517224,2.510071028517224,2.5026866469642575,1.167050317454831,1.156631909225539,1.17778602612628,1.1636169704548107,1.1393670964551725,1.185276840260008,1.1636169704548107,1.1393670964551725,1.185276840260008,4.974995007273436,0.587088276784088,0.5650668709134963,0.6115765759505212,2.5357022343727076,1.1518549797516557,1.1423021520694094,1.160580707080699
efficiency,ideal,nv_charge_readout_master_v1_4,thin_all_counts,4,eta1,1.0,5.437,1.0,27.43339830432224,0.9249776330930897,7.504300359171423,12.911749357161563,0.11758756837904422,9.422120008455401,636.7993609310438,0.0,0.1,off,2.0,mean,0.030417556651362254,0.74,3.1217721582872153,2.646871153285138,2.646871153285138,2.6529995560387527,1.1766953187690679,1.1685323822475,1.1853879747854306,1.1794197667735578,1.1564008141151447,1.2035345675169402,1.1794197667735578,1.1564008141151447,1.2035345675169402,4.974995007273436,0.6274925208413654,0.6036971108934992,0.6560991738587345,2.7044744931190676,1.1542989834919384,1.1406918523302385,1.1688217901638172
efficiency,ideal,nv_charge_readout_master_v1_4,thin_all_counts,4,eta1,1.0,5.437,1.0,27.43339830432224,0.9249776330930897,7.504300359171423,12.911749357161563,0.11758756837904422,9.422120008455401,636.7993609310438,0.0,0.1,off,2.0,mean,0.030417556651362254,0.75,3.3475585926363824,2.7911269531809273,2.7911269531809273,2.8075820583698152,1.1923279615841744,1.182009691090456,1.199410920471983,1.199357338017647,1.1745859172247983,1.2210163080274108,1.199357338017647,1.1745859172247983,1.2210163080274108,4.974995007273436,0.6728767742967091,0.6441221809721314,0.7037276120957527,2.8732467518654277,1.1650787007635222,1.1473059987704675,1.1808819613142407
efficiency,ideal,nv_charge_readout_master_v1_4,thin_all_counts,4,eta1,1.0,5.437,1.0,27.43339830432224,0.9249776330930897,7.504300359171423,12.911749357161563,0.11758756837904422,9.422120008455401,636.7993609310438,0.0,0.1,off,2.0,mean,0.030417556651362254,0.76,3.587801423556298,2.9432447662229726,2.9432447662229726,3.316512644514032,1.0817994104412703,1.0635255536998656,1.2068353387121535,1.2189952615325557,1.19737133156872,1.2319332978584039,1.2189952615325557,1.19737133156872,1.2319332978584039,4.974995007273436,0.7211668390241471,0.6899274573981403,0.7463717430063477,3.0420190106117877,1.1794145306260748,1.1607402088347327,1.1927099728208401
efficiency,ideal,nv_charge_readout_master_v1_4,thin_all_counts,4,eta1,1.0,5.437,1.0,27.43339830432224,0.9249776330930897,7.504300359171423,12.911749357161563,0.11758756837904422,9.422120008455401,636.7993609310438,0.0,0.1,off,2.0,mean,0.030417556651362254,0.77,3.7894404496433722,3.103653076054611,3.103653076054611,3.316512644514032,1.1425979201109417,1.10764538213511,1.1772888331772666,1.2209613499910046,1.2109676610375777,1.2307406620116703,1.2209613499910046,1.2109676610375777,1.2307406620116703,4.974995007273436,0.7616973372040003,0.7361227003704436,0.7886455500107505,3.2107912693581473,1.1802201176412503,1.165600771043607,1.1931509242008034
efficiency,ideal,nv_charge_readout_master_v1_4,thin_all_counts,4,eta1,1.0,5.437,1.0,27.43339830432224,0.9249776330930897,7.504300359171423,12.911749357161563,0.11758756837904422,9.422120008455401,636.7993609310438,0.0,0.1,off,2.0,mean,0.030417556651362254,0.78,4.002411846740277,3.2728037188917596,3.2728037188917596,3.316512644514032,1.2068133837393376,1.1701422938563528,1.221899253049541,1.222930609506756,0.9978556996801896,1.2296841129055625,1.222930609506756,0.9978556996801896,1.2296841129055625,4.974995007273436,0.8045057011893996,0.7763425920473401,0.8377331142833558,3.3795635281045073,1.184298449624087,1.1684426859937085,1.200561327085756
efficiency,ideal,nv_charge_readout_master_v1_4,thin_all_counts,4,eta1,1.0,5.437,1.0,27.43339830432224,0.9249776330930897,7.504300359171423,12.911749357161563,0.11758756837904422,9.422120008455401,636.7993609310438,0.0,0.1,off,2.0,mean,0.030417556651362254,0.79,4.274971631679616,4.20416129585925,4.20416129585925,3.520042738795728,1.2144658314978765,1.137315821820673,1.2332693839162652,1.0168429160627372,1.0049074492651373,1.044833269274057,1.0168429160627372,1.0049074492651373,1.044833269274057,4.974995007273436,0.8592916425905178,0.822746552366259,0.8969102591819783,3.5483357868508674,1.204782153797692,1.1852571024230507,1.2205950586501395
efficiency,ideal,nv_charge_readout_master_v1_4,thin_all_counts,4,eta1,1.0,5.437,1.0,27.43339830432224,0.9249776330930897,7.504300359171423,12.911749357161563,0.11758756837904422,9.422120008455401,636.7993609310438,0.0,0.1,off,2.0,mean,0.030417556651362254,0.8,4.577065740894864,4.388787419011474,4.388787419011474,3.8973663441592525,1.1743996680615452,1.1421235666606682,1.2292927396485265,1.0428998499831184,1.024162032150757,1.0612837840861962,1.0428998499831184,1.024162032150757,1.0612837840861962,4.974995007273436,0.92001413754249,0.8803249539862766,0.9582528178016628,3.717108045597227,1.2313512775923272,1.2139892776931471,1.2443875553911776
efficiency,ideal,nv_charge_readout_master_v1_4,thin_all_counts,4,eta1,1.0,5.437,1.0,27.43339830432224,0.9249776330930897,7.504300359171423,12.911749357161563,0.11758756837904422,9.422120008455401,636.7993609310438,0.0,0.1,off,2.0,mean,0.030417556651362254,0.81,4.876972100628516,4.581521415042837,4.581521415042837,3.9006380591398417,1.2503011114299523,1.2061085966235945,1.2661374402562138,1.0644874614392512,1.0469410745529908,1.084859069904467,1.0644874614392512,1.0469410745529908,1.084859069904467,4.974995007273436,0.9802968834136294,0.941112797869274,1.0001955280347823,3.909530404194718,1.2474572637664576,1.2359132225949816,1.2581084832952025
efficiency,ideal,nv_charge_readout_master_v1_4,thin_all_counts,4,eta1,1.0,5.437,1.0,27.43339830432224,0.9249776330930897,7.504300359171423,12.911749357161563,0.11758756837904422,9.422120008455401,636.7993609310438,0.0,0.1,off,2.0,mean,0.030417556651362254,0.82,5.197290116234713,4.782719341923365,4.782719341923365,4.251236872361642,1.2225359988815492,1.1871797610025323,1.23158224159815,1.0866809747077129,1.0652639025249397,1.1088536639602269,1.0866809747077129,1.0652639025249397,1.1088536639602269,5.204340237575826,0.9986453381179404,0.9896926645784716,1.0081086451917185,4.155702989726594,1.250640416093992,1.2365249361361834,1.2641676367079429
efficiency,ideal,nv_charge_readout_master_v1_4,thin_all_counts,4,eta1,1.0,5.437,1.0,27.43339830432224,0.9249776330930897,7.504300359171423,12.911749357161563,0.11758756837904422,9.422120008455401,636.7993609310438,0.0,0.1,off,2.0,mean,0.030417556651362254,0.83,5.549520517277589,4.992752893941021,4.992752893941021,4.478673670284694,1.2390991007221173,1.203408332994363,1.2788301081353965,1.1115151571014532,1.085659933260188,1.134091543790203,1.1115151571014532,1.085659933260188,1.134091543790203,5.529768595146661,1.0035719256223965,0.99164662838794,1.0152801144122021,4.4018755752584715,1.2607172607216934,1.2437804365352634,1.2754616968705437
efficiency,ideal,nv_charge_readout_master_v1_4,thin_all_counts,4,eta1,1.0,5.437,1.0,27.43339830432224,0.9249776330930897,7.504300359171423,12.911749357161563,0.11758756837904422,9.422120008455401,636.7993609310438,0.0,0.1,off,2.0,mean,0.030417556651362254,0.84,5.937516343947466,5.212010088371993,5.212010088371993,4.7029574320621155,1.2625069288250033,1.2470628958987955,1.3123134894493695,1.139198935396169,1.109429014278164,1.1693908537332278,1.139198935396169,1.109429014278164,1.1693908537332278,5.875546048102653,1.0105471551643823,0.9905140101074945,1.0290988000637178,4.64804816079035,1.2774214333738434,1.2558276773307018,1.2987502313821544
efficiency,ideal,nv_charge_readout_master_v1_4,thin_all_counts,4,eta1,1.0,5.437,1.0,27.43339830432224,0.9249776330930897,7.504300359171423,12.911749357161563,0.11758756837904422,9.422120008455401,636.7993609310438,0.0,0.1,off,2.0,mean,0.030417556651362254,0.85,6.408079363408575,5.440895982306214,5.440895982306214,4.815763181839246,1.3306466953304767,1.2732383542168384,1.3417949900076906,1.1777617848691906,1.1444457717703809,1.207014053064457,1.1777617848691906,1.1444457717703809,1.207014053064457,6.242945029141695,1.026451351645104,1.0054846269599396,1.049487621954442,4.894220746322228,1.3093155571750497,1.2844326930440735,1.3319233945216757
efficiency,ideal,nv_charge_readout_master_v1_4,thin_all_counts,4,eta1,1.0,5.437,1.0,27.43339830432224,0.9249776330930897,7.504300359171423,12.911749357161563,0.11758756837904422,9.422120008455401,636.7993609310438,0.0,0.1,off,2.0,mean,0.030417556651362254,0.86,6.942655030386578,5.6798334209523205,5.6798334209523205,5.488538484661493,1.2649369317148493,1.2391581392769835,1.322908255850474,1.2223342686029908,1.1871293921120916,1.2563398659516831,1.2223342686029908,1.1871293921120916,1.2563398659516831,6.633317536413609,1.046633904117338,1.0218963053918904,1.0703694713842762,5.140393331854106,1.350607741894803,1.3221906887727204,1.3742554083335592
efficiency,ideal,nv_charge_readout_master_v1_4,thin_all_counts,4,eta1,1.0,5.437,1.0,27.43339830432224,0.9249776330930897,7.504300359171423,12.911749357161563,0.11758756837904422,9.422120008455401,636.7993609310438,0.0,0.1,off,2.0,mean,0.030417556651362254,0.87,7.550696472213594,5.929263818804489,5.929263818804489,5.66485214156176,1.3329026572142657,1.2921689313281635,1.3858767385108621,1.2734627270702272,1.2424813616477852,1.3163198356904873,1.2734627270702272,1.2424813616477852,1.3163198356904873,7.0481001087625685,1.0713094813772823,1.0461547532960256,1.1000970480094527,5.479201347095176,1.3780651583860173,1.3635684610805592,1.3966912626014532
efficiency,ideal,nv_charge_readout_master_v1_4,thin_all_counts,4,eta1,1.0,5.437,1.0,27.43339830432224,0.9249776330930897,7.504300359171423,12.911749357161563,0.11758756837904422,9.422120008455401,636.7993609310438,0.0,0.1,off,2.0,mean,0.030417556651362254,0.88,8.295093119339297,6.189647975114289,6.189647975114289,5.905998687454592,1.4045199733890177,1.3646499501454954,1.4244157716580894,1.340155878442527,1.3048179750549347,1.3882967027576918,1.340155878442527,1.3048179750549347,1.3882967027576918,7.488819112072351,1.107663704410645,1.079475049097805,1.1446037293585993,5.9869327929824205,1.3855330277070064,1.3607556742443436,1.4197984104086763
efficiency,ideal,nv_charge_readout_master_v1_4,thin_all_counts,4,eta1,1.0,5.437,1.0,27.43339830432224,0.9249776330930897,7.504300359171423,12.911749357161563,0.11758756837904422,9.422120008455401,636.7993609310438,0.0,0.1,off,2.0,mean,0.030417556651362254,0.89,9.321630735681694,6.461466925174053,6.461466925174053,6.481134908086233,1.4382713626361174,1.3379549334911638,1.4588412228080554,1.4426492998616716,0.768821186173085,1.4536731740020372,1.4426492998616716,0.9735257383811828,1.4536731740020372,7.957096356167747,1.1714864717525084,1.135512686057585,1.2272959309826503,6.494664238869666,1.4352752340749235,1.3952084418885256,1.4961405697274557
efficiency,ideal,nv_charge_readout_master_v1_4,thin_all_counts,4,eta1,1.0,5.437,1.0,27.43339830432224,0.9249776330930897,7.504300359171423,12.911749357161563,0.11758756837904422,9.422120008455401,636.7993609310438,0.0,0.1,off,2.0,mean,0.030417556651362254,0.9,11.237814908216254,12.813828499201348,11.455354745155148,7.089181601696499,1.5852062395364444,1.4378256446804163,1.944241827826666,0.877006814077204,0.8152537654265422,1.1111188419467588,0.9810097686384702,0.935165169422254,1.1822433597880055,8.528846156368955,1.31762429550032,1.237944866449008,1.671793146127616,7.002395684756909,1.6048528838036349,1.50226731102401,2.01137621262687
efficiency,ideal,nv_charge_readout_master_v1_4,thin_all_counts,4,eta1,1.0,5.437,1.0,27.43339830432224,0.9249776330930897,7.504300359171423,12.911749357161563,0.11758756837904422,9.422120008455401,636.7993609310438,0.0,0.1,off,2.0,mean,0.030417556651362254,0.91,16.35344068096715,13.477484972870222,12.82434158513714,8.083941505834854,2.022953860955514,1.5819094873608743,2.059748524310833,1.2133896430889102,1.181265904163714,1.2339981273468097,1.2751875464639904,1.239501074959442,1.29901461627087,9.265721233643584,1.7649398539628247,1.6843674795821293,1.8311819465159218,7.903894266071178,2.0690358613686293,1.970679502504941,2.1704200401595624
efficiency,ideal,nv_charge_readout_master_v1_4,thin_all_counts,4,eta1,1.0,5.437,1.0,27.43339830432224,0.9249776330930897,7.504300359171423,12.911749357161563,0.11758756837904422,9.422120008455401,636.7993609310438,0.0,0.1,off,2.0,mean,0.030417556651362254,0.92,17.74235699889646,14.17551368080694,13.726871257906964,11.251545131865017,1.576881822981725,1.540885949042429,1.6595372957735175,1.2516200399085982,1.2258826139879178,1.2851155574705395,1.2925273841026588,1.2658290774112064,1.3267299926284,10.479732680243963,1.6930161808748951,1.626934343289697,1.7679613662086422,8.973036281280113,1.977296919651516,1.9061800650237373,2.063916715559512
efficiency,ideal,nv_charge_readout_master_v1_4,thin_all_counts,4,eta1,1.0,5.437,1.0,27.43339830432224,0.9249776330930897,7.504300359171423,12.911749357161563,0.11758756837904422,9.422120008455401,636.7993609310438,0.0,0.1,off,2.0,mean,0.030417556651362254,0.93,19.664561197270434,14.90969483692554,14.692917627017287,11.65048048517805,1.6878755534836558,1.578764721678541,1.7293615092071946,1.3189110449510295,1.2890954296751278,1.3617010232445912,1.3383700702923227,1.3116585025807828,1.3776986147045944,11.85280608816532,1.6590637736750729,1.5623388688529947,1.7280551924380838,10.2169986063887,1.924690601893022,1.8215733974989903,2.0183591459230024
efficiency,ideal,nv_charge_readout_master_v1_4,thin_all_counts,4,eta1,1.0,5.437,1.0,27.43339830432224,0.9249776330930897,7.504300359171423,12.911749357161563,0.11758756837904422,9.422120008455401,636.7993609310438,0.0,0.1,off,2.0,mean,0.030417556651362254,0.94,25.012993112115517,nan,26.689899560380574,14.802544655104827,1.6897765684827373,1.4758971620726298,1.7850038981323346,nan,1.384543342976871,1.4407265366701911,0.9371707471408279,0.8607894590303583,1.4478964017222862,15.08915992028586,1.65767963519878,1.4939038336127075,1.770548806290087,12.335062480995497,2.027796223217578,1.8080981005604373,2.1513420321483556
efficiency,ideal,nv_charge_readout_master_v1_4,thin_all_counts,4,eta1,1.0,5.437,1.0,27.43339830432224,0.9249776330930897,7.504300359171423,12.911749357161563,0.11758756837904422,9.422120008455401,636.7993609310438,0.0,0.1,off,2.0,mean,0.030417556651362254,0.95,nan,nan,nan,nan,nan,nan,nan,nan,nan,nan,nan,nan,nan,nan,nan,nan,nan,nan,nan,nan,nan
efficiency,ideal,nv_charge_readout_master_v1_4,thin_all_counts,4,eta1,1.0,5.437,1.0,27.43339830432224,0.9249776330930897,7.504300359171423,12.911749357161563,0.11758756837904422,9.422120008455401,636.7993609310438,0.0,0.1,off,2.0,mean,0.030417556651362254,0.96,nan,nan,nan,nan,nan,nan,nan,nan,nan,nan,nan,nan,nan,nan,nan,nan,nan,nan,nan,nan,nan
efficiency,ideal,nv_charge_readout_master_v1_4,thin_all_counts,4,eta1,1.0,5.437,1.0,27.43339830432224,0.9249776330930897,7.504300359171423,12.911749357161563,0.11758756837904422,9.422120008455401,636.7993609310438,0.0,0.1,off,2.0,mean,0.030417556651362254,0.97,nan,nan,nan,nan,nan,nan,nan,nan,nan,nan,nan,nan,nan,nan,nan,nan,nan,nan,nan,nan,nan
efficiency,ideal,nv_charge_readout_master_v1_4,thin_all_counts,4,eta1,1.0,5.437,1.0,27.43339830432224,0.9249776330930897,7.504300359171423,12.911749357161563,0.11758756837904422,9.422120008455401,636.7993609310438,0.0,0.1,off,2.0,mean,0.030417556651362254,0.98,nan,nan,nan,nan,nan,nan,nan,nan,nan,nan,nan,nan,nan,nan,nan,nan,nan,nan,nan,nan,nan
efficiency,ideal,nv_charge_readout_master_v1_4,thin_all_counts,4,eta1,1.0,5.437,1.0,27.43339830432224,0.9249776330930897,7.504300359171423,12.911749357161563,0.11758756837904422,9.422120008455401,636.7993609310438,0.0,0.1,off,2.0,mean,0.030417556651362254,0.99,nan,nan,nan,nan,nan,nan,nan,nan,nan,nan,nan,nan,nan,nan,nan,nan,nan,nan,nan,nan,nan
