experiment,detector,physics_layer,efficiency_model,point_index,point,sweep_value,power_uw,detection_efficiency,photons_per_bright_dwell,contrast,switching_ratio,snr_per_bright_dwell,p_bright_stationary,gamma_tot_khz,horizon_us,noise_sigma,noise_tau_c_ms,noise_kind,noise_photon_order,noise_renormalise,q_excess_finest_bin,target_fidelity,t_threshold_us,t_adaptive_count_us,t_fixed_count_mmpp_us,t_adaptive_mmpp_us,speedup_mmpp,speedup_mmpp_ci_low,speedup_mmpp_ci_high,speedup_count,speedup_count_ci_low,speedup_count_ci_high,speedup_fixed_count_mmpp,speedup_fixed_count_mmpp_ci_low,speedup_fixed_count_mmpp_ci_high,t_learned_us,speedup_learned,speedup_learned_ci_low,speedup_learned_ci_high,t_optimal_us,speedup_optimal,speedup_optimal_ci_low,speedup_optimal_ci_high
snr,ideal,nv_charge_readout_master_v1_4,thin_all_counts,0,snr0.5,0.5,5.437,1.0,27.43339830432224,0.047957610603674296,7.504300359171423,0.49999999999999734,0.11758756837904422,9.422120008455401,636.7993609310438,0.0,0.1,off,2.0,mean,-0.005912641275396839,0.55,37.92931721024299,43.4857610974136,34.90044838438166,32.468519934679065,1.1681874408365422,0.8986503207238734,2.0764225759213297,0.8722238326535559,0.42470412277574227,1.798255365956486,1.0867859573751717,0.8250263860879183,1.3513348086551376,23.93415010739022,1.5847363303086932,1.198421033932448,2.2271117580346145,23.877107392071316,1.5885222856952046,1.109952134484327,2.0599195907916226
snr,ideal,nv_charge_readout_master_v1_4,thin_all_counts,0,snr0.5,0.5,5.437,1.0,27.43339830432224,0.047957610603674296,7.504300359171423,0.49999999999999734,0.11758756837904422,9.422120008455401,636.7993609310438,0.0,0.1,off,2.0,mean,-0.005912641275396839,0.56,82.18401616793936,108.63271957861771,68.6926883261589,51.37723892084858,1.599619167829386,0.8895364858043326,2.0982176455736283,0.7565309649498615,0.41766510371382165,1.054519421716507,1.1964012207197723,0.6835499502982402,1.5470772961447152,39.764234422388,2.0667823073105174,1.1332937349925454,2.713028348448228,43.97460341357403,1.8688972677027236,1.0112231678560626,2.465045095060401
snr,ideal,nv_charge_readout_master_v1_4,thin_all_counts,0,snr0.5,0.5,5.437,1.0,27.43339830432224,0.047957610603674296,7.504300359171423,0.49999999999999734,0.11758756837904422,9.422120008455401,636.7993609310438,0.0,0.1,off,2.0,mean,-0.005912641275396839,0.57,nan,nan,nan,253.35774838315527,nan,0.5621843816998631,1.9082208797725886,nan,nan,nan,nan,0.6609064257184082,1.7203204511236845,nan,nan,0.9416834120288466,2.4547045325971992,nan,nan,0.775976320151915,2.269411840280425
snr,ideal,nv_charge_readout_master_v1_4,thin_all_counts,0,snr0.5,0.5,5.437,1.0,27.43339830432224,0.047957610603674296,7.504300359171423,0.49999999999999734,0.11758756837904422,9.422120008455401,636.7993609310438,0.0,0.1,off,2.0,mean,-0.005912641275396839,0.58,nan,nan,nan,nan,nan,nan,nan,nan,nan,nan,nan,nan,nan,nan,nan,nan,nan,nan,nan,nan,nan
snr,ideal,nv_charge_readout_master_v1_4,thin_all_counts,0,snr0.5,0.5,5.437,1.0,27.43339830432224,0.047957610603674296,7.504300359171423,0.49999999999999734,0.11758756837904422,9.422120008455401,636.7993609310438,0.0,0.1,off,2.0,mean,-0.005912641275396839,0.59,nan,nan,nan,nan,nan,nan,nan,nan,nan,nan,nan,nan,nan,nan,nan,nan,nan,nan,nan,nan,nan
snr,ideal,nv_charge_readout_master_v1_4,thin_all_counts,0,snr0.5,0.5,5.437,1.0,27.43339830432224,0.047957610603674296,7.504300359171423,0.49999999999999734,0.11758756837904422,9.422120008455401,636.7993609310438,0.0,0.1,off,2.0,mean,-0.005912641275396839,0.6,nan,nan,nan,nan,nan,nan,nan,nan,nan,nan,nan,nan,nan,nan,nan,nan,nan,nan,nan,nan,nan
snr,ideal,nv_charge_readout_master_v1_4,thin_all_counts,0,snr0.5,0.5,5.437,1.0,27.43339830432224,0.047957610603674296,7.504300359171423,0.49999999999999734,0.11758756837904422,9.422120008455401,636.7993609310438,0.0,0.1,off,2.0,mean,-0.005912641275396839,0.61,nan,nan,nan,nan,nan,nan,nan,nan,nan,nan,nan,nan,nan,nan,nan,nan,nan,nan,nan,nan,nan
snr,ideal,nv_charge_readout_master_v1_4,thin_all_counts,0,snr0.5,0.5,5.437,1.0,27.43339830432224,0.047957610603674296,7.504300359171423,0.49999999999999734,0.11758756837904422,9.422120008455401,636.7993609310438,0.0,0.1,off,2.0,mean,-0.005912641275396839,0.62,nan,nan,nan,nan,nan,nan,nan,nan,nan,nan,nan,nan,nan,nan,nan,nan,nan,nan,nan,nan,nan
snr,ideal,nv_charge_readout_master_v1_4,thin_all_counts,0,snr0.5,0.5,5.437,1.0,27.43339830432224,0.047957610603674296,7.504300359171423,0.49999999999999734,0.11758756837904422,9.422120008455401,636.7993609310438,0.0,0.1,off,2.0,mean,-0.005912641275396839,0.63,nan,nan,nan,nan,nan,nan,nan,nan,nan,nan,nan,nan,nan,nan,nan,nan,nan,nan,nan,nan,nan
snr,ideal,nv_charge_readout_master_v1_4,thin_all_counts,0,snr0.5,0.5,5.437,1.0,27.43339830432224,0.047957610603674296,7.504300359171423,0.49999999999999734,0.11758756837904422,9.422120008455401,636.7993609310438,0.0,0.1,off,2.0,mean,-0.005912641275396839,0.64,nan,nan,nan,nan,nan,nan,nan,nan,nan,nan,nan,nan,nan,nan,nan,nan,nan,nan,nan,nan,nan
snr,ideal,nv_charge_readout_master_v1_4,thin_all_counts,0,snr0.5,0.5,5.437,1.0,27.43339830432224,0.047957610603674296,7.504300359171423,0.49999999999999734,0.11758756837904422,9.422120008455401,636.7993609310438,0.0,0.1,off,2.0,mean,-0.005912641275396839,0.65,nan,nan,nan,nan,nan,nan,nan,nan,nan,nan,nan,nan,nan,nan,nan,nan,nan,nan,nan,nan,nan
snr,ideal,nv_charge_readout_master_v1_4,thin_all_counts,0,snr0.5,0.5,5.437,1.0,27.43339830432224,0.047957610603674296,7.504300359171423,0.49999999999999734,0.11758756837904422,9.422120008455401,636.7993609310438,0.0,0.1,off,2.0,mean,-0.005912641275396839,0.66,nan,nan,nan,nan,nan,nan,nan,nan,nan,nan,nan,nan,nan,nan,nan,nan,nan,nan,nan,nan,nan
snr,ideal,nv_charge_readout_master_v1_4,thin_all_counts,0,snr0.5,0.5,5.437,1.0,27.43339830432224,0.047957610603674296,7.504300359171423,0.49999999999999734,0.11758756837904422,9.422120008455401,636.7993609310438,0.0,0.1,off,2.0,mean,-0.005912641275396839,0.67,nan,nan,nan,nan,nan,nan,nan,nan,nan,nan,nan,nan,nan,nan,nan,nan,nan,nan,nan,nan,nan
snr,ideal,nv_charge_readout_master_v1_4,thin_all_counts,0,snr0.5,0.5,5.437,1.0,27.43339830432224,0.047957610603674296,7.504300359171423,0.49999999999999734,0.11758756837904422,9.422120008455401,636.7993609310438,0.0,0.1,off,2.0,mean,-0.005912641275396839,0.68,nan,nan,nan,nan,nan,nan,nan,nan,nan,nan,nan,nan,nan,nan,nan,nan,nan,nan,nan,nan,nan
snr,ideal,nv_charge_readout_master_v1_4,thin_all_counts,0,snr0.5,0.5,5.437,1.0,27.43339830432224,0.047957610603674296,7.504300359171423,0.49999999999999734,0.11758756837904422,9.422120008455401,636.7993609310438,0.0,0.1,off,2.0,mean,-0.005912641275396839,0.69,nan,nan,nan,nan,nan,nan,nan,nan,nan,nan,nan,nan,nan,nan,nan,nan,nan,nan,nan,nan,nan
snr,ideal,nv_charge_readout_master_v1_4,thin_all_counts,0,snr0.5,0.5,5.437,1.0,27.43339830432224,0.047957610603674296,7.504300359171423,0.49999999999999734,0.11758756837904422,9.422120008455401,636.7993609310438,0.0,0.1,off,2.0,mean,-0.005912641275396839,0.7,nan,nan,nan,nan,nan,nan,nan,nan,nan,nan,nan,nan,nan,nan,nan,nan,nan,nan,nan,nan,nan
snr,ideal,nv_charge_readout_master_v1_4,thin_all_counts,0,snr0.5,0.5,5.437,1.0,27.43339830432224,0.047957610603674296,7.504300359171423,0.49999999999999734,0.11758756837904422,9.422120008455401,636.7993609310438,0.0,0.1,off,2.0,mean,-0.005912641275396839,0.71,nan,nan,nan,nan,nan,nan,nan,nan,nan,nan,nan,nan,nan,nan,nan,nan,nan,nan,nan,nan,nan
snr,ideal,nv_charge_readout_master_v1_4,thin_all_counts,0,snr0.5,0.5,5.437,1.0,27.43339830432224,0.047957610603674296,7.504300359171423,0.49999999999999734,0.11758756837904422,9.422120008455401,636.7993609310438,0.0,0.1,off,2.0,mean,-0.005912641275396839,0.72,nan,nan,nan,nan,nan,nan,nan,nan,nan,nan,nan,nan,nan,nan,nan,nan,nan,nan,nan,nan,nan
snr,ideal,nv_charge_readout_master_v1_4,thin_all_counts,0,snr0.5,0.5,5.437,1.0,27.43339830432224,0.047957610603674296,7.504300359171423,0.49999999999999734,0.11758756837904422,9.422120008455401,636.7993609310438,0.0,0.1,off,2.0,mean,-0.005912641275396839,0.73,nan,nan,nan,nan,nan,nan,nan,nan,nan,nan,nan,nan,nan,nan,nan,nan,nan,nan,nan,nan,nan
snr,ideal,nv_charge_readout_master_v1_4,thin_all_counts,0,snr0.5,0.5,5.437,1.0,27.43339830432224,0.047957610603674296,7.504300359171423,0.49999999999999734,0.11758756837904422,9.422120008455401,636.7993609310438,0.0,0.1,off,2.0,mean,-0.005912641275396839,0.74,nan,nan,nan,nan,nan,nan,nan,nan,nan,nan,nan,nan,nan,nan,nan,nan,nan,nan,nan,nan,nan
snr,ideal,nv_charge_readout_master_v1_4,thin_all_counts,0,snr0.5,0.5,5.437,1.0,27.43339830432224,0.047957610603674296,7.504300359171423,0.49999999999999734,0.11758756837904422,9.422120008455401,636.7993609310438,0.0,0.1,off,2.0,mean,-0.005912641275396839,0.75,nan,nan,nan,nan,nan,nan,nan,nan,nan,nan,nan,nan,nan,nan,nan,nan,nan,nan,nan,nan,nan
snr,ideal,nv_charge_readout_master_v1_4,thin_all_counts,0,snr0.5,0.5,5.437,1.0,27.43339830432224,0.047957610603674296,7.504300359171423,0.49999999999999734,0.11758756837904422,9.422120008455401,636.7993609310438,0.0,0.1,off,2.0,mean,-0.005912641275396839,0.76,nan,nan,nan,nan,nan,nan,nan,nan,nan,nan,nan,nan,nan,nan,nan,nan,nan,nan,nan,nan,nan
snr,ideal,nv_charge_readout_master_v1_4,thin_all_counts,0,snr0.5,0.5,5.437,1.0,27.43339830432224,0.047957610603674296,7.504300359171423,0.49999999999999734,0.11758756837904422,9.422120008455401,636.7993609310438,0.0,0.1,off,2.0,mean,-0.005912641275396839,0.77,nan,nan,nan,nan,nan,nan,nan,nan,nan,nan,nan,nan,nan,nan,nan,nan,nan,nan,nan,nan,nan
snr,ideal,nv_charge_readout_master_v1_4,thin_all_counts,0,snr0.5,0.5,5.437,1.0,27.43339830432224,0.047957610603674296,7.504300359171423,0.49999999999999734,0.11758756837904422,9.422120008455401,636.7993609310438,0.0,0.1,off,2.0,mean,-0.005912641275396839,0.78,nan,nan,nan,nan,nan,nan,nan,nan,nan,nan,nan,nan,nan,nan,nan,nan,nan,nan,nan,nan,nan
snr,ideal,nv_charge_readout_master_v1_4,thin_all_counts,0,snr0.5,0.5,5.437,1.0,27.43339830432224,0.047957610603674296,7.504300359171423,0.49999999999999734,0.11758756837904422,9.422120008455401,636.7993609310438,0.0,0.1,off,2.0,mean,-0.005912641275396839,0.79,nan,nan,nan,nan,nan,nan,nan,nan,nan,nan,nan,nan,nan,nan,nan,nan,nan,nan,nan,nan,nan
snr,ideal,nv_charge_readout_master_v1_4,thin_all_counts,0,snr0.5,0.5,5.437,1.0,27.43339830432224,0.047957610603674296,7.504300359171423,0.49999999999999734,0.11758756837904422,9.422120008455401,636.7993609310438,0.0,0.1,off,2.0,mean,-0.005912641275396839,0.8,nan,nan,nan,nan,nan,nan,nan,nan,nan,nan,nan,nan,nan,nan,nan,nan,nan,nan,nan,nan,nan
snr,ideal,nv_charge_readout_master_v1_4,thin_all_counts,0,snr0.5,0.5,5.437,1.0,27.43339830432224,0.047957610603674296,7.504300359171423,0.49999999999999734,0.11758756837904422,9.422120008455401,636.7993609310438,0.0,0.1,off,2.0,mean,-0.005912641275396839,0.81,nan,nan,nan,nan,nan,nan,nan,nan,nan,nan,nan,nan,nan,nan,nan,nan,nan,nan,nan,nan,nan
snr,ideal,nv_charge_readout_master_v1_4,thin_all_counts,0,snr0.5,0.5,5.437,1.0,27.43339830432224,0.047957610603674296,7.504300359171423,0.49999999999999734,0.11758756837904422,9.422120008455401,636.7993609310438,0.0,0.1,off,2.0,mean,-0.005912641275396839,0.82,nan,nan,nan,nan,nan,nan,nan,nan,nan,nan,nan,nan,nan,nan,nan,nan,nan,nan,nan,nan,nan
snr,ideal,nv_charge_readout_master_v1_4,thin_all_counts,0,snr0.5,0.5,5.437,1.0,27.43339830432224,0.047957610603674296,7.504300359171423,0.49999999999999734,0.11758756837904422,9.422120008455401,636.7993609310438,0.0,0.1,off,2.0,mean,-0.005912641275396839,0.83,nan,nan,nan,nan,nan,nan,nan,nan,nan,nan,nan,nan,nan,nan,nan,nan,nan,nan,nan,nan,nan
snr,ideal,nv_charge_readout_master_v1_4,thin_all_counts,0,snr0.5,0.5,5.437,1.0,27.43339830432224,0.047957610603674296,7.504300359171423,0.49999999999999734,0.11758756837904422,9.422120008455401,636.7993609310438,0.0,0.1,off,2.0,mean,-0.005912641275396839,0.84,nan,nan,nan,nan,nan,nan,nan,nan,nan,nan,nan,nan,nan,nan,nan,nan,nan,nan,nan,nan,nan
snr,ideal,nv_charge_readout_master_v1_4,thin_all_counts,0,snr0.5,0.5,5.437,1.0,27.43339830432224,0.047957610603674296,7.504300359171423,0.49999999999999734,0.11758756837904422,9.422120008455401,636.7993609310438,0.0,0.1,off,2.0,mean,-0.005912641275396839,0.85,nan,nan,nan,nan,nan,nan,nan,nan,nan,nan,nan,nan,nan,nan,nan,nan,nan,nan,nan,nan,nan
snr,ideal,nv_charge_readout_master_v1_4,thin_all_counts,0,snr0.5,0.5,5.437,1.0,27.43339830432224,0.047957610603674296,7.504300359171423,0.49999999999999734,0.11758756837904422,9.422120008455401,636.7993609310438,0.0,0.1,off,2.0,mean,-0.005912641275396839,0.86,nan,nan,nan,nan,nan,nan,nan,nan,nan,nan,nan,nan,nan,nan,nan,nan,nan,nan,nan,nan,nan
snr,ideal,nv_charge_readout_master_v1_4,thin_all_counts,0,snr0.5,0.5,5.437,1.0,27.43339830432224,0.047957610603674296,7.504300359171423,0.49999999999999734,0.11758756837904422,9.422120008455401,636.7993609310438,0.0,0.1,off,2.0,mean,-0.005912641275396839,0.87,nan,nan,nan,nan,nan,nan,nan,nan,nan,nan,nan,nan,nan,nan,nan,nan,nan,nan,nan,nan,nan
snr,ideal,nv_charge_readout_master_v1_4,thin_all_counts,0,snr0.5,0.5,5.437,1.0,27.43339830432224,0.047957610603674296,7.504300359171423,0.49999999999999734,0.11758756837904422,9.422120008455401,636.7993609310438,0.0,0.1,off,2.0,mean,-0.005912641275396839,0.88,nan,nan,nan,nan,nan,nan,nan,nan,nan,nan,nan,nan,nan,nan,nan,nan,nan,nan,nan,nan,nan
snr,ideal,nv_charge_readout_master_v1_4,thin_all_counts,0,snr0.5,0.5,5.437,1.0,27.43339830432224,0.047957610603674296,7.504300359171423,0.49999999999999734,0.11758756837904422,9.422120008455401,636.7993609310438,0.0,0.1,off,2.0,mean,-0.005912641275396839,0.89,nan,nan,nan,nan,nan,nan,nan,nan,nan,nan,nan,nan,nan,nan,nan,nan,nan,nan,nan,nan,nan
snr,ideal,nv_charge_readout_master_v1_4,thin_all_counts,0,snr0.5,0.5,5.437,1.0,27.43339830432224,0.047957610603674296,7.504300359171423,0.49999999999999734,0.11758756837904422,9.422120008455401,636.7993609310438,0.0,0.1,off,2.0,mean,-0.005912641275396839,0.9,nan,nan,nan,nan,nan,nan,nan,nan,nan,nan,nan,nan,nan,nan,nan,nan,nan,nan,nan,nan,nan
snr,ideal,nv_charge_readout_master_v1_4,thin_all_counts,0,snr0.5,0.5,5.437,1.0,27.43339830432224,0.047957610603674296,7.504300359171423,0.49999999999999734,0.11758756837904422,9.422120008455401,636.7993609310438,0.0,0.1,off,2.0,mean,-0.005912641275396839,0.91,nan,nan,nan,nan,nan,nan,nan,nan,nan,nan,nan,nan,nan,nan,nan,nan,nan,nan,nan,nan,nan
snr,ideal,nv_charge_readout_master_v1_4,thin_all_counts,0,snr0.5,0.5,5.437,1.0,27.43339830432224,0.047957610603674296,7.504300359171423,0.49999999999999734,0.11758756837904422,9.422120008455401,636.7993609310438,0.0,0.1,off,2.0,mean,-0.005912641275396839,0.92,nan,nan,nan,nan,nan,nan,nan,nan,nan,nan,nan,nan,nan,nan,nan,nan,nan,nan,nan,nan,nan
snr,ideal,nv_charge_readout_master_v1_4,thin_all_counts,0,snr0.5,0.5,5.437,1.0,27.43339830432224,0.047957610603674296,7.504300359171423,0.49999999999999734,0.11758756837904422,9.422120008455401,636.7993609310438,0.0,0.1,off,2.0,mean,-0.005912641275396839,0.93,nan,nan,nan,nan,nan,nan,nan,nan,nan,nan,nan,nan,nan,nan,nan,nan,nan,nan,nan,nan,nan
snr,ideal,nv_charge_readout_master_v1_4,thin_all_counts,0,snr0.5,0.5,5.437,1.0,27.43339830432224,0.047957610603674296,7.504300359171423,0.49999999999999734,0.11758756837904422,9.422120008455401,636.7993609310438,0.0,0.1,off,2.0,mean,-0.005912641275396839,0.94,nan,nan,nan,nan,nan,nan,nan,nan,nan,nan,nan,nan,nan,nan,nan,nan,nan,nan,nan,nan,nan
snr,ideal,nv_charge_readout_master_v1_4,thin_all_counts,0,snr0.5,0.5,5.437,1.0,27.43339830432224,0.047957610603674296,7.504300359171423,0.49999999999999734,0.11758756837904422,9.422120008455401,636.7993609310438,0.0,0.1,off,2.0,mean,-0.005912641275396839,0.95,nan,nan,nan,nan,nan,nan,nan,nan,nan,nan,nan,nan,nan,nan,nan,nan,nan,nan,nan,nan,nan
snr,ideal,nv_charge_readout_master_v1_4,thin_all_counts,0,snr0.5,0.5,5.437,1.0,27.43339830432224,0.047957610603674296,7.504300359171423,0.49999999999999734,0.11758756837904422,9.422120008455401,636.7993609310438,0.0,0.1,off,2.0,mean,-0.005912641275396839,0.96,nan,nan,nan,nan,nan,nan,nan,nan,nan,nan,nan,nan,nan,nan,nan,nan,nan,nan,nan,nan,nan
snr,ideal,nv_charge_readout_master_v1_4,thin_all_counts,0,snr0.5,0.5,5.437,1.0,27.43339830432224,0.047957610603674296,7.504300359171423,0.49999999999999734,0.11758756837904422,9.422120008455401,636.7993609310438,0.0,0.1,off,2.0,mean,-0.005912641275396839,0.97,nan,nan,nan,nan,nan,nan,nan,nan,nan,nan,nan,nan,nan,nan,nan,nan,nan,nan,nan,nan,nan
snr,ideal,nv_charge_readout_master_v1_4,thin_all_counts,0,snr0.5,0.5,5.437,1.0,27.43339830432224,0.047957610603674296,7.504300359171423,0.49999999999999734,0.11758756837904422,9.422120008455401,636.7993609310438,0.0,0.1,off,2.0,mean,-0.005912641275396839,0.98,nan,nan,nan,nan,nan,nan,nan,nan,nan,nan,nan,nan,nan,nan,nan,nan,nan,nan,nan,nan,nan
snr,ideal,nv_charge_readout_master_v1_4,thin_all_counts,0,snr0.5,0.5,5.437,1.0,27.43339830432224,0.047957610603674296,7.504300359171423,0.49999999999999734,0.11758756837904422,9.422120008455401,636.7993609310438,0.0,0.1,off,2.0,mean,-0.005912641275396839,0.99,nan,nan,nan,nan,nan,nan,nan,nan,nan,nan,nan,nan,nan,nan,nan,nan,nan,nan,nan,nan,nan
snr,ideal,nv_charge_readout_master_v1_4,thin_all_counts,1,snr1,1.0,5.437,1.0,27.43339830432224,0.09620108766269789,7.504300359171423,1.0000000000000022,0.11758756837904422,9.422120008455401,636.7993609310438,0.0,0.1,off,2.0,mean,-0.014671559731229078,0.55,5.922410758404976,5.940998004541459,6.481019110703905,6.500336950434631,0.9110928869631884,0.8533841620332748,1.5144905557185584,0.9968713596398662,0.9061118743359133,1.4733060390594819,0.9138085627033034,0.764848574277121,1.1374616669066961,7.492549772412424,0.7904399621356268,0.7119985240201342,1.2938892272804157,4.884336761661897,1.2125312089230051,1.034422093482042,1.627134177788581
snr,ideal,nv_charge_readout_master_v1_4,thin_all_counts,1,snr1,1.0,5.437,1.0,27.43339830432224,0.09620108766269789,7.504300359171423,1.0000000000000022,0.11758756837904422,9.422120008455401,636.7993609310438,0.0,0.1,off,2.0,mean,-0.014671559731229078,0.56,10.405925967435575,14.678686983142684,14.93993595985908,8.828726843590523,1.1786440051648066,0.8532866255673899,2.0014406296251455,0.7089139498230299,0.6518440531802773,1.6487520825762427,0.6965174412657743,0.5035529180522587,1.3013751261408684,7.724895547139772,1.3470636468720258,0.8267408519812254,2.1483282105987254,6.8035742736440925,1.5294792926339307,1.0632803907845843,2.290176523216094
snr,ideal,nv_charge_readout_master_v1_4,thin_all_counts,1,snr1,1.0,5.437,1.0,27.43339830432224,0.09620108766269789,7.504300359171423,1.0000000000000022,0.11758756837904422,9.422120008455401,636.7993609310438,0.0,0.1,off,2.0,mean,-0.014671559731229078,0.57,21.28721485057972,17.455508100706364,19.73147166923831,10.60395527353407,2.007478747454689,0.8728088030360521,2.3608720881890606,1.219512759397608,0.5479243169545088,1.3557891014941872,1.0788457752883602,0.6754961618834693,1.3440941523843397,11.69364743088477,1.8204084718987528,1.1669856084746564,2.5070005047039703,11.05809902096911,1.9250338426354723,1.174138208056217,2.495655422064849
snr,ideal,nv_charge_readout_master_v1_4,thin_all_counts,1,snr1,1.0,5.437,1.0,27.43339830432224,0.09620108766269789,7.504300359171423,1.0000000000000022,0.11758756837904422,9.422120008455401,636.7993609310438,0.0,0.1,off,2.0,mean,-0.014671559731229078,0.58,28.34918571209222,40.033146194433165,28.619374850241517,26.081523031850473,1.0869451786796538,0.8885109513584496,2.3977672188996837,0.7081428367984312,0.5712025779717578,1.1731330040714274,0.9905592229193287,0.82608572603639,1.209076463933148,18.442887006646682,1.5371338392885765,1.277575164461535,2.087656775547443,17.278704942496855,1.6407008399320249,1.3835488466108559,2.2048735657221252
snr,ideal,nv_charge_readout_master_v1_4,thin_all_counts,1,snr1,1.0,5.437,1.0,27.43339830432224,0.09620108766269789,7.504300359171423,1.0000000000000022,0.11758756837904422,9.422120008455401,636.7993609310438,0.0,0.1,off,2.0,mean,-0.014671559731229078,0.59,40.93369640117227,41.45329620123753,39.8630365609714,35.521280607814894,1.152371077301943,1.0834310720059541,1.6588318311632073,0.9874654165607765,0.7624099694947709,1.225759072053431,1.0268584616870136,0.9204866041571353,1.2533192346041648,26.869711245803913,1.523414078652023,1.2724449304063754,1.8856725218152426,24.851570053549253,1.64712717598807,1.3368285617318623,1.9977668539877889
snr,ideal,nv_charge_readout_master_v1_4,thin_all_counts,1,snr1,1.0,5.437,1.0,27.43339830432224,0.09620108766269789,7.504300359171423,1.0000000000000022,0.11758756837904422,9.422120008455401,636.7993609310438,0.0,0.1,off,2.0,mean,-0.014671559731229078,0.6,60.22037228622351,45.55412026371548,56.631491082249454,49.361639140712796,1.2199832366700032,0.8343116368907709,1.7096259692479518,1.32195226112598,0.5323314982207951,1.472514663700871,1.0633725359405017,0.8983027243049551,1.5144935487406024,39.140171824736576,1.538582215629525,1.1978666291607345,1.9292355281774587,37.22871735594069,1.6175784868025807,1.2781254421531,1.9841093889829882
snr,ideal,nv_charge_readout_master_v1_4,thin_all_counts,1,snr1,1.0,5.437,1.0,27.43339830432224,0.09620108766269789,7.504300359171423,1.0000000000000022,0.11758756837904422,9.422120008455401,636.7993609310438,0.0,0.1,off,2.0,mean,-0.014671559731229078,0.61,107.76668244041527,109.52630378570245,82.34268472097838,76.96876203366843,1.400135322343822,0.8928819220004531,1.7739926994452309,0.9839342579410875,0.6202309791419487,1.2664020052111649,1.3087584259073792,0.9109569662518884,1.7201437287216024,59.12406219878725,1.8227212142170057,1.197562251072602,2.364274938879509,57.047707212770064,1.8890624655339665,1.2580057903747133,2.460766251865934
snr,ideal,nv_charge_readout_master_v1_4,thin_all_counts,1,snr1,1.0,5.437,1.0,27.43339830432224,0.09620108766269789,7.504300359171423,1.0000000000000022,0.11758756837904422,9.422120008455401,636.7993609310438,0.0,0.1,off,2.0,mean,-0.014671559731229078,0.62,nan,nan,172.60682560983955,225.9165039478797,nan,0.5523241066471662,1.640382207880859,nan,nan,nan,nan,0.8620344078617309,1.4240327899627545,111.7585078932792,nan,0.860044287955979,1.9330575977575757,99.53432772316165,nan,1.2685240963210727,1.9841644998108046
snr,ideal,nv_charge_readout_master_v1_4,thin_all_counts,1,snr1,1.0,5.437,1.0,27.43339830432224,0.09620108766269789,7.504300359171423,1.0000000000000022,0.11758756837904422,9.422120008455401,636.7993609310438,0.0,0.1,off,2.0,mean,-0.014671559731229078,0.63,nan,nan,nan,nan,nan,nan,nan,nan,nan,nan,nan,nan,nan,nan,nan,nan,nan,nan,nan,nan,nan
snr,ideal,nv_charge_readout_master_v1_4,thin_all_counts,1,snr1,1.0,5.437,1.0,27.43339830432224,0.09620108766269789,7.504300359171423,1.0000000000000022,0.11758756837904422,9.422120008455401,636.7993609310438,0.0,0.1,off,2.0,mean,-0.014671559731229078,0.64,nan,nan,nan,nan,nan,nan,nan,nan,nan,nan,nan,nan,nan,nan,nan,nan,nan,nan,nan,nan,nan
snr,ideal,nv_charge_readout_master_v1_4,thin_all_counts,1,snr1,1.0,5.437,1.0,27.43339830432224,0.09620108766269789,7.504300359171423,1.0000000000000022,0.11758756837904422,9.422120008455401,636.7993609310438,0.0,0.1,off,2.0,mean,-0.014671559731229078,0.65,nan,nan,nan,nan,nan,nan,nan,nan,nan,nan,nan,nan,nan,nan,nan,nan,nan,nan,nan,nan,nan
snr,ideal,nv_charge_readout_master_v1_4,thin_all_counts,1,snr1,1.0,5.437,1.0,27.43339830432224,0.09620108766269789,7.504300359171423,1.0000000000000022,0.11758756837904422,9.422120008455401,636.7993609310438,0.0,0.1,off,2.0,mean,-0.014671559731229078,0.66,nan,nan,nan,nan,nan,nan,nan,nan,nan,nan,nan,nan,nan,nan,nan,nan,nan,nan,nan,nan,nan
snr,ideal,nv_charge_readout_master_v1_4,thin_all_counts,1,snr1,1.0,5.437,1.0,27.43339830432224,0.09620108766269789,7.504300359171423,1.0000000000000022,0.11758756837904422,9.422120008455401,636.7993609310438,0.0,0.1,off,2.0,mean,-0.014671559731229078,0.67,nan,nan,nan,nan,nan,nan,nan,nan,nan,nan,nan,nan,nan,nan,nan,nan,nan,nan,nan,nan,nan
snr,ideal,nv_charge_readout_master_v1_4,thin_all_counts,1,snr1,1.0,5.437,1.0,27.43339830432224,0.09620108766269789,7.504300359171423,1.0000000000000022,0.11758756837904422,9.422120008455401,636.7993609310438,0.0,0.1,off,2.0,mean,-0.014671559731229078,0.68,nan,nan,nan,nan,nan,nan,nan,nan,nan,nan,nan,nan,nan,nan,nan,nan,nan,nan,nan,nan,nan
snr,ideal,nv_charge_readout_master_v1_4,thin_all_counts,1,snr1,1.0,5.437,1.0,27.43339830432224,0.09620108766269789,7.504300359171423,1.0000000000000022,0.11758756837904422,9.422120008455401,636.7993609310438,0.0,0.1,off,2.0,mean,-0.014671559731229078,0.69,nan,nan,nan,nan,nan,nan,nan,nan,nan,nan,nan,nan,nan,nan,nan,nan,nan,nan,nan,nan,nan
snr,ideal,nv_charge_readout_master_v1_4,thin_all_counts,1,snr1,1.0,5.437,1.0,27.43339830432224,0.09620108766269789,7.504300359171423,1.0000000000000022,0.11758756837904422,9.422120008455401,636.7993609310438,0.0,0.1,off,2.0,mean,-0.014671559731229078,0.7,nan,nan,nan,nan,nan,nan,nan,nan,nan,nan,nan,nan,nan,nan,nan,nan,nan,nan,nan,nan,nan
snr,ideal,nv_charge_readout_master_v1_4,thin_all_counts,1,snr1,1.0,5.437,1.0,27.43339830432224,0.09620108766269789,7.504300359171423,1.0000000000000022,0.11758756837904422,9.422120008455401,636.7993609310438,0.0,0.1,off,2.0,mean,-0.014671559731229078,0.71,nan,nan,nan,nan,nan,nan,nan,nan,nan,nan,nan,nan,nan,nan,nan,nan,nan,nan,nan,nan,nan
snr,ideal,nv_charge_readout_master_v1_4,thin_all_counts,1,snr1,1.0,5.437,1.0,27.43339830432224,0.09620108766269789,7.504300359171423,1.0000000000000022,0.11758756837904422,9.422120008455401,636.7993609310438,0.0,0.1,off,2.0,mean,-0.014671559731229078,0.72,nan,nan,nan,nan,nan,nan,nan,nan,nan,nan,nan,nan,nan,nan,nan,nan,nan,nan,nan,nan,nan
snr,ideal,nv_charge_readout_master_v1_4,thin_all_counts,1,snr1,1.0,5.437,1.0,27.43339830432224,0.09620108766269789,7.504300359171423,1.0000000000000022,0.11758756837904422,9.422120008455401,636.7993609310438,0.0,0.1,off,2.0,mean,-0.014671559731229078,0.73,nan,nan,nan,nan,nan,nan,nan,nan,nan,nan,nan,nan,nan,nan,nan,nan,nan,nan,nan,nan,nan
snr,ideal,nv_charge_readout_master_v1_4,thin_all_counts,1,snr1,1.0,5.437,1.0,27.43339830432224,0.09620108766269789,7.504300359171423,1.0000000000000022,0.11758756837904422,9.422120008455401,636.7993609310438,0.0,0.1,off,2.0,mean,-0.014671559731229078,0.74,nan,nan,nan,nan,nan,nan,nan,nan,nan,nan,nan,nan,nan,nan,nan,nan,nan,nan,nan,nan,nan
snr,ideal,nv_charge_readout_master_v1_4,thin_all_counts,1,snr1,1.0,5.437,1.0,27.43339830432224,0.09620108766269789,7.504300359171423,1.0000000000000022,0.11758756837904422,9.422120008455401,636.7993609310438,0.0,0.1,off,2.0,mean,-0.014671559731229078,0.75,nan,nan,nan,nan,nan,nan,nan,nan,nan,nan,nan,nan,nan,nan,nan,nan,nan,nan,nan,nan,nan
snr,ideal,nv_charge_readout_master_v1_4,thin_all_counts,1,snr1,1.0,5.437,1.0,27.43339830432224,0.09620108766269789,7.504300359171423,1.0000000000000022,0.11758756837904422,9.422120008455401,636.7993609310438,0.0,0.1,off,2.0,mean,-0.014671559731229078,0.76,nan,nan,nan,nan,nan,nan,nan,nan,nan,nan,nan,nan,nan,nan,nan,nan,nan,nan,nan,nan,nan
snr,ideal,nv_charge_readout_master_v1_4,thin_all_counts,1,snr1,1.0,5.437,1.0,27.43339830432224,0.09620108766269789,7.504300359171423,1.0000000000000022,0.11758756837904422,9.422120008455401,636.7993609310438,0.0,0.1,off,2.0,mean,-0.014671559731229078,0.77,nan,nan,nan,nan,nan,nan,nan,nan,nan,nan,nan,nan,nan,nan,nan,nan,nan,nan,nan,nan,nan
snr,ideal,nv_charge_readout_master_v1_4,thin_all_counts,1,snr1,1.0,5.437,1.0,27.43339830432224,0.09620108766269789,7.504300359171423,1.0000000000000022,0.11758756837904422,9.422120008455401,636.7993609310438,0.0,0.1,off,2.0,mean,-0.014671559731229078,0.78,nan,nan,nan,nan,nan,nan,nan,nan,nan,nan,nan,nan,nan,nan,nan,nan,nan,nan,nan,nan,nan
snr,ideal,nv_charge_readout_master_v1_4,thin_all_counts,1,snr1,1.0,5.437,1.0,27.43339830432224,0.09620108766269789,7.504300359171423,1.0000000000000022,0.11758756837904422,9.422120008455401,636.7993609310438,0.0,0.1,off,2.0,mean,-0.014671559731229078,0.79,nan,nan,nan,nan,nan,nan,nan,nan,nan,nan,nan,nan,nan,nan,nan,nan,nan,nan,nan,nan,nan
snr,ideal,nv_charge_readout_master_v1_4,thin_all_counts,1,snr1,1.0,5.437,1.0,27.43339830432224,0.09620108766269789,7.504300359171423,1.0000000000000022,0.11758756837904422,9.422120008455401,636.7993609310438,0.0,0.1,off,2.0,mean,-0.014671559731229078,0.8,nan,nan,nan,nan,nan,nan,nan,nan,nan,nan,nan,nan,nan,nan,nan,nan,nan,nan,nan,nan,nan
snr,ideal,nv_charge_readout_master_v1_4,thin_all_counts,1,snr1,1.0,5.437,1.0,27.43339830432224,0.09620108766269789,7.504300359171423,1.0000000000000022,0.11758756837904422,9.422120008455401,636.7993609310438,0.0,0.1,off,2.0,mean,-0.014671559731229078,0.81,nan,nan,nan,nan,nan,nan,nan,nan,nan,nan,nan,nan,nan,nan,nan,nan,nan,nan,nan,nan,nan
snr,ideal,nv_charge_readout_master_v1_4,thin_all_counts,1,snr1,1.0,5.437,1.0,27.43339830432224,0.09620108766269789,7.504300359171423,1.0000000000000022,0.11758756837904422,9.422120008455401,636.7993609310438,0.0,0.1,off,2.0,mean,-0.014671559731229078,0.82,nan,nan,nan,nan,nan,nan,nan,nan,nan,nan,nan,nan,nan,nan,nan,nan,nan,nan,nan,nan,nan
snr,ideal,nv_charge_readout_master_v1_4,thin_all_counts,1,snr1,1.0,5.437,1.0,27.43339830432224,0.09620108766269789,7.504300359171423,1.0000000000000022,0.11758756837904422,9.422120008455401,636.7993609310438,0.0,0.1,off,2.0,mean,-0.014671559731229078,0.83,nan,nan,nan,nan,nan,nan,nan,nan,nan,nan,nan,nan,nan,nan,nan,nan,nan,nan,nan,nan,nan
snr,ideal,nv_charge_readout_master_v1_4,thin_all_counts,1,snr1,1.0,5.437,1.0,27.43339830432224,0.09620108766269789,7.504300359171423,1.0000000000000022,0.11758756837904422,9.422120008455401,636.7993609310438,0.0,0.1,off,2.0,mean,-0.014671559731229078,0.84,nan,nan,nan,nan,nan,nan,nan,nan,nan,nan,nan,nan,nan,nan,nan,nan,nan,nan,nan,nan,nan
snr,ideal,nv_charge_readout_master_v1_4,thin_all_counts,1,snr1,1.0,5.437,1.0,27.43339830432224,0.09620108766269789,7.504300359171423,1.0000000000000022,0.11758756837904422,9.422120008455401,636.7993609310438,0.0,0.1,off,2.0,mean,-0.014671559731229078,0.85,nan,nan,nan,nan,nan,nan,nan,nan,nan,nan,nan,nan,nan,nan,nan,nan,nan,nan,nan,nan,nan
snr,ideal,nv_charge_readout_master_v1_4,thin_all_counts,1,snr1,1.0,5.437,1.0,27.43339830432224,0.09620108766269789,7.504300359171423,1.0000000000000022,0.11758756837904422,9.422120008455401,636.7993609310438,0.0,0.1,off,2.0,mean,-0.014671559731229078,0.86,nan,nan,nan,nan,nan,nan,nan,nan,nan,nan,nan,nan,nan,nan,nan,nan,nan,nan,nan,nan,nan
snr,ideal,nv_charge_readout_master_v1_4,thin_all_counts,1,snr1,1.0,5.437,1.0,27.43339830432224,0.09620108766269789,7.504300359171423,1.0000000000000022,0.11758756837904422,9.422120008455401,636.7993609310438,0.0,0.1,off,2.0,mean,-0.014671559731229078,0.87,nan,nan,nan,nan,nan,nan,nan,nan,nan,nan,nan,nan,nan,nan,nan,nan,nan,nan,nan,nan,nan
snr,ideal,nv_charge_readout_master_v1_4,thin_all_counts,1,snr1,1.0,5.437,1.0,27.43339830432224,0.09620108766269789,7.504300359171423,1.0000000000000022,0.11758756837904422,9.422120008455401,636.7993609310438,0.0,0.1,off,2.0,mean,-0.014671559731229078,0.88,nan,nan,nan,nan,nan,nan,nan,nan,nan,nan,nan,nan,nan,nan,nan,nan,nan,nan,nan,nan,nan
snr,ideal,nv_charge_readout_master_v1_4,thin_all_counts,1,snr1,1.0,5.437,1.0,27.43339830432224,0.09620108766269789,7.504300359171423,1.0000000000000022,0.11758756837904422,9.422120008455401,636.7993609310438,0.0,0.1,off,2.0,mean,-0.014671559731229078,0.89,nan,nan,nan,nan,nan,nan,nan,nan,nan,nan,nan,nan,nan,nan,nan,nan,nan,nan,nan,nan,nan
snr,ideal,nv_charge_readout_master_v1_4,thin_all_counts,1,snr1,1.0,5.437,1.0,27.43339830432224,0.09620108766269789,7.504300359171423,1.0000000000000022,0.11758756837904422,9.422120008455401,636.7993609310438,0.0,0.1,off,2.0,mean,-0.014671559731229078,0.9,nan,nan,nan,nan,nan,nan,nan,nan,nan,nan,nan,nan,nan,nan,nan,nan,nan,nan,nan,nan,nan
snr,ideal,nv_charge_readout_master_v1_4,thin_all_counts,1,snr1,1.0,5.437,1.0,27.43339830432224,0.09620108766269789,7.504300359171423,1.0000000000000022,0.11758756837904422,9.422120008455401,636.7993609310438,0.0,0.1,off,2.0,mean,-0.014671559731229078,0.91,nan,nan,nan,nan,nan,nan,nan,nan,nan,nan,nan,nan,nan,nan,nan,nan,nan,nan,nan,nan,nan
snr,ideal,nv_charge_readout_master_v1_4,thin_all_counts,1,snr1,1.0,5.437,1.0,27.43339830432224,0.09620108766269789,7.504300359171423,1.0000000000000022,0.11758756837904422,9.422120008455401,636.7993609310438,0.0,0.1,off,2.0,mean,-0.014671559731229078,0.92,nan,nan,nan,nan,nan,nan,nan,nan,nan,nan,nan,nan,nan,nan,nan,nan,nan,nan,nan,nan,nan
snr,ideal,nv_charge_readout_master_v1_4,thin_all_counts,1,snr1,1.0,5.437,1.0,27.43339830432224,0.09620108766269789,7.504300359171423,1.0000000000000022,0.11758756837904422,9.422120008455401,636.7993609310438,0.0,0.1,off,2.0,mean,-0.014671559731229078,0.93,nan,nan,nan,nan,nan,nan,nan,nan,nan,nan,nan,nan,nan,nan,nan,nan,nan,nan,nan,nan,nan
snr,ideal,nv_charge_readout_master_v1_4,thin_all_counts,1,snr1,1.0,5.437,1.0,27.43339830432224,0.09620108766269789,7.504300359171423,1.0000000000000022,0.11758756837904422,9.422120008455401,636.7993609310438,0.0,0.1,off,2.0,mean,-0.014671559731229078,0.94,nan,nan,nan,nan,nan,nan,nan,nan,nan,nan,nan,nan,nan,nan,nan,nan,nan,nan,nan,nan,nan
snr,ideal,nv_charge_readout_master_v1_4,thin_all_counts,1,snr1,1.0,5.437,1.0,27.43339830432224,0.09620108766269789,7.504300359171423,1.0000000000000022,0.11758756837904422,9.422120008455401,636.7993609310438,0.0,0.1,off,2.0,mean,-0.014671559731229078,0.95,nan,nan,nan,nan,nan,nan,nan,nan,nan,nan,nan,nan,nan,nan,nan,nan,nan,nan,nan,nan,nan
snr,ideal,nv_charge_readout_master_v1_4,thin_all_counts,1,snr1,1.0,5.437,1.0,27.43339830432224,0.09620108766269789,7.504300359171423,1.0000000000000022,0.11758756837904422,9.422120008455401,636.7993609310438,0.0,0.1,off,2.0,mean,-0.014671559731229078,0.96,nan,nan,nan,nan,nan,nan,nan,nan,nan,nan,nan,nan,nan,nan,nan,nan,nan,nan,nan,nan,nan
snr,ideal,nv_charge_readout_master_v1_4,thin_all_counts,1,snr1,1.0,5.437,1.0,27.43339830432224,0.09620108766269789,7.504300359171423,1.0000000000000022,0.11758756837904422,9.422120008455401,636.7993609310438,0.0,0.1,off,2.0,mean,-0.014671559731229078,0.97,nan,nan,nan,nan,nan,nan,nan,nan,nan,nan,nan,nan,nan,nan,nan,nan,nan,nan,nan,nan,nan
snr,ideal,nv_charge_readout_master_v1_4,thin_all_counts,1,snr1,1.0,5.437,1.0,27.43339830432224,0.09620108766269789,7.504300359171423,1.0000000000000022,0.11758756837904422,9.422120008455401,636.7993609310438,0.0,0.1,off,2.0,mean,-0.014671559731229078,0.98,nan,nan,nan,nan,nan,nan,nan,nan,nan,nan,nan,nan,nan,nan,nan,nan,nan,nan,nan,nan,nan
snr,ideal,nv_charge_readout_master_v1_4,thin_all_counts,1,snr1,1.0,5.437,1.0,27.43339830432224,0.09620108766269789,7.504300359171423,1.0000000000000022,0.11758756837904422,9.422120008455401,636.7993609310438,0.0,0.1,off,2.0,mean,-0.014671559731229078,0.99,nan,nan,nan,nan,nan,nan,nan,nan,nan,nan,nan,nan,nan,nan,nan,nan,nan,nan,nan,nan,nan
snr,ideal,nv_charge_readout_master_v1_4,thin_all_counts,2,snr2,2.0,5.437,1.0,27.43339830432224,0.19253302619025883,7.504300359171423,2.000000000000001,0.11758756837904422,9.422120008455401,636.7993609310438,0.0,0.1,off,2.0,mean,-0.02197306115973718,0.55,1.8919914976044714,1.8695793023264513,2.0165830421561433,1.6552844705822134,1.1430008141978163,0.8093591766002518,1.211220728334028,1.011987828090593,0.9700629078699882,1.2409863664527012,0.9382165068598128,0.8684636122042872,1.187001249994496,5.594450982831922,0.3381907363940727,0.283182450428792,0.45932294636849,1.6727144595892294,1.1310905377532816,1.0513952262395658,1.3524842423730967
snr,ideal,nv_charge_readout_master_v1_4,thin_all_counts,2,snr2,2.0,5.437,1.0,27.43339830432224,0.19253302619025883,7.504300359171423,2.000000000000001,0.11758756837904422,9.422120008455401,636.7993609310438,0.0,0.1,off,2.0,mean,-0.02197306115973718,0.56,2.6967517160434116,2.3405928429794236,2.4056596739082936,2.5984800549664424,1.0378189014339916,0.8775407192444925,1.323616525594376,1.1521660950695811,0.9877828073843969,1.3323606788030973,1.1210030019176414,0.9329729559301329,1.3289914002573373,5.594450982831922,0.4820404583611725,0.3853647524397789,0.7138394655838282,2.0790434338408614,1.2971117736878566,1.1605876097043095,1.4094855346752295
snr,ideal,nv_charge_readout_master_v1_4,thin_all_counts,2,snr2,2.0,5.437,1.0,27.43339830432224,0.19253302619025883,7.504300359171423,2.000000000000001,0.11758756837904422,9.422120008455401,636.7993609310438,0.0,0.1,off,2.0,mean,-0.02197306115973718,0.57,4.290251971545305,5.479991915362585,5.446792926668918,3.049076930867282,1.4070658329781736,1.0361047628953257,1.8063372259802242,0.7828938505398214,0.7405622908746864,1.4592156339378017,0.7876657015064981,0.7544237970502139,1.5174356995627807,5.594450982831922,0.7668763181071919,0.4990736359496907,1.0178516744540453,2.945281589340374,1.4566525615318673,1.163283490380201,1.8054743841110517
snr,ideal,nv_charge_readout_master_v1_4,thin_all_counts,2,snr2,2.0,5.437,1.0,27.43339830432224,0.19253302619025883,7.504300359171423,2.000000000000001,0.11758756837904422,9.422120008455401,636.7993609310438,0.0,0.1,off,2.0,mean,-0.02197306115973718,0.58,6.08375611093655,5.991101338331263,6.012384661126685,5.341034710556431,1.1390594595672907,1.0357540926188904,1.9581715582078563,1.015465398993083,0.8338129945505485,1.1140756448924964,1.0118707391214206,0.8236735163234151,1.1034283628616686,5.82925558581949,1.0436591810687061,0.8389091933457492,1.134535841013811,4.054716094749822,1.5004148178990866,1.2788180043920119,1.7877413517801313
snr,ideal,nv_charge_readout_master_v1_4,thin_all_counts,2,snr2,2.0,5.437,1.0,27.43339830432224,0.19253302619025883,7.504300359171423,2.000000000000001,0.11758756837904422,9.422120008455401,636.7993609310438,0.0,0.1,off,2.0,mean,-0.02197306115973718,0.59,7.2615847491924965,6.549881058315351,6.636707104534421,5.985123126571015,1.2132724082073796,1.079024499467292,1.362221862280474,1.1086590251854433,0.9925677546950727,1.2686943834809299,1.0941547720602494,0.9898836223333946,1.2208434046730292,6.532199534290906,1.1116599716638582,1.0153663361777827,1.290171807620304,5.232682331124095,1.3877365927605525,1.2661014646178095,1.6090605232201753
snr,ideal,nv_charge_readout_master_v1_4,thin_all_counts,2,snr2,2.0,5.437,1.0,27.43339830432224,0.19253302619025883,7.504300359171423,2.000000000000001,0.11758756837904422,9.422120008455401,636.7993609310438,0.0,0.1,off,2.0,mean,-0.02197306115973718,0.6,9.589016647907865,7.1607772019472575,8.27873376722465,8.038882374492337,1.1928295752073896,1.0418890308568123,1.4282601380392852,1.3391027785783207,0.6462575075349524,1.4234839971473785,1.1582709285652595,0.9568890021341171,1.370861980429878,7.319910772070179,1.3099909201756499,1.1198100902289008,1.5381096365827203,6.410648567498368,1.4957950895208398,1.3000626981215968,1.7773454163868727
snr,ideal,nv_charge_readout_master_v1_4,thin_all_counts,2,snr2,2.0,5.437,1.0,27.43339830432224,0.19253302619025883,7.504300359171423,2.000000000000001,0.11758756837904422,9.422120008455401,636.7993609310438,0.0,0.1,off,2.0,mean,-0.02197306115973718,0.61,11.752582985921993,16.56851303519138,12.676926354199528,8.040972462821982,1.4615872694827536,0.9973980545819798,1.5030041770928937,0.7093323921681811,0.6761312307595821,0.776104668459985,0.9270845832458966,0.7375631869697772,1.0202164937137501,8.499608730290172,1.3827204708893426,1.2633744644924496,1.507014748179021,7.94599858165963,1.479056768654407,1.2923635306628776,1.7012797796500407
snr,ideal,nv_charge_readout_master_v1_4,thin_all_counts,2,snr2,2.0,5.437,1.0,27.43339830432224,0.19253302619025883,7.504300359171423,2.000000000000001,0.11758756837904422,9.422120008455401,636.7993609310438,0.0,0.1,off,2.0,mean,-0.02197306115973718,0.62,13.325820488384835,16.818553869072854,16.50082093392046,12.659895562401228,1.0526011389826426,0.9588879529960124,1.46999860603971,0.7923285552445324,0.7148529857714242,1.074108106475542,0.8075853038918307,0.7329123474342722,1.0900769750257888,10.116805371709516,1.3171964863185923,1.2081267439524568,1.7342357079319681,9.996223529920798,1.3330854845830382,1.2253892718745898,1.767483988578995
snr,ideal,nv_charge_readout_master_v1_4,thin_all_counts,2,snr2,2.0,5.437,1.0,27.43339830432224,0.19253302619025883,7.504300359171423,2.000000000000001,0.11758756837904422,9.422120008455401,636.7993609310438,0.0,0.1,off,2.0,mean,-0.02197306115973718,0.63,18.542914765427966,17.072368150726938,16.89060992157655,13.91060628757497,1.333005505445913,1.0208173671130065,1.3790618120699758,1.0861360651151617,0.8088819996245012,1.1224604996715946,1.0978238708680799,0.821856194473709,1.1285717066329675,12.041701468481156,1.5398915854178554,1.2384359251707786,1.6680606707923011,12.046448478181965,1.5392847775020277,1.2378338623720113,1.6873400309544675
snr,ideal,nv_charge_readout_master_v1_4,thin_all_counts,2,snr2,2.0,5.437,1.0,27.43339830432224,0.19253302619025883,7.504300359171423,2.000000000000001,0.11758756837904422,9.422120008455401,636.7993609310438,0.0,0.1,off,2.0,mean,-0.02197306115973718,0.64,19.735928330468383,38.51833892041342,17.36460815984456,18.605847776201305,1.06073792325188,1.001746516491756,1.3412956098901354,0.5123774514588169,0.5065628073675296,1.1425236935239231,1.136560534438518,0.8344393998780185,1.1608706756939782,14.332842130333397,1.376972421171104,1.2777358087417423,1.621239913365606,14.096673426443132,1.4000415369946004,1.3210405506541945,1.6482985030935569
snr,ideal,nv_charge_readout_master_v1_4,thin_all_counts,2,snr2,2.0,5.437,1.0,27.43339830432224,0.19253302619025883,7.504300359171423,2.000000000000001,0.11758756837904422,9.422120008455401,636.7993609310438,0.0,0.1,off,2.0,mean,-0.02197306115973718,0.65,25.530538978103127,39.14223678413902,28.025858113513696,20.01790792954767,1.2753849736924046,1.0073299191980365,1.4099142051615436,0.6522503841284936,0.5160600699033593,0.7285449586883659,0.9109636848476244,0.8375930331430661,1.041635854241314,17.084084370620534,1.4944048755699162,1.2723091409928107,1.6380719960595813,16.321399148026206,1.564237155562157,1.3147938297456936,1.705506628607709
snr,ideal,nv_charge_readout_master_v1_4,thin_all_counts,2,snr2,2.0,5.437,1.0,27.43339830432224,0.19253302619025883,7.504300359171423,2.000000000000001,0.11758756837904422,9.422120008455401,636.7993609310438,0.0,0.1,off,2.0,mean,-0.02197306115973718,0.66,29.832984848659027,39.92943723260092,33.18663836589685,20.242293703661137,1.473794683814081,1.172188756354175,1.5935669891020945,0.7471426325112714,0.6721429838757738,0.9053358949486544,0.8989456696317849,0.8523109407881515,1.0489717536436916,20.406235253721007,1.4619543721676482,1.3316382555437452,1.6745694378111158,19.849748293837546,1.5029402089658148,1.37483042151034,1.7342753737606886
snr,ideal,nv_charge_readout_master_v1_4,thin_all_counts,2,snr2,2.0,5.437,1.0,27.43339830432224,0.19253302619025883,7.504300359171423,2.000000000000001,0.11758756837904422,9.422120008455401,636.7993609310438,0.0,0.1,off,2.0,mean,-0.02197306115973718,0.67,37.97053772225233,41.04683337852472,35.77272874897252,31.49443802835769,1.205626774100987,1.1238236265322026,1.5805320364602693,0.9250540077500382,0.7725956412891251,0.9741310274494629,1.0614381136172883,0.9246155144142835,1.0914896478553333,24.159762481654386,1.5716436678996781,1.4133613570347794,1.7022516015963904,23.378097439648887,1.624192807831098,1.451796764316208,1.7378550641401924
snr,ideal,nv_charge_readout_master_v1_4,thin_all_counts,2,snr2,2.0,5.437,1.0,27.43339830432224,0.19253302619025883,7.504300359171423,2.000000000000001,0.11758756837904422,9.422120008455401,636.7993609310438,0.0,0.1,off,2.0,mean,-0.02197306115973718,0.68,41.306975851241276,42.19549903970996,40.64530306195026,35.377474523592326,1.1676066878005866,1.1223454877547376,1.2852780257272076,0.978942702214933,0.9255588948997135,1.0671411347720658,1.0162791943827438,0.9878489266310527,1.1162925542349758,28.30626596735147,1.4592873499770285,1.3513327641445791,1.5967194106129974,26.90644658546023,1.5352073979758754,1.4480541798707889,1.677440159798878
snr,ideal,nv_charge_readout_master_v1_4,thin_all_counts,2,snr2,2.0,5.437,1.0,27.43339830432224,0.19253302619025883,7.504300359171423,2.000000000000001,0.11758756837904422,9.422120008455401,636.7993609310438,0.0,0.1,off,2.0,mean,-0.02197306115973718,0.69,52.324457554011005,102.6389446785718,44.48698667341791,47.613448675307446,1.098942819933703,0.8988142980819771,1.5089620045896217,0.5097914609105965,0.46077225948876466,1.2090993911357772,1.1761744605929036,0.9879652116493403,1.4384742562395272,33.16442757344407,1.5777283487898657,1.3553260852838502,1.917585207982042,30.993510759407314,1.688239127222114,1.4360727151779735,2.075772695729353
snr,ideal,nv_charge_readout_master_v1_4,thin_all_counts,2,snr2,2.0,5.437,1.0,27.43339830432224,0.19253302619025883,7.504300359171423,2.000000000000001,0.11758756837904422,9.422120008455401,636.7993609310438,0.0,0.1,off,2.0,mean,-0.02197306115973718,0.7,80.5200922808344,105.16037239074336,65.73049354114434,61.57026699955884,1.3077755904714745,1.046298090267347,1.7222060093192202,0.7656885426541349,0.596592464902097,0.9990557623663033,1.225003616174469,1.0057135509870767,1.5906557906908396,39.67742632908927,2.029367822725981,1.6235194319790132,2.5798845124865606,38.35304866957833,2.099444374671133,1.6821061294816642,2.6566403116234447
snr,ideal,nv_charge_readout_master_v1_4,thin_all_counts,2,snr2,2.0,5.437,1.0,27.43339830432224,0.19253302619025883,7.504300359171423,2.000000000000001,0.11758756837904422,9.422120008455401,636.7993609310438,0.0,0.1,off,2.0,mean,-0.02197306115973718,0.71,nan,nan,85.92751656257711,62.86346661641178,nan,1.135966056294874,2.1385877339689077,nan,0.6323763791805975,1.264876978558603,nan,1.040526538791259,1.701642015945205,49.48097367762406,nan,1.6789769624591744,2.9372747328359696,45.712586579749335,nan,1.780730169894425,3.173699884272086
snr,ideal,nv_charge_readout_master_v1_4,thin_all_counts,2,snr2,2.0,5.437,1.0,27.43339830432224,0.19253302619025883,7.504300359171423,2.000000000000001,0.11758756837904422,9.422120008455401,636.7993609310438,0.0,0.1,off,2.0,mean,-0.02197306115973718,0.72,nan,nan,160.8548728684515,100.99613008380989,nan,nan,nan,nan,nan,nan,nan,nan,nan,72.04366658370735,nan,nan,nan,66.96635117159319,nan,nan,nan
snr,ideal,nv_charge_readout_master_v1_4,thin_all_counts,2,snr2,2.0,5.437,1.0,27.43339830432224,0.19253302619025883,7.504300359171423,2.000000000000001,0.11758756837904422,9.422120008455401,636.7993609310438,0.0,0.1,off,2.0,mean,-0.02197306115973718,0.73,nan,nan,nan,nan,nan,nan,nan,nan,nan,nan,nan,nan,nan,nan,nan,nan,nan,nan,nan,nan,nan
snr,ideal,nv_charge_readout_master_v1_4,thin_all_counts,2,snr2,2.0,5.437,1.0,27.43339830432224,0.19253302619025883,7.504300359171423,2.000000000000001,0.11758756837904422,9.422120008455401,636.7993609310438,0.0,0.1,off,2.0,mean,-0.02197306115973718,0.74,nan,nan,nan,nan,nan,nan,nan,nan,nan,nan,nan,nan,nan,nan,nan,nan,nan,nan,nan,nan,nan
snr,ideal,nv_charge_readout_master_v1_4,thin_all_counts,2,snr2,2.0,5.437,1.0,27.43339830432224,0.19253302619025883,7.504300359171423,2.000000000000001,0.11758756837904422,9.422120008455401,636.7993609310438,0.0,0.1,off,2.0,mean,-0.02197306115973718,0.75,nan,nan,nan,nan,nan,nan,nan,nan,nan,nan,nan,nan,nan,nan,nan,nan,nan,nan,nan,nan,nan
snr,ideal,nv_charge_readout_master_v1_4,thin_all_counts,2,snr2,2.0,5.437,1.0,27.43339830432224,0.19253302619025883,7.504300359171423,2.000000000000001,0.11758756837904422,9.422120008455401,636.7993609310438,0.0,0.1,off,2.0,mean,-0.02197306115973718,0.76,nan,nan,nan,nan,nan,nan,nan,nan,nan,nan,nan,nan,nan,nan,nan,nan,nan,nan,nan,nan,nan
snr,ideal,nv_charge_readout_master_v1_4,thin_all_counts,2,snr2,2.0,5.437,1.0,27.43339830432224,0.19253302619025883,7.504300359171423,2.000000000000001,0.11758756837904422,9.422120008455401,636.7993609310438,0.0,0.1,off,2.0,mean,-0.02197306115973718,0.77,nan,nan,nan,nan,nan,nan,nan,nan,nan,nan,nan,nan,nan,nan,nan,nan,nan,nan,nan,nan,nan
snr,ideal,nv_charge_readout_master_v1_4,thin_all_counts,2,snr2,2.0,5.437,1.0,27.43339830432224,0.19253302619025883,7.504300359171423,2.000000000000001,0.11758756837904422,9.422120008455401,636.7993609310438,0.0,0.1,off,2.0,mean,-0.02197306115973718,0.78,nan,nan,nan,nan,nan,nan,nan,nan,nan,nan,nan,nan,nan,nan,nan,nan,nan,nan,nan,nan,nan
snr,ideal,nv_charge_readout_master_v1_4,thin_all_counts,2,snr2,2.0,5.437,1.0,27.43339830432224,0.19253302619025883,7.504300359171423,2.000000000000001,0.11758756837904422,9.422120008455401,636.7993609310438,0.0,0.1,off,2.0,mean,-0.02197306115973718,0.79,nan,nan,nan,nan,nan,nan,nan,nan,nan,nan,nan,nan,nan,nan,nan,nan,nan,nan,nan,nan,nan
snr,ideal,nv_charge_readout_master_v1_4,thin_all_counts,2,snr2,2.0,5.437,1.0,27.43339830432224,0.19253302619025883,7.504300359171423,2.000000000000001,0.11758756837904422,9.422120008455401,636.7993609310438,0.0,0.1,off,2.0,mean,-0.02197306115973718,0.8,nan,nan,nan,nan,nan,nan,nan,nan,nan,nan,nan,nan,nan,nan,nan,nan,nan,nan,nan,nan,nan
snr,ideal,nv_charge_readout_master_v1_4,thin_all_counts,2,snr2,2.0,5.437,1.0,27.43339830432224,0.19253302619025883,7.504300359171423,2.000000000000001,0.11758756837904422,9.422120008455401,636.7993609310438,0.0,0.1,off,2.0,mean,-0.02197306115973718,0.81,nan,nan,nan,nan,nan,nan,nan,nan,nan,nan,nan,nan,nan,nan,nan,nan,nan,nan,nan,nan,nan
snr,ideal,nv_charge_readout_master_v1_4,thin_all_counts,2,snr2,2.0,5.437,1.0,27.43339830432224,0.19253302619025883,7.504300359171423,2.000000000000001,0.11758756837904422,9.422120008455401,636.7993609310438,0.0,0.1,off,2.0,mean,-0.02197306115973718,0.82,nan,nan,nan,nan,nan,nan,nan,nan,nan,nan,nan,nan,nan,nan,nan,nan,nan,nan,nan,nan,nan
snr,ideal,nv_charge_readout_master_v1_4,thin_all_counts,2,snr2,2.0,5.437,1.0,27.43339830432224,0.19253302619025883,7.504300359171423,2.000000000000001,0.11758756837904422,9.422120008455401,636.7993609310438,0.0,0.1,off,2.0,mean,-0.02197306115973718,0.83,nan,nan,nan,nan,nan,nan,nan,nan,nan,nan,nan,nan,nan,nan,nan,nan,nan,nan,nan,nan,nan
snr,ideal,nv_charge_readout_master_v1_4,thin_all_counts,2,snr2,2.0,5.437,1.0,27.43339830432224,0.19253302619025883,7.504300359171423,2.000000000000001,0.11758756837904422,9.422120008455401,636.7993609310438,0.0,0.1,off,2.0,mean,-0.02197306115973718,0.84,nan,nan,nan,nan,nan,nan,nan,nan,nan,nan,nan,nan,nan,nan,nan,nan,nan,nan,nan,nan,nan
snr,ideal,nv_charge_readout_master_v1_4,thin_all_counts,2,snr2,2.0,5.437,1.0,27.43339830432224,0.19253302619025883,7.504300359171423,2.000000000000001,0.11758756837904422,9.422120008455401,636.7993609310438,0.0,0.1,off,2.0,mean,-0.02197306115973718,0.85,nan,nan,nan,nan,nan,nan,nan,nan,nan,nan,nan,nan,nan,nan,nan,nan,nan,nan,nan,nan,nan
snr,ideal,nv_charge_readout_master_v1_4,thin_all_counts,2,snr2,2.0,5.437,1.0,27.43339830432224,0.19253302619025883,7.504300359171423,2.000000000000001,0.11758756837904422,9.422120008455401,636.7993609310438,0.0,0.1,off,2.0,mean,-0.02197306115973718,0.86,nan,nan,nan,nan,nan,nan,nan,nan,nan,nan,nan,nan,nan,nan,nan,nan,nan,nan,nan,nan,nan
snr,ideal,nv_charge_readout_master_v1_4,thin_all_counts,2,snr2,2.0,5.437,1.0,27.43339830432224,0.19253302619025883,7.504300359171423,2.000000000000001,0.11758756837904422,9.422120008455401,636.7993609310438,0.0,0.1,off,2.0,mean,-0.02197306115973718,0.87,nan,nan,nan,nan,nan,nan,nan,nan,nan,nan,nan,nan,nan,nan,nan,nan,nan,nan,nan,nan,nan
snr,ideal,nv_charge_readout_master_v1_4,thin_all_counts,2,snr2,2.0,5.437,1.0,27.43339830432224,0.19253302619025883,7.504300359171423,2.000000000000001,0.11758756837904422,9.422120008455401,636.7993609310438,0.0,0.1,off,2.0,mean,-0.02197306115973718,0.88,nan,nan,nan,nan,nan,nan,nan,nan,nan,nan,nan,nan,nan,nan,nan,nan,nan,nan,nan,nan,nan
snr,ideal,nv_charge_readout_master_v1_4,thin_all_counts,2,snr2,2.0,5.437,1.0,27.43339830432224,0.19253302619025883,7.504300359171423,2.000000000000001,0.11758756837904422,9.422120008455401,636.7993609310438,0.0,0.1,off,2.0,mean,-0.02197306115973718,0.89,nan,nan,nan,nan,nan,nan,nan,nan,nan,nan,nan,nan,nan,nan,nan,nan,nan,nan,nan,nan,nan
snr,ideal,nv_charge_readout_master_v1_4,thin_all_counts,2,snr2,2.0,5.437,1.0,27.43339830432224,0.19253302619025883,7.504300359171423,2.000000000000001,0.11758756837904422,9.422120008455401,636.7993609310438,0.0,0.1,off,2.0,mean,-0.02197306115973718,0.9,nan,nan,nan,nan,nan,nan,nan,nan,nan,nan,nan,nan,nan,nan,nan,nan,nan,nan,nan,nan,nan
snr,ideal,nv_charge_readout_master_v1_4,thin_all_counts,2,snr2,2.0,5.437,1.0,27.43339830432224,0.19253302619025883,7.504300359171423,2.000000000000001,0.11758756837904422,9.422120008455401,636.7993609310438,0.0,0.1,off,2.0,mean,-0.02197306115973718,0.91,nan,nan,nan,nan,nan,nan,nan,nan,nan,nan,nan,nan,nan,nan,nan,nan,nan,nan,nan,nan,nan
snr,ideal,nv_charge_readout_master_v1_4,thin_all_counts,2,snr2,2.0,5.437,1.0,27.43339830432224,0.19253302619025883,7.504300359171423,2.000000000000001,0.11758756837904422,9.422120008455401,636.7993609310438,0.0,0.1,off,2.0,mean,-0.02197306115973718,0.92,nan,nan,nan,nan,nan,nan,nan,nan,nan,nan,nan,nan,nan,nan,nan,nan,nan,nan,nan,nan,nan
snr,ideal,nv_charge_readout_master_v1_4,thin_all_counts,2,snr2,2.0,5.437,1.0,27.43339830432224,0.19253302619025883,7.504300359171423,2.000000000000001,0.11758756837904422,9.422120008455401,636.7993609310438,0.0,0.1,off,2.0,mean,-0.02197306115973718,0.93,nan,nan,nan,nan,nan,nan,nan,nan,nan,nan,nan,nan,nan,nan,nan,nan,nan,nan,nan,nan,nan
snr,ideal,nv_charge_readout_master_v1_4,thin_all_counts,2,snr2,2.0,5.437,1.0,27.43339830432224,0.19253302619025883,7.504300359171423,2.000000000000001,0.11758756837904422,9.422120008455401,636.7993609310438,0.0,0.1,off,2.0,mean,-0.02197306115973718,0.94,nan,nan,nan,nan,nan,nan,nan,nan,nan,nan,nan,nan,nan,nan,nan,nan,nan,nan,nan,nan,nan
snr,ideal,nv_charge_readout_master_v1_4,thin_all_counts,2,snr2,2.0,5.437,1.0,27.43339830432224,0.19253302619025883,7.504300359171423,2.000000000000001,0.11758756837904422,9.422120008455401,636.7993609310438,0.0,0.1,off,2.0,mean,-0.02197306115973718,0.95,nan,nan,nan,nan,nan,nan,nan,nan,nan,nan,nan,nan,nan,nan,nan,nan,nan,nan,nan,nan,nan
snr,ideal,nv_charge_readout_master_v1_4,thin_all_counts,2,snr2,2.0,5.437,1.0,27.43339830432224,0.19253302619025883,7.504300359171423,2.000000000000001,0.11758756837904422,9.422120008455401,636.7993609310438,0.0,0.1,off,2.0,mean,-0.02197306115973718,0.96,nan,nan,nan,nan,nan,nan,nan,nan,nan,nan,nan,nan,nan,nan,nan,nan,nan,nan,nan,nan,nan
snr,ideal,nv_charge_readout_master_v1_4,thin_all_counts,2,snr2,2.0,5.437,1.0,27.43339830432224,0.19253302619025883,7.504300359171423,2.000000000000001,0.11758756837904422,9.422120008455401,636.7993609310438,0.0,0.1,off,2.0,mean,-0.02197306115973718,0.97,nan,nan,nan,nan,nan,nan,nan,nan,nan,nan,nan,nan,nan,nan,nan,nan,nan,nan,nan,nan,nan
snr,ideal,nv_charge_readout_master_v1_4,thin_all_counts,2,snr2,2.0,5.437,1.0,27.43339830432224,0.19253302619025883,7.504300359171423,2.000000000000001,0.11758756837904422,9.422120008455401,636.7993609310438,0.0,0.1,off,2.0,mean,-0.02197306115973718,0.98,nan,nan,nan,nan,nan,nan,nan,nan,nan,nan,nan,nan,nan,nan,nan,nan,nan,nan,nan,nan,nan
snr,ideal,nv_charge_readout_master_v1_4,thin_all_counts,2,snr2,2.0,5.437,1.0,27.43339830432224,0.19253302619025883,7.504300359171423,2.000000000000001,0.11758756837904422,9.422120008455401,636.7993609310438,0.0,0.1,off,2.0,mean,-0.02197306115973718,0.99,nan,nan,nan,nan,nan,nan,nan,nan,nan,nan,nan,nan,nan,nan,nan,nan,nan,nan,nan,nan,nan
snr,ideal,nv_charge_readout_master_v1_4,thin_all_counts,3,snr4,4.0,5.437,1.0,27.43339830432224,0.3779396733049236,7.504300359171423,3.9999999999999996,0.11758756837904422,9.422120008455401,636.7993609310438,0.0,0.1,off,2.0,mean,-0.027207022092673644,0.55,0.93780864731944,1.5212970061985243,1.5212970061985243,0.8813967622674082,1.0640028276333933,1.0234343089642195,1.0989313328785453,0.6164533575615668,0.5492677962328204,0.6915936540724223,0.6164533575615668,0.5492677962328204,0.6915936540724223,4.980177293739347,0.1883082854295916,0.1678722649903395,0.21157761316695714,0.8715444570922901,1.076030763190469,1.0347771539190738,1.1182698996581129
snr,ideal,nv_charge_readout_master_v1_4,thin_all_counts,3,snr4,4.0,5.437,1.0,27.43339830432224,0.3779396733049236,7.504300359171423,3.9999999999999996,0.11758756837904422,9.422120008455401,636.7993609310438,0.0,0.1,off,2.0,mean,-0.027207022092673644,0.56,1.1446685488789283,1.5212970061985243,1.5212970061985243,1.0539662505160008,1.0860580671520759,0.7865332326332194,1.1060884264605821,0.7524293706061187,0.6655152464158164,0.8636799885150768,0.7524293706061187,0.6655152464158164,0.8636799885150768,4.980177293739347,0.2298449395201066,0.20312262983209908,0.26371145229365034,1.0588238284702263,1.0810755463755752,1.0539668435589382,1.1273205629100862
snr,ideal,nv_charge_readout_master_v1_4,thin_all_counts,3,snr4,4.0,5.437,1.0,27.43339830432224,0.3779396733049236,7.504300359171423,3.9999999999999996,0.11758756837904422,9.422120008455401,636.7993609310438,0.0,0.1,off,2.0,mean,-0.027207022092673644,0.57,1.4285006640080102,1.5212970061985243,1.5212970061985243,1.5212970061985243,0.9390018242247139,0.8195858304658401,1.0591518957986596,0.9390018242247139,0.8161051560303839,1.054516170762655,0.9390018242247139,0.8161051560303839,1.054516170762655,4.980177293739347,0.2868373111543236,0.24945349278119636,0.3227177276443041,1.2769059606171638,1.1187203349865926,1.0724902067020177,1.1681172504826263
snr,ideal,nv_charge_readout_master_v1_4,thin_all_counts,3,snr4,4.0,5.437,1.0,27.43339830432224,0.3779396733049236,7.504300359171423,3.9999999999999996,0.11758756837904422,9.422120008455401,636.7993609310438,0.0,0.1,off,2.0,mean,-0.027207022092673644,0.58,1.7120088908373852,1.5212970061985243,1.5212970061985243,1.5212970061985243,1.1253613751041416,1.0002899341335363,1.1494099830923166,1.1253613751041416,0.9881210300749129,1.1459388888851791,1.1253613751041416,0.9860283167999494,1.1459388888851791,4.980177293739347,0.34376464729269307,0.3051134722022951,0.38456413237807746,1.5031515414182073,1.1389463029270643,1.1127051173223683,1.1876417654853988
snr,ideal,nv_charge_readout_master_v1_4,thin_all_counts,3,snr4,4.0,5.437,1.0,27.43339830432224,0.3779396733049236,7.504300359171423,3.9999999999999996,0.11758756837904422,9.422120008455401,636.7993609310438,0.0,0.1,off,2.0,mean,-0.027207022092673644,0.59,2.020080843264959,1.9253677918505239,1.9573755145867457,1.7858719297647232,1.1311454139553507,1.0865238308240637,1.1838630080414367,1.0491921864566995,1.0013420160784725,1.1184464826202876,1.0320354107890493,0.993838880662087,1.0955155023629646,4.980177293739347,0.4056242828552373,0.3608106394868789,0.45276100750830234,1.7617694186062152,1.1466204498333845,1.101044629910443,1.2017378457165393
snr,ideal,nv_charge_readout_master_v1_4,thin_all_counts,3,snr4,4.0,5.437,1.0,27.43339830432224,0.3779396733049236,7.504300359171423,3.9999999999999996,0.11758756837904422,9.422120008455401,636.7993609310438,0.0,0.1,off,2.0,mean,-0.027207022092673644,0.6,2.3514545749093623,2.1422030793884255,2.219240952742491,2.0010119758396954,1.1751326845120997,1.1262895512140454,1.2467219028559984,1.0976805128954794,1.0355213242624046,1.1802507667153892,1.0595760554992844,1.010371000893744,1.1262539288575837,4.980177293739347,0.4721628239752448,0.41787132054315557,0.5377719927253676,2.020387295794223,1.16386327502866,1.1107416740733733,1.233168506572053
snr,ideal,nv_charge_readout_master_v1_4,thin_all_counts,3,snr4,4.0,5.437,1.0,27.43339830432224,0.3779396733049236,7.504300359171423,3.9999999999999996,0.11758756837904422,9.422120008455401,636.7993609310438,0.0,0.1,off,2.0,mean,-0.027207022092673644,0.61,2.794386829315024,2.38345839832015,2.516139784945253,2.2420694679832884,1.2463426620891178,1.16632671110616,1.287721318551841,1.1724084763906493,1.0767695775365655,1.2474624254573947,1.1105848912030238,1.0357201594844314,1.1623358092553902,4.980177293739347,0.5611018774026154,0.48591613076592816,0.6267654646326006,2.279005172982231,1.2261432586650876,1.1435298828207432,1.2684555318496993
snr,ideal,nv_charge_readout_master_v1_4,thin_all_counts,3,snr4,4.0,5.437,1.0,27.43339830432224,0.3779396733049236,7.504300359171423,3.9999999999999996,0.11758756837904422,9.422120008455401,636.7993609310438,0.0,0.1,off,2.0,mean,-0.027207022092673644,0.62,3.2587666442299197,2.651883937233756,2.8527589172147714,2.512166623667212,1.2971936708054959,1.1133848529524064,1.3143356295034374,1.228849648536737,1.1524940693029506,1.30803844200699,1.142321078926482,0.8698459087816203,1.1693494077774411,4.980177293739347,0.6543475165686495,0.5785695056610897,0.7478586542599966,2.5702415750829304,1.2678834066890283,1.2193089278547273,1.3056891135232032
snr,ideal,nv_charge_readout_master_v1_4,thin_all_counts,3,snr4,4.0,5.437,1.0,27.43339830432224,0.3779396733049236,7.504300359171423,3.9999999999999996,0.11758756837904422,9.422120008455401,636.7993609310438,0.0,0.1,off,2.0,mean,-0.027207022092673644,0.63,3.9766367498438853,2.9505396114800546,4.3556442673300415,2.974690869872625,1.3368235301754778,1.0721332449912682,1.3546485418778929,1.3477659253824144,0.5801035532363302,1.3641560582241257,0.9129847402073349,0.8605456356832569,1.1558696132110884,4.980177293739347,0.7984930084402764,0.6710917392153095,0.9151914535736325,3.0330797821590934,1.311088739978057,1.2240385317621059,1.4047842260564725
snr,ideal,nv_charge_readout_master_v1_4,thin_all_counts,3,snr4,4.0,5.437,1.0,27.43339830432224,0.3779396733049236,7.504300359171423,3.9999999999999996,0.11758756837904422,9.422120008455401,636.7993609310438,0.0,0.1,off,2.0,mean,-0.027207022092673644,0.64,6.646810396821112,7.067038122270699,6.979665466026664,3.812952597473617,1.743218733226621,1.0981516360932333,1.7542536934202344,0.9405369380808486,0.5962480986241978,1.004486472545683,0.9523107417073619,0.6448141098960464,1.1467078785973952,5.056666164997169,1.3144649419079921,0.8164158893511778,1.3260351843741498,3.4959179892352568,1.9013061568629999,1.282242741386626,1.9782017934277776
snr,ideal,nv_charge_readout_master_v1_4,thin_all_counts,3,snr4,4.0,5.437,1.0,27.43339830432224,0.3779396733049236,7.504300359171423,3.9999999999999996,0.11758756837904422,9.422120008455401,636.7993609310438,0.0,0.1,off,2.0,mean,-0.027207022092673644,0.65,7.109628425588197,7.18494322646903,7.1239446376181395,4.796824010971507,1.482153276694484,1.3559126138895297,1.5293679351666196,0.98951769018809,0.9469671420146945,1.040326690412559,0.9979904094208782,0.9609348611287294,1.0486262008584075,5.574500359010238,1.2753839748340288,1.2299961432541413,1.325305235503899,4.080023158242395,1.7425460959027754,1.5564243533152065,1.9130250416799672
snr,ideal,nv_charge_readout_master_v1_4,thin_all_counts,3,snr4,4.0,5.437,1.0,27.43339830432224,0.3779396733049236,7.504300359171423,3.9999999999999996,0.11758756837904422,9.422120008455401,636.7993609310438,0.0,0.1,off,2.0,mean,-0.027207022092673644,0.66,7.645030599780988,7.3048154367386005,7.2712062557833725,5.089007323036935,1.502263627166233,1.315038967303326,1.5603142928080138,1.04657409430652,1.0029437530331557,1.1130902842499586,1.0514115995128432,1.0080985377343827,1.1160863468098694,6.14536400834811,1.2440321825355944,1.195811269962659,1.3088391775457877,4.906662251111488,1.5580918776402812,1.4390784512533388,1.75285952882241
snr,ideal,nv_charge_readout_master_v1_4,thin_all_counts,3,snr4,4.0,5.437,1.0,27.43339830432224,0.3779396733049236,7.504300359171423,3.9999999999999996,0.11758756837904422,9.422120008455401,636.7993609310438,0.0,0.1,off,2.0,mean,-0.027207022092673644,0.67,8.374464436822054,7.426687571898596,7.421511971746632,5.904106219111752,1.4184135796394863,1.3345322992028408,1.5237885643958744,1.127617710553719,1.0653098555397578,1.2070663527266416,1.128404086485782,1.0622746339109252,1.1980209506187176,6.77848848602722,1.2354471729331231,1.186739345812012,1.2989289514029283,5.733301343980582,1.460670551638532,1.3673529584777762,1.5964664760386913
snr,ideal,nv_charge_readout_master_v1_4,thin_all_counts,3,snr4,4.0,5.437,1.0,27.43339830432224,0.3779396733049236,7.504300359171423,3.9999999999999996,0.11758756837904422,9.422120008455401,636.7993609310438,0.0,0.1,off,2.0,mean,-0.027207022092673644,0.68,9.3280337130851,7.550592998311069,9.449326235857548,8.00323678330432,1.1655326420610794,0.9062246701693899,1.5650782162091086,1.2354041219241472,0.6769370166798988,1.2555955285111169,0.9871638972192349,0.9231985000038244,1.2415816706906901,7.495897091028587,1.2444185932393994,1.1919948110381557,1.37847602910381,6.559940436849675,1.4219692698253774,1.3465051343759855,1.582391285300372
snr,ideal,nv_charge_readout_master_v1_4,thin_all_counts,3,snr4,4.0,5.437,1.0,27.43339830432224,0.3779396733049236,7.504300359171423,3.9999999999999996,0.11758756837904422,9.422120008455401,636.7993609310438,0.0,0.1,off,2.0,mean,-0.027207022092673644,0.69,12.413039515496928,14.436590265914296,14.13092638786001,10.72288439716265,1.1576213130472157,0.9408024353959729,1.1926149381036895,0.8598318084018012,0.7007992059174236,0.8829148644722566,0.8784306969542399,0.86338460193388,1.071506842564623,8.289233405812283,1.4974894429674397,1.2437526489812192,1.5439509042298072,7.386579529718759,1.6804854622569196,1.3913342827601087,1.7462653400641415
snr,ideal,nv_charge_readout_master_v1_4,thin_all_counts,3,snr4,4.0,5.437,1.0,27.43339830432224,0.3779396733049236,7.504300359171423,3.9999999999999996,0.11758756837904422,9.422120008455401,636.7993609310438,0.0,0.1,off,2.0,mean,-0.027207022092673644,0.7,13.061462760756926,14.874458154789894,14.52429318961319,10.822877934164914,1.2068382217936138,1.1653554737431757,1.2413937958017147,0.8781135167973064,0.8535884139411605,0.9012818216272216,0.899283881855099,0.8769941062646769,0.920172054305437,9.166533321044536,1.4249075744666098,1.3649896400234258,1.479139932011914,8.213218622587853,1.5902977092117718,1.4959557255816003,1.6696133519797136
snr,ideal,nv_charge_readout_master_v1_4,thin_all_counts,3,snr4,4.0,5.437,1.0,27.43339830432224,0.3779396733049236,7.504300359171423,3.9999999999999996,0.11758756837904422,9.422120008455401,636.7993609310438,0.0,0.1,off,2.0,mean,-0.027207022092673644,0.71,13.743757863467197,15.325606761936,14.928610260051821,10.923803935518361,1.2581476145667405,1.152304305169092,1.3191032543092427,0.8967839301216042,0.8712137839008077,0.9466930086889856,0.9206321033274459,0.8994434759714448,0.9653074689656067,10.136683214506007,1.3558436791039616,1.2986739843050559,1.4215493797160494,9.110974571592672,1.5084838351233238,1.3850596253249416,1.6035353822924487
snr,ideal,nv_charge_readout_master_v1_4,thin_all_counts,3,snr4,4.0,5.437,1.0,27.43339830432224,0.3779396733049236,7.504300359171423,3.9999999999999996,0.11758756837904422,9.422120008455401,636.7993609310438,0.0,0.1,off,2.0,mean,-0.027207022092673644,0.72,15.05145126167974,15.798578782050713,15.344182425062979,12.085536543508617,1.2454102643679625,1.1720610542692855,1.387418629211342,0.952709194246016,0.897882538403108,1.0485666738138886,0.9809223355618416,0.9297088629078469,1.083182029148991,11.209509963308468,1.3427394516751319,1.2854402585585156,1.4337952874172275,10.577665369683338,1.4229464381449166,1.339766202981688,1.5399131212599295
snr,ideal,nv_charge_readout_master_v1_4,thin_all_counts,3,snr4,4.0,5.437,1.0,27.43339830432224,0.3779396733049236,7.504300359171423,3.9999999999999996,0.11758756837904422,9.422120008455401,636.7993609310438,0.0,0.1,off,2.0,mean,-0.027207022092673644,0.73,17.872487140645198,16.582576850034172,15.771322996062617,12.298532594843774,1.4532211060804388,1.20366625391873,1.5195140003536374,1.077787083532097,0.9456746038580954,1.1323189970544303,1.1332268792609945,0.9970901516579794,1.1698939965199737,12.395880482651084,1.4418086045326926,1.295873765364987,1.5118241746213548,12.044356167774005,1.4838889594169422,1.341558498355076,1.5767377527296824
snr,ideal,nv_charge_readout_master_v1_4,thin_all_counts,3,snr4,4.0,5.437,1.0,27.43339830432224,0.3779396733049236,7.504300359171423,3.9999999999999996,0.11758756837904422,9.422120008455401,636.7993609310438,0.0,0.1,off,2.0,mean,-0.027207022092673644,0.74,20.058560304159855,17.405480504341636,17.06927534717206,15.284796251525268,1.3123210786770032,1.2411433810961838,1.4573485185842987,1.152427840136699,1.0996703788835758,1.2050109698720048,1.175126646924882,1.1327179900367759,1.2209203432160847,13.797703416867146,1.4537607961364831,1.3695120052803058,1.5395393482418809,13.51104696586467,1.4846044392294184,1.4121603388032737,1.5703099440887762
snr,ideal,nv_charge_readout_master_v1_4,thin_all_counts,3,snr4,4.0,5.437,1.0,27.43339830432224,0.3779396733049236,7.504300359171423,3.9999999999999996,0.11758756837904422,9.422120008455401,636.7993609310438,0.0,0.1,off,2.0,mean,-0.027207022092673644,0.75,22.343085281373604,18.269220418923773,28.781053507823394,15.438040394060872,1.447274700095302,1.3406725137529147,1.6631630149826497,1.2229906240678998,0.6083766091799766,1.2383750607181634,0.776312280413926,0.7619125628581576,1.2249172494863383,15.744293806682865,1.4191227346055875,1.3347111702658854,1.5746192632252534,14.977737763955336,1.491753002589172,1.4280488383656347,1.6731366689593568
snr,ideal,nv_charge_readout_master_v1_4,thin_all_counts,3,snr4,4.0,5.437,1.0,27.43339830432224,0.3779396733049236,7.504300359171423,3.9999999999999996,0.11758756837904422,9.422120008455401,636.7993609310438,0.0,0.1,off,2.0,mean,-0.027207022092673644,0.76,27.026640546023067,37.60781071225011,30.494483188284114,17.826089275755383,1.5161284187430286,1.0226777043722817,1.687555015542284,0.7186443463250999,0.6535343371780727,0.7574914566372898,0.8862796716098018,0.8185721930861352,0.9227560978300077,17.836138867195498,1.515274171571454,1.4279951680242264,1.6010485091175415,16.444428562046003,1.6435135124367273,1.5315899635527281,1.7203927222592166
snr,ideal,nv_charge_readout_master_v1_4,thin_all_counts,3,snr4,4.0,5.437,1.0,27.43339830432224,0.3779396733049236,7.504300359171423,3.9999999999999996,0.11758756837904422,9.422120008455401,636.7993609310438,0.0,0.1,off,2.0,mean,-0.027207022092673644,0.77,33.26037727248272,38.75569488310167,35.966872909891336,26.670742672412057,1.2470735322600115,1.0552226348301053,1.2983818573141197,0.8582061906722507,0.7283707193137744,0.893476605491883,0.9247503211027196,0.8124542808372466,1.033822608519693,19.897186221432463,1.6716121014465832,1.4419589969298163,1.7423571188148246,18.557969879647832,1.7922422273655447,1.5368027514324034,1.8878226766773532
snr,ideal,nv_charge_readout_master_v1_4,thin_all_counts,3,snr4,4.0,5.437,1.0,27.43339830432224,0.3779396733049236,7.504300359171423,3.9999999999999996,0.11758756837904422,9.422120008455401,636.7993609310438,0.0,0.1,off,2.0,mean,-0.027207022092673644,0.78,36.287655145257446,39.938615341488656,36.3820504945968,27.992764141463365,1.2963226840291755,1.2276206136794139,1.5239724112770032,0.908585709218653,0.8622646417498355,1.0668729991558898,0.9974054417478925,0.9465129801253923,1.1646994186618727,22.196397016088714,1.6348443902384204,1.5597346527731686,1.9138115957301947,21.266613675199952,1.7063203244047391,1.6220276430593783,1.9906032366481965
snr,ideal,nv_charge_readout_master_v1_4,thin_all_counts,3,snr4,4.0,5.437,1.0,27.43339830432224,0.3779396733049236,7.504300359171423,3.9999999999999996,0.11758756837904422,9.422120008455401,636.7993609310438,0.0,0.1,off,2.0,mean,-0.027207022092673644,0.79,44.474885608707204,41.44928591395508,38.862770577886344,29.417894967843655,1.511831001413329,1.407525441131647,1.5521199938614574,1.0729952188086664,0.9989606232271736,1.1029519192826907,1.1444085161034365,1.0995614506416334,1.172188673025375,24.761292125071247,1.796145588205213,1.6791924481402167,1.8777510758979836,23.975257470752073,1.855032658688361,1.7586940422682333,1.9388845863786248
snr,ideal,nv_charge_readout_master_v1_4,thin_all_counts,3,snr4,4.0,5.437,1.0,27.43339830432224,0.3779396733049236,7.504300359171423,3.9999999999999996,0.11758756837904422,9.422120008455401,636.7993609310438,0.0,0.1,off,2.0,mean,-0.027207022092673644,0.8,51.68270536286437,nan,41.90532151381514,44.99051953751655,1.1487465780377877,1.0569115173975143,1.8330534016974562,nan,1.0800992462174932,1.2557662178298785,1.2333208169235945,0.936738687377535,1.4893025674064608,28.049134540037805,1.84257754153133,1.6350364587249695,2.351379478804404,26.683901266304193,1.936849670034122,1.7345513765739669,2.4537867099168285
snr,ideal,nv_charge_readout_master_v1_4,thin_all_counts,3,snr4,4.0,5.437,1.0,27.43339830432224,0.3779396733049236,7.504300359171423,3.9999999999999996,0.11758756837904422,9.422120008455401,636.7993609310438,0.0,0.1,off,2.0,mean,-0.027207022092673644,0.81,nan,nan,69.43948932378021,51.1816093416732,nan,1.2348266197570132,1.7358822173310051,nan,nan,nan,nan,0.9032588353254246,1.4026843077982987,32.52885725400421,nan,1.8521654141469026,2.6225258150713584,31.22555681103401,nan,1.9429300932064064,2.761268584087726
snr,ideal,nv_charge_readout_master_v1_4,thin_all_counts,3,snr4,4.0,5.437,1.0,27.43339830432224,0.3779396733049236,7.504300359171423,3.9999999999999996,0.11758756837904422,9.422120008455401,636.7993609310438,0.0,0.1,off,2.0,mean,-0.027207022092673644,0.82,nan,nan,83.28237606838118,91.82198953417308,nan,nan,nan,nan,nan,nan,nan,nan,nan,39.50563895050484,nan,nan,nan,36.15229885769185,nan,nan,nan
snr,ideal,nv_charge_readout_master_v1_4,thin_all_counts,3,snr4,4.0,5.437,1.0,27.43339830432224,0.3779396733049236,7.504300359171423,3.9999999999999996,0.11758756837904422,9.422120008455401,636.7993609310438,0.0,0.1,off,2.0,mean,-0.027207022092673644,0.83,nan,nan,nan,463.13559176654945,nan,nan,nan,nan,nan,nan,nan,nan,nan,nan,nan,nan,nan,nan,nan,nan,nan
snr,ideal,nv_charge_readout_master_v1_4,thin_all_counts,3,snr4,4.0,5.437,1.0,27.43339830432224,0.3779396733049236,7.504300359171423,3.9999999999999996,0.11758756837904422,9.422120008455401,636.7993609310438,0.0,0.1,off,2.0,mean,-0.027207022092673644,0.84,nan,nan,nan,nan,nan,nan,nan,nan,nan,nan,nan,nan,nan,nan,nan,nan,nan,nan,nan,nan,nan
snr,ideal,nv_charge_readout_master_v1_4,thin_all_counts,3,snr4,4.0,5.437,1.0,27.43339830432224,0.3779396733049236,7.504300359171423,3.9999999999999996,0.11758756837904422,9.422120008455401,636.7993609310438,0.0,0.1,off,2.0,mean,-0.027207022092673644,0.85,nan,nan,nan,nan,nan,nan,nan,nan,nan,nan,nan,nan,nan,nan,nan,nan,nan,nan,nan,nan,nan
snr,ideal,nv_charge_readout_master_v1_4,thin_all_counts,3,snr4,4.0,5.437,1.0,27.43339830432224,0.3779396733049236,7.504300359171423,3.9999999999999996,0.11758756837904422,9.422120008455401,636.7993609310438,0.0,0.1,off,2.0,mean,-0.027207022092673644,0.86,nan,nan,nan,nan,nan,nan,nan,nan,nan,nan,nan,nan,nan,nan,nan,nan,nan,nan,nan,nan,nan
snr,ideal,nv_charge_readout_master_v1_4,thin_all_counts,3,snr4,4.0,5.437,1.0,27.43339830432224,0.3779396733049236,7.504300359171423,3.9999999999999996,0.11758756837904422,9.422120008455401,636.7993609310438,0.0,0.1,off,2.0,mean,-0.027207022092673644,0.87,nan,nan,nan,nan,nan,nan,nan,nan,nan,nan,nan,nan,nan,nan,nan,nan,nan,nan,nan,nan,nan
snr,ideal,nv_charge_readout_master_v1_4,thin_all_counts,3,snr4,4.0,5.437,1.0,27.43339830432224,0.3779396733049236,7.504300359171423,3.9999999999999996,0.11758756837904422,9.422120008455401,636.7993609310438,0.0,0.1,off,2.0,mean,-0.027207022092673644,0.88,nan,nan,nan,nan,nan,nan,nan,nan,nan,nan,nan,nan,nan,nan,nan,nan,nan,nan,nan,nan,nan
snr,ideal,nv_charge_readout_master_v1_4,thin_all_counts,3,snr4,4.0,5.437,1.0,27.43339830432224,0.3779396733049236,7.504300359171423,3.9999999999999996,0.11758756837904422,9.422120008455401,636.7993609310438,0.0,0.1,off,2.0,mean,-0.027207022092673644,0.89,nan,nan,nan,nan,nan,nan,nan,nan,nan,nan,nan,nan,nan,nan,nan,nan,nan,nan,nan,nan,nan
snr,ideal,nv_charge_readout_master_v1_4,thin_all_counts,3,snr4,4.0,5.437,1.0,27.43339830432224,0.3779396733049236,7.504300359171423,3.9999999999999996,0.11758756837904422,9.422120008455401,636.7993609310438,0.0,0.1,off,2.0,mean,-0.027207022092673644,0.9,nan,nan,nan,nan,nan,nan,nan,nan,nan,nan,nan,nan,nan,nan,nan,nan,nan,nan,nan,nan,nan
snr,ideal,nv_charge_readout_master_v1_4,thin_all_counts,3,snr4,4.0,5.437,1.0,27.43339830432224,0.3779396733049236,7.504300359171423,3.9999999999999996,0.11758756837904422,9.422120008455401,636.7993609310438,0.0,0.1,off,2.0,mean,-0.027207022092673644,0.91,nan,nan,nan,nan,nan,nan,nan,nan,nan,nan,nan,nan,nan,nan,nan,nan,nan,nan,nan,nan,nan
snr,ideal,nv_charge_readout_master_v1_4,thin_all_counts,3,snr4,4.0,5.437,1.0,27.43339830432224,0.3779396733049236,7.504300359171423,3.9999999999999996,0.11758756837904422,9.422120008455401,636.7993609310438,0.0,0.1,off,2.0,mean,-0.027207022092673644,0.92,nan,nan,nan,nan,nan,nan,nan,nan,nan,nan,nan,nan,nan,nan,nan,nan,nan,nan,nan,nan,nan
snr,ideal,nv_charge_readout_master_v1_4,thin_all_counts,3,snr4,4.0,5.437,1.0,27.43339830432224,0.3779396733049236,7.504300359171423,3.9999999999999996,0.11758756837904422,9.422120008455401,636.7993609310438,0.0,0.1,off,2.0,mean,-0.027207022092673644,0.93,nan,nan,nan,nan,nan,nan,nan,nan,nan,nan,nan,nan,nan,nan,nan,nan,nan,nan,nan,nan,nan
snr,ideal,nv_charge_readout_master_v1_4,thin_all_counts,3,snr4,4.0,5.437,1.0,27.43339830432224,0.3779396733049236,7.504300359171423,3.9999999999999996,0.11758756837904422,9.422120008455401,636.7993609310438,0.0,0.1,off,2.0,mean,-0.027207022092673644,0.94,nan,nan,nan,nan,nan,nan,nan,nan,nan,nan,nan,nan,nan,nan,nan,nan,nan,nan,nan,nan,nan
snr,ideal,nv_charge_readout_master_v1_4,thin_all_counts,3,snr4,4.0,5.437,1.0,27.43339830432224,0.3779396733049236,7.504300359171423,3.9999999999999996,0.11758756837904422,9.422120008455401,636.7993609310438,0.0,0.1,off,2.0,mean,-0.027207022092673644,0.95,nan,nan,nan,nan,nan,nan,nan,nan,nan,nan,nan,nan,nan,nan,nan,nan,nan,nan,nan,nan,nan
snr,ideal,nv_charge_readout_master_v1_4,thin_all_counts,3,snr4,4.0,5.437,1.0,27.43339830432224,0.3779396733049236,7.504300359171423,3.9999999999999996,0.11758756837904422,9.422120008455401,636.7993609310438,0.0,0.1,off,2.0,mean,-0.027207022092673644,0.96,nan,nan,nan,nan,nan,nan,nan,nan,nan,nan,nan,nan,nan,nan,nan,nan,nan,nan,nan,nan,nan
snr,ideal,nv_charge_readout_master_v1_4,thin_all_counts,3,snr4,4.0,5.437,1.0,27.43339830432224,0.3779396733049236,7.504300359171423,3.9999999999999996,0.11758756837904422,9.422120008455401,636.7993609310438,0.0,0.1,off,2.0,mean,-0.027207022092673644,0.97,nan,nan,nan,nan,nan,nan,nan,nan,nan,nan,nan,nan,nan,nan,nan,nan,nan,nan,nan,nan,nan
snr,ideal,nv_charge_readout_master_v1_4,thin_all_counts,3,snr4,4.0,5.437,1.0,27.43339830432224,0.3779396733049236,7.504300359171423,3.9999999999999996,0.11758756837904422,9.422120008455401,636.7993609310438,0.0,0.1,off,2.0,mean,-0.027207022092673644,0.98,nan,nan,nan,nan,nan,nan,nan,nan,nan,nan,nan,nan,nan,nan,nan,nan,nan,nan,nan,nan,nan
snr,ideal,nv_charge_readout_master_v1_4,thin_all_counts,3,snr4,4.0,5.437,1.0,27.43339830432224,0.3779396733049236,7.504300359171423,3.9999999999999996,0.11758756837904422,9.422120008455401,636.7993609310438,0.0,0.1,off,2.0,mean,-0.027207022092673644,0.99,nan,nan,nan,nan,nan,nan,nan,nan,nan,nan,nan,nan,nan,nan,nan,nan,nan,nan,nan,nan,nan
snr,ideal,nv_charge_readout_master_v1_4,thin_all_counts,4,snr8,8.0,5.437,1.0,27.43339830432224,0.6842698142290145,7.504300359171423,7.999999999999999,0.11758756837904422,9.422120008455401,636.7993609310438,0.0,0.1,off,2.0,mean,0.0784801289371021,0.55,0.545104136746806,1.5613842336666077,1.5613842336666077,0.5219123883237937,1.0444360949114397,1.0270267857163682,1.069291057559722,0.349115947883459,0.32358130063633617,0.3829848490380839,0.349115947883459,0.32358130063633617,0.3829848490380839,4.9756859788022245,0.1095535648891626,0.10108190327503187,0.12049078966648498,0.5265758832377712,1.0351862933697413,1.020163395434044,1.0680338720247178
snr,ideal,nv_charge_readout_master_v1_4,thin_all_counts,4,snr8,8.0,5.437,1.0,27.43339830432224,0.6842698142290145,7.504300359171423,7.999999999999999,0.11758756837904422,9.422120008455401,636.7993609310438,0.0,0.1,off,2.0,mean,0.0784801289371021,0.56,0.6673877183535177,1.5613842336666077,1.5613842336666077,0.6272571363920364,1.0639778802554742,1.0349389305357424,1.097511436176767,0.4274333658322444,0.39466422433693393,0.47395056474448694,0.4274333658322444,0.39466422433693393,0.47395056474448694,4.9756859788022245,0.13412979058501098,0.12370472633372398,0.14950460862258136,0.6415916336102323,1.0402063920287286,1.0324937185921144,1.0662015698970793
snr,ideal,nv_charge_readout_master_v1_4,thin_all_counts,4,snr8,8.0,5.437,1.0,27.43339830432224,0.6842698142290145,7.504300359171423,7.999999999999999,0.11758756837904422,9.422120008455401,636.7993609310438,0.0,0.1,off,2.0,mean,0.0784801289371021,0.57,0.7989129757747468,1.5613842336666077,1.5613842336666077,0.7538650623304234,1.0597559373624066,1.0539668700489697,1.0824598365860045,0.5116696829316989,0.47603071604935976,0.5594230864710945,0.5116696829316989,0.47603071604935976,0.5594230864710945,4.9756859788022245,0.16056338345674012,0.1494073763234666,0.17606438053356463,0.7669277734872363,1.0417056252143186,1.0239188338285192,1.0681620309265245
snr,ideal,nv_charge_readout_master_v1_4,thin_all_counts,4,snr8,8.0,5.437,1.0,27.43339830432224,0.6842698142290145,7.504300359171423,7.999999999999999,0.11758756837904422,9.422120008455401,636.7993609310438,0.0,0.1,off,2.0,mean,0.0784801289371021,0.58,0.9405781313644879,1.5613842336666077,1.5613842336666077,0.8651918554789833,1.0871324382079044,1.063561097709502,1.1210454125110345,0.6024001722854103,0.5566386513395041,0.6600424466322338,0.6024001722854103,0.5566386513395041,0.6600424466322338,4.9756859788022245,0.18903486581982998,0.17405173084173334,0.20770136759335647,0.8961668107625504,1.0495569798709101,1.0219532114144851,1.0862922428335622
snr,ideal,nv_charge_readout_master_v1_4,thin_all_counts,4,snr8,8.0,5.437,1.0,27.43339830432224,0.6842698142290145,7.504300359171423,7.999999999999999,0.11758756837904422,9.422120008455401,636.7993609310438,0.0,0.1,off,2.0,mean,0.0784801289371021,0.59,1.0982400173145903,1.5613842336666077,1.5613842336666077,0.9876481438434673,1.11197497222113,1.084454176590755,1.1403451565431124,0.7033758850860091,0.6527673489270654,0.7587690046023021,0.7033758850860091,0.6527673489270654,0.7587690046023021,4.9756859788022245,0.22072132807283085,0.20483635498664063,0.238650357915969,1.0254058480378645,1.071029602002071,1.0487762821272766,1.0868710738566163
snr,ideal,nv_charge_readout_master_v1_4,thin_all_counts,4,snr8,8.0,5.437,1.0,27.43339830432224,0.6842698142290145,7.504300359171423,7.999999999999999,0.11758756837904422,9.422120008455401,636.7993609310438,0.0,0.1,off,2.0,mean,0.0784801289371021,0.6,1.2457245592508772,1.5613842336666077,1.5613842336666077,1.1274364753438684,1.104917737268462,0.8575665723261506,1.124456963205164,0.7978334431657063,0.7499336403971266,0.8509783595399458,0.7978334431657063,0.7499336403971266,0.8509783595399458,4.9756859788022245,0.2503623750690865,0.2343152081202697,0.26694931293134727,1.165601870154909,1.068739327850701,1.0494129316511485,1.0887308388154464
snr,ideal,nv_charge_readout_master_v1_4,thin_all_counts,4,snr8,8.0,5.437,1.0,27.43339830432224,0.6842698142290145,7.504300359171423,7.999999999999999,0.11758756837904422,9.422120008455401,636.7993609310438,0.0,0.1,off,2.0,mean,0.0784801289371021,0.61,1.394426208578239,1.5613842336666077,1.5613842336666077,1.5613842336666077,0.8930705066130327,0.8566125064507517,1.0993120372690033,0.8930705066130327,0.8385011912937557,0.9554200461132144,0.8930705066130327,0.8385011912937557,0.9554200461132144,4.9756859788022245,0.28024803303883605,0.26243639392663015,0.30012242744276196,1.3131874867000974,1.0618637648476883,1.0394807449295596,1.0905969402091968
snr,ideal,nv_charge_readout_master_v1_4,thin_all_counts,4,snr8,8.0,5.437,1.0,27.43339830432224,0.6842698142290145,7.504300359171423,7.999999999999999,0.11758756837904422,9.422120008455401,636.7993609310438,0.0,0.1,off,2.0,mean,0.0784801289371021,0.62,1.5591304228716372,1.5613842336666077,1.5613842336666077,1.5613842336666077,0.9985565303233029,0.9377985633945428,1.0631990230922848,0.9985565303233029,0.9377985633945428,1.0631990230922848,0.9985565303233029,0.9377985633945428,1.0631990230922848,4.9756859788022245,0.3133498435218695,0.2931161353749023,0.3352090745119747,1.4607731032452858,1.0673323731165631,1.0395765911042743,1.0970772812801781
snr,ideal,nv_charge_readout_master_v1_4,thin_all_counts,4,snr8,8.0,5.437,1.0,27.43339830432224,0.6842698142290145,7.504300359171423,7.999999999999999,0.11758756837904422,9.422120008455401,636.7993609310438,0.0,0.1,off,2.0,mean,0.0784801289371021,0.63,1.7363670945381389,1.5613842336666077,1.5613842336666077,1.5613842336666077,1.1120690584025035,1.0424619469872671,1.1209831258314211,1.1120690584025035,0.9902941458645855,1.1203644852485026,1.1120690584025035,0.9887598751088031,1.1161955755554327,4.9756859788022245,0.3489703936171886,0.3267862191372362,0.3717594133763207,1.6083587197904743,1.0795894430592825,1.0502082959080115,1.1074784076936195
snr,ideal,nv_charge_readout_master_v1_4,thin_all_counts,4,snr8,8.0,5.437,1.0,27.43339830432224,0.6842698142290145,7.504300359171423,7.999999999999999,0.11758756837904422,9.422120008455401,636.7993609310438,0.0,0.1,off,2.0,mean,0.0784801289371021,0.64,1.92770080384991,1.8707263040648328,1.873097652949952,1.7740880362992697,1.0865868910716938,1.0732029649597399,1.1300251897373257,1.0304558179682828,1.0050190621015884,1.059739310137199,1.029151256910692,1.0038707036463292,1.0572688276195283,4.9756859788022245,0.3874241284643845,0.36374947188615775,0.41243124592335934,1.7559443363356626,1.0978143008067511,1.0707560879333207,1.1250952901581186
snr,ideal,nv_charge_readout_master_v1_4,thin_all_counts,4,snr8,8.0,5.437,1.0,27.43339830432224,0.6842698142290145,7.504300359171423,7.999999999999999,0.11758756837904422,9.422120008455401,636.7993609310438,0.0,0.1,off,2.0,mean,0.0784801289371021,0.65,2.136242052063859,2.0031357407530606,2.0053468205196157,1.8687139243505435,1.143161628019812,1.053922168946388,1.15310231651409,1.0664489722802104,1.0366394517806508,1.1044946286916864,1.0652731139595726,1.0358929779032393,1.1032882199507812,4.9756859788022245,0.4293361882491844,0.4037431537303601,0.4603517294850393,1.903529952880851,1.1222529221727326,1.099179888928138,1.149132888550353
snr,ideal,nv_charge_readout_master_v1_4,thin_all_counts,4,snr8,8.0,5.437,1.0,27.43339830432224,0.6842698142290145,7.504300359171423,7.999999999999999,0.11758756837904422,9.422120008455401,636.7993609310438,0.0,0.1,off,2.0,mean,0.0784801289371021,0.66,2.379287806222182,2.1449170769468435,2.146933377570988,2.4191162393177055,0.9835359572854768,0.9242460891599017,1.10324620187268,1.109267967416694,1.0703708866876058,1.1491760505696011,1.1082261941980132,1.0698239023535983,1.148156017752523,4.9756859788022245,0.4781828709365091,0.44580043484061904,0.5082816218298247,2.0511155694260395,1.1599969507754138,1.1342139568708087,1.176365712375924
snr,ideal,nv_charge_readout_master_v1_4,thin_all_counts,4,snr8,8.0,5.437,1.0,27.43339830432224,0.6842698142290145,7.504300359171423,7.999999999999999,0.11758756837904422,9.422120008455401,636.7993609310438,0.0,0.1,off,2.0,mean,0.0784801289371021,0.67,2.5966102471299766,2.2967336528320397,2.298516586040726,2.703358597463007,0.9605126931983017,0.9301939427095878,0.9984576818288513,1.1305665521677566,1.1026015578016903,1.159805537447807,1.1296895845344876,1.1016642917116992,1.1594196527983742,4.9756859788022245,0.5218597512367626,0.49796663565781824,0.5491665893132379,2.242091407489855,1.1581197084364303,1.1433935119609366,1.174453234788441
snr,ideal,nv_charge_readout_master_v1_4,thin_all_counts,4,snr8,8.0,5.437,1.0,27.43339830432224,0.6842698142290145,7.504300359171423,7.999999999999999,0.11758756837904422,9.422120008455401,636.7993609310438,0.0,0.1,off,2.0,mean,0.0784801289371021,0.68,2.8061916795160844,2.459295759610353,2.4608022547404946,2.747507356001866,1.021359114248056,0.9793389637652974,1.0714550660593283,1.1410549823257912,1.1110590427082303,1.1790661840419907,1.140356432179884,1.1109590096433688,1.178838941582343,4.9756859788022245,0.5639808644418527,0.5349843064644828,0.5981092946704681,2.4421828383096846,1.149050609764477,1.1311377046444862,1.1764085097154595
snr,ideal,nv_charge_readout_master_v1_4,thin_all_counts,4,snr8,8.0,5.437,1.0,27.43339830432224,0.6842698142290145,7.504300359171423,7.999999999999999,0.11758756837904422,9.422120008455401,636.7993609310438,0.0,0.1,off,2.0,mean,0.0784801289371021,0.69,3.085945953800227,2.6333639626778953,2.634546025776907,2.7923771113342495,1.1051322334918097,1.052697240910987,1.1667763309338794,1.1718645798821126,1.1370147382583384,1.2142993773001745,1.17133878991171,1.1364034588061103,1.2140265710634857,4.9756859788022245,0.6202051268804334,0.5835934924230944,0.6640979080894004,2.6422742691295116,1.1679128052126404,1.1425724639049417,1.2032535291621
snr,ideal,nv_charge_readout_master_v1_4,thin_all_counts,4,snr8,8.0,5.437,1.0,27.43339830432224,0.6842698142290145,7.504300359171423,7.999999999999999,0.11758756837904422,9.422120008455401,636.7993609310438,0.0,0.1,off,2.0,mean,0.0784801289371021,0.7,3.4229503300408997,2.8197526600173304,2.820556893007581,2.8379796381146125,1.2061222300787569,1.1393345891262698,1.2542889026164312,1.2139186456232873,1.1735711539861682,1.255736111107725,1.2135725177275123,1.1731646851024848,1.2555124345275284,4.9756859788022245,0.6879353609981818,0.6427589153342861,0.7399028595872076,2.842365699949341,1.204261059758041,1.1701702142244914,1.2415358676400998
snr,ideal,nv_charge_readout_master_v1_4,thin_all_counts,4,snr8,8.0,5.437,1.0,27.43339830432224,0.6842698142290145,7.504300359171423,7.999999999999999,0.11758756837904422,9.422120008455401,636.7993609310438,0.0,0.1,off,2.0,mean,0.0784801289371021,0.71,3.7949220504141565,3.0193338924518995,3.0197009689160974,2.999308569590372,1.2652656311826045,1.210867525102897,1.2822712619738854,1.256873928352597,1.223435058936451,1.2852234666033646,1.2567211420859066,1.2229382062291299,1.28517299161402,4.9756859788022245,0.7626932379940287,0.7192398508952442,0.8179217954471628,3.0424571307691703,1.2473214534512616,1.2169043173568357,1.2727185224547706
snr,ideal,nv_charge_readout_master_v1_4,thin_all_counts,4,snr8,8.0,5.437,1.0,27.43339830432224,0.6842698142290145,7.504300359171423,7.999999999999999,0.11758756837904422,9.422120008455401,636.7993609310438,0.0,0.1,off,2.0,mean,0.0784801289371021,0.72,4.2027552105709365,4.155015143627995,4.150983991338766,3.877915260762763,1.083766644695655,1.0606311392144325,1.2866140840205953,1.0114897455948275,1.0015849644954613,1.2913868075485129,1.0124720353873187,1.0020482551141143,1.2913764414795124,4.9756859788022245,0.8446584508097611,0.7947821536342875,0.9109619363686938,3.314269077540171,1.2680790582309007,1.2507659548819514,1.295463456225446
snr,ideal,nv_charge_readout_master_v1_4,thin_all_counts,4,snr8,8.0,5.437,1.0,27.43339830432224,0.6842698142290145,7.504300359171423,7.999999999999999,0.11758756837904422,9.422120008455401,636.7993609310438,0.0,0.1,off,2.0,mean,0.0784801289371021,0.73,4.661963404455964,4.499660963985974,4.478345572674867,3.8779599951696633,1.202169029660658,1.1404670471319447,1.3025522899107094,1.036069926549803,1.006763059312003,1.076021287648372,1.0410012645967883,1.010601496027936,1.0772666724445321,4.9756859788022245,0.9369488798765027,0.8782743331343487,1.000831771130488,3.630402691472009,1.2841449835323064,1.2571631893531945,1.318627718155795
snr,ideal,nv_charge_readout_master_v1_4,thin_all_counts,4,snr8,8.0,5.437,1.0,27.43339830432224,0.6842698142290145,7.504300359171423,7.999999999999999,0.11758756837904422,9.422120008455401,636.7993609310438,0.0,0.1,off,2.0,mean,0.0784801289371021,0.74,5.166300833557942,4.872894102893772,4.831524069990041,3.8780047300926044,1.332205913383343,1.1556335321757805,1.355188612097226,1.0602120063495593,1.019889107105802,1.1336553553782047,1.0692900953649995,1.0300930785083158,1.1451281192975162,5.1220622449463855,1.0086368705603304,0.9691510346640523,1.0678232553792493,3.946536305403847,1.309072167025023,1.2774294547639065,1.3770912445448993
snr,ideal,nv_charge_readout_master_v1_4,thin_all_counts,4,snr8,8.0,5.437,1.0,27.43339830432224,0.6842698142290145,7.504300359171423,7.999999999999999,0.11758756837904422,9.422120008455401,636.7993609310438,0.0,0.1,off,2.0,mean,0.0784801289371021,0.75,5.96961922658375,5.277085791144268,5.212555498469548,4.724206807484761,1.2636236028291201,1.1953384510760254,1.449760000424686,1.1312340679777568,1.0619381061869713,1.257876793591031,1.1452384973812715,1.0783945958551835,1.2651120887495064,5.533796956598724,1.0787564620464314,1.0296813275514831,1.1932168984292133,4.262669919335685,1.4004413523799386,1.3339853388178304,1.5221380161842346
snr,ideal,nv_charge_readout_master_v1_4,thin_all_counts,4,snr8,8.0,5.437,1.0,27.43339830432224,0.6842698142290145,7.504300359171423,7.999999999999999,0.11758756837904422,9.422120008455401,636.7993609310438,0.0,0.1,off,2.0,mean,0.0784801289371021,0.76,7.302524260556053,5.7148039458849285,5.623636440805546,4.838283798561711,1.5093211900316583,1.3545214258942828,1.7626390092166326,1.2778258588930944,1.165190852366765,1.4678272708325946,1.298541315289937,1.1845929208913675,1.4862918532777474,5.978628781224788,1.2214379798071442,1.116917092502631,1.4402034456833932,4.758079937353082,1.5347628364180963,1.4338084697390099,1.7939824996278253
snr,ideal,nv_charge_readout_master_v1_4,thin_all_counts,4,snr8,8.0,5.437,1.0,27.43339830432224,0.6842698142290145,7.504300359171423,7.999999999999999,0.11758756837904422,9.422120008455401,636.7993609310438,0.0,0.1,off,2.0,mean,0.0784801289371021,0.77,9.278592123147615,7.783406753514721,7.364697575097792,5.453917055970816,1.7012712199188356,1.5454452351924437,1.8281233989546275,1.1920990919506704,0.677699544957888,1.3320568450532824,1.2598741534915516,0.6815113697329166,1.4703032708541306,6.459218215635249,1.4364884128992206,1.3633095108582811,1.501140675149569,5.3349792299548255,1.7391992964190381,1.640795078503398,1.831883037540417
snr,ideal,nv_charge_readout_master_v1_4,thin_all_counts,4,snr8,8.0,5.437,1.0,27.43339830432224,0.6842698142290145,7.504300359171423,7.999999999999999,0.11758756837904422,9.422120008455401,636.7993609310438,0.0,0.1,off,2.0,mean,0.0784801289371021,0.78,10.000772623751779,13.857322345946404,13.83143736258711,5.788429085821078,1.7277179136994105,1.5187750571287617,1.7779522613074468,0.7216958929065572,0.6966757077091214,0.7467058513877232,0.7230465179854003,0.7023457175367478,0.7529571225311508,6.9784396195020335,1.4330958164062202,1.3813891574792858,1.4761233266693077,5.91187852255657,1.691640412703707,1.6031049958600314,1.7732083317574596
snr,ideal,nv_charge_readout_master_v1_4,thin_all_counts,4,snr8,8.0,5.437,1.0,27.43339830432224,0.6842698142290145,7.504300359171423,7.999999999999999,0.11758756837904422,9.422120008455401,636.7993609310438,0.0,0.1,off,2.0,mean,0.0784801289371021,0.79,10.577414599691558,13.960975657980738,13.918677299944196,6.737100013972615,1.570024873870687,1.1850296223514702,1.7550892476425854,0.7576415043489471,0.7348627695575902,0.7844494192712823,0.7599439495399442,0.7358241294832765,0.7884871746496178,7.539398406629973,1.4029520698083846,1.357337478556422,1.4469950009143282,6.488777815158313,1.6301089205091683,1.5601506034678094,1.692731242784246
snr,ideal,nv_charge_readout_master_v1_4,thin_all_counts,4,snr8,8.0,5.437,1.0,27.43339830432224,0.6842698142290145,7.504300359171423,7.999999999999999,0.11758756837904422,9.422120008455401,636.7993609310438,0.0,0.1,off,2.0,mean,0.0784801289371021,0.8,11.228717775581703,14.065404300834938,14.006467491513526,8.833169630297489,1.2711991556312427,1.1929214264429886,1.3091310230087794,0.7983217215387939,0.7714582262046538,0.8278453092606286,0.8016809222157655,0.7741246533648376,0.8318832754967077,8.145449618141242,1.378526453662364,1.3373687381315675,1.4180921092012568,7.065677107760058,1.589192034157559,1.532972784921131,1.6448710379366211
snr,ideal,nv_charge_readout_master_v1_4,thin_all_counts,4,snr8,8.0,5.437,1.0,27.43339830432224,0.6842698142290145,7.504300359171423,7.999999999999999,0.11758756837904422,9.422120008455401,636.7993609310438,0.0,0.1,off,2.0,mean,0.0784801289371021,0.81,11.956418246426832,14.170614074013809,14.09481140794978,9.609233151310537,1.2442635180306951,1.2105168911287758,1.2957756873398045,0.8437473622510553,0.8161536748435899,0.8792259217109656,0.8482850816778684,0.8192807816129561,0.8850002902081475,8.800217988657042,1.358650235918922,1.31976431355484,1.394800328547366,7.642576400361801,1.5644486387942178,1.514677920292785,1.6110573128822185
snr,ideal,nv_charge_readout_master_v1_4,thin_all_counts,4,snr8,8.0,5.437,1.0,27.43339830432224,0.6842698142290145,7.504300359171423,7.999999999999999,0.11758756837904422,9.422120008455401,636.7993609310438,0.0,0.1,off,2.0,mean,0.0784801289371021,0.82,12.926289229280007,14.276610820402665,14.183712541798345,9.867819857727023,1.309943778428225,1.2570491845598892,1.3689100710466535,0.9054172164451723,0.8617618748383856,0.9520494584546176,0.9113473775774287,0.8667745074650692,0.9606610388055541,9.507619625490394,1.3595715582293588,1.3135259088455786,1.4047495453457177,8.219475692963538,1.572641578628408,1.5070205857749006,1.6243527945011447
snr,ideal,nv_charge_readout_master_v1_4,thin_all_counts,4,snr8,8.0,5.437,1.0,27.43339830432224,0.6842698142290145,7.504300359171423,7.999999999999999,0.11758756837904422,9.422120008455401,636.7993609310438,0.0,0.1,off,2.0,mean,0.0784801289371021,0.83,14.294518219213685,14.490427715867842,14.273174407633375,10.133365192754393,1.4106388102379475,1.3021983373423307,1.4930808180291515,0.9864800749504706,0.9326107752841098,1.05594465424595,1.001495379441934,0.9426863834234027,1.0862399260579263,10.271885430511356,1.3916158154133613,1.3320742589256966,1.4788564570227491,9.107906472473609,1.569462561173122,1.4942616608651773,1.6617709080991985
snr,ideal,nv_charge_readout_master_v1_4,thin_all_counts,4,snr8,8.0,5.437,1.0,27.43339830432224,0.6842698142290145,7.504300359171423,7.999999999999999,0.11758756837904422,9.422120008455401,636.7993609310438,0.0,0.1,off,2.0,mean,0.0784801289371021,0.84,17.487189326484952,15.166164802258242,14.371479447056025,11.049788558678419,1.582581352902961,1.3817716361828953,1.6575680725326227,1.153039648090934,1.020325103908493,1.1941117917438435,1.216798130693996,1.0604102145249283,1.240046512568453,11.097586404768398,1.5757650978028048,1.4123353706569397,1.642999307579129,10.128969469182273,1.7264529604606182,1.5487465201212949,1.8027828088576685
snr,ideal,nv_charge_readout_master_v1_4,thin_all_counts,4,snr8,8.0,5.437,1.0,27.43339830432224,0.6842698142290145,7.504300359171423,7.999999999999999,0.11758756837904422,9.422120008455401,636.7993609310438,0.0,0.1,off,2.0,mean,0.0784801289371021,0.85,19.082448037048348,15.873413767999407,15.713346619395052,12.777451434202685,1.493447119350299,1.3445562854491797,1.7000867540226938,1.202164091225185,1.1772918660939846,1.2295953126527184,1.2144101762189092,1.1905617699586837,1.242569099339755,11.989660987210737,1.5915752795181968,1.5407878719004178,1.633156176510634,11.150032465890938,1.7114253340000094,1.6626325479540074,1.76195441481094
snr,ideal,nv_charge_readout_master_v1_4,thin_all_counts,4,snr8,8.0,5.437,1.0,27.43339830432224,0.6842698142290145,7.504300359171423,7.999999999999999,0.11758756837904422,9.422120008455401,636.7993609310438,0.0,0.1,off,2.0,mean,0.0784801289371021,0.86,20.722626795446615,16.61364411737076,17.180504129088323,13.63948681969636,1.5193113252268196,1.4020262211020282,1.5723304522524666,1.2473257913223035,1.2119506117957264,1.2799082352900708,1.2061710552696252,0.7308144477112216,1.246673152117402,13.138609766388976,1.5772313177653678,1.5118277803280766,1.6478771419199043,12.171095462599602,1.7026098315574716,1.6441675620429197,1.7678690871167944
snr,ideal,nv_charge_readout_master_v1_4,thin_all_counts,4,snr8,8.0,5.437,1.0,27.43339830432224,0.6842698142290145,7.504300359171423,7.999999999999999,0.11758756837904422,9.422120008455401,636.7993609310438,0.0,0.1,off,2.0,mean,0.0784801289371021,0.87,23.007373627472266,34.42527196197685,28.75351158591056,25.471689699969673,0.9032527444576893,0.8872249238630944,1.5988088865617112,0.6683280135850257,0.6526013084599007,1.3001561500378838,0.8001587409151811,0.7663825177315309,0.8783229782647486,14.622768244348023,1.5733938501258167,1.509471890848549,1.6961299788770265,13.192158459308267,1.744018895652248,1.6815107451908622,1.898993657870792
snr,ideal,nv_charge_readout_master_v1_4,thin_all_counts,4,snr8,8.0,5.437,1.0,27.43339830432224,0.6842698142290145,7.504300359171423,7.999999999999999,0.11758756837904422,9.422120008455401,636.7993609310438,0.0,0.1,off,2.0,mean,0.0784801289371021,0.88,27.530131576351497,35.897690469786674,30.306047260220733,25.48918620234758,1.0800710292514535,1.0064163141965836,1.2131121401270868,0.7669053695675007,0.7163506671453083,0.8128888071826051,0.9084039017020585,0.8635525270701611,0.9513586163867623,16.274579649585014,1.6916032345605614,1.5943075568685554,1.778868133710227,14.598298744232286,1.8858451973541446,1.7768144393464536,1.9855202854750096
snr,ideal,nv_charge_readout_master_v1_4,thin_all_counts,4,snr8,8.0,5.437,1.0,27.43339830432224,0.6842698142290145,7.504300359171423,7.999999999999999,0.11758756837904422,9.422120008455401,636.7993609310438,0.0,0.1,off,2.0,mean,0.0784801289371021,0.89,31.89083946444891,37.848945607136145,33.0260914461327,25.50669472307208,1.2502929058700047,1.1778822568011553,1.9102261255563513,0.8425819782529457,0.78852547296546,1.007944920499752,0.9656256029104913,0.9248226660201371,1.4388265844133135,18.112982326247348,1.760661987630618,1.6760116037185486,2.562822637641353,17.159670893802335,1.8584761713563587,1.7595417020772819,2.668324920812502
snr,ideal,nv_charge_readout_master_v1_4,thin_all_counts,4,snr8,8.0,5.437,1.0,27.43339830432224,0.6842698142290145,7.504300359171423,7.999999999999999,0.11758756837904422,9.422120008455401,636.7993609310438,0.0,0.1,off,2.0,mean,0.0784801289371021,0.9,nan,nan,38.688389208363354,27.045684627513673,nan,nan,nan,nan,nan,nan,nan,nan,nan,22.076030860080575,nan,nan,nan,20.56207711996481,nan,nan,nan
snr,ideal,nv_charge_readout_master_v1_4,thin_all_counts,4,snr8,8.0,5.437,1.0,27.43339830432224,0.6842698142290145,7.504300359171423,7.999999999999999,0.11758756837904422,9.422120008455401,636.7993609310438,0.0,0.1,off,2.0,mean,0.0784801289371021,0.91,nan,nan,nan,100.63394740085656,nan,nan,nan,nan,nan,nan,nan,nan,nan,nan,nan,nan,nan,nan,nan,nan,nan
snr,ideal,nv_charge_readout_master_v1_4,thin_all_counts,4,snr8,8.0,5.437,1.0,27.43339830432224,0.6842698142290145,7.504300359171423,7.999999999999999,0.11758756837904422,9.422120008455401,636.7993609310438,0.0,0.1,off,2.0,mean,0.0784801289371021,0.92,nan,nan,nan,nan,nan,nan,nan,nan,nan,nan,nan,nan,nan,nan,nan,nan,nan,nan,nan,nan,nan
snr,ideal,nv_charge_readout_master_v1_4,thin_all_counts,4,snr8,8.0,5.437,1.0,27.43339830432224,0.6842698142290145,7.504300359171423,7.999999999999999,0.11758756837904422,9.422120008455401,636.7993609310438,0.0,0.1,off,2.0,mean,0.0784801289371021,0.93,nan,nan,nan,nan,nan,nan,nan,nan,nan,nan,nan,nan,nan,nan,nan,nan,nan,nan,nan,nan,nan
snr,ideal,nv_charge_readout_master_v1_4,thin_all_counts,4,snr8,8.0,5.437,1.0,27.43339830432224,0.6842698142290145,7.504300359171423,7.999999999999999,0.11758756837904422,9.422120008455401,636.7993609310438,0.0,0.1,off,2.0,mean,0.0784801289371021,0.94,nan,nan,nan,nan,nan,nan,nan,nan,nan,nan,nan,nan,nan,nan,nan,nan,nan,nan,nan,nan,nan
snr,ideal,nv_charge_readout_master_v1_4,thin_all_counts,4,snr8,8.0,5.437,1.0,27.43339830432224,0.6842698142290145,7.504300359171423,7.999999999999999,0.11758756837904422,9.422120008455401,636.7993609310438,0.0,0.1,off,2.0,mean,0.0784801289371021,0.95,nan,nan,nan,nan,nan,nan,nan,nan,nan,nan,nan,nan,nan,nan,nan,nan,nan,nan,nan,nan,nan
snr,ideal,nv_charge_readout_master_v1_4,thin_all_counts,4,snr8,8.0,5.437,1.0,27.43339830432224,0.6842698142290145,7.504300359171423,7.999999999999999,0.11758756837904422,9.422120008455401,636.7993609310438,0.0,0.1,off,2.0,mean,0.0784801289371021,0.96,nan,nan,nan,nan,nan,nan,nan,nan,nan,nan,nan,nan,nan,nan,nan,nan,nan,nan,nan,nan,nan
snr,ideal,nv_charge_readout_master_v1_4,thin_all_counts,4,snr8,8.0,5.437,1.0,27.43339830432224,0.6842698142290145,7.504300359171423,7.999999999999999,0.11758756837904422,9.422120008455401,636.7993609310438,0.0,0.1,off,2.0,mean,0.0784801289371021,0.97,nan,nan,nan,nan,nan,nan,nan,nan,nan,nan,nan,nan,nan,nan,nan,nan,nan,nan,nan,nan,nan
snr,ideal,nv_charge_readout_master_v1_4,thin_all_counts,4,snr8,8.0,5.437,1.0,27.43339830432224,0.6842698142290145,7.504300359171423,7.999999999999999,0.11758756837904422,9.422120008455401,636.7993609310438,0.0,0.1,off,2.0,mean,0.0784801289371021,0.98,nan,nan,nan,nan,nan,nan,nan,nan,nan,nan,nan,nan,nan,nan,nan,nan,nan,nan,nan,nan,nan
snr,ideal,nv_charge_readout_master_v1_4,thin_all_counts,4,snr8,8.0,5.437,1.0,27.43339830432224,0.6842698142290145,7.504300359171423,7.999999999999999,0.11758756837904422,9.422120008455401,636.7993609310438,0.0,0.1,off,2.0,mean,0.0784801289371021,0.99,nan,nan,nan,nan,nan,nan,nan,nan,nan,nan,nan,nan,nan,nan,nan,nan,nan,nan,nan,nan,nan
