experiment,detector,physics_layer,efficiency_model,point_index,point,sweep_value,power_uw,detection_efficiency,photons_per_bright_dwell,contrast,switching_ratio,snr_per_bright_dwell,p_bright_stationary,gamma_tot_khz,horizon_us,noise_sigma,noise_tau_c_ms,noise_kind,noise_photon_order,noise_renormalise,q_excess_finest_bin,target_fidelity,t_threshold_us,t_adaptive_count_us,t_fixed_count_mmpp_us,t_adaptive_mmpp_us,speedup_mmpp,speedup_mmpp_ci_low,speedup_mmpp_ci_high,speedup_count,speedup_count_ci_low,speedup_count_ci_high,speedup_fixed_count_mmpp,speedup_fixed_count_mmpp_ci_low,speedup_fixed_count_mmpp_ci_high,t_learned_us,speedup_learned,speedup_learned_ci_low,speedup_learned_ci_high,t_optimal_us,speedup_optimal,speedup_optimal_ci_low,speedup_optimal_ci_high,t_hmm_us,speedup_hmm,speedup_hmm_ci_low,speedup_hmm_ci_high
paper_noise_tau,ideal,nv_charge_readout_master_v1_4,thin_all_counts,0,tc0.3us,0.3,5.437,1.0,27.43339830432224,0.9249776330930897,7.504300359171423,12.911749357161563,0.11758756837904422,9.422120008455401,636.7993609310438,0.3333333333333333,0.0003,gauss_additive,2.0,mean,-1.2871118288374839,0.55,0.5758476584606017,1.5754737314981104,1.5754737314981104,0.5514638244616538,1.044216561299831,1.0174763010595078,1.0711434869312406,0.36550762284879923,0.340960854893329,0.39995899848630684,0.36550762284879923,0.340960854893329,0.39995899848630684,4.974995007273436,0.11574838921822297,0.10770273656678568,0.1268168422731233,0.5572461780201516,1.0333810821395664,1.0172356183742437,1.082694359342596,0.5758476584606017,1.0,1.0000000000000289,1.0000000000000588
paper_noise_tau,ideal,nv_charge_readout_master_v1_4,thin_all_counts,0,tc0.3us,0.3,5.437,1.0,27.43339830432224,0.9249776330930897,7.504300359171423,12.911749357161563,0.11758756837904422,9.422120008455401,636.7993609310438,0.3333333333333333,0.0003,gauss_additive,2.0,mean,-1.2871118288374839,0.56,0.6913759312737332,1.5754737314981104,1.5754737314981104,0.6619712164221595,1.0444199296315346,1.0234327494469444,1.0645806346608992,0.43883685106974596,0.41108175570174343,0.4758353673712113,0.43883685106974596,0.41108175570174343,0.4758353673712113,4.974995007273436,0.13897017590227578,0.130368410758228,0.15137856088439447,0.6716177236615819,1.0294188299624254,1.0072402103749531,1.0683565432163666,0.6913759312737332,1.0,1.0000000000000784,1.0000000000001676
paper_noise_tau,ideal,nv_charge_readout_master_v1_4,thin_all_counts,0,tc0.3us,0.3,5.437,1.0,27.43339830432224,0.9249776330930897,7.504300359171423,12.911749357161563,0.11758756837904422,9.422120008455401,636.7993609310438,0.3333333333333333,0.0003,gauss_additive,2.0,mean,-1.2871118288374839,0.57,0.8274263765752674,1.5754737314981104,1.5754737314981104,0.778914314639049,1.0622816412851508,1.042400012519325,1.0848386618006924,0.5251921120820413,0.4869307770135506,0.5662760726101513,0.5251921120820413,0.4869307770135506,0.5662760726101513,4.974995007273436,0.16631702652275454,0.15390800145556355,0.18010618362434005,0.7859892693030108,1.0527196857394778,1.021875643977907,1.0862357786131778,0.8274263765752674,1.0,1.0000000000000653,1.0000000000001157
paper_noise_tau,ideal,nv_charge_readout_master_v1_4,thin_all_counts,0,tc0.3us,0.3,5.437,1.0,27.43339830432224,0.9249776330930897,7.504300359171423,12.911749357161563,0.11758756837904422,9.422120008455401,636.7993609310438,0.3333333333333333,0.0003,gauss_additive,2.0,mean,-1.2871118288374839,0.58,0.9537661220137319,1.5754737314981104,1.5754737314981104,0.8897797658509119,1.0719125772675093,1.0534934727398222,1.0951875538592464,0.6053837032920887,0.5739297318560862,0.6404008859074849,0.6053837032920887,0.5739297318560862,0.6404008859074849,4.974995007273436,0.1917119757144132,0.1814413156352703,0.2034089419506192,0.9003608149444411,1.0593154501871411,1.0422606755127326,1.076555716882945,0.9537661220137319,1.0,0.9999999999999879,1.0000000000001001
paper_noise_tau,ideal,nv_charge_readout_master_v1_4,thin_all_counts,0,tc0.3us,0.3,5.437,1.0,27.43339830432224,0.9249776330930897,7.504300359171423,12.911749357161563,0.11758756837904422,9.422120008455401,636.7993609310438,0.3333333333333333,0.0003,gauss_additive,2.0,mean,-1.2871118288374839,0.59,1.0841463829833737,1.5754737314981104,1.5754737314981104,1.0164250634995495,1.0666269673148947,1.0442199403711259,1.092416333574587,0.6881399297927133,0.6475466423168605,0.7488746861727033,0.6881399297927133,0.6475466423168605,0.7488746861727033,4.974995007273436,0.21791908964699527,0.20419383211255893,0.2373940216602963,1.020653879131174,1.0622076740709079,1.0498808164733828,1.0853421509600394,1.0841463829833737,1.0,0.999999999999957,1.0000000000000764
paper_noise_tau,ideal,nv_charge_readout_master_v1_4,thin_all_counts,0,tc0.3us,0.3,5.437,1.0,27.43339830432224,0.9249776330930897,7.504300359171423,12.911749357161563,0.11758756837904422,9.422120008455401,636.7993609310438,0.3333333333333333,0.0003,gauss_additive,2.0,mean,-1.2871118288374839,0.6,1.2478535151241172,1.5754737314981104,1.5754737314981104,1.1610962053312965,1.0747201733968859,0.7957105763462874,1.0910436590836627,0.7920497118904923,0.744591906244345,0.846570801882534,0.7920497118904923,0.744591906244345,0.846570801882534,4.974995007273436,0.25082507887942745,0.23534788627117462,0.2688916426757262,1.1644288272044518,1.0716442997378814,1.0456836334807182,1.096182138998785,1.2478535151241172,1.0,0.9999999999999618,1.0000000000000802
paper_noise_tau,ideal,nv_charge_readout_master_v1_4,thin_all_counts,0,tc0.3us,0.3,5.437,1.0,27.43339830432224,0.9249776330930897,7.504300359171423,12.911749357161563,0.11758756837904422,9.422120008455401,636.7993609310438,0.3333333333333333,0.0003,gauss_additive,2.0,mean,-1.2871118288374839,0.61,1.4062895116620155,1.5754737314981104,1.5754737314981104,1.5754737314981104,0.8926137475645383,0.8466090003068363,0.9524441179740121,0.8926137475645383,0.8466090003068363,0.9524441179740121,0.8926137475645383,0.8466090003068363,0.9524441179740121,4.974995007273436,0.2826715423042681,0.2670669717938249,0.30225467581853316,1.3082037752777298,1.0749774142514321,1.044005134280616,1.1049849607726092,1.4062895116620155,1.0,0.9999999999998639,0.9999999999999682
paper_noise_tau,ideal,nv_charge_readout_master_v1_4,thin_all_counts,0,tc0.3us,0.3,5.437,1.0,27.43339830432224,0.9249776330930897,7.504300359171423,12.911749357161563,0.11758756837904422,9.422120008455401,636.7993609310438,0.3333333333333333,0.0003,gauss_additive,2.0,mean,-1.2871118288374839,0.62,1.5689688982847292,1.5754737314981104,1.5754737314981104,1.5754737314981104,0.9958711890377279,0.9441451515891227,1.0524948117756447,0.9958711890377279,0.9441451515891227,1.0524948117756447,0.9958711890377279,0.9441451515891227,1.0524948117756447,4.974995007273436,0.31537094931570764,0.29822746269430617,0.3337534296976142,1.4519787233510075,1.0805729264845707,1.0491005041658743,1.104345015091663,1.5689688982847292,1.0,0.9999999999998589,1.0000000000000466
paper_noise_tau,ideal,nv_charge_readout_master_v1_4,thin_all_counts,0,tc0.3us,0.3,5.437,1.0,27.43339830432224,0.9249776330930897,7.504300359171423,12.911749357161563,0.11758756837904422,9.422120008455401,636.7993609310438,0.3333333333333333,0.0003,gauss_additive,2.0,mean,-1.2871118288374839,0.63,1.7293638357322973,1.5754737314981104,1.5754737314981104,1.5754737314981104,1.0976786227262918,1.0237256935166215,1.1155107425359578,1.0976786227262918,1.0003756378559407,1.1154196043937872,1.0976786227262918,1.0003744544934974,1.1154196043937872,4.974995007273436,0.34761117010247644,0.3307273989321621,0.3645161540861677,1.5957536714242855,1.0837285645652055,1.0559545561051646,1.1082735168219724,1.7293638357322973,1.0,1.0000000000000286,1.0000000000001001
paper_noise_tau,ideal,nv_charge_readout_master_v1_4,thin_all_counts,0,tc0.3us,0.3,5.437,1.0,27.43339830432224,0.9249776330930897,7.504300359171423,12.911749357161563,0.11758756837904422,9.422120008455401,636.7993609310438,0.3333333333333333,0.0003,gauss_additive,2.0,mean,-1.2871118288374839,0.64,1.8836082068294895,1.8408258973705527,1.8408258973705527,1.7783530262952632,1.0591868875177715,1.027515650706848,1.108634300117936,1.0232408233282937,1.0081652285003937,1.0509076451031107,1.0232408233282937,1.0082053403150693,1.0509588003167556,4.974995007273436,0.37861509490475004,0.3616743279983833,0.3993081125452721,1.7395286194975632,1.0828267990057798,1.0593088420243368,1.1090800594778247,1.8836082068294895,1.0,1.0000000000000513,1.0000000000001028
paper_noise_tau,ideal,nv_charge_readout_master_v1_4,thin_all_counts,0,tc0.3us,0.3,5.437,1.0,27.43339830432224,0.9249776330930897,7.504300359171423,12.911749357161563,0.11758756837904422,9.422120008455401,636.7993609310438,0.3333333333333333,0.0003,gauss_additive,2.0,mean,-1.2871118288374839,0.65,2.063753839782389,1.957065907293986,1.957065907293986,1.8208772973778256,1.1333843542089963,1.0820636080813912,1.1435890812336016,1.054514225653197,1.0282770350028971,1.0891365770551389,1.054514225653197,1.0283842638224452,1.0894434770870656,4.974995007273436,0.4148253087219553,0.3938497569473615,0.44225595855082206,1.8833035675708412,1.0958158181818238,1.0706584286409786,1.1210494786854321,2.063753839782389,1.0,0.9999999999999009,1.000000000000075
paper_noise_tau,ideal,nv_charge_readout_master_v1_4,thin_all_counts,0,tc0.3us,0.3,5.437,1.0,27.43339830432224,0.9249776330930897,7.504300359171423,12.911749357161563,0.11758756837904422,9.422120008455401,636.7993609310438,0.3333333333333333,0.0003,gauss_additive,2.0,mean,-1.2871118288374839,0.66,2.2704124789213767,2.080645959492085,2.080645959492085,2.122048450390006,1.0699154764841035,0.9357006085784303,1.1128947563479705,1.0912055789999064,1.05802370804589,1.1319853044791857,1.0912055789999064,1.0582513488760947,1.1317232461876447,4.974995007273436,0.45636477536199266,0.43021393797852464,0.48636296802173407,2.027078515644119,1.1200417060312717,1.0937400774871355,1.1447607962108508,2.2704124789213767,1.0,0.9999999999998964,1.000000000000036
paper_noise_tau,ideal,nv_charge_readout_master_v1_4,thin_all_counts,0,tc0.3us,0.3,5.437,1.0,27.43339830432224,0.9249776330930897,7.504300359171423,12.911749357161563,0.11758756837904422,9.422120008455401,636.7993609310438,0.3333333333333333,0.0003,gauss_additive,2.0,mean,-1.2871118288374839,0.67,2.4956501183174407,2.212029545155443,2.212029545155443,2.6077838867624212,0.957000359955366,0.9241535323024244,1.0052530850997843,1.1282173530562258,1.0948817796490646,1.1577498768942398,1.1282173530562258,1.0951513956399317,1.1580324393307837,4.974995007273436,0.5016387181632953,0.47375888499896796,0.5272311874916106,2.1708534637173966,1.1496170331293842,1.1308423664424372,1.15818162362341,2.4956501183174407,1.0,0.9999999999999994,1.0000000000000624
paper_noise_tau,ideal,nv_charge_readout_master_v1_4,thin_all_counts,0,tc0.3us,0.3,5.437,1.0,27.43339830432224,0.9249776330930897,7.504300359171423,12.911749357161563,0.11758756837904422,9.422120008455401,636.7993609310438,0.3333333333333333,0.0003,gauss_additive,2.0,mean,-1.2871118288374839,0.68,2.689124439357953,2.3517094228924282,2.3517094228924282,2.6542159554486076,1.013152088788286,0.9723619522024115,1.0548018382209166,1.1434764912624833,1.1182837827547345,1.1722393772793094,1.1434764912624833,1.1188525641050024,1.1725866171372705,4.974995007273436,0.5405280679531249,0.5152351733862887,0.5694609256328288,2.346536209897414,1.1459974186699282,1.132122746252274,1.162370308854891,2.689124439357953,1.0,1.0000000000000044,1.000000000000045
paper_noise_tau,ideal,nv_charge_readout_master_v1_4,thin_all_counts,0,tc0.3us,0.3,5.437,1.0,27.43339830432224,0.9249776330930897,7.504300359171423,12.911749357161563,0.11758756837904422,9.422120008455401,636.7993609310438,0.3333333333333333,0.0003,gauss_additive,2.0,mean,-1.2871118288374839,0.69,2.9114734013851455,2.500209466837115,2.500209466837115,2.7014747556033876,1.0777348170091834,1.0318216144210821,1.1268195548397109,1.164491791589086,1.133990825873721,1.1985388132875516,1.164491791589086,1.1341371633589803,1.197956290319125,4.974995007273436,0.5852213715046096,0.5544259475028813,0.6208035475407145,2.5251196649962235,1.1530041295644893,1.1328427409478243,1.1765306165875595,2.9114734013851455,1.0,1.0000000000000049,1.0000000000001243
paper_noise_tau,ideal,nv_charge_readout_master_v1_4,thin_all_counts,0,tc0.3us,0.3,5.437,1.0,27.43339830432224,0.9249776330930897,7.504300359171423,12.911749357161563,0.11758756837904422,9.422120008455401,636.7993609310438,0.3333333333333333,0.0003,gauss_additive,2.0,mean,-1.2871118288374839,0.7,3.166611505923856,2.658086631457049,2.658086631457049,2.7495750073316487,1.15167307583179,1.1032382688474232,1.1998371763521398,1.1913123780273693,1.1614047295307244,1.223261794936537,1.1913123780273693,1.1613612787935574,1.2216011298546507,4.974995007273436,0.6365054640847427,0.603088139302302,0.6718185686268305,2.703703120095035,1.171212727606184,1.14636319703456,1.1962467365647316,3.166611505923856,1.0,1.0000000000000895,1.0000000000001505
paper_noise_tau,ideal,nv_charge_readout_master_v1_4,thin_all_counts,0,tc0.3us,0.3,5.437,1.0,27.43339830432224,0.9249776330930897,7.504300359171423,12.911749357161563,0.11758756837904422,9.422120008455401,636.7993609310438,0.3333333333333333,0.0003,gauss_additive,2.0,mean,-1.2871118288374839,0.71,3.4232942619006037,2.825933040429921,2.825933040429921,2.8193561000090845,1.2142113803536818,1.1791122439561705,1.2330543709961659,1.211385483280879,1.1852510990372906,1.2413404921892863,1.211385483280879,1.1862812560067966,1.2417623367370725,4.974995007273436,0.688100039677578,0.6553381988507907,0.7259186547211623,2.882286575193847,1.1877008661674704,1.1642899598430785,1.2159002356508677,3.4232942619006037,1.0,1.0000000000000575,1.0000000000001326
paper_noise_tau,ideal,nv_charge_readout_master_v1_4,thin_all_counts,0,tc0.3us,0.3,5.437,1.0,27.43339830432224,0.9249776330930897,7.504300359171423,12.911749357161563,0.11758756837904422,9.422120008455401,636.7993609310438,0.3333333333333333,0.0003,gauss_additive,2.0,mean,-1.2871118288374839,0.72,3.697990555054812,3.004378207423575,3.004378207423575,2.9792562286971034,1.2412462276438798,1.2224928742067955,1.2506214419233523,1.230867187732016,1.2075297875723114,1.2493852832821424,1.230867187732016,1.2088057545535826,1.2489321088449166,4.974995007273436,0.7433154303970868,0.7070694990962955,0.7840269617033869,3.0608700302926586,1.2081501398153898,1.1845122329297753,1.2289031909122032,3.697990555054812,1.0,0.9999999999999045,1.000000000000088
paper_noise_tau,ideal,nv_charge_readout_master_v1_4,thin_all_counts,0,tc0.3us,0.3,5.437,1.0,27.43339830432224,0.9249776330930897,7.504300359171423,12.911749357161563,0.11758756837904422,9.422120008455401,636.7993609310438,0.3333333333333333,0.0003,gauss_additive,2.0,mean,-1.2871118288374839,0.73,3.9910655548903518,3.1940913971084353,3.1940913971084353,3.2364743105990987,1.2331522428032409,1.126515961015429,1.2528466012259505,1.249515138641119,0.9987270646778923,1.258559170835724,1.249515138641119,0.9995056236020692,1.255789796696338,4.974995007273436,0.8022250372222323,0.7628020313657262,0.8598476602974399,3.2394534853914703,1.2320181700056279,1.2123905302778082,1.2606356024628476,3.9910655548903518,1.0,0.9999999999998357,0.9999999999999637
paper_noise_tau,ideal,nv_charge_readout_master_v1_4,thin_all_counts,0,tc0.3us,0.3,5.437,1.0,27.43339830432224,0.9249776330930897,7.504300359171423,12.911749357161563,0.11758756837904422,9.422120008455401,636.7993609310438,0.3333333333333333,0.0003,gauss_additive,2.0,mean,-1.2871118288374839,0.74,4.414601273560103,4.280768046150178,4.280525341492302,3.7067071734500576,1.1909765371218048,1.1333143851853205,1.2525014128506666,1.0312638353601722,1.0061956639652492,1.065760466055711,1.0313223077476417,1.0057755505628827,1.0670642775948374,4.974995007273436,0.8873579304312792,0.8266409398993422,0.9493365552389167,3.487449769321899,1.2658537227959787,1.2456597774665532,1.2936840508403407,4.414601273560103,1.0,0.9999999999998702,1.0000000000000644
paper_noise_tau,ideal,nv_charge_readout_master_v1_4,thin_all_counts,0,tc0.3us,0.3,5.437,1.0,27.43339830432224,0.9249776330930897,7.504300359171423,12.911749357161563,0.11758756837904422,9.422120008455401,636.7993609310438,0.3333333333333333,0.0003,gauss_additive,2.0,mean,-1.2871118288374839,0.75,4.8564807176696245,4.564095679754272,4.56350717476935,3.7926846623051675,1.2804862913959973,1.2210261950799606,1.3068315899716114,1.064061986958848,1.0372485644504745,1.0981635931105997,1.0641992072500865,1.0371050787336336,1.0998340841440848,4.974995007273436,0.9761780083335675,0.922773981753529,1.007275283893582,3.786460300947853,1.2825912149280734,1.2623243704664522,1.3083724014084828,4.8564807176696245,1.0,1.0000000000000373,1.0000000000000633
paper_noise_tau,ideal,nv_charge_readout_master_v1_4,thin_all_counts,0,tc0.3us,0.3,5.437,1.0,27.43339830432224,0.9249776330930897,7.504300359171423,12.911749357161563,0.11758756837904422,9.422120008455401,636.7993609310438,0.3333333333333333,0.0003,gauss_additive,2.0,mean,-1.2871118288374839,0.76,5.342769733911657,4.866175683750378,4.865196692635625,4.272048596932416,1.250634119131529,1.226420838183368,1.2928992097563565,1.0979401651594227,1.0593235940666574,1.1436294502299347,1.0981610963435307,1.06047916265808,1.143637048083288,5.284585878238789,1.0110101069437554,0.9892706694626037,1.0401422156566487,4.085470832573807,1.3077488379829563,1.2769761270860582,1.3405168507289922,5.342769733911657,1.0,1.0000000000000375,1.000000000000076
paper_noise_tau,ideal,nv_charge_readout_master_v1_4,thin_all_counts,0,tc0.3us,0.3,5.437,1.0,27.43339830432224,0.9249776330930897,7.504300359171423,12.911749357161563,0.11758756837904422,9.422120008455401,636.7993609310438,0.3333333333333333,0.0003,gauss_additive,2.0,mean,-1.2871118288374839,0.77,5.9739223727200885,5.188249205677993,5.186830643961676,4.511624854261293,1.3241177105134605,1.2678152010137629,1.4027808564585191,1.1514331975769898,1.0989485929312166,1.2259779895169107,1.1517481064616437,1.0983603383323532,1.2290124469413215,5.715100915336103,1.045287294348461,1.0081729580001282,1.1088130613908913,4.394841618128627,1.3593032222316699,1.3227157993923764,1.3920809017287805,5.9739223727200885,1.0,0.9999999999998997,1.0000000000000822
paper_noise_tau,ideal,nv_charge_readout_master_v1_4,thin_all_counts,0,tc0.3us,0.3,5.437,1.0,27.43339830432224,0.9249776330930897,7.504300359171423,12.911749357161563,0.11758756837904422,9.422120008455401,636.7993609310438,0.3333333333333333,0.0003,gauss_additive,2.0,mean,-1.2871118288374839,0.78,6.874089734496592,5.53163953987633,5.529727538017707,4.858823681113505,1.4147641868990901,1.3629261350266206,1.465258624048257,1.2426857688290867,1.1619187853026585,1.3543821321686995,1.2431154495834005,1.1634412734405495,1.3578195771355668,6.180688368974157,1.112188371930087,1.0457559169536856,1.2143123329394279,4.942498244047326,1.3908127823364727,1.3389039713605788,1.4798026465758287,6.874089734496592,1.0,0.9999999999998854,1.0000000000000322
paper_noise_tau,ideal,nv_charge_readout_master_v1_4,thin_all_counts,0,tc0.3us,0.3,5.437,1.0,27.43339830432224,0.9249776330930897,7.504300359171423,12.911749357161563,0.11758756837904422,9.422120008455401,636.7993609310438,0.3333333333333333,0.0003,gauss_additive,2.0,mean,-1.2871118288374839,0.79,8.278860259217304,5.897757564466214,5.895293049582999,5.34671031368183,1.5484026202115948,1.4097459789680256,1.9457036885035304,1.4037301751935602,0.6727617909672633,1.5722442327599635,1.4043170016464077,0.7223109824746435,1.5764823312149256,6.684205455036283,1.2385705847775088,1.1208336063563087,1.5693617019452002,5.490154869966024,1.507946579887379,1.3924578067202416,1.8663050361901663,8.278860259217304,1.0,0.9334304306323074,1.1001995377570501
paper_noise_tau,ideal,nv_charge_readout_master_v1_4,thin_all_counts,0,tc0.3us,0.3,5.437,1.0,27.43339830432224,0.9249776330930897,7.504300359171423,12.911749357161563,0.11758756837904422,9.422120008455401,636.7993609310438,0.3333333333333333,0.0003,gauss_additive,2.0,mean,-1.2871118288374839,0.8,11.029898456162883,14.787164129617658,14.786458955142628,6.262931504748328,1.7611398827849887,1.5593052582988187,2.0006879978154894,0.7459103286796396,0.7319615288349653,1.0750562429622283,0.7459459015592614,0.7323522572490531,1.0778990746988992,7.228742155876133,1.5258392426124714,1.3822715271301578,1.5729458642349825,6.037811495884722,1.826804043763322,1.666187472786585,1.9002154522299475,10.205211152280572,1.0808104106398637,0.9981648977442642,1.110344951299337
paper_noise_tau,ideal,nv_charge_readout_master_v1_4,thin_all_counts,0,tc0.3us,0.3,5.437,1.0,27.43339830432224,0.9249776330930897,7.504300359171423,12.911749357161563,0.11758756837904422,9.422120008455401,636.7993609310438,0.3333333333333333,0.0003,gauss_additive,2.0,mean,-1.2871118288374839,0.81,11.424148350635388,14.796115725811967,14.795261169742053,8.751065871634417,1.305457931435011,1.250737851529723,1.7999228867076178,0.7721045551641537,0.7599556021176811,1.0408131192787702,0.7721491509726801,0.7599612147393038,1.0460375212264617,7.81764018291342,1.4613295167516804,1.4147377901560845,1.5082641051901062,6.585468121803421,1.734751142870448,1.671133818728881,1.8023188901989422,11.002804399853328,1.0382942325856195,1.0158738952005588,1.0667362290717683
paper_noise_tau,ideal,nv_charge_readout_master_v1_4,thin_all_counts,0,tc0.3us,0.3,5.437,1.0,27.43339830432224,0.9249776330930897,7.504300359171423,12.911749357161563,0.11758756837904422,9.422120008455401,636.7993609310438,0.3333333333333333,0.0003,gauss_additive,2.0,mean,-1.2871118288374839,0.82,11.832490213398378,14.805072740967866,14.804068624201953,9.199931702903505,1.2861497884450637,1.2644802151272356,1.3302461815131918,0.7992186475826016,0.787282112808769,1.0254442892170805,0.7992728562507752,0.7872832454872326,1.0328574334084664,8.454513484039913,1.3995471455259103,1.3544667770852103,1.4436781351548644,7.133124747722113,1.658808815474166,1.606117494617309,1.716805906439632,11.607786136390633,1.01935804763867,1.0050246276483228,1.0356887179639616
paper_noise_tau,ideal,nv_charge_readout_master_v1_4,thin_all_counts,0,tc0.3us,0.3,5.437,1.0,27.43339830432224,0.9249776330930897,7.504300359171423,12.911749357161563,0.11758756837904422,9.422120008455401,636.7993609310438,0.3333333333333333,0.0003,gauss_additive,2.0,mean,-1.2871118288374839,0.83,12.255427744194298,14.81403517836579,14.81288132164156,9.226566264271042,1.3282761314631446,1.3042211537978503,1.3746838603910945,0.8272849089822572,0.8143971652219233,1.0165585983515728,0.8273493507498212,0.8144705868392588,1.0239275490105848,9.14327042168556,1.3403768213097444,1.2980283588790216,1.3833883384202192,7.680781373640811,1.5955964827032998,1.5509892793552964,1.655270422531674,12.246032383342085,1.000767216724414,1.00000000000004,1.012623775907651
paper_noise_tau,ideal,nv_charge_readout_master_v1_4,thin_all_counts,0,tc0.3us,0.3,5.437,1.0,27.43339830432224,0.9249776330930897,7.504300359171423,12.911749357161563,0.11758756837904422,9.422120008455401,636.7993609310438,0.3333333333333333,0.0003,gauss_additive,2.0,mean,-1.2871118288374839,0.84,13.124492142054962,14.823003041288164,14.82169926518196,9.471530342959907,1.385678097078606,1.3513639135943276,1.4393103213336806,0.8854138466745132,0.8579676905420641,1.0371792979926149,0.8854917312272047,0.8580960364644487,1.0415399771160234,9.888137757646918,1.3272966521835958,1.2827741902891865,1.3660161306296814,8.35963624028,1.5699836410125143,1.499796409234793,1.644397500971162,13.124492142054962,1.0,0.9999999999998654,1.0000000000000613
paper_noise_tau,ideal,nv_charge_readout_master_v1_4,thin_all_counts,0,tc0.3us,0.3,5.437,1.0,27.43339830432224,0.9249776330930897,7.504300359171423,12.911749357161563,0.11758756837904422,9.422120008455401,636.7993609310438,0.3333333333333333,0.0003,gauss_additive,2.0,mean,-1.2871118288374839,0.85,14.153044655995732,14.831976333019394,14.8305224579461,9.644046339029963,1.4675421662707713,1.2750493688211841,1.5035364845977883,0.9542251375150724,0.9186964161675838,1.0677690335943382,0.9543186827118568,0.9188903892709404,1.0724793861462685,10.666108740089646,1.3269173417293305,1.2835443517308989,1.3777731381416598,9.346654416518493,1.5142364342670922,1.4595368033798997,1.5835475450910916,14.153044655995732,1.0,0.9999999999998327,1.0000000000000226
paper_noise_tau,ideal,nv_charge_readout_master_v1_4,thin_all_counts,0,tc0.3us,0.3,5.437,1.0,27.43339830432224,0.9249776330930897,7.504300359171423,12.911749357161563,0.11758756837904422,9.422120008455401,636.7993609310438,0.3333333333333333,0.0003,gauss_additive,2.0,mean,-1.2871118288374839,0.86,15.613093444453732,14.84095505684588,14.839350903058785,11.232116973747763,1.3900401394452528,1.2912857679486578,1.5461448219931906,1.0520275403200334,1.002657025086343,1.2139305381937413,1.0521412659118032,1.0028255846522958,1.2185165328240353,11.371241202336815,1.3730333537595885,1.3269504054579029,1.5659173117891092,10.333672592756987,1.5108949218496786,1.4645661429772825,1.688889881365823,15.613093444453732,1.0,0.9999999999999818,1.0017572441841294
paper_noise_tau,ideal,nv_charge_readout_master_v1_4,thin_all_counts,0,tc0.3us,0.3,5.437,1.0,27.43339830432224,0.9249776330930897,7.504300359171423,12.911749357161563,0.11758756837904422,9.422120008455401,636.7993609310438,0.3333333333333333,0.0003,gauss_additive,2.0,mean,-1.2871118288374839,0.87,20.74653469187753,17.28231674806763,17.260618902081653,14.60485318577629,1.4205233307023342,1.2148131957391142,1.7255987583572698,1.2004487010803828,1.1466001635689733,1.386367477371175,1.2019577518958762,1.1716388281745762,1.4015176035313723,12.159134964994996,1.7062508765306785,1.4775201279495527,1.7451760522136879,11.320690768995481,1.8326209164459346,1.5977865810685143,1.8749666672594425,19.787158474279344,1.0484847897107232,1.000000000000127,1.1164090802724507
paper_noise_tau,ideal,nv_charge_readout_master_v1_4,thin_all_counts,0,tc0.3us,0.3,5.437,1.0,27.43339830432224,0.9249776330930897,7.504300359171423,12.911749357161563,0.11758756837904422,9.422120008455401,636.7993609310438,0.3333333333333333,0.0003,gauss_additive,2.0,mean,-1.2871118288374839,0.88,22.19111784027804,34.90209088503414,17.372498777569373,16.21673379141259,1.3684085911325206,1.0092746327831617,1.4450769865185458,0.6358105568338168,0.6290763667931765,1.2833493036751236,1.2773705224794871,0.8677066762063487,1.3146740466025402,13.434448893443294,1.6518070831404519,1.594893087253387,1.7121998461797903,12.307708945233976,1.8030258871917266,1.7523264476127427,1.85490312633842,21.706636797633077,1.0223194890651044,1.0047164300284441,1.0426401716327245
paper_noise_tau,ideal,nv_charge_readout_master_v1_4,thin_all_counts,0,tc0.3us,0.3,5.437,1.0,27.43339830432224,0.9249776330930897,7.504300359171423,12.911749357161563,0.11758756837904422,9.422120008455401,636.7993609310438,0.3333333333333333,0.0003,gauss_additive,2.0,mean,-1.2871118288374839,0.89,25.124609133769404,36.0343790282413,28.50293001188343,22.03748295644587,1.1400852440101632,1.0503156373797766,1.3564474229815175,0.697239963926628,0.6504096556648475,0.8166635105647344,0.8814746106205384,0.8542816575907507,0.9629553889332405,14.843524443978728,1.6926309670316335,1.6160030854983563,1.9247125272897834,13.455930528429583,1.867177381801008,1.7603143275807063,2.1009237418334985,24.417784064069867,1.0289471422896073,1.0037959543535646,1.100429205614506
paper_noise_tau,ideal,nv_charge_readout_master_v1_4,thin_all_counts,0,tc0.3us,0.3,5.437,1.0,27.43339830432224,0.9249776330930897,7.504300359171423,12.911749357161563,0.11758756837904422,9.422120008455401,636.7993609310438,0.3333333333333333,0.0003,gauss_additive,2.0,mean,-1.2871118288374839,0.9,35.44793306235501,nan,34.92020105262158,22.575058941146885,1.5702254933095712,1.315576854609747,1.651771753714505,nan,0.7690152664348888,0.9750677382421084,1.0151125134972216,0.9050938080159046,1.1066692874418944,16.531163667312455,2.144309606736713,1.843049729384943,2.3037013655848364,15.548343495231151,2.2798527105622077,1.968553715968014,2.443062770563732,30.94923393999476,1.1453573659071,1.046293857161996,1.2267942249809185
paper_noise_tau,ideal,nv_charge_readout_master_v1_4,thin_all_counts,0,tc0.3us,0.3,5.437,1.0,27.43339830432224,0.9249776330930897,7.504300359171423,12.911749357161563,0.11758756837904422,9.422120008455401,636.7993609310438,0.3333333333333333,0.0003,gauss_additive,2.0,mean,-1.2871118288374839,0.91,nan,nan,36.117542802668915,24.635557890479127,nan,nan,nan,nan,nan,nan,nan,nan,nan,20.87273380038624,nan,nan,nan,19.29934203554737,nan,nan,nan,39.88373562240038,nan,nan,nan
paper_noise_tau,ideal,nv_charge_readout_master_v1_4,thin_all_counts,0,tc0.3us,0.3,5.437,1.0,27.43339830432224,0.9249776330930897,7.504300359171423,12.911749357161563,0.11758756837904422,9.422120008455401,636.7993609310438,0.3333333333333333,0.0003,gauss_additive,2.0,mean,-1.2871118288374839,0.92,nan,nan,nan,nan,nan,nan,nan,nan,nan,nan,nan,nan,nan,nan,nan,nan,nan,nan,nan,nan,nan,nan,nan,nan,nan
paper_noise_tau,ideal,nv_charge_readout_master_v1_4,thin_all_counts,0,tc0.3us,0.3,5.437,1.0,27.43339830432224,0.9249776330930897,7.504300359171423,12.911749357161563,0.11758756837904422,9.422120008455401,636.7993609310438,0.3333333333333333,0.0003,gauss_additive,2.0,mean,-1.2871118288374839,0.93,nan,nan,nan,nan,nan,nan,nan,nan,nan,nan,nan,nan,nan,nan,nan,nan,nan,nan,nan,nan,nan,nan,nan,nan,nan
paper_noise_tau,ideal,nv_charge_readout_master_v1_4,thin_all_counts,0,tc0.3us,0.3,5.437,1.0,27.43339830432224,0.9249776330930897,7.504300359171423,12.911749357161563,0.11758756837904422,9.422120008455401,636.7993609310438,0.3333333333333333,0.0003,gauss_additive,2.0,mean,-1.2871118288374839,0.94,nan,nan,nan,nan,nan,nan,nan,nan,nan,nan,nan,nan,nan,nan,nan,nan,nan,nan,nan,nan,nan,nan,nan,nan,nan
paper_noise_tau,ideal,nv_charge_readout_master_v1_4,thin_all_counts,0,tc0.3us,0.3,5.437,1.0,27.43339830432224,0.9249776330930897,7.504300359171423,12.911749357161563,0.11758756837904422,9.422120008455401,636.7993609310438,0.3333333333333333,0.0003,gauss_additive,2.0,mean,-1.2871118288374839,0.95,nan,nan,nan,nan,nan,nan,nan,nan,nan,nan,nan,nan,nan,nan,nan,nan,nan,nan,nan,nan,nan,nan,nan,nan,nan
paper_noise_tau,ideal,nv_charge_readout_master_v1_4,thin_all_counts,0,tc0.3us,0.3,5.437,1.0,27.43339830432224,0.9249776330930897,7.504300359171423,12.911749357161563,0.11758756837904422,9.422120008455401,636.7993609310438,0.3333333333333333,0.0003,gauss_additive,2.0,mean,-1.2871118288374839,0.96,nan,nan,nan,nan,nan,nan,nan,nan,nan,nan,nan,nan,nan,nan,nan,nan,nan,nan,nan,nan,nan,nan,nan,nan,nan
paper_noise_tau,ideal,nv_charge_readout_master_v1_4,thin_all_counts,0,tc0.3us,0.3,5.437,1.0,27.43339830432224,0.9249776330930897,7.504300359171423,12.911749357161563,0.11758756837904422,9.422120008455401,636.7993609310438,0.3333333333333333,0.0003,gauss_additive,2.0,mean,-1.2871118288374839,0.97,nan,nan,nan,nan,nan,nan,nan,nan,nan,nan,nan,nan,nan,nan,nan,nan,nan,nan,nan,nan,nan,nan,nan,nan,nan
paper_noise_tau,ideal,nv_charge_readout_master_v1_4,thin_all_counts,0,tc0.3us,0.3,5.437,1.0,27.43339830432224,0.9249776330930897,7.504300359171423,12.911749357161563,0.11758756837904422,9.422120008455401,636.7993609310438,0.3333333333333333,0.0003,gauss_additive,2.0,mean,-1.2871118288374839,0.98,nan,nan,nan,nan,nan,nan,nan,nan,nan,nan,nan,nan,nan,nan,nan,nan,nan,nan,nan,nan,nan,nan,nan,nan,nan
paper_noise_tau,ideal,nv_charge_readout_master_v1_4,thin_all_counts,0,tc0.3us,0.3,5.437,1.0,27.43339830432224,0.9249776330930897,7.504300359171423,12.911749357161563,0.11758756837904422,9.422120008455401,636.7993609310438,0.3333333333333333,0.0003,gauss_additive,2.0,mean,-1.2871118288374839,0.99,nan,nan,nan,nan,nan,nan,nan,nan,nan,nan,nan,nan,nan,nan,nan,nan,nan,nan,nan,nan,nan,nan,nan,nan,nan
paper_noise_tau,ideal,nv_charge_readout_master_v1_4,thin_all_counts,1,tc1us,1.0,5.437,1.0,27.43339830432224,0.9249776330930897,7.504300359171423,12.911749357161563,0.11758756837904422,9.422120008455401,636.7993609310438,0.3333333333333333,0.001,gauss_additive,2.0,mean,-1.0547369550828314,0.55,0.5355633914054678,1.5751806285972338,1.5751806285972338,0.5103707502229127,1.0493614517907852,1.0302357572736924,1.0799246099804778,0.3400012555273804,0.3108528789705426,0.36775384088142465,0.3400012555273804,0.3108528789705426,0.36775384088142465,4.974995007273436,0.10765104098043815,0.09813372342712323,0.11654087174598143,0.5219311837470737,1.0261187836306793,1.0026458134588834,1.0753458908379379,0.5355633914054678,1.0,0.9999999999999902,1.000000000000054
paper_noise_tau,ideal,nv_charge_readout_master_v1_4,thin_all_counts,1,tc1us,1.0,5.437,1.0,27.43339830432224,0.9249776330930897,7.504300359171423,12.911749357161563,0.11758756837904422,9.422120008455401,636.7993609310438,0.3333333333333333,0.001,gauss_additive,2.0,mean,-1.0547369550828314,0.56,0.6437255897363885,1.5751806285972338,1.5751806285972338,0.6095521316788576,1.0560632245898456,1.0331402276830615,1.0815948040765775,0.4086677921564169,0.379903459919872,0.43902472367284495,0.4086677921564169,0.379903459919872,0.43902472367284495,4.974995007273436,0.1293922081922218,0.11984538958705206,0.13908401038844245,0.6295995423852986,1.0224365591143412,1.0034248208363004,1.0565245621557844,0.6437255897363885,1.0,1.0000000000000555,1.0000000000001368
paper_noise_tau,ideal,nv_charge_readout_master_v1_4,thin_all_counts,1,tc1us,1.0,5.437,1.0,27.43339830432224,0.9249776330930897,7.504300359171423,12.911749357161563,0.11758756837904422,9.422120008455401,636.7993609310438,0.3333333333333333,0.001,gauss_additive,2.0,mean,-1.0547369550828314,0.57,0.7631596912826086,1.5751806285972338,1.5751806285972338,0.7280076318479388,1.048285289737199,1.0363148379041638,1.0703527928700212,0.4844902720535836,0.4519080354069593,0.5170043079488156,0.4844902720535836,0.4519080354069593,0.5170043079488156,4.974995007273436,0.15339908686679488,0.14269515668843388,0.16396620733529338,0.7372679010235224,1.035118564395848,1.0185968383582675,1.0552313606293,0.7631596912826086,1.0,1.0000000000000686,1.0000000000001668
paper_noise_tau,ideal,nv_charge_readout_master_v1_4,thin_all_counts,1,tc1us,1.0,5.437,1.0,27.43339830432224,0.9249776330930897,7.504300359171423,12.911749357161563,0.11758756837904422,9.422120008455401,636.7993609310438,0.3333333333333333,0.001,gauss_additive,2.0,mean,-1.0547369550828314,0.58,0.8931329486105031,1.5751806285972338,1.5751806285972338,0.8278213512856354,1.078895763226494,1.054783269211984,1.105989404482446,0.5670035121025304,0.526154889732147,0.607693476008571,0.5670035121025304,0.526154889732147,0.607693476008571,4.974995007273436,0.1795243909400399,0.16612260498885895,0.19269022295963326,0.8505693407535448,1.0500413144673777,1.0369328147616412,1.0697342553923872,0.8931329486105031,1.0,1.0000000000000522,1.0000000000001013
paper_noise_tau,ideal,nv_charge_readout_master_v1_4,thin_all_counts,1,tc1us,1.0,5.437,1.0,27.43339830432224,0.9249776330930897,7.504300359171423,12.911749357161563,0.11758756837904422,9.422120008455401,636.7993609310438,0.3333333333333333,0.001,gauss_additive,2.0,mean,-1.0547369550828314,0.59,1.033883341689681,1.5751806285972338,1.5751806285972338,0.9378771238799627,1.102365454242603,1.07514379820638,1.1234747693360123,0.6563585933699545,0.6142113099596646,0.6945665145582706,0.6563585933699545,0.6142113099596646,0.6945665145582706,4.974995007273436,0.20781595562973332,0.19390566751966987,0.22056898041927586,0.9724686410973638,1.0631533994998699,1.0503909345976896,1.0720219640917237,1.033883341689681,1.0,0.9999999999999563,1.0000000000000446
paper_noise_tau,ideal,nv_charge_readout_master_v1_4,thin_all_counts,1,tc1us,1.0,5.437,1.0,27.43339830432224,0.9249776330930897,7.504300359171423,12.911749357161563,0.11758756837904422,9.422120008455401,636.7993609310438,0.3333333333333333,0.001,gauss_additive,2.0,mean,-1.0547369550828314,0.6,1.1633848979186154,1.5751806285972338,1.5751806285972338,1.0625644024900789,1.0948841267336527,1.075014068911418,1.1135242710139703,0.7385723750009926,0.6964918872916684,0.7813205151861848,0.7385723750009926,0.6964918872916684,0.7813205151861848,4.974995007273436,0.23384644531657786,0.21985831028113517,0.2479758316363794,1.1106533923031932,1.0474779134344256,1.0287541664874023,1.0730760848973104,1.1633848979186154,1.0,1.0000000000000078,1.000000000000084
paper_noise_tau,ideal,nv_charge_readout_master_v1_4,thin_all_counts,1,tc1us,1.0,5.437,1.0,27.43339830432224,0.9249776330930897,7.504300359171423,12.911749357161563,0.11758756837904422,9.422120008455401,636.7993609310438,0.3333333333333333,0.001,gauss_additive,2.0,mean,-1.0547369550828314,0.61,1.3067665180494998,1.5751806285972338,1.5751806285972338,1.5751806285972338,0.8295978850458767,0.8093082091496666,1.098643265646148,0.8295978850458767,0.7820317906570982,0.8765346714309599,0.8295978850458767,0.7820317906570982,0.8765346714309599,4.974995007273436,0.2626669003966856,0.24701509009692044,0.277882398966421,1.2516185863391218,1.0440612917643552,1.0221928531116924,1.0724295800594044,1.3067665180494998,1.0,0.999999999999932,1.0000000000000435
paper_noise_tau,ideal,nv_charge_readout_master_v1_4,thin_all_counts,1,tc1us,1.0,5.437,1.0,27.43339830432224,0.9249776330930897,7.504300359171423,12.911749357161563,0.11758756837904422,9.422120008455401,636.7993609310438,0.3333333333333333,0.001,gauss_additive,2.0,mean,-1.0547369550828314,0.62,1.4614566681471177,1.5751806285972338,1.5751806285972338,1.5751806285972338,0.9278025907724676,0.8742814548709098,0.9818413641145768,0.9278025907724676,0.8742814548709098,0.9818413641145768,0.9278025907724676,0.8742814548709098,0.9818413641145768,4.974995007273436,0.29376042910806344,0.2760275716502634,0.31179694533762187,1.3925837803750505,1.0494569079021718,1.02338419097409,1.0840967004875146,1.4614566681471177,1.0,0.9999999999998562,0.9999999999999487
paper_noise_tau,ideal,nv_charge_readout_master_v1_4,thin_all_counts,1,tc1us,1.0,5.437,1.0,27.43339830432224,0.9249776330930897,7.504300359171423,12.911749357161563,0.11758756837904422,9.422120008455401,636.7993609310438,0.3333333333333333,0.001,gauss_additive,2.0,mean,-1.0547369550828314,0.63,1.6356616648277038,1.5751806285972338,1.5751806285972338,1.5751806285972338,1.0383962544564371,0.9699504847204437,1.098722269740904,1.0383962544564371,0.9699504847204437,1.0971827278878004,1.0383962544564371,0.9699504847204437,1.0971827278878004,4.974995007273436,0.3287765439837364,0.30652142814597017,0.3498470035553011,1.5335489744109791,1.0665858685445277,1.035239671139921,1.1053033368663296,1.6356616648277038,1.0,0.9999999999998791,1.0000000000000981
paper_noise_tau,ideal,nv_charge_readout_master_v1_4,thin_all_counts,1,tc1us,1.0,5.437,1.0,27.43339830432224,0.9249776330930897,7.504300359171423,12.911749357161563,0.11758756837904422,9.422120008455401,636.7993609310438,0.3333333333333333,0.001,gauss_additive,2.0,mean,-1.0547369550828314,0.64,1.8111482680973903,1.7917599855616362,1.7917599855616362,1.7548563366163306,1.0320778005050832,1.0291433186936203,1.1244435298810227,1.0108208033955377,0.9985413570637991,1.1128095193121545,1.0108208033955377,0.9985413570637991,1.1128095193121545,4.974995007273436,0.36405026848258015,0.34352719432335116,0.3846148082575802,1.6745141684469078,1.0815962636955225,1.0529051172838046,1.113774195807695,1.8111482680973903,1.0,1.000000000000086,1.0000000000001024
paper_noise_tau,ideal,nv_charge_readout_master_v1_4,thin_all_counts,1,tc1us,1.0,5.437,1.0,27.43339830432224,0.9249776330930897,7.504300359171423,12.911749357161563,0.11758756837904422,9.422120008455401,636.7993609310438,0.3333333333333333,0.001,gauss_additive,2.0,mean,-1.0547369550828314,0.65,1.9968823271395928,1.910904289579147,1.910904289579147,1.8102996394842157,1.1030672953724598,1.051705018994637,1.1242242379763068,1.0449933772347024,1.0181976859652335,1.0763828229725152,1.0449933772347024,1.0181976859652335,1.0763828229725152,4.974995007273436,0.4013837851535838,0.375024343890983,0.4247941558973195,1.8154793624828365,1.0999201469350062,1.0688163405847322,1.13112916088304,1.9968823271395928,1.0,0.9999999999999454,1.000000000000103
paper_noise_tau,ideal,nv_charge_readout_master_v1_4,thin_all_counts,1,tc1us,1.0,5.437,1.0,27.43339830432224,0.9249776330930897,7.504300359171423,12.911749357161563,0.11758756837904422,9.422120008455401,636.7993609310438,0.3333333333333333,0.001,gauss_additive,2.0,mean,-1.0547369550828314,0.66,2.2037401395599634,2.0379711754682286,2.0379711754682286,2.005477464970991,1.0988605845999073,1.065034061786094,1.1256100192817022,1.0813401907186686,1.0512689147776824,1.1043569886278324,1.0813401907186686,1.0512689147776824,1.1043569886278324,4.974995007273436,0.44296328666422746,0.4138659431133529,0.46396554407993795,1.9564445565187651,1.1264005065807887,1.096073359159634,1.1440183113427798,2.2037401395599634,1.0,0.999999999999893,0.9999999999999962
paper_noise_tau,ideal,nv_charge_readout_master_v1_4,thin_all_counts,1,tc1us,1.0,5.437,1.0,27.43339830432224,0.9249776330930897,7.504300359171423,12.911749357161563,0.11758756837904422,9.422120008455401,636.7993609310438,0.3333333333333333,0.001,gauss_additive,2.0,mean,-1.0547369550828314,0.67,2.384850474099749,2.1734874607215793,2.1734874607215793,2.511832244732098,0.9494465560354758,0.9067444871694592,1.084936761986198,1.0972460238201691,1.0741396035268431,1.1270948510817242,1.0972460238201691,1.0741396035268431,1.1270948510817242,4.974995007273436,0.4793674105427444,0.4540490567387584,0.5050474063374146,2.097409750554694,1.1370455741750207,1.1219580581263857,1.1482596392050803,2.384850474099749,1.0,0.9999999999999404,1.0000000000000606
paper_noise_tau,ideal,nv_charge_readout_master_v1_4,thin_all_counts,1,tc1us,1.0,5.437,1.0,27.43339830432224,0.9249776330930897,7.504300359171423,12.911749357161563,0.11758756837904422,9.422120008455401,636.7993609310438,0.3333333333333333,0.001,gauss_additive,2.0,mean,-1.0547369550828314,0.68,2.603049228753808,2.3180149939208916,2.3180149939208916,2.6639658978419294,0.9771330897525866,0.9218324963437239,1.0360261104144928,1.1229647934031628,1.0926703497128243,1.1591926317516197,1.1229647934031628,1.0926703497128243,1.1591926317516197,4.974995007273436,0.5232265007197301,0.49187594260590956,0.5590661870148178,2.257925726006056,1.1528498031501795,1.1393066549062574,1.1719797081851446,2.603049228753808,1.0,1.0000000000000089,1.000000000000059
paper_noise_tau,ideal,nv_charge_readout_master_v1_4,thin_all_counts,1,tc1us,1.0,5.437,1.0,27.43339830432224,0.9249776330930897,7.504300359171423,12.911749357161563,0.11758756837904422,9.422120008455401,636.7993609310438,0.3333333333333333,0.001,gauss_additive,2.0,mean,-1.0547369550828314,0.69,2.8585954300474548,2.4721529841530407,2.4721529841530407,2.707929241396873,1.055638894232281,0.9955076336097659,1.1123796502528673,1.156318176250249,1.1216659490516028,1.1912523556311387,1.156318176250249,1.1216659490516028,1.1912523556311387,4.974995007273436,0.5745926228806646,0.5407206172805494,0.6119726435291178,2.451026337149805,1.1662850727959106,1.1432846906619083,1.1919329040153042,2.8585954300474548,1.0,1.0000000000000047,1.000000000000107
paper_noise_tau,ideal,nv_charge_readout_master_v1_4,thin_all_counts,1,tc1us,1.0,5.437,1.0,27.43339830432224,0.9249776330930897,7.504300359171423,12.911749357161563,0.11758756837904422,9.422120008455401,636.7993609310438,0.3333333333333333,0.001,gauss_additive,2.0,mean,-1.0547369550828314,0.7,3.1358040234996523,2.6365404853224006,2.6365404853224006,2.752618110596907,1.1392078005399924,1.0783799083997183,1.1925733559014327,1.1893631222265115,1.1519820949023838,1.22233679997869,1.1893631222265115,1.1519820949023838,1.22233679997869,4.974995007273436,0.6303129990914786,0.592334227839494,0.6669098498565069,2.644126948293556,1.1859506312748753,1.1557821220491897,1.2124547296828476,3.1358040234996523,1.0,1.0000000000000677,1.0000000000001503
paper_noise_tau,ideal,nv_charge_readout_master_v1_4,thin_all_counts,1,tc1us,1.0,5.437,1.0,27.43339830432224,0.9249776330930897,7.504300359171423,12.911749357161563,0.11758756837904422,9.422120008455401,636.7993609310438,0.3333333333333333,0.001,gauss_additive,2.0,mean,-1.0547369550828314,0.71,3.419967877611185,2.811859045659187,2.811859045659187,2.8085050797608613,1.2177182452888382,1.1666086020023017,1.2331209924296673,1.216265759441522,1.1837977529442125,1.246954428001407,1.216265759441522,1.1837977529442125,1.246954428001407,4.974995007273436,0.6874314190489028,0.6458034117003677,0.7269753139691715,2.837227559437307,1.2053907576907401,1.17600653940417,1.2357025972023647,3.419967877611185,1.0,1.0000000000000546,1.0000000000001412
paper_noise_tau,ideal,nv_charge_readout_master_v1_4,thin_all_counts,1,tc1us,1.0,5.437,1.0,27.43339830432224,0.9249776330930897,7.504300359171423,12.911749357161563,0.11758756837904422,9.422120008455401,636.7993609310438,0.3333333333333333,0.001,gauss_additive,2.0,mean,-1.0547369550828314,0.72,3.7062603983709486,2.998835533408685,2.998835533408685,3.0190654500556313,1.2276184334800209,1.2142186558526196,1.2386511692539623,1.235899854153774,1.2104519519276884,1.2519347427224405,1.235899854153774,1.2104519519276884,1.2519347427224405,4.974995007273436,0.7449777121288365,0.7084963811834648,0.7839162006279339,3.030328170581058,1.2230557846347982,1.1979554434581807,1.243486826281734,3.7062603983709486,1.0,0.9999999999999049,1.0000000000000868
paper_noise_tau,ideal,nv_charge_readout_master_v1_4,thin_all_counts,1,tc1us,1.0,5.437,1.0,27.43339830432224,0.9249776330930897,7.504300359171423,12.911749357161563,0.11758756837904422,9.422120008455401,636.7993609310438,0.3333333333333333,0.001,gauss_additive,2.0,mean,-1.0547369550828314,0.73,3.9923393701460896,3.198245150416602,3.198245150416602,3.247231151520862,1.229459556113291,1.106061988706576,1.2490289164875263,1.2482906038725798,0.9972335072630348,1.2557958096136512,1.2482906038725798,0.9972351665934349,1.2557958096136512,4.974995007273436,0.8024810807466731,0.7667767944366097,0.8509625400439728,3.223428781724809,1.2385381035190262,1.221949978277593,1.2580512173491747,3.9923393701460896,1.0,0.9999999999998357,0.9999999999999519
paper_noise_tau,ideal,nv_charge_readout_master_v1_4,thin_all_counts,1,tc1us,1.0,5.437,1.0,27.43339830432224,0.9249776330930897,7.504300359171423,12.911749357161563,0.11758756837904422,9.422120008455401,636.7993609310438,0.3333333333333333,0.001,gauss_additive,2.0,mean,-1.0547369550828314,0.74,4.33034837336433,4.263194051666381,4.262781360017617,3.726830604963046,1.1619386101417049,1.1182101068747785,1.235238499341112,1.0157521147018163,1.0017161983631129,1.0473558479715317,1.0158504524722878,1.001733386168851,1.047439040405211,4.974995007273436,0.8704226571149051,0.8272791483469998,0.9237454425034486,3.4575884940140176,1.2524186671899467,1.2377348493127944,1.2688437440027447,4.33034837336433,1.0,0.9999999999998673,1.000000000000061
paper_noise_tau,ideal,nv_charge_readout_master_v1_4,thin_all_counts,1,tc1us,1.0,5.437,1.0,27.43339830432224,0.9249776330930897,7.504300359171423,12.911749357161563,0.11758756837904422,9.422120008455401,636.7993609310438,0.3333333333333333,0.001,gauss_additive,2.0,mean,-1.0547369550828314,0.75,4.716317875710456,4.528854969023956,4.5278427080225,3.791776842442895,1.2438279127924403,1.1883231721169623,1.2941316290516758,1.0413930028602576,1.0147276987088165,1.0741944595126547,1.0416258204716373,1.0148150750907114,1.0754044124186382,4.974995007273436,0.9480045444900359,0.895182397915853,0.9967156740515829,3.7389355315002453,1.2614065784167283,1.2416757942313925,1.2855479649753556,4.716317875710456,1.0,1.0000000000000155,1.0000000000000642
paper_noise_tau,ideal,nv_charge_readout_master_v1_4,thin_all_counts,1,tc1us,1.0,5.437,1.0,27.43339830432224,0.9249776330930897,7.504300359171423,12.911749357161563,0.11758756837904422,9.422120008455401,636.7993609310438,0.3333333333333333,0.001,gauss_additive,2.0,mean,-1.0547369550828314,0.76,5.163913459384851,4.811070545202114,4.809385670323892,4.162216780286756,1.2406642258140825,1.2286183861959037,1.3107900804469272,1.0733397922286991,1.0380141245450056,1.1217974452121096,1.073715815982186,1.0384984314850618,1.1218520890115182,5.149828635193708,1.002735008325304,0.9776681100789532,1.0248624915298263,4.020282568986473,1.2844653008275215,1.2580432007801146,1.3183735525365758,5.163913459384851,1.0,1.000000000000037,1.0000000000000622
paper_noise_tau,ideal,nv_charge_readout_master_v1_4,thin_all_counts,1,tc1us,1.0,5.437,1.0,27.43339830432224,0.9249776330930897,7.504300359171423,12.911749357161563,0.11758756837904422,9.422120008455401,636.7993609310438,0.3333333333333333,0.001,gauss_additive,2.0,mean,-1.0547369550828314,0.77,5.7211156317214344,5.110872383687702,5.108435079896742,4.459884608609045,1.2827945415174642,1.2496710736225136,1.3370926640943555,1.1194009950202313,1.0766185417588834,1.1789919140669252,1.1199350764455789,1.0768688408893328,1.1800177920866453,5.57996899740359,1.0252952362967467,1.0011380235916332,1.0584396213818061,4.3016296064727015,1.3299879708640696,1.2922374257818994,1.3539567140700906,5.7211156317214344,1.0,0.9999999999999977,1.000000000000082
paper_noise_tau,ideal,nv_charge_readout_master_v1_4,thin_all_counts,1,tc1us,1.0,5.437,1.0,27.43339830432224,0.9249776330930897,7.504300359171423,12.911749357161563,0.11758756837904422,9.422120008455401,636.7993609310438,0.3333333333333333,0.001,gauss_additive,2.0,mean,-1.0547369550828314,0.78,6.391864927941339,5.429356372334022,5.426079494215768,4.69861564231793,1.3603719509153323,1.2979080841869624,1.413100036039577,1.1772785740335452,1.123362348668526,1.2632057331476811,1.1779895474725541,1.12364126040993,1.262950185499632,6.046036910665875,1.057199124382682,1.0202383858029025,1.1181254920596442,4.766279178570883,1.3410597005477698,1.3154655058500861,1.3854528182673038,6.391864927941339,1.0,0.9999999999998845,1.0000000000000608
paper_noise_tau,ideal,nv_charge_readout_master_v1_4,thin_all_counts,1,tc1us,1.0,5.437,1.0,27.43339830432224,0.9249776330930897,7.504300359171423,12.911749357161563,0.11758756837904422,9.422120008455401,636.7993609310438,0.3333333333333333,0.001,gauss_additive,2.0,mean,-1.0547369550828314,0.79,7.4646222652222916,5.767686689240818,5.763475157668829,5.259272441017554,1.419326028255355,1.387401196702246,1.5650196589089904,1.2942142434933193,1.1960128323358552,1.419931330584228,1.2951599618313496,1.1975290657061353,1.4247659223742986,6.551033230138613,1.1394572433063888,1.061856144381159,1.2597961483152358,5.322580017975046,1.4024443484199938,1.3236183161882777,1.5528214268716078,7.4646222652222916,1.0,0.999999999999887,1.0000000000001132
paper_noise_tau,ideal,nv_charge_readout_master_v1_4,thin_all_counts,1,tc1us,1.0,5.437,1.0,27.43339830432224,0.9249776330930897,7.504300359171423,12.911749357161563,0.11758756837904422,9.422120008455401,636.7993609310438,0.3333333333333333,0.001,gauss_additive,2.0,mean,-1.0547369550828314,0.8,9.84747098733805,10.298222231060139,10.289150608478902,5.510133835256354,1.7871564070421362,1.5143699523486784,1.8369529245836882,0.9562301887055232,0.939905099604905,1.5869901343523747,0.9570732669830997,0.9423377141713217,1.592313292414806,7.098209457946202,1.387317610966544,1.1894571100487388,1.4753370435310804,5.878880857379207,1.6750587784029412,1.4406260051452497,1.7636965818407586,10.074234493575144,0.9774907456857678,0.8995883258178535,1.0032880818459302
paper_noise_tau,ideal,nv_charge_readout_master_v1_4,thin_all_counts,1,tc1us,1.0,5.437,1.0,27.43339830432224,0.9249776330930897,7.504300359171423,12.911749357161563,0.11758756837904422,9.422120008455401,636.7993609310438,0.3333333333333333,0.001,gauss_additive,2.0,mean,-1.0547369550828314,0.81,11.164197397431522,10.929232818158237,10.915257635105975,6.3734619947662665,1.7516692508089469,1.2283327441622875,1.8038469249009486,1.0214987257735884,0.9773765367044503,1.0565285705599345,1.0228065860328297,0.9791957924055528,1.0573722744340688,7.691088678512296,1.4515756954698171,1.3840638116438215,1.5054228858769056,6.43518169678337,1.7348690252230103,1.6497448230284444,1.805063253772493,11.154843127987304,1.000838583683956,0.995052619158245,1.0032561934108184
paper_noise_tau,ideal,nv_charge_readout_master_v1_4,thin_all_counts,1,tc1us,1.0,5.437,1.0,27.43339830432224,0.9249776330930897,7.504300359171423,12.911749357161563,0.11758756837904422,9.422120008455401,636.7993609310438,0.3333333333333333,0.001,gauss_additive,2.0,mean,-1.0547369550828314,0.82,12.069157463063892,11.598907783640875,11.579464017424144,9.076651754213573,1.3296926873349673,1.2729430972423978,1.3841818416572864,1.0405425828185528,1.0047825861534827,1.0730272229804791,1.0422898197103843,1.0059155939967417,1.0735856642168313,8.333488242520142,1.448271973491624,1.3897564229099062,1.5024593959119188,6.991482536187526,1.7262658385534972,1.660518981355803,1.7859778816500733,12.067365484826137,1.000148497883818,0.9995389660174323,1.0010488389513976
paper_noise_tau,ideal,nv_charge_readout_master_v1_4,thin_all_counts,1,tc1us,1.0,5.437,1.0,27.43339830432224,0.9249776330930897,7.504300359171423,12.911749357161563,0.11758756837904422,9.422120008455401,636.7993609310438,0.3333333333333333,0.001,gauss_additive,2.0,mean,-1.0547369550828314,0.83,12.87373311049096,12.30961623856013,12.284088146447015,9.097165014625624,1.4151368134791116,1.366331185472296,1.4548848070790505,1.045827332144094,1.0200907776905568,1.0718945004640503,1.0480007109208582,1.0225470330568482,1.072706853700716,9.013569533666761,1.428261363315169,1.386441222232727,1.47359113229841,7.547783375591687,1.7056309740052336,1.6543007320808027,1.7589945912043383,12.87373311049096,1.0,0.9999999999999359,1.0000000000001008
paper_noise_tau,ideal,nv_charge_readout_master_v1_4,thin_all_counts,1,tc1us,1.0,5.437,1.0,27.43339830432224,0.9249776330930897,7.504300359171423,12.911749357161563,0.11758756837904422,9.422120008455401,636.7993609310438,0.3333333333333333,0.001,gauss_additive,2.0,mean,-1.0547369550828314,0.84,13.681537062429932,13.063872458261697,13.03158949003302,9.497378301077633,1.4405593447696547,1.399519207158616,1.4912906939574906,1.0472803608686196,1.021974907205907,1.077360147466311,1.0498747733646776,1.0247952959873405,1.0792533115782008,9.743609408531318,1.4041549172168826,1.366217775265027,1.4460001510170715,8.125091812182422,1.6838624570268128,1.592372211799418,1.7408166026469636,13.681537062429932,1.0,0.9999999999998321,0.9999999999999525
paper_noise_tau,ideal,nv_charge_readout_master_v1_4,thin_all_counts,1,tc1us,1.0,5.437,1.0,27.43339830432224,0.9249776330930897,7.504300359171423,12.911749357161563,0.11758756837904422,9.422120008455401,636.7993609310438,0.3333333333333333,0.001,gauss_additive,2.0,mean,-1.0547369550828314,0.85,14.882352090416415,13.864344777144039,13.824577177578922,9.596998016217142,1.5507299329715403,1.3748009043796976,1.5914977743198762,1.07342628372533,1.0356334533623035,1.108291671788831,1.0765140878632455,1.0383826607691917,1.111896121710294,10.532777713803123,1.4129560591517287,1.3676482085083304,1.4581191504906355,9.286411450559958,1.6025945188460315,1.5382952623935313,1.678313591209155,14.882352090416415,1.0,0.9999999999998791,1.0000000000001301
paper_noise_tau,ideal,nv_charge_readout_master_v1_4,thin_all_counts,1,tc1us,1.0,5.437,1.0,27.43339830432224,0.9249776330930897,7.504300359171423,12.911749357161563,0.11758756837904422,9.422120008455401,636.7993609310438,0.3333333333333333,0.001,gauss_additive,2.0,mean,-1.0547369550828314,0.86,16.974355348897916,14.713865028432638,14.665819107102001,11.107679635729736,1.528163928521761,1.4185692728355608,1.8119530877414225,1.1536299480861876,1.0650038059649864,1.3201006880779775,1.1574092946965364,1.0723094423333404,1.3323393637188266,11.38586346362071,1.4908272352934102,1.3918622977996922,1.7653405854787854,10.447731088937495,1.6246929792125957,1.532164341510961,1.9135056577662968,16.974355348897916,1.0,1.0000000000000555,1.1116098267543173
paper_noise_tau,ideal,nv_charge_readout_master_v1_4,thin_all_counts,1,tc1us,1.0,5.437,1.0,27.43339830432224,0.9249776330930897,7.504300359171423,12.911749357161563,0.11758756837904422,9.422120008455401,636.7993609310438,0.3333333333333333,0.001,gauss_additive,2.0,mean,-1.0547369550828314,0.87,21.76244274863125,17.119950120382036,16.67431498912308,15.200556279505193,1.4316872585757539,1.0258833570804957,1.8375253554062145,1.2711744249022157,0.6381006190409722,1.2999349858500795,1.3051476335206118,0.8800459930660326,1.335398999967775,12.750009388378158,1.7068569979617485,1.6475080159477005,1.7834063213159053,11.609050727315031,1.8746100141871394,1.8147678069045405,1.9470145425606036,21.378065715609292,1.0179799724696939,0.9962864081839864,1.0510151760526194
paper_noise_tau,ideal,nv_charge_readout_master_v1_4,thin_all_counts,1,tc1us,1.0,5.437,1.0,27.43339830432224,0.9249776330930897,7.504300359171423,12.911749357161563,0.11758756837904422,9.422120008455401,636.7993609310438,0.3333333333333333,0.001,gauss_additive,2.0,mean,-1.0547369550828314,0.88,24.035590854590616,34.19963396389538,27.69141418483273,21.756015568157203,1.104779079574197,1.056371163640248,1.1607989246387658,0.7028025761902901,0.6744165186546058,0.7273990328706585,0.8679798978181296,0.823178192578964,0.9095084316655484,14.170155061341392,1.6962122680057201,1.6413404279936952,1.7628898109170614,12.770370365692568,1.8821373355906665,1.8091009947207977,1.9561299612885041,23.82521795520553,1.0088298415477506,0.9938108959266785,1.0271335481803283
paper_noise_tau,ideal,nv_charge_readout_master_v1_4,thin_all_counts,1,tc1us,1.0,5.437,1.0,27.43339830432224,0.9249776330930897,7.504300359171423,12.911749357161563,0.11758756837904422,9.422120008455401,636.7993609310438,0.3333333333333333,0.001,gauss_additive,2.0,mean,-1.0547369550828314,0.89,33.08761710106937,35.83839750176771,33.50465786208129,21.788056371094417,1.5186126076379054,1.160501016092064,1.600659803114331,0.9232448827946992,0.7114432136168534,0.9623548455425696,0.9875527527328103,0.760390662642671,1.0309421217804293,15.748482087039514,2.1010035708964865,1.649698822761424,2.201174792084344,14.610791417550558,2.264601290613481,1.787692427524595,2.3836499790993058,28.138733783951103,1.1758744140768997,0.9813170055031429,1.2437973329679837
paper_noise_tau,ideal,nv_charge_readout_master_v1_4,thin_all_counts,1,tc1us,1.0,5.437,1.0,27.43339830432224,0.9249776330930897,7.504300359171423,12.911749357161563,0.11758756837904422,9.422120008455401,636.7993609310438,0.3333333333333333,0.001,gauss_additive,2.0,mean,-1.0547369550828314,0.9,45.665966057379215,37.62327004430736,34.49361523553974,22.680923545629305,2.0134085794834933,1.5736478729773549,2.094442723860591,1.2137691913435569,0.9578811757614404,1.2647267636876913,1.3238961977615,1.038187028807364,1.370135091437384,18.997234200662092,2.403821818219605,1.8781097626889487,2.5221399550599215,16.694663919524178,2.735363004461174,2.1221149830324935,2.8126909407794045,35.423647486937284,1.2891378866114467,1.022529916842715,1.3271695263932632
paper_noise_tau,ideal,nv_charge_readout_master_v1_4,thin_all_counts,1,tc1us,1.0,5.437,1.0,27.43339830432224,0.9249776330930897,7.504300359171423,12.911749357161563,0.11758756837904422,9.422120008455401,636.7993609310438,0.3333333333333333,0.001,gauss_additive,2.0,mean,-1.0547369550828314,0.91,nan,nan,70.24487552974284,41.43656495803166,nan,nan,nan,nan,nan,nan,nan,nan,nan,24.343739426282493,nan,nan,nan,20.732483680484798,nan,nan,nan,48.977109483208146,nan,nan,nan
paper_noise_tau,ideal,nv_charge_readout_master_v1_4,thin_all_counts,1,tc1us,1.0,5.437,1.0,27.43339830432224,0.9249776330930897,7.504300359171423,12.911749357161563,0.11758756837904422,9.422120008455401,636.7993609310438,0.3333333333333333,0.001,gauss_additive,2.0,mean,-1.0547369550828314,0.92,nan,nan,nan,nan,nan,nan,nan,nan,nan,nan,nan,nan,nan,nan,nan,nan,nan,nan,nan,nan,nan,nan,nan,nan,nan
paper_noise_tau,ideal,nv_charge_readout_master_v1_4,thin_all_counts,1,tc1us,1.0,5.437,1.0,27.43339830432224,0.9249776330930897,7.504300359171423,12.911749357161563,0.11758756837904422,9.422120008455401,636.7993609310438,0.3333333333333333,0.001,gauss_additive,2.0,mean,-1.0547369550828314,0.93,nan,nan,nan,nan,nan,nan,nan,nan,nan,nan,nan,nan,nan,nan,nan,nan,nan,nan,nan,nan,nan,nan,nan,nan,nan
paper_noise_tau,ideal,nv_charge_readout_master_v1_4,thin_all_counts,1,tc1us,1.0,5.437,1.0,27.43339830432224,0.9249776330930897,7.504300359171423,12.911749357161563,0.11758756837904422,9.422120008455401,636.7993609310438,0.3333333333333333,0.001,gauss_additive,2.0,mean,-1.0547369550828314,0.94,nan,nan,nan,nan,nan,nan,nan,nan,nan,nan,nan,nan,nan,nan,nan,nan,nan,nan,nan,nan,nan,nan,nan,nan,nan
paper_noise_tau,ideal,nv_charge_readout_master_v1_4,thin_all_counts,1,tc1us,1.0,5.437,1.0,27.43339830432224,0.9249776330930897,7.504300359171423,12.911749357161563,0.11758756837904422,9.422120008455401,636.7993609310438,0.3333333333333333,0.001,gauss_additive,2.0,mean,-1.0547369550828314,0.95,nan,nan,nan,nan,nan,nan,nan,nan,nan,nan,nan,nan,nan,nan,nan,nan,nan,nan,nan,nan,nan,nan,nan,nan,nan
paper_noise_tau,ideal,nv_charge_readout_master_v1_4,thin_all_counts,1,tc1us,1.0,5.437,1.0,27.43339830432224,0.9249776330930897,7.504300359171423,12.911749357161563,0.11758756837904422,9.422120008455401,636.7993609310438,0.3333333333333333,0.001,gauss_additive,2.0,mean,-1.0547369550828314,0.96,nan,nan,nan,nan,nan,nan,nan,nan,nan,nan,nan,nan,nan,nan,nan,nan,nan,nan,nan,nan,nan,nan,nan,nan,nan
paper_noise_tau,ideal,nv_charge_readout_master_v1_4,thin_all_counts,1,tc1us,1.0,5.437,1.0,27.43339830432224,0.9249776330930897,7.504300359171423,12.911749357161563,0.11758756837904422,9.422120008455401,636.7993609310438,0.3333333333333333,0.001,gauss_additive,2.0,mean,-1.0547369550828314,0.97,nan,nan,nan,nan,nan,nan,nan,nan,nan,nan,nan,nan,nan,nan,nan,nan,nan,nan,nan,nan,nan,nan,nan,nan,nan
paper_noise_tau,ideal,nv_charge_readout_master_v1_4,thin_all_counts,1,tc1us,1.0,5.437,1.0,27.43339830432224,0.9249776330930897,7.504300359171423,12.911749357161563,0.11758756837904422,9.422120008455401,636.7993609310438,0.3333333333333333,0.001,gauss_additive,2.0,mean,-1.0547369550828314,0.98,nan,nan,nan,nan,nan,nan,nan,nan,nan,nan,nan,nan,nan,nan,nan,nan,nan,nan,nan,nan,nan,nan,nan,nan,nan
paper_noise_tau,ideal,nv_charge_readout_master_v1_4,thin_all_counts,1,tc1us,1.0,5.437,1.0,27.43339830432224,0.9249776330930897,7.504300359171423,12.911749357161563,0.11758756837904422,9.422120008455401,636.7993609310438,0.3333333333333333,0.001,gauss_additive,2.0,mean,-1.0547369550828314,0.99,nan,nan,nan,nan,nan,nan,nan,nan,nan,nan,nan,nan,nan,nan,nan,nan,nan,nan,nan,nan,nan,nan,nan,nan,nan
paper_noise_tau,ideal,nv_charge_readout_master_v1_4,thin_all_counts,2,tc3us,3.0,5.437,1.0,27.43339830432224,0.9249776330930897,7.504300359171423,12.911749357161563,0.11758756837904422,9.422120008455401,636.7993609310438,0.3333333333333333,0.003,gauss_additive,2.0,mean,-0.9539798574939153,0.55,0.5779930967102461,1.5833342000862163,1.5833342000862163,0.54373495772101,1.063005216977081,1.0319490133036369,1.0962155011684946,0.36504807177080684,0.3319471163794665,0.40342559269370504,0.36504807177080684,0.3319471163794665,0.40342559269370504,4.9756859788022245,0.11616349970087621,0.10564942654477505,0.12860444047035083,0.5605830810012786,1.031056976742628,1.0098074111214292,1.073829953724289,0.5779930967102461,1.0,1.0000000000000193,1.000000000000066
paper_noise_tau,ideal,nv_charge_readout_master_v1_4,thin_all_counts,2,tc3us,3.0,5.437,1.0,27.43339830432224,0.9249776330930897,7.504300359171423,12.911749357161563,0.11758756837904422,9.422120008455401,636.7993609310438,0.3333333333333333,0.003,gauss_additive,2.0,mean,-0.9539798574939153,0.56,0.7029715196502708,1.5833342000862163,1.5833342000862163,0.6666184177127558,1.0545335996899796,1.0350980918823385,1.081528564457058,0.4439817693649214,0.41359780416164327,0.48519462912061456,0.4439817693649214,0.41359780416164327,0.48519462912061456,4.9756859788022245,0.141281327367748,0.13132684711525908,0.15473250321777,0.6826662501834204,1.0297440652169265,1.0129990743115342,1.0660823097031125,0.7029715196502708,1.0,1.000000000000085,1.0000000000001694
paper_noise_tau,ideal,nv_charge_readout_master_v1_4,thin_all_counts,2,tc3us,3.0,5.437,1.0,27.43339830432224,0.9249776330930897,7.504300359171423,12.911749357161563,0.11758756837904422,9.422120008455401,636.7993609310438,0.3333333333333333,0.003,gauss_additive,2.0,mean,-0.9539798574939153,0.57,0.8476882495582352,1.5833342000862163,1.5833342000862163,0.7896188662287623,1.0735410282264577,1.0498354831004402,1.0982340544920728,0.5353817592723485,0.4927581186552421,0.5777196756252937,0.5353817592723485,0.4927581186552421,0.5777196756252937,4.9756859788022245,0.17036610693874527,0.15652490192202625,0.18428817568763065,0.8047494193655609,1.0533567706411344,1.036858140158515,1.0757272674823648,0.8476882495582352,1.0,1.0000000000000657,1.0000000000001015
paper_noise_tau,ideal,nv_charge_readout_master_v1_4,thin_all_counts,2,tc3us,3.0,5.437,1.0,27.43339830432224,0.9249776330930897,7.504300359171423,12.911749357161563,0.11758756837904422,9.422120008455401,636.7993609310438,0.3333333333333333,0.003,gauss_additive,2.0,mean,-0.9539798574939153,0.58,0.9822855751167581,1.5833342000862163,1.5833342000862163,0.9018900637809005,1.0891411432107632,1.0652287125053075,1.1107628079185072,0.6203905499314486,0.5820710447492619,0.6607200201901028,0.6203905499314486,0.5820710447492619,0.6607200201901028,4.9756859788022245,0.19741711581107846,0.18442407666773208,0.21073674799793235,0.9319611734691002,1.0539983886456685,1.0453613240860349,1.070922331916368,0.9822855751167581,1.0,0.9999999999999598,1.0000000000000986
paper_noise_tau,ideal,nv_charge_readout_master_v1_4,thin_all_counts,2,tc3us,3.0,5.437,1.0,27.43339830432224,0.9249776330930897,7.504300359171423,12.911749357161563,0.11758756837904422,9.422120008455401,636.7993609310438,0.3333333333333333,0.003,gauss_additive,2.0,mean,-0.9539798574939153,0.59,1.1112568602785546,1.5833342000862163,1.5833342000862163,1.0301244333630997,1.0787598316162426,1.0576684503831386,1.0984921190046966,0.7018460538640826,0.6577044122340163,0.7445186522203818,0.7018460538640826,0.6577044122340163,0.7445186522203818,4.9756859788022245,0.22333741819978412,0.20917857873566487,0.23676729157696466,1.0646355522181046,1.0437908615425413,1.0288151242233912,1.0640492356812041,1.1112568602785546,1.0,0.9999999999999611,1.0000000000000793
paper_noise_tau,ideal,nv_charge_readout_master_v1_4,thin_all_counts,2,tc3us,3.0,5.437,1.0,27.43339830432224,0.9249776330930897,7.504300359171423,12.911749357161563,0.11758756837904422,9.422120008455401,636.7993609310438,0.3333333333333333,0.003,gauss_additive,2.0,mean,-0.9539798574939153,0.6,1.259034921147154,1.5833342000862163,1.5833342000862163,1.5833342000862163,0.7951795148987476,0.7944346669094425,1.0856326429749545,0.7951795148987476,0.74455195587888,0.8508516330774272,0.7951795148987476,0.74455195587888,0.8508516330774272,4.9756859788022245,0.2530374558424678,0.23594216091267353,0.2716919099157047,1.2025880130148132,1.0469378602825352,1.0246020237868634,1.078053852019659,1.259034921147154,1.0,0.9999999999999524,1.0000000000000797
paper_noise_tau,ideal,nv_charge_readout_master_v1_4,thin_all_counts,2,tc3us,3.0,5.437,1.0,27.43339830432224,0.9249776330930897,7.504300359171423,12.911749357161563,0.11758756837904422,9.422120008455401,636.7993609310438,0.3333333333333333,0.003,gauss_additive,2.0,mean,-0.9539798574939153,0.61,1.4227885141834307,1.5833342000862163,1.5833342000862163,1.5833342000862163,0.898602780200135,0.8448519426812843,0.953138509072497,0.898602780200135,0.8448519426812843,0.953138509072497,0.898602780200135,0.8448519426812843,0.953138509072497,4.9756859788022245,0.28594821301924933,0.26797072817229056,0.3046891649035862,1.3405404738115219,1.0613543880089313,1.0359911360196956,1.0923540922444621,1.4227885141834307,1.0,0.9999999999998592,0.999999999999965
paper_noise_tau,ideal,nv_charge_readout_master_v1_4,thin_all_counts,2,tc3us,3.0,5.437,1.0,27.43339830432224,0.9249776330930897,7.504300359171423,12.911749357161563,0.11758756837904422,9.422120008455401,636.7993609310438,0.3333333333333333,0.003,gauss_additive,2.0,mean,-0.9539798574939153,0.62,1.5758329446710462,1.5833342000862163,1.5833342000862163,1.5833342000862163,0.9952623675944335,0.9460026914541427,1.0455965875824607,0.9952623675944335,0.9460026914541427,1.0455965875824607,0.9952623675944335,0.9460026914541427,1.0455965875824607,4.9756859788022245,0.3167066714789726,0.29981568300273226,0.33384860362811464,1.4784929346082305,1.0658373183829983,1.0425823180397251,1.0914728813414907,1.5758329446710462,1.0,0.9999999999998602,1.0000000000000473
paper_noise_tau,ideal,nv_charge_readout_master_v1_4,thin_all_counts,2,tc3us,3.0,5.437,1.0,27.43339830432224,0.9249776330930897,7.504300359171423,12.911749357161563,0.11758756837904422,9.422120008455401,636.7993609310438,0.3333333333333333,0.003,gauss_additive,2.0,mean,-0.9539798574939153,0.63,1.7231256213903539,1.5833342000862163,1.7642206108166578,1.5833342000862163,1.0882892703868365,1.0156185695986968,1.1038422843921163,1.0882892703868365,0.9933549153833522,1.101787541724602,0.9767064338924818,0.9740966511669883,1.0781923130320197,4.9756859788022245,0.346309157919398,0.32905675439530446,0.3647637549640312,1.6164453954049391,1.065996801555236,1.0426055225436992,1.0931934429327133,1.7231256213903539,1.0,1.000000000000019,1.0000000000001001
paper_noise_tau,ideal,nv_charge_readout_master_v1_4,thin_all_counts,2,tc3us,3.0,5.437,1.0,27.43339830432224,0.9249776330930897,7.504300359171423,12.911749357161563,0.11758756837904422,9.422120008455401,636.7993609310438,0.3333333333333333,0.003,gauss_additive,2.0,mean,-0.9539798574939153,0.64,1.8849294105590033,1.8464638491962941,1.8759500299303264,1.7860775026982443,1.0553458109804432,1.0223499779198946,1.097897215178899,1.0208320143280638,1.0020101257630594,1.047533520528792,1.0047865777261724,0.9876056126057984,1.0302750532978235,4.9756859788022245,0.3788280487533408,0.3605615254787531,0.40127690089962353,1.7543978562016478,1.0744024816810722,1.0488995482368442,1.1023612469979187,1.8849294105590033,1.0,1.000000000000043,1.000000000000103
paper_noise_tau,ideal,nv_charge_readout_master_v1_4,thin_all_counts,2,tc3us,3.0,5.437,1.0,27.43339830432224,0.9249776330930897,7.504300359171423,12.911749357161563,0.11758756837904422,9.422120008455401,636.7993609310438,0.3333333333333333,0.003,gauss_additive,2.0,mean,-0.9539798574939153,0.65,2.065525633440852,1.9612934446798918,1.994755357248978,1.85859425972874,1.1113375728074795,1.0756159435569952,1.1221300354998094,1.0531446169076306,1.027491140956067,1.081968335270834,1.0354781732680618,1.0107108483151777,1.0639101158075919,4.9756859788022245,0.4151237924259193,0.3942755604300996,0.4395418926996037,1.8923503169983564,1.0915133497677036,1.0662980338664811,1.1195111260728867,2.065525633440852,1.0,0.9999999999998989,1.0000000000000728
paper_noise_tau,ideal,nv_charge_readout_master_v1_4,thin_all_counts,2,tc3us,3.0,5.437,1.0,27.43339830432224,0.9249776330930897,7.504300359171423,12.911749357161563,0.11758756837904422,9.422120008455401,636.7993609310438,0.3333333333333333,0.003,gauss_additive,2.0,mean,-0.9539798574939153,0.66,2.259355640699331,2.083264168869944,2.1210847153648764,2.1265333041951875,1.0624595609399177,0.9382895349459134,1.0987177228136553,1.0845267126755735,1.0565502570829022,1.1113665009825877,1.0651887802183653,1.0382810811332999,1.0912389449923663,4.9756859788022245,0.45407922652771915,0.4304878371333385,0.4797286607799072,2.030302777795065,1.1128170957599834,1.092450387481401,1.1303414010362867,2.259355640699331,1.0,0.9999999999998924,1.0000000000000169
paper_noise_tau,ideal,nv_charge_readout_master_v1_4,thin_all_counts,2,tc3us,3.0,5.437,1.0,27.43339830432224,0.9249776330930897,7.504300359171423,12.911749357161563,0.11758756837904422,9.422120008455401,636.7993609310438,0.3333333333333333,0.003,gauss_additive,2.0,mean,-0.9539798574939153,0.67,2.4629127889569626,2.212820120859437,2.2554146068113305,2.5582848715495317,0.9627203038828108,0.93419360882961,1.0111553097266741,1.1130198816162211,1.0814909620073945,1.1409578892002965,1.0920000169897763,1.0624901088081657,1.1186772705529782,4.9756859788022245,0.4949895952939235,0.4692377079093992,0.521184441994338,2.168255238591774,1.1358961551761595,1.1191894938469948,1.147303832365387,2.4629127889569626,1.0,0.9999999999999865,1.0000000000000624
paper_noise_tau,ideal,nv_charge_readout_master_v1_4,thin_all_counts,2,tc3us,3.0,5.437,1.0,27.43339830432224,0.9249776330930897,7.504300359171423,12.911749357161563,0.11758756837904422,9.422120008455401,636.7993609310438,0.3333333333333333,0.003,gauss_additive,2.0,mean,-0.9539798574939153,0.68,2.685915936122027,2.3504330177850146,2.3982517113857207,2.6204713282270635,1.0249743651800387,0.9846907193365024,1.065919753317338,1.1427323883720637,1.1085314204428778,1.1726538999874156,1.1199474698050325,1.0845608299670968,1.1497148579260428,4.9756859788022245,0.5398081686755876,0.5116876576730233,0.5677916202796086,2.336795812010737,1.1494012109731075,1.134744681663524,1.167762331842172,2.685915936122027,1.0,1.0000000000000036,1.0000000000000475
paper_noise_tau,ideal,nv_charge_readout_master_v1_4,thin_all_counts,2,tc3us,3.0,5.437,1.0,27.43339830432224,0.9249776330930897,7.504300359171423,12.911749357161563,0.11758756837904422,9.422120008455401,636.7993609310438,0.3333333333333333,0.003,gauss_additive,2.0,mean,-0.9539798574939153,0.69,2.907159973722164,2.49660391236333,2.550134797298343,2.6841694052237837,1.0830761903717434,1.046373859749034,1.1138336269307663,1.1644458135011868,1.1358783712606482,1.187543817046979,1.1400024723407012,1.1114712311405497,1.1619420942175047,4.9756859788022245,0.584273200943037,0.5571687269168286,0.6091729676890266,2.5137278145561575,1.1565134287363064,1.136888908058978,1.173260912973143,2.907159973722164,1.0,1.000000000000005,1.000000000000102
paper_noise_tau,ideal,nv_charge_readout_master_v1_4,thin_all_counts,2,tc3us,3.0,5.437,1.0,27.43339830432224,0.9249776330930897,7.504300359171423,12.911749357161563,0.11758756837904422,9.422120008455401,636.7993609310438,0.3333333333333333,0.003,gauss_additive,2.0,mean,-0.9539798574939153,0.7,3.1277274758368874,2.6518650172391354,2.7116367533557573,2.749415846810253,1.1375970933845945,1.1021000872085114,1.1749587024070363,1.1794444496625147,1.1529126822398907,1.2048661202223985,1.1534463353051259,1.1289032329604027,1.1759364268353927,4.9756859788022245,0.6286022649262548,0.6005251605748056,0.6585411198463818,2.6906598171015794,1.1624388397066576,1.1409943599029655,1.1835114970522351,3.1277274758368874,1.0,1.0000000000000846,1.0000000000001505
paper_noise_tau,ideal,nv_charge_readout_master_v1_4,thin_all_counts,2,tc3us,3.0,5.437,1.0,27.43339830432224,0.9249776330930897,7.504300359171423,12.911749357161563,0.11758756837904422,9.422120008455401,636.7993609310438,0.3333333333333333,0.003,gauss_additive,2.0,mean,-0.9539798574939153,0.71,3.38216221753749,2.8167816427875954,2.88336674984382,2.8217378519100045,1.1986096494570324,1.1616396518783225,1.2142166612651482,1.2007186379524868,1.1718959814362166,1.2246144428097179,1.1729906428728456,1.147758397391396,1.1950164711534517,4.9756859788022245,0.6797378757313908,0.6460565902612915,0.7142326977262912,2.867591819647002,1.1794433902220545,1.152716490086822,1.2018176873391537,3.38216221753749,1.0,1.0000000000000822,1.0000000000001383
paper_noise_tau,ideal,nv_charge_readout_master_v1_4,thin_all_counts,2,tc3us,3.0,5.437,1.0,27.43339830432224,0.9249776330930897,7.504300359171423,12.911749357161563,0.11758756837904422,9.422120008455401,636.7993609310438,0.3333333333333333,0.003,gauss_additive,2.0,mean,-0.9539798574939153,0.72,3.6539193085243755,2.991954255426456,3.0659725362610817,2.9934374378611417,1.2206432853112035,1.2052485901631642,1.2291176827991448,1.2212483870357727,1.1945036574558567,1.2387427855399162,1.191765179012428,1.1689343924377669,1.2067106580684814,4.9756859788022245,0.7343548857566706,0.6988833986166352,0.7670075444743707,3.0445238221924242,1.2001611818209106,1.1745683235428368,1.2179161053484429,3.6539193085243755,1.0,0.9999999999999479,1.0000000000000946
paper_noise_tau,ideal,nv_charge_readout_master_v1_4,thin_all_counts,2,tc3us,3.0,5.437,1.0,27.43339830432224,0.9249776330930897,7.504300359171423,12.911749357161563,0.11758756837904422,9.422120008455401,636.7993609310438,0.3333333333333333,0.003,gauss_additive,2.0,mean,-0.9539798574939153,0.73,3.9323319017465854,3.1780206639324193,3.2601428845693583,3.2355986571177096,1.2153336425382033,1.0804149192808534,1.2401180648528276,1.2373525277462472,1.0030710946875063,1.2472802334682247,1.2061839130912873,0.9658324803367,1.2131692337900057,4.9756859788022245,0.7903095007400766,0.7528133988713746,0.8296821645952215,3.2214558247378466,1.220669199170716,1.2029591046869434,1.2393315409738728,3.9323319017465854,1.0,0.9999999999998365,0.9999999999999847
paper_noise_tau,ideal,nv_charge_readout_master_v1_4,thin_all_counts,2,tc3us,3.0,5.437,1.0,27.43339830432224,0.9249776330930897,7.504300359171423,12.911749357161563,0.11758756837904422,9.422120008455401,636.7993609310438,0.3333333333333333,0.003,gauss_additive,2.0,mean,-0.9539798574939153,0.74,4.275340571521058,4.208685186654389,4.304216850730803,3.692861952221877,1.157730948742539,1.0782127655794302,1.2440826911281821,1.0158375791750904,1.001577977542383,1.2477500597881723,0.993291165335956,0.970512308799558,1.0228339172756304,4.9756859788022245,0.8592464616407007,0.8103732967483592,0.9098255433116916,3.4267306358301055,1.2476441908849896,1.2260125029711177,1.268698080074763,4.275340571521058,1.0,0.9999999999998388,1.0000000000000466
paper_noise_tau,ideal,nv_charge_readout_master_v1_4,thin_all_counts,2,tc3us,3.0,5.437,1.0,27.43339830432224,0.9249776330930897,7.504300359171423,12.911749357161563,0.11758756837904422,9.422120008455401,636.7993609310438,0.3333333333333333,0.003,gauss_additive,2.0,mean,-0.9539798574939153,0.75,4.678415424733823,4.479191731402878,4.563993243734928,3.788689242901975,1.2348374661497326,1.1669192206820185,1.284362258495747,1.0444775989235338,1.0147341761688813,1.0742930587517405,1.0250706289182099,0.9931767044140589,1.0560500713838323,4.9756859788022245,0.9402553627108192,0.8846981760654961,0.9912856777700826,3.703208112296125,1.2633412119614942,1.2400157348325442,1.289600827392701,4.678415424733823,1.0,0.9999999999999938,1.0000000000000644
paper_noise_tau,ideal,nv_charge_readout_master_v1_4,thin_all_counts,2,tc3us,3.0,5.437,1.0,27.43339830432224,0.9249776330930897,7.504300359171423,12.911749357161563,0.11758756837904422,9.422120008455401,636.7993609310438,0.3333333333333333,0.003,gauss_additive,2.0,mean,-0.9539798574939153,0.76,5.12479617756413,4.767084653964513,4.839448162404127,4.128831578667972,1.2412219001719302,1.2260211301714183,1.3004586657486281,1.0750377955428436,1.0400286972167196,1.108102448621754,1.0589629241980039,1.021867505338628,1.0933150735076735,5.1488008208781455,0.9953378186204684,0.9640435897848394,1.0106288819405311,3.979685588762144,1.2877389590865056,1.258196847434488,1.314792050239148,5.12479617756413,1.0,1.000000000000037,1.0000000000000575
paper_noise_tau,ideal,nv_charge_readout_master_v1_4,thin_all_counts,2,tc3us,3.0,5.437,1.0,27.43339830432224,0.9249776330930897,7.504300359171423,12.911749357161563,0.11758756837904422,9.422120008455401,636.7993609310438,0.3333333333333333,0.003,gauss_additive,2.0,mean,-0.9539798574939153,0.77,5.6233734705871505,5.073481436113139,5.1315278673442535,4.400350050593249,1.2779377562994143,1.2476327321750496,1.3012084726601196,1.108385541841125,1.065985027622968,1.151324718711622,1.095847789578008,1.0516083282692195,1.1389632628104462,5.6114801499312055,1.0021194623055185,0.9824452845669536,1.0292341195648658,4.256163065228163,1.3212307386737059,1.2901397188819468,1.3501031060921047,5.6233734705871505,1.0,1.0000000000000373,1.0000000000000815
paper_noise_tau,ideal,nv_charge_readout_master_v1_4,thin_all_counts,2,tc3us,3.0,5.437,1.0,27.43339830432224,0.9249776330930897,7.504300359171423,12.911749357161563,0.11758756837904422,9.422120008455401,636.7993609310438,0.3333333333333333,0.003,gauss_additive,2.0,mean,-0.9539798574939153,0.78,6.279334149736944,5.3995713839858,5.441235729705439,4.713380912593322,1.332235663992204,1.2754303236240383,1.404573153165193,1.1629319631481063,1.1010374396214517,1.2270370833464943,1.1540272213269605,1.0907362433374004,1.2178713934898533,6.11573657022946,1.026750265912998,0.9872458480065129,1.0739559946583226,4.659744772848597,1.3475704047838353,1.3139081796514576,1.3780292257173485,6.279334149736944,1.0,0.9999999999998883,1.000000000000081
paper_noise_tau,ideal,nv_charge_readout_master_v1_4,thin_all_counts,2,tc3us,3.0,5.437,1.0,27.43339830432224,0.9249776330930897,7.504300359171423,12.911749357161563,0.11758756837904422,9.422120008455401,636.7993609310438,0.3333333333333333,0.003,gauss_additive,2.0,mean,-0.9539798574939153,0.79,7.166770054614511,5.746620244479427,5.769635678027755,5.147641437837708,1.39224344608294,1.3695044174231013,1.5118502690879332,1.2471278333555051,1.1658994758527579,1.3798656164741256,1.242152963298428,1.1590564121874578,1.375818383062937,6.665306264497888,1.0752349209799439,1.0173449947646063,1.184133314115594,5.288203197126829,1.3552372682101814,1.3084032348585237,1.4755618726875677,7.166770054614511,1.0,0.9999999999998859,1.0000000000000817
paper_noise_tau,ideal,nv_charge_readout_master_v1_4,thin_all_counts,2,tc3us,3.0,5.437,1.0,27.43339830432224,0.9249776330930897,7.504300359171423,12.911749357161563,0.11758756837904422,9.422120008455401,636.7993609310438,0.3333333333333333,0.003,gauss_additive,2.0,mean,-0.9539798574939153,0.8,9.256807398752114,6.115975118359068,6.117855853117557,5.52314666312797,1.6760024607982489,1.4157692397393893,1.9759733177110075,1.5135456275753685,0.9124347028532618,1.5450624903134837,1.5130803374576078,0.9162893393581166,1.5448593995104587,7.2642611547096,1.274294412274908,1.0979761180665244,1.5078063886075466,5.91666162140506,1.564532162066394,1.3524234746003347,1.8439802779848413,10.938910570531522,0.846227541496605,0.815023245980185,1.0016250932650312
paper_noise_tau,ideal,nv_charge_readout_master_v1_4,thin_all_counts,2,tc3us,3.0,5.437,1.0,27.43339830432224,0.9249776330930897,7.504300359171423,12.911749357161563,0.11758756837904422,9.422120008455401,636.7993609310438,0.3333333333333333,0.003,gauss_additive,2.0,mean,-0.9539798574939153,0.81,11.728727586198845,11.090973370812423,11.070133594173042,6.381556695597296,1.8379101127927955,1.3004459028757438,1.9184692139550776,1.0575020959895882,1.0197470257082841,1.106348219951649,1.059492867581333,1.0218476775301364,1.109471539067344,7.917039072142035,1.4814537959613123,1.413269117771104,1.5501494381644543,6.5451200456832925,1.7919805143886247,1.713510775473922,1.871832611146372,11.846293127370412,0.9900757528192565,0.9555719380311425,1.0010765712582224
paper_noise_tau,ideal,nv_charge_readout_master_v1_4,thin_all_counts,2,tc3us,3.0,5.437,1.0,27.43339830432224,0.9249776330930897,7.504300359171423,12.911749357161563,0.11758756837904422,9.422120008455401,636.7993609310438,0.3333333333333333,0.003,gauss_additive,2.0,mean,-0.9539798574939153,0.82,12.79543667799184,11.819316802937202,11.77292880705098,8.970334696533559,1.4264168630114136,1.3661670834298298,1.470884998724021,1.0825868272531678,1.0452650116815136,1.1175407444021623,1.0868524636221757,1.052130911934343,1.1232299119506408,8.626968584626164,1.4831903643180253,1.427366019303278,1.5433198740564118,7.173578469961518,1.7836895116671776,1.715986259431366,1.8556964654902854,12.79543667799184,1.0,0.9997939812890462,1.0000000000001075
paper_noise_tau,ideal,nv_charge_readout_master_v1_4,thin_all_counts,2,tc3us,3.0,5.437,1.0,27.43339830432224,0.9249776330930897,7.504300359171423,12.911749357161563,0.11758756837904422,9.422120008455401,636.7993609310438,0.3333333333333333,0.003,gauss_additive,2.0,mean,-0.9539798574939153,0.83,13.791742390520096,12.595490496427086,12.520341468042117,9.451682663049352,1.4591838175479466,1.4104280444573831,1.534328722016552,1.0949746176564021,1.0600366400947574,1.1331254282624443,1.1015468248787943,1.0674591447825261,1.1421627753854506,9.39191788181165,1.4684692268475992,1.4254500903209426,1.522128246317001,7.802036894239749,1.767710480926148,1.6962698575053692,1.836237718533109,13.791742390520096,1.0,0.9999999999998335,0.9999999999999608
paper_noise_tau,ideal,nv_charge_readout_master_v1_4,thin_all_counts,2,tc3us,3.0,5.437,1.0,27.43339830432224,0.9249776330930897,7.504300359171423,12.911749357161563,0.11758756837904422,9.422120008455401,636.7993609310438,0.3333333333333333,0.003,gauss_additive,2.0,mean,-0.9539798574939153,0.84,15.160594215807315,13.422635461142738,13.315204147203358,9.473297041501198,1.6003503478663088,1.5202428328820723,1.6736240627861894,1.1294796956749518,1.0872290944615182,1.1795806275682141,1.1385926981068142,1.09857613025044,1.190938569690151,10.224694877860834,1.482742947042264,1.43493338061948,1.542303448117322,8.81487877825334,1.7198868636979003,1.6379961210337781,1.8264441498247268,15.160594215807315,1.0,0.9999999999999294,1.0000000000001452
paper_noise_tau,ideal,nv_charge_readout_master_v1_4,thin_all_counts,2,tc3us,3.0,5.437,1.0,27.43339830432224,0.9249776330930897,7.504300359171423,12.911749357161563,0.11758756837904422,9.422120008455401,636.7993609310438,0.3333333333333333,0.003,gauss_additive,2.0,mean,-0.9539798574939153,0.85,17.41399099093553,14.304098976838874,14.160529242292792,10.561138595762287,1.6488743929487857,1.555684051311329,1.8164531469193508,1.2174126464821153,1.141126269489111,1.317177584850825,1.2297556604682351,1.1579427324742724,1.3345075785693508,11.131313823326098,1.564414701384471,1.476957411801783,1.707861803638448,10.013968318014983,1.7389700504252659,1.6494818511043525,1.8769414867464835,17.41399099093553,1.0,0.9911526572504875,1.0324726317220962
paper_noise_tau,ideal,nv_charge_readout_master_v1_4,thin_all_counts,2,tc3us,3.0,5.437,1.0,27.43339830432224,0.9249776330930897,7.504300359171423,12.911749357161563,0.11758756837904422,9.422120008455401,636.7993609310438,0.3333333333333333,0.003,gauss_additive,2.0,mean,-0.9539798574939153,0.86,21.16776708817687,17.039477039165906,16.277701685796412,11.341252270775229,1.866440017626903,1.2797130240741328,1.9670142457201858,1.2422779783394717,0.6153182081224826,1.2956158163408404,1.3004149785253423,0.9005067907534318,1.383672458831806,12.313386515304297,1.7190857333900362,1.6110221810632768,1.8067020686017816,11.21305785777663,1.8877782810597306,1.7679122865864414,1.98724966737779,20.776045434745644,1.0188544857904533,0.9711023782218302,1.0601379607428398
paper_noise_tau,ideal,nv_charge_readout_master_v1_4,thin_all_counts,2,tc3us,3.0,5.437,1.0,27.43339830432224,0.9249776330930897,7.504300359171423,12.911749357161563,0.11758756837904422,9.422120008455401,636.7993609310438,0.3333333333333333,0.003,gauss_additive,2.0,mean,-0.9539798574939153,0.87,23.88149397125716,34.38455499721048,26.42087608743691,21.533475254032044,1.1090403982415917,1.0591914988094864,1.3970978646051362,0.6945413129003588,0.6604191691933257,0.7274719728955462,0.9038872856533617,0.8719441508666728,1.3047142522037045,13.61225984413563,1.7544106742530097,1.6870804550507355,1.8320858518205179,12.412147397538273,1.9240420860610812,1.8478326923262047,2.0109147392568096,23.48120249374989,1.0170473159376663,0.9920105364771535,1.0447183374167142
paper_noise_tau,ideal,nv_charge_readout_master_v1_4,thin_all_counts,2,tc3us,3.0,5.437,1.0,27.43339830432224,0.9249776330930897,7.504300359171423,12.911749357161563,0.11758756837904422,9.422120008455401,636.7993609310438,0.3333333333333333,0.003,gauss_additive,2.0,mean,-0.9539798574939153,0.88,27.923866763231985,36.63709834807977,29.848457109043775,21.6208330361838,1.2915259424324523,1.1717884777150154,1.4927889274330324,0.7621746268750439,0.6909631786180307,0.8822488558615627,0.9355212787454713,0.862837189462835,0.9958677667192225,15.048144377987814,1.8556352239734337,1.704223301571272,2.1018015476545164,14.02718627199348,1.9906962252996139,1.8295700805787305,2.2277557686333402,27.293242805564354,1.0231054976559641,0.970010814712055,1.114941329185984
paper_noise_tau,ideal,nv_charge_readout_master_v1_4,thin_all_counts,2,tc3us,3.0,5.437,1.0,27.43339830432224,0.9249776330930897,7.504300359171423,12.911749357161563,0.11758756837904422,9.422120008455401,636.7993609310438,0.3333333333333333,0.003,gauss_additive,2.0,mean,-0.9539798574939153,0.89,36.12206951731414,37.62118012885867,34.38888846438957,22.470144034642544,1.6075584322745873,1.4934839038942165,1.9981448805577362,0.9601524830850645,0.8734919149543033,1.1544531504847309,1.0503994496570983,0.9657700334350927,1.3016756884351544,17.77565924335031,2.032108571772213,1.8648944440991195,2.4952866026695637,15.930942919941877,2.2674156638963043,2.11501730429898,2.820519514475387,34.42801338035477,1.049205747605699,0.9926724766499799,1.2764266137538685
paper_noise_tau,ideal,nv_charge_readout_master_v1_4,thin_all_counts,2,tc3us,3.0,5.437,1.0,27.43339830432224,0.9249776330930897,7.504300359171423,12.911749357161563,0.11758756837904422,9.422120008455401,636.7993609310438,0.3333333333333333,0.003,gauss_additive,2.0,mean,-0.9539798574939153,0.9,nan,nan,39.13282518211273,40.99339687428417,nan,nan,nan,nan,nan,nan,nan,nan,nan,nan,nan,nan,nan,19.298345221222583,nan,nan,nan,47.3487826707782,nan,nan,nan
paper_noise_tau,ideal,nv_charge_readout_master_v1_4,thin_all_counts,2,tc3us,3.0,5.437,1.0,27.43339830432224,0.9249776330930897,7.504300359171423,12.911749357161563,0.11758756837904422,9.422120008455401,636.7993609310438,0.3333333333333333,0.003,gauss_additive,2.0,mean,-0.9539798574939153,0.91,nan,nan,nan,nan,nan,nan,nan,nan,nan,nan,nan,nan,nan,nan,nan,nan,nan,nan,nan,nan,nan,nan,nan,nan,nan
paper_noise_tau,ideal,nv_charge_readout_master_v1_4,thin_all_counts,2,tc3us,3.0,5.437,1.0,27.43339830432224,0.9249776330930897,7.504300359171423,12.911749357161563,0.11758756837904422,9.422120008455401,636.7993609310438,0.3333333333333333,0.003,gauss_additive,2.0,mean,-0.9539798574939153,0.92,nan,nan,nan,nan,nan,nan,nan,nan,nan,nan,nan,nan,nan,nan,nan,nan,nan,nan,nan,nan,nan,nan,nan,nan,nan
paper_noise_tau,ideal,nv_charge_readout_master_v1_4,thin_all_counts,2,tc3us,3.0,5.437,1.0,27.43339830432224,0.9249776330930897,7.504300359171423,12.911749357161563,0.11758756837904422,9.422120008455401,636.7993609310438,0.3333333333333333,0.003,gauss_additive,2.0,mean,-0.9539798574939153,0.93,nan,nan,nan,nan,nan,nan,nan,nan,nan,nan,nan,nan,nan,nan,nan,nan,nan,nan,nan,nan,nan,nan,nan,nan,nan
paper_noise_tau,ideal,nv_charge_readout_master_v1_4,thin_all_counts,2,tc3us,3.0,5.437,1.0,27.43339830432224,0.9249776330930897,7.504300359171423,12.911749357161563,0.11758756837904422,9.422120008455401,636.7993609310438,0.3333333333333333,0.003,gauss_additive,2.0,mean,-0.9539798574939153,0.94,nan,nan,nan,nan,nan,nan,nan,nan,nan,nan,nan,nan,nan,nan,nan,nan,nan,nan,nan,nan,nan,nan,nan,nan,nan
paper_noise_tau,ideal,nv_charge_readout_master_v1_4,thin_all_counts,2,tc3us,3.0,5.437,1.0,27.43339830432224,0.9249776330930897,7.504300359171423,12.911749357161563,0.11758756837904422,9.422120008455401,636.7993609310438,0.3333333333333333,0.003,gauss_additive,2.0,mean,-0.9539798574939153,0.95,nan,nan,nan,nan,nan,nan,nan,nan,nan,nan,nan,nan,nan,nan,nan,nan,nan,nan,nan,nan,nan,nan,nan,nan,nan
paper_noise_tau,ideal,nv_charge_readout_master_v1_4,thin_all_counts,2,tc3us,3.0,5.437,1.0,27.43339830432224,0.9249776330930897,7.504300359171423,12.911749357161563,0.11758756837904422,9.422120008455401,636.7993609310438,0.3333333333333333,0.003,gauss_additive,2.0,mean,-0.9539798574939153,0.96,nan,nan,nan,nan,nan,nan,nan,nan,nan,nan,nan,nan,nan,nan,nan,nan,nan,nan,nan,nan,nan,nan,nan,nan,nan
paper_noise_tau,ideal,nv_charge_readout_master_v1_4,thin_all_counts,2,tc3us,3.0,5.437,1.0,27.43339830432224,0.9249776330930897,7.504300359171423,12.911749357161563,0.11758756837904422,9.422120008455401,636.7993609310438,0.3333333333333333,0.003,gauss_additive,2.0,mean,-0.9539798574939153,0.97,nan,nan,nan,nan,nan,nan,nan,nan,nan,nan,nan,nan,nan,nan,nan,nan,nan,nan,nan,nan,nan,nan,nan,nan,nan
paper_noise_tau,ideal,nv_charge_readout_master_v1_4,thin_all_counts,2,tc3us,3.0,5.437,1.0,27.43339830432224,0.9249776330930897,7.504300359171423,12.911749357161563,0.11758756837904422,9.422120008455401,636.7993609310438,0.3333333333333333,0.003,gauss_additive,2.0,mean,-0.9539798574939153,0.98,nan,nan,nan,nan,nan,nan,nan,nan,nan,nan,nan,nan,nan,nan,nan,nan,nan,nan,nan,nan,nan,nan,nan,nan,nan
paper_noise_tau,ideal,nv_charge_readout_master_v1_4,thin_all_counts,2,tc3us,3.0,5.437,1.0,27.43339830432224,0.9249776330930897,7.504300359171423,12.911749357161563,0.11758756837904422,9.422120008455401,636.7993609310438,0.3333333333333333,0.003,gauss_additive,2.0,mean,-0.9539798574939153,0.99,nan,nan,nan,nan,nan,nan,nan,nan,nan,nan,nan,nan,nan,nan,nan,nan,nan,nan,nan,nan,nan,nan,nan,nan,nan
paper_noise_tau,ideal,nv_charge_readout_master_v1_4,thin_all_counts,3,tc10us,10.0,5.437,1.0,27.43339830432224,0.9249776330930897,7.504300359171423,12.911749357161563,0.11758756837904422,9.422120008455401,636.7993609310438,0.3333333333333333,0.01,gauss_additive,2.0,mean,-0.6751639944185293,0.55,0.5356894963821247,1.5715524242350067,1.5715524242350067,0.5085485920206108,1.053369343239503,1.0374841141126319,1.074879224753475,0.3408664503463098,0.31514527858282415,0.37250396647795175,0.3408664503463098,0.31514527858282415,0.37250396647795175,4.977413407624194,0.10762407148290674,0.09920253829429741,0.11767514154869206,0.522710654841227,1.0248298775253395,1.0086943536807271,1.042082129047888,0.5356894963821247,1.0,0.9999999999999901,1.0000000000000546
paper_noise_tau,ideal,nv_charge_readout_master_v1_4,thin_all_counts,3,tc10us,10.0,5.437,1.0,27.43339830432224,0.9249776330930897,7.504300359171423,12.911749357161563,0.11758756837904422,9.422120008455401,636.7993609310438,0.3333333333333333,0.01,gauss_additive,2.0,mean,-0.6751639944185293,0.56,0.661266546924934,1.5715524242350067,1.5715524242350067,0.6197019148315097,1.0670719762173484,1.0411960543065635,1.0906971391334204,0.4207728210192049,0.3879473554320112,0.4538128423097297,0.4207728210192049,0.3879473554320112,0.4538128423097297,4.977413407624194,0.1328534507324695,0.12195697328260625,0.14383349683237534,0.6409573517956357,1.0316857199194334,1.008037715741195,1.0612642062333455,0.661266546924934,1.0,1.0000000000000566,1.0000000000001603
paper_noise_tau,ideal,nv_charge_readout_master_v1_4,thin_all_counts,3,tc10us,10.0,5.437,1.0,27.43339830432224,0.9249776330930897,7.504300359171423,12.911749357161563,0.11758756837904422,9.422120008455401,636.7993609310438,0.3333333333333333,0.01,gauss_additive,2.0,mean,-0.6751639944185293,0.57,0.7825258461596303,1.5715524242350067,1.5715524242350067,0.7485663012249332,1.045366115037675,1.0330145319967463,1.0676406836265966,0.49793174830966563,0.46583101568506835,0.5355506423787685,0.49793174830966563,0.46583101568506835,0.5355506423787685,4.977413407624194,0.15721536108714415,0.14681604622766722,0.16943191148667738,0.7592040487500432,1.0307187474144588,1.0159830632137838,1.0604422514298257,0.7825258461596303,1.0,1.0000000000000657,1.0000000000001543
paper_noise_tau,ideal,nv_charge_readout_master_v1_4,thin_all_counts,3,tc10us,10.0,5.437,1.0,27.43339830432224,0.9249776330930897,7.504300359171423,12.911749357161563,0.11758756837904422,9.422120008455401,636.7993609310438,0.3333333333333333,0.01,gauss_additive,2.0,mean,-0.6751639944185293,0.58,0.9253172793197159,1.5715524242350067,1.5715524242350067,0.8536076800654816,1.0840076781510837,1.057441597434363,1.11184784324239,0.5887918627787029,0.5460483555152846,0.6321077222575607,0.5887918627787029,0.5460483555152846,0.6321077222575607,4.977413407624194,0.1859032400046083,0.17253914428740558,0.20055710331865007,0.8798954529769607,1.0516218446056051,1.035177509294841,1.071493143158092,0.9253172793197159,1.0,1.0000000000000042,1.0000000000001013
paper_noise_tau,ideal,nv_charge_readout_master_v1_4,thin_all_counts,3,tc10us,10.0,5.437,1.0,27.43339830432224,0.9249776330930897,7.504300359171423,12.911749357161563,0.11758756837904422,9.422120008455401,636.7993609310438,0.3333333333333333,0.01,gauss_additive,2.0,mean,-0.6751639944185293,0.59,1.0709233423495956,1.5715524242350067,1.5715524242350067,0.9733888237747776,1.1002009846348775,1.0735924391632936,1.121214942568662,0.6814429641893078,0.6354869847128518,0.721641412003195,0.6814429641893078,0.6354869847128518,0.721641412003195,4.977413407624194,0.21515659935122125,0.20066461898322105,0.22861425062623253,1.0037334918301817,1.0669399308345302,1.050595326816616,1.077223826384068,1.0709233423495956,1.0,0.9999999999999574,1.0000000000000502
paper_noise_tau,ideal,nv_charge_readout_master_v1_4,thin_all_counts,3,tc10us,10.0,5.437,1.0,27.43339830432224,0.9249776330930897,7.504300359171423,12.911749357161563,0.11758756837904422,9.422120008455401,636.7993609310438,0.3333333333333333,0.01,gauss_additive,2.0,mean,-0.6751639944185293,0.6,1.2074210577163889,1.5715524242350067,1.5715524242350067,1.1099780664777548,1.087788213282309,0.8101970003825479,1.1047476119868365,0.768298301155389,0.722717140542118,0.8208860574337612,0.768298301155389,0.722717140542118,0.8208860574337612,4.977413407624194,0.24258002276180468,0.22771941418684996,0.26039364052257796,1.1420194403047599,1.0572683923788337,1.0360788235619771,1.0880633751232167,1.2074210577163889,1.0,0.9999999999999903,1.0000000000000846
paper_noise_tau,ideal,nv_charge_readout_master_v1_4,thin_all_counts,3,tc10us,10.0,5.437,1.0,27.43339830432224,0.9249776330930897,7.504300359171423,12.911749357161563,0.11758756837904422,9.422120008455401,636.7993609310438,0.3333333333333333,0.01,gauss_additive,2.0,mean,-0.6751639944185293,0.61,1.3715978150243058,1.5715524242350067,1.5715524242350067,1.5715524242350067,0.8727661857618055,0.8219128898220808,0.9332581649281587,0.8727661857618055,0.8211080598747575,0.9285722746236602,0.8727661857618055,0.8211080598747575,0.9285722746236602,4.977413407624194,0.2755643750473588,0.2586599076727358,0.2937007628036224,1.2803053887793379,1.0713051956549269,1.041804004958629,1.1003062589441204,1.3715978150243058,1.0,0.9999999999998821,0.9999999999999987
paper_noise_tau,ideal,nv_charge_readout_master_v1_4,thin_all_counts,3,tc10us,10.0,5.437,1.0,27.43339830432224,0.9249776330930897,7.504300359171423,12.911749357161563,0.11758756837904422,9.422120008455401,636.7993609310438,0.3333333333333333,0.01,gauss_additive,2.0,mean,-0.6751639944185293,0.62,1.535408448823985,1.5715524242350067,1.5715524242350067,1.5715524242350067,0.9770011010427375,0.924110855385144,1.040372491233185,0.9770011010427375,0.924110855385144,1.040372491233185,0.9770011010427375,0.924110855385144,1.040372491233185,4.977413407624194,0.30847517035095184,0.2908990861016756,0.32773448602845606,1.418591337253916,1.0823472613305263,1.05111244692612,1.1189592469791776,1.535408448823985,1.0,0.9999999999998564,1.0000000000000113
paper_noise_tau,ideal,nv_charge_readout_master_v1_4,thin_all_counts,3,tc10us,10.0,5.437,1.0,27.43339830432224,0.9249776330930897,7.504300359171423,12.911749357161563,0.11758756837904422,9.422120008455401,636.7993609310438,0.3333333333333333,0.01,gauss_additive,2.0,mean,-0.6751639944185293,0.63,1.7127684906267477,1.5715524242350067,1.5715524242350067,1.5715524242350067,1.0898576873504437,1.0239685887174281,1.114462805170337,1.0898576873504437,0.9976068115862348,1.113658674400702,1.0898576873504437,0.9959768305718015,1.1104307719173139,4.977413407624194,0.34410814420260943,0.32445497094869696,0.3605021908063548,1.556877285728494,1.100130695159644,1.0699349802068432,1.1243095158419945,1.7127684906267477,1.0,0.9999999999999918,1.0000000000000995
paper_noise_tau,ideal,nv_charge_readout_master_v1_4,thin_all_counts,3,tc10us,10.0,5.437,1.0,27.43339830432224,0.9249776330930897,7.504300359171423,12.911749357161563,0.11758756837904422,9.422120008455401,636.7993609310438,0.3333333333333333,0.01,gauss_additive,2.0,mean,-0.6751639944185293,0.64,1.8610693690307243,1.8307142040532884,1.8342570838756354,1.7730506837881659,1.0496425094033435,1.0253605060825515,1.1179203157793651,1.0165810506687654,1.0024458605804802,1.0412475107478,1.0146175175719845,1.000213896439701,1.0393107048050612,4.977413407624194,0.3739029123399748,0.35634411743368827,0.3949396639884545,1.6951632342030722,1.0978703003228167,1.0755869455883973,1.1242749845002935,1.8610693690307243,1.0,1.0000000000000697,1.0000000000001028
paper_noise_tau,ideal,nv_charge_readout_master_v1_4,thin_all_counts,3,tc10us,10.0,5.437,1.0,27.43339830432224,0.9249776330930897,7.504300359171423,12.911749357161563,0.11758756837904422,9.422120008455401,636.7993609310438,0.3333333333333333,0.01,gauss_additive,2.0,mean,-0.6751639944185293,0.65,2.0425454405084325,1.944056590510579,1.9474230278438287,1.8180401751019262,1.1234875161072388,1.0758819293491513,1.1332607774030479,1.0506615139078779,1.0203882525825512,1.08597374957035,1.0488452746550514,1.0184157937288962,1.084115273223869,4.977413407624194,0.410362827684706,0.3866510260715686,0.4364202558397747,1.8334491826776502,1.1140452976860853,1.086027161959529,1.143940533084254,2.0425454405084325,1.0,0.9999999999999051,1.0000000000001026
paper_noise_tau,ideal,nv_charge_readout_master_v1_4,thin_all_counts,3,tc10us,10.0,5.437,1.0,27.43339830432224,0.9249776330930897,7.504300359171423,12.911749357161563,0.11758756837904422,9.422120008455401,636.7993609310438,0.3333333333333333,0.01,gauss_additive,2.0,mean,-0.6751639944185293,0.66,2.242360951589059,2.0644161818048623,2.067570834380138,2.0415631580099824,1.0983549261218077,1.0693204501268676,1.1255522661395767,1.0861961707879195,1.0581298228265272,1.1139488706016116,1.0845388773639397,1.0574610689799164,1.1122760748989131,4.977413407624194,0.4505072751550642,0.42696296569516773,0.47221303059741687,1.9717351311522284,1.1372526239255492,1.1155423493822887,1.1530954187192677,2.242360951589059,1.0,0.9999999999998938,0.9999999999999957
paper_noise_tau,ideal,nv_charge_readout_master_v1_4,thin_all_counts,3,tc10us,10.0,5.437,1.0,27.43339830432224,0.9249776330930897,7.504300359171423,12.911749357161563,0.11758756837904422,9.422120008455401,636.7993609310438,0.3333333333333333,0.01,gauss_additive,2.0,mean,-0.6751639944185293,0.67,2.4292366158584433,2.1922274240887507,2.195131255027038,2.5474531619049565,0.9535942219412143,0.934836606030162,1.0854105435107813,1.1081134143133944,1.082264587344233,1.138622247610692,1.1066475456969982,1.0805801316621801,1.1370621448372846,4.977413407624194,0.4880520095311834,0.4659083741627823,0.5119407168521509,2.1100210796268066,1.1512854726020536,1.136997424786839,1.163135987213789,2.4292366158584433,1.0,0.9999999999999768,1.0000000000000626
paper_noise_tau,ideal,nv_charge_readout_master_v1_4,thin_all_counts,3,tc10us,10.0,5.437,1.0,27.43339830432224,0.9249776330930897,7.504300359171423,12.911749357161563,0.11758756837904422,9.422120008455401,636.7993609310438,0.3333333333333333,0.01,gauss_additive,2.0,mean,-0.6751639944185293,0.68,2.6272243024089095,2.327951660757264,2.33056161688468,2.6030162194245965,1.0093000123486224,0.9712253021590069,1.0457604255385349,1.1285562096054411,1.1022907157781052,1.1566570435843482,1.127292358792378,1.100432105912183,1.1552444308737098,4.977413407624194,0.5278292332287764,0.5037613272618626,0.5536927157218184,2.2681377361587343,1.1583177954872863,1.1466725868762255,1.1708039648019612,2.6272243024089095,1.0,1.0000000000000087,1.0000000000000553
paper_noise_tau,ideal,nv_charge_readout_master_v1_4,thin_all_counts,3,tc10us,10.0,5.437,1.0,27.43339830432224,0.9249776330930897,7.504300359171423,12.911749357161563,0.11758756837904422,9.422120008455401,636.7993609310438,0.3333333333333333,0.01,gauss_additive,2.0,mean,-0.6751639944185293,0.69,2.837340366070001,2.472078797698273,2.474347462210968,2.6597911749320375,1.0667530567103638,1.0309398691611906,1.1023984495210544,1.1477548242846545,1.123109213029513,1.1726170207799953,1.1467024778867065,1.1219728066031425,1.1712896550275074,4.977413407624194,0.5700431396202457,0.5430341180968353,0.5977453712308504,2.4472182840655727,1.1594145011683703,1.144869759053213,1.1786058950613605,2.837340366070001,1.0,1.0000000000000036,1.0000000000000795
paper_noise_tau,ideal,nv_charge_readout_master_v1_4,thin_all_counts,3,tc10us,10.0,5.437,1.0,27.43339830432224,0.9249776330930897,7.504300359171423,12.911749357161563,0.11758756837904422,9.422120008455401,636.7993609310438,0.3333333333333333,0.01,gauss_additive,2.0,mean,-0.6751639944185293,0.7,3.053533232542472,2.625129071641216,2.627004289178083,2.7178044613990857,1.1235294061481371,1.0864144529716995,1.163847606985883,1.1631935608535318,1.1397259202648302,1.1932131067394178,1.162363245892468,1.138601090781099,1.192147180699584,4.977413407624194,0.6134779216581041,0.5841076129061124,0.6452036539948732,2.6262988319724134,1.1626754714158691,1.143851623298855,1.1870970333938775,3.053533232542472,1.0,1.0000000000000513,1.0000000000001499
paper_noise_tau,ideal,nv_charge_readout_master_v1_4,thin_all_counts,3,tc10us,10.0,5.437,1.0,27.43339830432224,0.9249776330930897,7.504300359171423,12.911749357161563,0.11758756837904422,9.422120008455401,636.7993609310438,0.3333333333333333,0.01,gauss_additive,2.0,mean,-0.6751639944185293,0.71,3.3033460224663576,2.7876549279870417,2.789079400026333,2.7770830883328697,1.1895020485142966,1.1416998218443908,1.2158519717356624,1.1849910077829091,1.1549536947643197,1.2140010271444077,1.1843857949813723,1.1538999283759637,1.213114354468843,4.977413407624194,0.6636672005998999,0.627862216637196,0.6994812534737677,2.8053793798792537,1.1775042071523805,1.1509574624239791,1.2032840605994513,3.3033460224663576,1.0,1.000000000000094,1.0000000000001485
paper_noise_tau,ideal,nv_charge_readout_master_v1_4,thin_all_counts,3,tc10us,10.0,5.437,1.0,27.43339830432224,0.9249776330930897,7.504300359171423,12.911749357161563,0.11758756837904422,9.422120008455401,636.7993609310438,0.3333333333333333,0.01,gauss_additive,2.0,mean,-0.6751639944185293,0.72,3.589763986608721,2.9602430148975643,2.961153863241339,2.9323804194401926,1.224180860985979,1.2057465204599749,1.2360551114328115,1.2126585447691498,1.1849225182730536,1.2354886571131214,1.2122855320592132,1.1844217756555087,1.235238680730125,4.977413407624194,0.7212107359035258,0.6833698040400211,0.7588652438238253,2.9844599277860944,1.2028186249669794,1.1765332534354398,1.2287986798776227,3.589763986608721,1.0,0.9999999999999678,1.0000000000001075
paper_noise_tau,ideal,nv_charge_readout_master_v1_4,thin_all_counts,3,tc10us,10.0,5.437,1.0,27.43339830432224,0.9249776330930897,7.504300359171423,12.911749357161563,0.11758756837904422,9.422120008455401,636.7993609310438,0.3333333333333333,0.01,gauss_additive,2.0,mean,-0.6751639944185293,0.73,3.9083420512671037,3.1435163008420086,3.143844596789291,3.209799883167821,1.2176279498801266,1.1394855491726197,1.2484359737521529,1.2433026194965913,1.0037652866653082,1.2592181841458248,1.2431727876303331,1.0037628655381,1.259122981731758,4.977413407624194,0.7852154786420731,0.7407617077874196,0.8274526401957358,3.163540475692935,1.2354329212149653,1.207851401685822,1.2601207855390184,3.9083420512671037,1.0,0.9999999999998401,1.0000000000000164
paper_noise_tau,ideal,nv_charge_readout_master_v1_4,thin_all_counts,3,tc10us,10.0,5.437,1.0,27.43339830432224,0.9249776330930897,7.504300359171423,12.911749357161563,0.11758756837904422,9.422120008455401,636.7993609310438,0.3333333333333333,0.01,gauss_additive,2.0,mean,-0.6751639944185293,0.74,4.240580095298312,4.185602761773992,4.1865051815330485,3.642446325351017,1.1642121026696677,1.1367115665740273,1.2514103356659076,1.0131348665063045,1.00273000754132,1.2598688629859052,1.0129164807925692,1.0026727254708976,1.2598603436873144,4.977413407624194,0.851964614553167,0.8068353972271248,0.8971015946083704,3.357485472840172,1.263022619040883,1.2413530313135668,1.2762327240289697,4.240580095298312,1.0,0.9999999999998439,1.0000000000000202
paper_noise_tau,ideal,nv_charge_readout_master_v1_4,thin_all_counts,3,tc10us,10.0,5.437,1.0,27.43339830432224,0.9249776330930897,7.504300359171423,12.911749357161563,0.11758756837904422,9.422120008455401,636.7993609310438,0.3333333333333333,0.01,gauss_additive,2.0,mean,-0.6751639944185293,0.75,4.596749361103496,4.432035134964407,4.434957038144918,3.7457753570929886,1.2271823382037863,1.1831751894214548,1.281091057437006,1.0371644675917968,1.0153204452136848,1.0780338875826667,1.036481147746643,1.014521081206563,1.0766816376479906,4.977413407624194,0.9235217139212081,0.8722274058769914,0.9887348909629329,3.662476649606846,1.2550931516783708,1.2381701039022355,1.287264460378358,4.596749361103496,1.0,0.9999999999999682,1.0000000000000648
paper_noise_tau,ideal,nv_charge_readout_master_v1_4,thin_all_counts,3,tc10us,10.0,5.437,1.0,27.43339830432224,0.9249776330930897,7.504300359171423,12.911749357161563,0.11758756837904422,9.422120008455401,636.7993609310438,0.3333333333333333,0.01,gauss_additive,2.0,mean,-0.6751639944185293,0.76,5.112866347212007,4.69297650913095,4.698153490159698,4.11423788019957,1.242725018846989,1.231262036650411,1.3200723191531056,1.089471966728172,1.046735375892801,1.1315865387878705,1.0882714576952257,1.0464307199696181,1.1305110440494375,5.093958219181165,1.00371187340321,0.9507278051177771,1.0195197700061733,3.96746782637352,1.2886976204884422,1.2556124107068027,1.3201968905281407,5.112866347212007,1.0,1.000000000000037,1.0000000000000602
paper_noise_tau,ideal,nv_charge_readout_master_v1_4,thin_all_counts,3,tc10us,10.0,5.437,1.0,27.43339830432224,0.9249776330930897,7.504300359171423,12.911749357161563,0.11758756837904422,9.422120008455401,636.7993609310438,0.3333333333333333,0.01,gauss_additive,2.0,mean,-0.6751639944185293,0.77,5.656622824759595,4.969281119074834,4.9769695686460205,4.49137003825177,1.2594426147442064,1.2387379992191456,1.304570428613259,1.1383181368118551,1.0904039953519085,1.193395184486859,1.1365596567829677,1.0901978390326128,1.1911800329458873,5.599674342791737,1.010169963194586,0.9894976093931435,1.0377494511584782,4.2724590031401934,1.323973576013734,1.292411425815001,1.3470731614627842,5.656622824759595,1.0,1.0000000000000289,1.000000000000082
paper_noise_tau,ideal,nv_charge_readout_master_v1_4,thin_all_counts,3,tc10us,10.0,5.437,1.0,27.43339830432224,0.9249776330930897,7.504300359171423,12.911749357161563,0.11758756837904422,9.422120008455401,636.7993609310438,0.3333333333333333,0.01,gauss_additive,2.0,mean,-0.6751639944185293,0.78,6.368305522146582,5.261853493693804,5.2723322341660195,4.716860728320143,1.3501152331912463,1.2688353094180302,1.4011032976702122,1.2102779999060849,1.138887117207323,1.2772842490414635,1.207872576936329,1.1345622282952068,1.2741396725014913,6.155596767018729,1.0345553425896141,0.9943098184098113,1.0792411143868,4.825824341957185,1.3196306104179127,1.2783596663177774,1.3548395203111578,6.368305522146582,1.0,0.9999999999998864,1.000000000000078
paper_noise_tau,ideal,nv_charge_readout_master_v1_4,thin_all_counts,3,tc10us,10.0,5.437,1.0,27.43339830432224,0.9249776330930897,7.504300359171423,12.911749357161563,0.11758756837904422,9.422120008455401,636.7993609310438,0.3333333333333333,0.01,gauss_additive,2.0,mean,-0.6751639944185293,0.79,7.214527965620572,5.571651417107268,5.5852234585770875,5.1477546945497075,1.4014902406400802,1.2998783339050348,1.426984439836884,1.2948634840056568,1.2181825433656184,1.3621865533820459,1.291716977687151,1.2154911880954242,1.3575498938884343,6.766709854637824,1.0661795940128598,1.0171506431133668,1.112219050295092,5.5515905697267485,1.2995425139890449,1.2511538614480207,1.3474911588416711,7.214527965620572,1.0,0.9999999999998929,1.0000000000000289
paper_noise_tau,ideal,nv_charge_readout_master_v1_4,thin_all_counts,3,tc10us,10.0,5.437,1.0,27.43339830432224,0.9249776330930897,7.504300359171423,12.911749357161563,0.11758756837904422,9.422120008455401,636.7993609310438,0.3333333333333333,0.01,gauss_additive,2.0,mean,-0.6751639944185293,0.8,8.208884147203017,5.899689064121231,5.916683489725909,6.08048614892022,1.3500374717012982,1.2945013082890782,1.5065667125075612,1.3914096248097347,1.2938345163301221,1.5213091028978036,1.3874130940851284,1.2877341868077359,1.5120843632331131,7.438492804171904,1.1035682043812742,1.0420427053760353,1.2069805393334798,6.277356797496313,1.307697556792866,1.2509109046969016,1.4194362794601765,8.208884147203017,1.0,0.6933945260233857,1.0000000000001301
paper_noise_tau,ideal,nv_charge_readout_master_v1_4,thin_all_counts,3,tc10us,10.0,5.437,1.0,27.43339830432224,0.9249776330930897,7.504300359171423,12.911749357161563,0.11758756837904422,9.422120008455401,636.7993609310438,0.3333333333333333,0.01,gauss_additive,2.0,mean,-0.6751639944185293,0.81,10.418664690378513,11.000604831320473,11.04509123125883,6.364320240636161,1.6370428099854841,1.130908557838145,1.9435021679737554,0.9470992595529762,0.8997750190998302,1.5468251545348475,0.9432846204920915,0.8778115508155373,1.5312591693590616,8.176968776013625,1.2741475448629196,1.1015633312987143,1.6343614621244944,7.003123025265876,1.487716930402342,1.294708580899455,1.908021929161801,13.19901603631878,0.7893516199775973,0.7011708078158139,0.9999999999998727
paper_noise_tau,ideal,nv_charge_readout_master_v1_4,thin_all_counts,3,tc10us,10.0,5.437,1.0,27.43339830432224,0.9249776330930897,7.504300359171423,12.911749357161563,0.11758756837904422,9.422120008455401,636.7993609310438,0.3333333333333333,0.01,gauss_additive,2.0,mean,-0.6751639944185293,0.82,14.430342445850536,11.904450948315755,11.939468552378028,9.162455420613808,1.57494271823522,1.4680418814028295,1.6355339068108752,1.212180428018156,1.1524610176285912,1.254305822395065,1.2086251898520552,1.1476216230450078,1.2533096262965133,9.172628347775973,1.5731960239454559,1.489984685185146,1.6453684770776185,7.728889253035431,1.867065495883925,1.7231501074073243,1.9472138991460948,14.430342445850536,1.0,0.9763475532913386,1.0000000000000397
paper_noise_tau,ideal,nv_charge_readout_master_v1_4,thin_all_counts,3,tc10us,10.0,5.437,1.0,27.43339830432224,0.9249776330930897,7.504300359171423,12.911749357161563,0.11758756837904422,9.422120008455401,636.7993609310438,0.3333333333333333,0.01,gauss_additive,2.0,mean,-0.6751639944185293,0.83,15.655927843278157,12.88256005500426,12.906268162800613,9.456359490362942,1.655597786783936,1.587066457309072,1.744031140090732,1.215280796397031,1.1752726171853396,1.2677981039310742,1.2130483921295556,1.1740592005140995,1.2656307083193292,10.407964785900493,1.504225673830776,1.440738840334191,1.5814641348521148,9.07389612171064,1.7253809866545675,1.6409705907944838,1.8658453500183438,15.655927843278157,1.0,0.9992876229325948,1.0000000000001465
paper_noise_tau,ideal,nv_charge_readout_master_v1_4,thin_all_counts,3,tc10us,10.0,5.437,1.0,27.43339830432224,0.9249776330930897,7.504300359171423,12.911749357161563,0.11758756837904422,9.422120008455401,636.7993609310438,0.3333333333333333,0.01,gauss_additive,2.0,mean,-0.6751639944185293,0.84,17.521239468712448,13.941033844511031,13.951354464344558,10.560881079654628,1.6590698575772094,1.595198514060816,1.899598061214452,1.256810625677596,1.2050593966278398,1.407264946068388,1.2558808905251053,1.2051356217396454,1.406531617667245,11.768566531038084,1.4888167919603825,1.4268006225659593,1.6513443775821106,10.432078323171083,1.6795540568167862,1.6105001559276158,1.8614354961619064,17.521239468712448,1.0,0.8969773747707004,1.0130357307149231
paper_noise_tau,ideal,nv_charge_readout_master_v1_4,thin_all_counts,3,tc10us,10.0,5.437,1.0,27.43339830432224,0.9249776330930897,7.504300359171423,12.911749357161563,0.11758756837904422,9.422120008455401,636.7993609310438,0.3333333333333333,0.01,gauss_additive,2.0,mean,-0.6751639944185293,0.85,23.492004021750837,31.5744802592592,17.197531828071128,20.430514138470173,1.1498488908566404,1.1466092191605732,2.1391476574439445,0.7440187084270949,0.7215007151298916,1.5484740980250884,1.3660102075464917,0.8967543450968151,1.5512025257071371,13.261985297680013,1.7713791332479016,1.5547290722003335,1.841741360333021,11.790260524631528,1.9924923603403595,1.7483713107261238,2.0746836488562455,22.313338879910606,1.0528233424940907,0.9295830414130889,1.09794952024109
paper_noise_tau,ideal,nv_charge_readout_master_v1_4,thin_all_counts,3,tc10us,10.0,5.437,1.0,27.43339830432224,0.9249776330930897,7.504300359171423,12.911749357161563,0.11758756837904422,9.422120008455401,636.7993609310438,0.3333333333333333,0.01,gauss_additive,2.0,mean,-0.6751639944185293,0.86,25.597851485788876,36.728854510937474,29.891589731410413,20.663460037146248,1.2387979283126922,1.1946160892966289,1.3912186289095152,0.6969411877020586,0.6728784735819493,0.7866651916574547,0.8563563101125522,0.8278006272106008,0.9375516687684382,14.724917663890645,1.738403709282634,1.6971763961931239,1.9004651628195854,13.356015590176419,1.916578437106388,1.845449333063878,2.0836927969502814,25.612761569227487,0.9994178650592475,0.9744551056929749,1.050567482134003
paper_noise_tau,ideal,nv_charge_readout_master_v1_4,thin_all_counts,3,tc10us,10.0,5.437,1.0,27.43339830432224,0.9249776330930897,7.504300359171423,12.911749357161563,0.11758756837904422,9.422120008455401,636.7993609310438,0.3333333333333333,0.01,gauss_additive,2.0,mean,-0.6751639944185293,0.87,35.217153224669104,37.31702643268216,32.55655658842889,20.899061952765507,1.6851068868193355,1.373878979977811,2.2705566348384187,0.9437288174125794,0.7679097294128419,1.142613547161847,1.0817222985180759,0.8971554116544076,1.4489941085465223,16.235239270080342,2.169179809352747,1.8145176952903992,2.845897008028766,15.212372665439538,2.3150335584847808,1.9835169029751816,3.103999452286773,32.35249016026662,1.0885453654482737,0.9928584135740532,1.4175453283123043
paper_noise_tau,ideal,nv_charge_readout_master_v1_4,thin_all_counts,3,tc10us,10.0,5.437,1.0,27.43339830432224,0.9249776330930897,7.504300359171423,12.911749357161563,0.11758756837904422,9.422120008455401,636.7993609310438,0.3333333333333333,0.01,gauss_additive,2.0,mean,-0.6751639944185293,0.88,nan,nan,37.20473501470177,21.89438163409704,nan,nan,nan,nan,nan,nan,nan,nan,nan,20.177761819161812,nan,nan,nan,17.778714844832074,nan,nan,nan,43.301372124925905,nan,nan,nan
paper_noise_tau,ideal,nv_charge_readout_master_v1_4,thin_all_counts,3,tc10us,10.0,5.437,1.0,27.43339830432224,0.9249776330930897,7.504300359171423,12.911749357161563,0.11758756837904422,9.422120008455401,636.7993609310438,0.3333333333333333,0.01,gauss_additive,2.0,mean,-0.6751639944185293,0.89,nan,nan,nan,97.94160954794614,nan,nan,nan,nan,nan,nan,nan,nan,nan,nan,nan,nan,nan,nan,nan,nan,nan,nan,nan,nan,nan
paper_noise_tau,ideal,nv_charge_readout_master_v1_4,thin_all_counts,3,tc10us,10.0,5.437,1.0,27.43339830432224,0.9249776330930897,7.504300359171423,12.911749357161563,0.11758756837904422,9.422120008455401,636.7993609310438,0.3333333333333333,0.01,gauss_additive,2.0,mean,-0.6751639944185293,0.9,nan,nan,nan,nan,nan,nan,nan,nan,nan,nan,nan,nan,nan,nan,nan,nan,nan,nan,nan,nan,nan,nan,nan,nan,nan
paper_noise_tau,ideal,nv_charge_readout_master_v1_4,thin_all_counts,3,tc10us,10.0,5.437,1.0,27.43339830432224,0.9249776330930897,7.504300359171423,12.911749357161563,0.11758756837904422,9.422120008455401,636.7993609310438,0.3333333333333333,0.01,gauss_additive,2.0,mean,-0.6751639944185293,0.91,nan,nan,nan,nan,nan,nan,nan,nan,nan,nan,nan,nan,nan,nan,nan,nan,nan,nan,nan,nan,nan,nan,nan,nan,nan
paper_noise_tau,ideal,nv_charge_readout_master_v1_4,thin_all_counts,3,tc10us,10.0,5.437,1.0,27.43339830432224,0.9249776330930897,7.504300359171423,12.911749357161563,0.11758756837904422,9.422120008455401,636.7993609310438,0.3333333333333333,0.01,gauss_additive,2.0,mean,-0.6751639944185293,0.92,nan,nan,nan,nan,nan,nan,nan,nan,nan,nan,nan,nan,nan,nan,nan,nan,nan,nan,nan,nan,nan,nan,nan,nan,nan
paper_noise_tau,ideal,nv_charge_readout_master_v1_4,thin_all_counts,3,tc10us,10.0,5.437,1.0,27.43339830432224,0.9249776330930897,7.504300359171423,12.911749357161563,0.11758756837904422,9.422120008455401,636.7993609310438,0.3333333333333333,0.01,gauss_additive,2.0,mean,-0.6751639944185293,0.93,nan,nan,nan,nan,nan,nan,nan,nan,nan,nan,nan,nan,nan,nan,nan,nan,nan,nan,nan,nan,nan,nan,nan,nan,nan
paper_noise_tau,ideal,nv_charge_readout_master_v1_4,thin_all_counts,3,tc10us,10.0,5.437,1.0,27.43339830432224,0.9249776330930897,7.504300359171423,12.911749357161563,0.11758756837904422,9.422120008455401,636.7993609310438,0.3333333333333333,0.01,gauss_additive,2.0,mean,-0.6751639944185293,0.94,nan,nan,nan,nan,nan,nan,nan,nan,nan,nan,nan,nan,nan,nan,nan,nan,nan,nan,nan,nan,nan,nan,nan,nan,nan
paper_noise_tau,ideal,nv_charge_readout_master_v1_4,thin_all_counts,3,tc10us,10.0,5.437,1.0,27.43339830432224,0.9249776330930897,7.504300359171423,12.911749357161563,0.11758756837904422,9.422120008455401,636.7993609310438,0.3333333333333333,0.01,gauss_additive,2.0,mean,-0.6751639944185293,0.95,nan,nan,nan,nan,nan,nan,nan,nan,nan,nan,nan,nan,nan,nan,nan,nan,nan,nan,nan,nan,nan,nan,nan,nan,nan
paper_noise_tau,ideal,nv_charge_readout_master_v1_4,thin_all_counts,3,tc10us,10.0,5.437,1.0,27.43339830432224,0.9249776330930897,7.504300359171423,12.911749357161563,0.11758756837904422,9.422120008455401,636.7993609310438,0.3333333333333333,0.01,gauss_additive,2.0,mean,-0.6751639944185293,0.96,nan,nan,nan,nan,nan,nan,nan,nan,nan,nan,nan,nan,nan,nan,nan,nan,nan,nan,nan,nan,nan,nan,nan,nan,nan
paper_noise_tau,ideal,nv_charge_readout_master_v1_4,thin_all_counts,3,tc10us,10.0,5.437,1.0,27.43339830432224,0.9249776330930897,7.504300359171423,12.911749357161563,0.11758756837904422,9.422120008455401,636.7993609310438,0.3333333333333333,0.01,gauss_additive,2.0,mean,-0.6751639944185293,0.97,nan,nan,nan,nan,nan,nan,nan,nan,nan,nan,nan,nan,nan,nan,nan,nan,nan,nan,nan,nan,nan,nan,nan,nan,nan
paper_noise_tau,ideal,nv_charge_readout_master_v1_4,thin_all_counts,3,tc10us,10.0,5.437,1.0,27.43339830432224,0.9249776330930897,7.504300359171423,12.911749357161563,0.11758756837904422,9.422120008455401,636.7993609310438,0.3333333333333333,0.01,gauss_additive,2.0,mean,-0.6751639944185293,0.98,nan,nan,nan,nan,nan,nan,nan,nan,nan,nan,nan,nan,nan,nan,nan,nan,nan,nan,nan,nan,nan,nan,nan,nan,nan
paper_noise_tau,ideal,nv_charge_readout_master_v1_4,thin_all_counts,3,tc10us,10.0,5.437,1.0,27.43339830432224,0.9249776330930897,7.504300359171423,12.911749357161563,0.11758756837904422,9.422120008455401,636.7993609310438,0.3333333333333333,0.01,gauss_additive,2.0,mean,-0.6751639944185293,0.99,nan,nan,nan,nan,nan,nan,nan,nan,nan,nan,nan,nan,nan,nan,nan,nan,nan,nan,nan,nan,nan,nan,nan,nan,nan
paper_noise_tau,ideal,nv_charge_readout_master_v1_4,thin_all_counts,4,tc30us,30.0,5.437,1.0,27.43339830432224,0.9249776330930897,7.504300359171423,12.911749357161563,0.11758756837904422,9.422120008455401,636.7993609310438,0.3333333333333333,0.03,gauss_additive,2.0,mean,-0.42760983374682304,0.55,0.5565664955050907,1.5795816193380807,1.5795816193380807,0.531757903698447,1.046653922083897,1.0253053739442828,1.0752275291455935,0.35235057732459457,0.3223024942415929,0.3909379618495264,0.35235057732459457,0.3223024942415929,0.3909379618495264,4.974995007273436,0.11187277468447532,0.10198558951287562,0.1244622242055243,0.54331394578344,1.0243920661792345,1.0063499482775495,1.061371979294469,0.5565664955050907,1.0,1.0000000000000013,1.0000000000000577
paper_noise_tau,ideal,nv_charge_readout_master_v1_4,thin_all_counts,4,tc30us,30.0,5.437,1.0,27.43339830432224,0.9249776330930897,7.504300359171423,12.911749357161563,0.11758756837904422,9.422120008455401,636.7993609310438,0.3333333333333333,0.03,gauss_additive,2.0,mean,-0.42760983374682304,0.56,0.6860776505537521,1.5795816193380807,1.5795816193380807,0.6575124247058088,1.0434443894512324,1.0140210889031886,1.0714674259533254,0.4343413737881117,0.40348736490952114,0.478536794072927,0.4343413737881117,0.40348736490952114,0.478536794072927,4.974995007273436,0.13790519378425659,0.12801059887443372,0.15258575334687446,0.6696959162748348,1.0244614516541182,1.0038126456031884,1.0569083522432576,0.6860776505537521,1.0,1.0000000000000617,1.0000000000001668
paper_noise_tau,ideal,nv_charge_readout_master_v1_4,thin_all_counts,4,tc30us,30.0,5.437,1.0,27.43339830432224,0.9249776330930897,7.504300359171423,12.911749357161563,0.11758756837904422,9.422120008455401,636.7993609310438,0.3333333333333333,0.03,gauss_additive,2.0,mean,-0.42760983374682304,0.57,0.8405779029801574,1.5795816193380807,1.5795816193380807,0.7860215655379291,1.0694081941694458,1.0431228111178408,1.0975983533502323,0.5321522437899723,0.4899410101709769,0.5775669827174419,0.5321522437899723,0.4899410101709769,0.5775669827174419,4.974995007273436,0.1689605520711546,0.15539966595485163,0.18418410885159986,0.7960778867662281,1.0558990733867688,1.0361376674682063,1.0799467654559387,0.8405779029801574,1.0,1.0000000000000653,1.0000000000001075
paper_noise_tau,ideal,nv_charge_readout_master_v1_4,thin_all_counts,4,tc30us,30.0,5.437,1.0,27.43339830432224,0.9249776330930897,7.504300359171423,12.911749357161563,0.11758756837904422,9.422120008455401,636.7993609310438,0.3333333333333333,0.03,gauss_additive,2.0,mean,-0.42760983374682304,0.58,0.9820089944379772,1.5795816193380807,1.5795816193380807,0.9029008898091674,1.0876154908270494,1.0564627422397568,1.1199214314925057,0.621689302037767,0.5755268874426669,0.6739156614544078,0.621689302037767,0.5755268874426669,0.6739156614544078,4.974995007273436,0.19738894069286128,0.1822011006735168,0.2143760549329963,0.9324770398277004,1.0531186854953867,1.041256664461196,1.082728402764644,0.9820089944379772,1.0,0.9999999999999564,1.0000000000000977
paper_noise_tau,ideal,nv_charge_readout_master_v1_4,thin_all_counts,4,tc30us,30.0,5.437,1.0,27.43339830432224,0.9249776330930897,7.504300359171423,12.911749357161563,0.11758756837904422,9.422120008455401,636.7993609310438,0.3333333333333333,0.03,gauss_additive,2.0,mean,-0.42760983374682304,0.59,1.1321026454669354,1.5795816193380807,1.5795816193380807,1.0371598599337,1.0915411299655433,1.070153686385193,1.110577433942324,0.7167104450995954,0.669032880250157,0.7741068721629448,0.7167104450995954,0.669032880250157,0.7741068721629448,4.974995007273436,0.22755854906624084,0.21173783962907963,0.24654503851147752,1.072300594997572,1.0557698566505962,1.0433905914556183,1.0899258890942163,1.1321026454669354,1.0,0.9999999999999711,1.0000000000000828
paper_noise_tau,ideal,nv_charge_readout_master_v1_4,thin_all_counts,4,tc30us,30.0,5.437,1.0,27.43339830432224,0.9249776330930897,7.504300359171423,12.911749357161563,0.11758756837904422,9.422120008455401,636.7993609310438,0.3333333333333333,0.03,gauss_additive,2.0,mean,-0.42760983374682304,0.6,1.294689627513161,1.5795816193380807,1.5795816193380807,1.5795816193380807,0.8196408540482365,0.8059342237235283,1.098487804545872,0.8196408540482365,0.7636106338493565,0.8775171929383134,0.8196408540482365,0.7636106338493565,0.8775171929383134,4.974995007273436,0.2602393822748217,0.2417955229601536,0.2793698280345235,1.2142678047606341,1.0662307132225912,1.0413400881136077,1.1010758397541938,1.294689627513161,1.0,0.9999999999999274,1.0000000000000642
paper_noise_tau,ideal,nv_charge_readout_master_v1_4,thin_all_counts,4,tc30us,30.0,5.437,1.0,27.43339830432224,0.9249776330930897,7.504300359171423,12.911749357161563,0.11758756837904422,9.422120008455401,636.7993609310438,0.3333333333333333,0.03,gauss_additive,2.0,mean,-0.42760983374682304,0.61,1.4543915071917553,1.5795816193380807,1.5795816193380807,1.5795816193380807,0.920744765187388,0.8672656551053636,0.9847341309233693,0.920744765187388,0.8672656551053636,0.9847341309233693,0.920744765187388,0.8672656551053636,0.9847341309233693,4.974995007273436,0.2923402948275198,0.2745389559306757,0.31356658431217227,1.3562350145236963,1.0723742504926634,1.0474845786261902,1.1075846642925617,1.4543915071917553,1.0,0.9999999999998582,0.9999999999999465
paper_noise_tau,ideal,nv_charge_readout_master_v1_4,thin_all_counts,4,tc30us,30.0,5.437,1.0,27.43339830432224,0.9249776330930897,7.504300359171423,12.911749357161563,0.11758756837904422,9.422120008455401,636.7993609310438,0.3333333333333333,0.03,gauss_additive,2.0,mean,-0.42760983374682304,0.62,1.6143469496585796,1.5795816193380807,1.5795816193380807,1.5795816193380807,1.0220092016106563,0.9632703712733405,1.084915968990661,1.0220092016106563,0.9632703712733405,1.0819616555466272,1.0220092016106563,0.9632703712733405,1.0819616555466272,4.974995007273436,0.3244921748259861,0.3046125473228082,0.34496087072626697,1.4982022242867585,1.077522729234442,1.05231165969846,1.1097092901577594,1.6143469496585796,1.0,0.999999999999867,1.0000000000000975
paper_noise_tau,ideal,nv_charge_readout_master_v1_4,thin_all_counts,4,tc30us,30.0,5.437,1.0,27.43339830432224,0.9249776330930897,7.504300359171423,12.911749357161563,0.11758756837904422,9.422120008455401,636.7993609310438,0.3333333333333333,0.03,gauss_additive,2.0,mean,-0.42760983374682304,0.63,1.777319052263954,1.7660872000118752,1.7660872000118752,1.6117919073696532,1.1026975902642613,1.0259662045964069,1.1163428420530672,1.0063597382122487,0.9991688454639509,1.1138418260432363,1.0063597382122487,0.9991688454639509,1.1138418260432363,4.974995007273436,0.35725041927992207,0.33679826901559634,0.378502913397315,1.6401694340498207,1.0836191769989827,1.0591729386922608,1.1118216168887238,1.777319052263954,1.0,1.0000000000000642,1.0000000000001017
paper_noise_tau,ideal,nv_charge_readout_master_v1_4,thin_all_counts,4,tc30us,30.0,5.437,1.0,27.43339830432224,0.9249776330930897,7.504300359171423,12.911749357161563,0.11758756837904422,9.422120008455401,636.7993609310438,0.3333333333333333,0.03,gauss_additive,2.0,mean,-0.42760983374682304,0.64,1.9470861409195517,1.8744094422586148,1.8744094422586148,1.799150804120734,1.0822250900035673,1.043468388321217,1.1209368258472092,1.0387731180938586,1.0151760634953375,1.0678704148013838,1.0387731180938586,1.0151760634953375,1.0678704148013838,4.974995007273436,0.39137449144630587,0.3701559401340087,0.4164919440675269,1.782136643812883,1.0925571547385722,1.0663794487365772,1.1211343098393274,1.9470861409195517,1.0,0.9999999999999795,1.000000000000103
paper_noise_tau,ideal,nv_charge_readout_master_v1_4,thin_all_counts,4,tc30us,30.0,5.437,1.0,27.43339830432224,0.9249776330930897,7.504300359171423,12.911749357161563,0.11758756837904422,9.422120008455401,636.7993609310438,0.3333333333333333,0.03,gauss_additive,2.0,mean,-0.42760983374682304,0.65,2.1433955338606077,1.9893755853078074,1.9893755853078074,1.934486710596867,1.107991862709299,1.0747315392131855,1.1288906574479298,1.0774212520201254,1.047595202740099,1.1122861279647938,1.0774212520201254,1.047595202740099,1.1122861279647938,4.974995007273436,0.4308337055066319,0.40656702713323895,0.4571799911640798,1.9241038535759454,1.1139708128940695,1.089123540916369,1.1389397106783339,2.1433955338606077,1.0,0.9999999999998924,1.0000000000000207
paper_noise_tau,ideal,nv_charge_readout_master_v1_4,thin_all_counts,4,tc30us,30.0,5.437,1.0,27.43339830432224,0.9249776330930897,7.504300359171423,12.911749357161563,0.11758756837904422,9.422120008455401,636.7993609310438,0.3333333333333333,0.03,gauss_additive,2.0,mean,-0.42760983374682304,0.66,2.3430864077710374,2.1113931301210034,2.1113931301210034,2.21237850745989,1.0590802612981527,0.9071759092958489,1.0915558730866177,1.1097347880623045,1.0799060235263385,1.1447618110450006,1.1097347880623045,1.0799060235263385,1.1447618110450006,4.974995007273436,0.470972614916286,0.4448172137365473,0.4990228524330269,2.0660710633390074,1.1340783235133942,1.1132505199906564,1.149343367166739,2.3430864077710374,1.0,0.9999999999999144,1.00000000000006
paper_noise_tau,ideal,nv_charge_readout_master_v1_4,thin_all_counts,4,tc30us,30.0,5.437,1.0,27.43339830432224,0.9249776330930897,7.504300359171423,12.911749357161563,0.11758756837904422,9.422120008455401,636.7993609310438,0.3333333333333333,0.03,gauss_additive,2.0,mean,-0.42760983374682304,0.67,2.5399639974827726,2.2408945715659847,2.2408945715659847,2.60146100538089,0.9763605882344897,0.9311610570227122,1.0213848065943527,1.1334598377414034,1.1073318286357865,1.1595586076549977,1.1334598377414034,1.1073318286357865,1.1595586076549977,4.974995007273436,0.5105460394973962,0.48723719700428664,0.5369785296880897,2.2108444629165773,1.1488659831510788,1.1349978690352454,1.1571357595322211,2.5399639974827726,1.0,1.0000000000000224,1.0000000000000622
paper_noise_tau,ideal,nv_charge_readout_master_v1_4,thin_all_counts,4,tc30us,30.0,5.437,1.0,27.43339830432224,0.9249776330930897,7.504300359171423,12.911749357161563,0.11758756837904422,9.422120008455401,636.7993609310438,0.3333333333333333,0.03,gauss_additive,2.0,mean,-0.42760983374682304,0.68,2.7263101807959753,2.3783389314078667,2.3783389314078667,2.6542614561624873,1.0271445469195244,0.9841921781129481,1.0725899047874576,1.1463085201158127,1.1211113895024774,1.1764892521121724,1.1463085201158127,1.1211113895024774,1.1764892521121724,4.974995007273436,0.5480025963463508,0.524223651618796,0.5788311257912876,2.3838956213941827,1.1436365570408393,1.128669753090518,1.1603941475901445,2.7263101807959753,1.0,1.0000000000000033,1.0000000000000422
paper_noise_tau,ideal,nv_charge_readout_master_v1_4,thin_all_counts,4,tc30us,30.0,5.437,1.0,27.43339830432224,0.9249776330930897,7.504300359171423,12.911749357161563,0.11758756837904422,9.422120008455401,636.7993609310438,0.3333333333333333,0.03,gauss_additive,2.0,mean,-0.42760983374682304,0.69,2.948794319048827,2.5242133853255893,2.5242133853255893,2.708133569212699,1.0888659084515142,1.0405318216288968,1.1418177841198247,1.1682032652990122,1.1328814095988904,1.2021212230425078,1.1682032652990122,1.1328814095988904,1.2021212230425078,4.974995007273436,0.5927230710257384,0.5626719836167448,0.630418449238208,2.556946779871786,1.1532482186417228,1.1300296200679085,1.176689310788058,2.948794319048827,1.0,1.0000000000000067,1.0000000000001394
paper_noise_tau,ideal,nv_charge_readout_master_v1_4,thin_all_counts,4,tc30us,30.0,5.437,1.0,27.43339830432224,0.9249776330930897,7.504300359171423,12.911749357161563,0.11758756837904422,9.422120008455401,636.7993609310438,0.3333333333333333,0.03,gauss_additive,2.0,mean,-0.42760983374682304,0.7,3.194233677724074,2.679034989720809,2.679034989720809,2.7630990954825307,1.1560329786747126,1.1135786156213272,1.1936607812556026,1.1923075622304415,1.1621784465872635,1.2165657637556209,1.1923075622304415,1.1621784465872635,1.2165657637556209,4.974995007273436,0.642057664993454,0.6104657270902946,0.6750407084527761,2.7299979383493915,1.1700498498014866,1.144898095627532,1.1880543314675276,3.194233677724074,1.0,1.000000000000104,1.0000000000001505
paper_noise_tau,ideal,nv_charge_readout_master_v1_4,thin_all_counts,4,tc30us,30.0,5.437,1.0,27.43339830432224,0.9249776330930897,7.504300359171423,12.911749357161563,0.11758756837904422,9.422120008455401,636.7993609310438,0.3333333333333333,0.03,gauss_additive,2.0,mean,-0.42760983374682304,0.71,3.420188522116444,2.843352514439904,2.843352514439904,2.8273592351050922,1.209675968886676,1.176942473823161,1.2212762036949583,1.2028717877038078,1.1798318315901937,1.2244837921161784,1.2028717877038078,1.1798318315901937,1.2244837921161784,4.974995007273436,0.687475769747735,0.6580597242393635,0.7219661752328569,2.903049096826997,1.1781366446246724,1.1599918227251451,1.197579894127612,3.420188522116444,1.0,1.0000000000000684,1.00000000000013
paper_noise_tau,ideal,nv_charge_readout_master_v1_4,thin_all_counts,4,tc30us,30.0,5.437,1.0,27.43339830432224,0.9249776330930897,7.504300359171423,12.911749357161563,0.11758756837904422,9.422120008455401,636.7993609310438,0.3333333333333333,0.03,gauss_additive,2.0,mean,-0.42760983374682304,0.72,3.6684558308166535,3.0177483879052485,3.0177483879052485,2.9962477164620713,1.224349979696711,1.208441273459495,1.2308660854088327,1.2156268049116876,1.1947273922742725,1.2327705710751404,1.2156268049116876,1.1947273922742725,1.2327705710751404,4.974995007273436,0.7373787964517303,0.7015763227181434,0.7747974746981411,3.076100255304602,1.192567057751307,1.1720964760285146,1.2126486747135194,3.6684558308166535,1.0,0.999999999999928,1.0000000000000926
paper_noise_tau,ideal,nv_charge_readout_master_v1_4,thin_all_counts,4,tc30us,30.0,5.437,1.0,27.43339830432224,0.9249776330930897,7.504300359171423,12.911749357161563,0.11758756837904422,9.422120008455401,636.7993609310438,0.3333333333333333,0.03,gauss_additive,2.0,mean,-0.42760983374682304,0.73,3.9467831834693916,3.2028407615503216,3.2028407615503216,3.2539978890145895,1.212902810045952,1.0530426418824324,1.2353264272896665,1.2322758067931443,0.9997973445319387,1.2413454752669537,1.2322758067931443,0.9997075910244025,1.2413454752669537,4.974995007273436,0.7933240491094363,0.7548500929806612,0.8413363217374557,3.249151413782208,1.2147119911765203,1.1957153903309579,1.2394299298820903,3.9467831834693916,1.0,0.9999999999998364,0.9999999999999852
paper_noise_tau,ideal,nv_charge_readout_master_v1_4,thin_all_counts,4,tc30us,30.0,5.437,1.0,27.43339830432224,0.9249776330930897,7.504300359171423,12.911749357161563,0.11758756837904422,9.422120008455401,636.7993609310438,0.3333333333333333,0.03,gauss_additive,2.0,mean,-0.42760983374682304,0.74,4.340643109990048,4.217926403595588,4.22966717811195,3.8771015544344567,1.1195587861312049,1.0627704803035418,1.2340070316031744,1.0290940843087848,1.0016122184149048,1.2389071802325071,1.026237509289711,1.0010348827568885,1.2389071802325071,4.974995007273436,0.8724919529856882,0.8145498466409464,0.9376702461263875,3.4807481842591557,1.2470431298706295,1.2256201316492836,1.2718671230858631,4.340643109990048,1.0,0.9999999999998447,1.0000000000000644
paper_noise_tau,ideal,nv_charge_readout_master_v1_4,thin_all_counts,4,tc30us,30.0,5.437,1.0,27.43339830432224,0.9249776330930897,7.504300359171423,12.911749357161563,0.11758756837904422,9.422120008455401,636.7993609310438,0.3333333333333333,0.03,gauss_additive,2.0,mean,-0.42760983374682304,0.75,4.824947744309818,4.4644566792954725,4.496838873587318,3.880434245368952,1.2434040726416333,1.1642858209991767,1.2880925208468166,1.080746906266595,1.038732891020409,1.1318492278336174,1.072964337826219,1.0312840803123202,1.1202308539684995,4.974995007273436,0.9698397158702172,0.9043295428057273,1.0124000386628655,3.804345202163644,1.2682728532536236,1.2411594713268803,1.2983005429954302,4.824947744309818,1.0,1.0000000000000346,1.000000000000064
paper_noise_tau,ideal,nv_charge_readout_master_v1_4,thin_all_counts,4,tc30us,30.0,5.437,1.0,27.43339830432224,0.9249776330930897,7.504300359171423,12.911749357161563,0.11758756837904422,9.422120008455401,636.7993609310438,0.3333333333333333,0.03,gauss_additive,2.0,mean,-0.42760983374682304,0.76,5.352454133625836,4.72539620992803,4.7808867703942175,4.248765034098395,1.2597670359904118,1.2376991445618406,1.2857955435687496,1.1326995443007217,1.0849884964720327,1.1789071605402737,1.1195525831674298,1.0746152953689057,1.1654417873313512,5.305212299876254,1.0089047960909472,0.9897752315011792,1.0334361901787432,4.1279422200681335,1.2966397900640896,1.2640392131967977,1.3196484627289573,5.352454133625836,1.0,1.0000000000000377,1.0000000000000737
paper_noise_tau,ideal,nv_charge_readout_master_v1_4,thin_all_counts,4,tc30us,30.0,5.437,1.0,27.43339830432224,0.9249776330930897,7.504300359171423,12.911749357161563,0.11758756837904422,9.422120008455401,636.7993609310438,0.3333333333333333,0.03,gauss_additive,2.0,mean,-0.42760983374682304,0.77,5.917676125362803,5.001587190745445,5.082876872814557,4.632576023417957,1.277405075588309,1.2536510523497724,1.3360625784716484,1.1831596450647544,1.1394879386257912,1.2303989554387462,1.164237551574998,1.1232431705361134,1.2067873658055706,5.81427290186346,1.0177843773838346,0.9949932659380232,1.0532424530194007,4.4515392379726215,1.329355040810088,1.2736809572468417,1.337008617226749,5.917676125362803,1.0,0.9999999999999545,1.0000000000000817
paper_noise_tau,ideal,nv_charge_readout_master_v1_4,thin_all_counts,4,tc30us,30.0,5.437,1.0,27.43339830432224,0.9249776330930897,7.504300359171423,12.911749357161563,0.11758756837904422,9.422120008455401,636.7993609310438,0.3333333333333333,0.03,gauss_additive,2.0,mean,-0.42760983374682304,0.78,6.573821412387362,5.293921041810359,5.403942520492443,4.81594204764165,1.365012566047496,1.3137565307424222,1.3928872764225344,1.241767937313118,1.1964717510633176,1.2904055454642953,1.2164861834593148,1.1750424867766438,1.258287684090265,6.372180313713796,1.0316439725096302,1.001844408772031,1.0681890328738286,5.2028892132068805,1.263494405320133,1.2204308958254972,1.3128019582717394,6.573821412387362,1.0,0.9999999999998848,0.9999999999999976
paper_noise_tau,ideal,nv_charge_readout_master_v1_4,thin_all_counts,4,tc30us,30.0,5.437,1.0,27.43339830432224,0.9249776330930897,7.504300359171423,12.911749357161563,0.11758756837904422,9.422120008455401,636.7993609310438,0.3333333333333333,0.03,gauss_additive,2.0,mean,-0.42760983374682304,0.79,7.2822146885092325,5.6033412850982405,5.745288641748223,5.318553327548836,1.3692096779003982,1.2146791715308225,1.3937883733738339,1.2996200513211391,1.2509689910821518,1.3532237605352697,1.2675106757200874,1.2262105843128115,1.3137445567619115,6.983621621452949,1.0427561920220645,1.0124415725783562,1.086746294279148,5.957230467863027,1.2224161425001077,1.1807308912704626,1.264211756137474,7.2822146885092325,1.0,0.9999999999999061,1.0000000000000355
paper_noise_tau,ideal,nv_charge_readout_master_v1_4,thin_all_counts,4,tc30us,30.0,5.437,1.0,27.43339830432224,0.9249776330930897,7.504300359171423,12.911749357161563,0.11758756837904422,9.422120008455401,636.7993609310438,0.3333333333333333,0.03,gauss_additive,2.0,mean,-0.42760983374682304,0.8,8.117473515495279,5.930846589761271,6.108196275557946,6.123358251590856,1.3256571283227385,1.2519483514072018,1.4453950766853136,1.36868714991025,1.3074723931790673,1.4477853414837152,1.3289477202914208,1.2499650902960355,1.354635249495748,7.653733659523628,1.0605900174478393,1.0259287377723654,1.1207749866643058,6.711571722519173,1.2094743006707234,1.168567210390278,1.2758177751369268,8.117473515495279,1.0,0.6908123614227037,1.0000000000001292
paper_noise_tau,ideal,nv_charge_readout_master_v1_4,thin_all_counts,4,tc30us,30.0,5.437,1.0,27.43339830432224,0.9249776330930897,7.504300359171423,12.911749357161563,0.11758756837904422,9.422120008455401,636.7993609310438,0.3333333333333333,0.03,gauss_additive,2.0,mean,-0.42760983374682304,0.81,9.589016647907902,11.238174500177108,9.738272682904805,6.386471344669887,1.5014577112149485,1.0591338668195833,1.5695408678525877,0.853253937973359,0.8472126119242701,1.5174241095928942,0.9846732536809206,0.9564830534498504,1.3396041444649662,8.388146166306386,1.1431627987629958,1.0561574277481658,1.572775099711478,7.465912977175319,1.2843729463795392,1.1871376456540805,1.798728532317424,13.571690662365585,0.706545476644139,0.6522965316075096,1.0000000000001283
paper_noise_tau,ideal,nv_charge_readout_master_v1_4,thin_all_counts,4,tc30us,30.0,5.437,1.0,27.43339830432224,0.9249776330930897,7.504300359171423,12.911749357161563,0.11758756837904422,9.422120008455401,636.7993609310438,0.3333333333333333,0.03,gauss_additive,2.0,mean,-0.42760983374682304,0.82,14.911998325691156,12.398819691500233,11.882522840760183,9.492542848758534,1.5709171465727327,1.1608805464176881,1.6953762353503445,1.2026949900653676,0.9142772277966363,1.2807160591561597,1.254952212213645,0.9770747841721157,1.3292224041334544,10.032588580925466,1.4863560092599335,1.2040862364271425,1.5769506492090082,8.596604181817389,1.734638237413723,1.3683891040093175,1.879397560985822,15.193286824775477,0.9814860008681184,0.7384057387966632,1.0052822223658182
paper_noise_tau,ideal,nv_charge_readout_master_v1_4,thin_all_counts,4,tc30us,30.0,5.437,1.0,27.43339830432224,0.9249776330930897,7.504300359171423,12.911749357161563,0.11758756837904422,9.422120008455401,636.7993609310438,0.3333333333333333,0.03,gauss_additive,2.0,mean,-0.42760983374682304,0.83,17.50046100372087,13.679332861392338,13.593119227567335,10.035937550605464,1.743779384384977,1.6192127744299747,1.9186085174545482,1.2793358551214902,1.202062504688274,1.3724763348862605,1.2874499745598718,1.1974364606247936,1.3688236298720489,12.037644366932081,1.4538111004338503,1.387407041899542,1.5753317305742267,10.555265276428546,1.6579840056509012,1.5698538810208518,1.8176565122378525,17.50046100372087,1.0,0.7792685025280421,1.0000000000001448
paper_noise_tau,ideal,nv_charge_readout_master_v1_4,thin_all_counts,4,tc30us,30.0,5.437,1.0,27.43339830432224,0.9249776330930897,7.504300359171423,12.911749357161563,0.11758756837904422,9.422120008455401,636.7993609310438,0.3333333333333333,0.03,gauss_additive,2.0,mean,-0.42760983374682304,0.84,28.44226162571601,35.784819696114155,29.63125468638036,13.23966564458173,2.148261322396451,1.3797931637469247,3.0498084960950824,0.794813607201283,0.7295130029272773,1.8874071363877076,0.9598736849570243,0.8096808405251817,1.6787057807823385,14.269231368855824,1.9932581433779533,1.4400240394419164,2.9880673082166993,12.513926371039705,2.272848727281821,1.6247883853442369,3.4181047667373248,27.441200584255775,1.0364802202580958,0.7693126710216185,1.4176983342775993
paper_noise_tau,ideal,nv_charge_readout_master_v1_4,thin_all_counts,4,tc30us,30.0,5.437,1.0,27.43339830432224,0.9249776330930897,7.504300359171423,12.911749357161563,0.11758756837904422,9.422120008455401,636.7993609310438,0.3333333333333333,0.03,gauss_additive,2.0,mean,-0.42760983374682304,0.85,nan,nan,33.631787551318894,21.123330033505514,nan,1.5913346146979745,2.816104963426116,nan,nan,nan,nan,1.0309989685535668,1.7042008210903594,17.336846389614337,nan,2.1343000047800538,3.4265814779499375,15.432373406429905,nan,2.386473911749243,3.7680285165148817,36.61526484657774,nan,1.0481415580865243,1.623805751115793
paper_noise_tau,ideal,nv_charge_readout_master_v1_4,thin_all_counts,4,tc30us,30.0,5.437,1.0,27.43339830432224,0.9249776330930897,7.504300359171423,12.911749357161563,0.11758756837904422,9.422120008455401,636.7993609310438,0.3333333333333333,0.03,gauss_additive,2.0,mean,-0.42760983374682304,0.86,nan,nan,77.75050134011202,36.05413957459345,nan,nan,nan,nan,nan,nan,nan,nan,nan,27.505875404743417,nan,nan,nan,21.01370832941621,nan,nan,nan,59.65534707664586,nan,nan,nan
paper_noise_tau,ideal,nv_charge_readout_master_v1_4,thin_all_counts,4,tc30us,30.0,5.437,1.0,27.43339830432224,0.9249776330930897,7.504300359171423,12.911749357161563,0.11758756837904422,9.422120008455401,636.7993609310438,0.3333333333333333,0.03,gauss_additive,2.0,mean,-0.42760983374682304,0.87,nan,nan,nan,nan,nan,nan,nan,nan,nan,nan,nan,nan,nan,nan,nan,nan,nan,nan,nan,nan,nan,nan,nan,nan,nan
paper_noise_tau,ideal,nv_charge_readout_master_v1_4,thin_all_counts,4,tc30us,30.0,5.437,1.0,27.43339830432224,0.9249776330930897,7.504300359171423,12.911749357161563,0.11758756837904422,9.422120008455401,636.7993609310438,0.3333333333333333,0.03,gauss_additive,2.0,mean,-0.42760983374682304,0.88,nan,nan,nan,nan,nan,nan,nan,nan,nan,nan,nan,nan,nan,nan,nan,nan,nan,nan,nan,nan,nan,nan,nan,nan,nan
paper_noise_tau,ideal,nv_charge_readout_master_v1_4,thin_all_counts,4,tc30us,30.0,5.437,1.0,27.43339830432224,0.9249776330930897,7.504300359171423,12.911749357161563,0.11758756837904422,9.422120008455401,636.7993609310438,0.3333333333333333,0.03,gauss_additive,2.0,mean,-0.42760983374682304,0.89,nan,nan,nan,nan,nan,nan,nan,nan,nan,nan,nan,nan,nan,nan,nan,nan,nan,nan,nan,nan,nan,nan,nan,nan,nan
paper_noise_tau,ideal,nv_charge_readout_master_v1_4,thin_all_counts,4,tc30us,30.0,5.437,1.0,27.43339830432224,0.9249776330930897,7.504300359171423,12.911749357161563,0.11758756837904422,9.422120008455401,636.7993609310438,0.3333333333333333,0.03,gauss_additive,2.0,mean,-0.42760983374682304,0.9,nan,nan,nan,nan,nan,nan,nan,nan,nan,nan,nan,nan,nan,nan,nan,nan,nan,nan,nan,nan,nan,nan,nan,nan,nan
paper_noise_tau,ideal,nv_charge_readout_master_v1_4,thin_all_counts,4,tc30us,30.0,5.437,1.0,27.43339830432224,0.9249776330930897,7.504300359171423,12.911749357161563,0.11758756837904422,9.422120008455401,636.7993609310438,0.3333333333333333,0.03,gauss_additive,2.0,mean,-0.42760983374682304,0.91,nan,nan,nan,nan,nan,nan,nan,nan,nan,nan,nan,nan,nan,nan,nan,nan,nan,nan,nan,nan,nan,nan,nan,nan,nan
paper_noise_tau,ideal,nv_charge_readout_master_v1_4,thin_all_counts,4,tc30us,30.0,5.437,1.0,27.43339830432224,0.9249776330930897,7.504300359171423,12.911749357161563,0.11758756837904422,9.422120008455401,636.7993609310438,0.3333333333333333,0.03,gauss_additive,2.0,mean,-0.42760983374682304,0.92,nan,nan,nan,nan,nan,nan,nan,nan,nan,nan,nan,nan,nan,nan,nan,nan,nan,nan,nan,nan,nan,nan,nan,nan,nan
paper_noise_tau,ideal,nv_charge_readout_master_v1_4,thin_all_counts,4,tc30us,30.0,5.437,1.0,27.43339830432224,0.9249776330930897,7.504300359171423,12.911749357161563,0.11758756837904422,9.422120008455401,636.7993609310438,0.3333333333333333,0.03,gauss_additive,2.0,mean,-0.42760983374682304,0.93,nan,nan,nan,nan,nan,nan,nan,nan,nan,nan,nan,nan,nan,nan,nan,nan,nan,nan,nan,nan,nan,nan,nan,nan,nan
paper_noise_tau,ideal,nv_charge_readout_master_v1_4,thin_all_counts,4,tc30us,30.0,5.437,1.0,27.43339830432224,0.9249776330930897,7.504300359171423,12.911749357161563,0.11758756837904422,9.422120008455401,636.7993609310438,0.3333333333333333,0.03,gauss_additive,2.0,mean,-0.42760983374682304,0.94,nan,nan,nan,nan,nan,nan,nan,nan,nan,nan,nan,nan,nan,nan,nan,nan,nan,nan,nan,nan,nan,nan,nan,nan,nan
paper_noise_tau,ideal,nv_charge_readout_master_v1_4,thin_all_counts,4,tc30us,30.0,5.437,1.0,27.43339830432224,0.9249776330930897,7.504300359171423,12.911749357161563,0.11758756837904422,9.422120008455401,636.7993609310438,0.3333333333333333,0.03,gauss_additive,2.0,mean,-0.42760983374682304,0.95,nan,nan,nan,nan,nan,nan,nan,nan,nan,nan,nan,nan,nan,nan,nan,nan,nan,nan,nan,nan,nan,nan,nan,nan,nan
paper_noise_tau,ideal,nv_charge_readout_master_v1_4,thin_all_counts,4,tc30us,30.0,5.437,1.0,27.43339830432224,0.9249776330930897,7.504300359171423,12.911749357161563,0.11758756837904422,9.422120008455401,636.7993609310438,0.3333333333333333,0.03,gauss_additive,2.0,mean,-0.42760983374682304,0.96,nan,nan,nan,nan,nan,nan,nan,nan,nan,nan,nan,nan,nan,nan,nan,nan,nan,nan,nan,nan,nan,nan,nan,nan,nan
paper_noise_tau,ideal,nv_charge_readout_master_v1_4,thin_all_counts,4,tc30us,30.0,5.437,1.0,27.43339830432224,0.9249776330930897,7.504300359171423,12.911749357161563,0.11758756837904422,9.422120008455401,636.7993609310438,0.3333333333333333,0.03,gauss_additive,2.0,mean,-0.42760983374682304,0.97,nan,nan,nan,nan,nan,nan,nan,nan,nan,nan,nan,nan,nan,nan,nan,nan,nan,nan,nan,nan,nan,nan,nan,nan,nan
paper_noise_tau,ideal,nv_charge_readout_master_v1_4,thin_all_counts,4,tc30us,30.0,5.437,1.0,27.43339830432224,0.9249776330930897,7.504300359171423,12.911749357161563,0.11758756837904422,9.422120008455401,636.7993609310438,0.3333333333333333,0.03,gauss_additive,2.0,mean,-0.42760983374682304,0.98,nan,nan,nan,nan,nan,nan,nan,nan,nan,nan,nan,nan,nan,nan,nan,nan,nan,nan,nan,nan,nan,nan,nan,nan,nan
paper_noise_tau,ideal,nv_charge_readout_master_v1_4,thin_all_counts,4,tc30us,30.0,5.437,1.0,27.43339830432224,0.9249776330930897,7.504300359171423,12.911749357161563,0.11758756837904422,9.422120008455401,636.7993609310438,0.3333333333333333,0.03,gauss_additive,2.0,mean,-0.42760983374682304,0.99,nan,nan,nan,nan,nan,nan,nan,nan,nan,nan,nan,nan,nan,nan,nan,nan,nan,nan,nan,nan,nan,nan,nan,nan,nan
paper_noise_tau,ideal,nv_charge_readout_master_v1_4,thin_all_counts,5,tc100us,100.0,5.437,1.0,27.43339830432224,0.9249776330930897,7.504300359171423,12.911749357161563,0.11758756837904422,9.422120008455401,636.7993609310438,0.3333333333333333,0.1,gauss_additive,2.0,mean,-0.3240402815371197,0.55,0.5636430569436168,1.5757008838836084,1.5757008838836084,0.5346643905693911,1.0541997314303369,1.0289839291927259,1.0719235481931166,0.3577094248715616,0.32639081497082906,0.3808463509412821,0.3577094248715616,0.32639081497082906,0.3808463509412821,4.974995007273436,0.11329520052172343,0.10307862095401311,0.12090687984979899,0.5447042440602695,1.0347689835169556,1.014260036184739,1.0560716364567457,0.5636430569436168,1.0,1.0000000000000069,1.000000000000056
paper_noise_tau,ideal,nv_charge_readout_master_v1_4,thin_all_counts,5,tc100us,100.0,5.437,1.0,27.43339830432224,0.9249776330930897,7.504300359171423,12.911749357161563,0.11758756837904422,9.422120008455401,636.7993609310438,0.3333333333333333,0.1,gauss_additive,2.0,mean,-0.3240402815371197,0.56,0.6706639991248462,1.5757008838836084,1.5757008838836084,0.6497018029852667,1.032264334258058,1.00651640096071,1.0560295072559485,0.42562900483489596,0.39244728718194033,0.46571735206942644,0.42562900483489596,0.39244728718194033,0.46571735206942644,4.974995007273436,0.13480696928224778,0.12382998715304196,0.14784096825901338,0.6609672506679615,1.0146705429763507,0.9909145078392615,1.0587088848611814,0.6706639991248462,1.0,1.0000000000000573,1.0000000000001652
paper_noise_tau,ideal,nv_charge_readout_master_v1_4,thin_all_counts,5,tc100us,100.0,5.437,1.0,27.43339830432224,0.9249776330930897,7.504300359171423,12.911749357161563,0.11758756837904422,9.422120008455401,636.7993609310438,0.3333333333333333,0.1,gauss_additive,2.0,mean,-0.3240402815371197,0.57,0.8115942812461195,1.5757008838836084,1.5757008838836084,0.7721248536228096,1.0511179344093373,1.0308396474666928,1.0688180656575288,0.5150687478487631,0.4737953144548766,0.5507687132544435,0.5150687478487631,0.4737953144548766,0.5507687132544435,4.974995007273436,0.16313469260965485,0.1497177918317152,0.17516536864208748,0.7772302572756522,1.0442134408031414,1.0280176685591416,1.067744110608757,0.8115942812461195,1.0,1.000000000000065,1.0000000000001394
paper_noise_tau,ideal,nv_charge_readout_master_v1_4,thin_all_counts,5,tc100us,100.0,5.437,1.0,27.43339830432224,0.9249776330930897,7.504300359171423,12.911749357161563,0.11758756837904422,9.422120008455401,636.7993609310438,0.3333333333333333,0.1,gauss_additive,2.0,mean,-0.3240402815371197,0.58,0.9374664911633345,1.5757008838836084,1.5757008838836084,0.8811439840406278,1.0639197544814762,1.0411033394529792,1.088253541097082,0.5949520627625553,0.5544716967567718,0.6379019654231756,0.5949520627625553,0.5544716967567718,0.6379019654231756,4.974995007273436,0.1884356647178057,0.17524142594763953,0.20249648510118265,0.8948984595273192,1.0475674431918225,1.033346952962181,1.0665550880933063,0.9374664911633345,1.0,0.9999999999999931,1.0000000000001015
paper_noise_tau,ideal,nv_charge_readout_master_v1_4,thin_all_counts,5,tc100us,100.0,5.437,1.0,27.43339830432224,0.9249776330930897,7.504300359171423,12.911749357161563,0.11758756837904422,9.422120008455401,636.7993609310438,0.3333333333333333,0.1,gauss_additive,2.0,mean,-0.3240402815371197,0.59,1.0841001342470888,1.5757008838836084,1.5757008838836084,1.0055559239779066,1.078110235737528,1.0548561743122293,1.1004649219131861,0.6880113766104656,0.6369917311083246,0.7374103426982179,0.6880113766104656,0.6369917311083246,0.7374103426982179,4.974995007273436,0.21790979340926692,0.20125575013766245,0.2341768875228313,1.0173788246421611,1.0655815788464,1.0516882219168495,1.0814739284372374,1.0841001342470888,1.0,0.9999999999999585,1.0000000000000748
paper_noise_tau,ideal,nv_charge_readout_master_v1_4,thin_all_counts,5,tc100us,100.0,5.437,1.0,27.43339830432224,0.9249776330930897,7.504300359171423,12.911749357161563,0.11758756837904422,9.422120008455401,636.7993609310438,0.3333333333333333,0.1,gauss_additive,2.0,mean,-0.3240402815371197,0.6,1.2360195977397272,1.5757008838836084,1.5757008838836084,1.1475340404757728,1.0771093093040343,0.7964732858850515,1.093128612268539,0.7844252740998194,0.7303849394909206,0.8379190313719398,0.7844252740998194,0.7303849394909206,0.8379190313719398,4.974995007273436,0.24844639963108872,0.23088827529500347,0.26591052755663835,1.158198237568244,1.0671917445970882,1.042151787711052,1.092187417610187,1.2360195977397272,1.0,0.9999999999999724,1.0000000000000824
paper_noise_tau,ideal,nv_charge_readout_master_v1_4,thin_all_counts,5,tc100us,100.0,5.437,1.0,27.43339830432224,0.9249776330930897,7.504300359171423,12.911749357161563,0.11758756837904422,9.422120008455401,636.7993609310438,0.3333333333333333,0.1,gauss_additive,2.0,mean,-0.3240402815371197,0.61,1.3988494629539046,1.5757008838836084,1.5757008838836084,1.5757008838836084,0.887763329488132,0.8255426732226354,0.9556031797186822,0.887763329488132,0.8252310437879377,0.9534817425137382,0.887763329488132,0.8252310437879377,0.9534817425137382,4.974995007273436,0.28117605362594106,0.26036854611391275,0.30358448568969243,1.299017650494327,1.076851775202275,1.0465672755701942,1.1117248222206553,1.3988494629539046,1.0,0.9999999999998652,0.9999999999999928
paper_noise_tau,ideal,nv_charge_readout_master_v1_4,thin_all_counts,5,tc100us,100.0,5.437,1.0,27.43339830432224,0.9249776330930897,7.504300359171423,12.911749357161563,0.11758756837904422,9.422120008455401,636.7993609310438,0.3333333333333333,0.1,gauss_additive,2.0,mean,-0.3240402815371197,0.62,1.5758387271067034,1.5757008838836084,1.5757008838836084,1.5757008838836084,1.0000874805773765,0.9318315158702284,1.0583864065041841,1.0000874805773765,0.9318315158702284,1.0583864065041841,1.0000874805773765,0.9318315158702284,1.0583864065041841,4.974995007273436,0.316751820816469,0.295134111727557,0.33643451269355534,1.4398370634204098,1.0944562875491024,1.0627551437136116,1.1226312593897823,1.5758387271067034,1.0,0.9999999999998589,1.0000000000000622
paper_noise_tau,ideal,nv_charge_readout_master_v1_4,thin_all_counts,5,tc100us,100.0,5.437,1.0,27.43339830432224,0.9249776330930897,7.504300359171423,12.911749357161563,0.11758756837904422,9.422120008455401,636.7993609310438,0.3333333333333333,0.1,gauss_additive,2.0,mean,-0.3240402815371197,0.63,1.7442710420508514,1.5757008838836084,1.7581112207701108,1.5757008838836084,1.1069810646750229,1.024078425378805,1.1122596301412049,1.1069810646750229,0.9967256249545707,1.110217895508357,0.9921278138972363,0.9876840086116343,1.1026168777383614,4.974995007273436,0.35060759649019335,0.32697548658627074,0.3696061818798473,1.5806564763464928,1.1035105148732476,1.0753639778034458,1.130102842699547,1.7442710420508514,1.0,1.000000000000006,1.0000000000001008
paper_noise_tau,ideal,nv_charge_readout_master_v1_4,thin_all_counts,5,tc100us,100.0,5.437,1.0,27.43339830432224,0.9249776330930897,7.504300359171423,12.911749357161563,0.11758756837904422,9.422120008455401,636.7993609310438,0.3333333333333333,0.1,gauss_additive,2.0,mean,-0.3240402815371197,0.64,1.9106968401478261,1.8584338589757246,1.8668759209222785,1.783732592817004,1.0711789692256004,1.035388638725639,1.114282264278224,1.0281220560633275,1.0068234143071892,1.052631152824606,1.0234728611229285,1.0031205254279025,1.0478801999892644,4.974995007273436,0.3840600517898792,0.3610092735133174,0.4055821547052584,1.7214758892725754,1.1099178629537516,1.0853887013547427,1.1368378203843235,1.9106968401478261,1.0,1.0000000000000246,1.000000000000103
paper_noise_tau,ideal,nv_charge_readout_master_v1_4,thin_all_counts,5,tc100us,100.0,5.437,1.0,27.43339830432224,0.9249776330930897,7.504300359171423,12.911749357161563,0.11758756837904422,9.422120008455401,636.7993609310438,0.3333333333333333,0.1,gauss_additive,2.0,mean,-0.3240402815371197,0.65,2.0975381203189563,1.974372856181336,1.9823692966323034,1.8476331435392697,1.1352568163509864,1.092596218957406,1.145616733068238,1.0623819679003468,1.0333375755980765,1.0911294627703163,1.0580965533931062,1.029812758176501,1.0867777787849815,4.974995007273436,0.42161612569507273,0.3972904160552145,0.4448901965954489,1.8622953021986586,1.1263187518341296,1.1018901502014415,1.1498675908614608,2.0975381203189563,1.0,0.9999999999998961,1.0000000000000604
paper_noise_tau,ideal,nv_charge_readout_master_v1_4,thin_all_counts,5,tc100us,100.0,5.437,1.0,27.43339830432224,0.9249776330930897,7.504300359171423,12.911749357161563,0.11758756837904422,9.422120008455401,636.7993609310438,0.3333333333333333,0.1,gauss_additive,2.0,mean,-0.3240402815371197,0.66,2.278823854356172,2.0975447452157967,2.105007614158444,2.111266141371408,1.0793636148950525,0.9226400125090299,1.1248893366948065,1.0864244300646493,1.0619056839167196,1.1110173159418235,1.0825727370431473,1.0571810259424212,1.1076654225254823,4.974995007273436,0.45805550578935955,0.4343368969851055,0.48125005025026396,2.0031147151247413,1.1376402145866427,1.1202845089989062,1.152085143303257,2.278823854356172,1.0,0.999999999999897,1.000000000000021
paper_noise_tau,ideal,nv_charge_readout_master_v1_4,thin_all_counts,5,tc100us,100.0,5.437,1.0,27.43339830432224,0.9249776330930897,7.504300359171423,12.911749357161563,0.11758756837904422,9.422120008455401,636.7993609310438,0.3333333333333333,0.1,gauss_additive,2.0,mean,-0.3240402815371197,0.67,2.4570430437471464,2.2284007523745624,2.2352328918696487,2.574500982829043,0.9543764248429901,0.9262984851463723,1.0610517124277814,1.1026037579322054,1.0773034737499403,1.136395066974685,1.099233575474082,1.0736283744835524,1.1336518533333209,4.974995007273436,0.4938784943813919,0.4692187145640268,0.5230142072352636,2.143934128050824,1.1460440932394635,1.1357092284761094,1.1585377114546005,2.4570430437471464,1.0,0.9999999999999859,1.0000000000000628
paper_noise_tau,ideal,nv_charge_readout_master_v1_4,thin_all_counts,5,tc100us,100.0,5.437,1.0,27.43339830432224,0.9249776330930897,7.504300359171423,12.911749357161563,0.11758756837904422,9.422120008455401,636.7993609310438,0.3333333333333333,0.1,gauss_additive,2.0,mean,-0.3240402815371197,0.68,2.686761443727367,2.36742025385143,2.3735144933874253,2.6291920059188807,1.0218962470899369,0.9734123731718736,1.0659107570300062,1.1348899458625554,1.095859431825102,1.1704010804633151,1.1319760006575241,1.0932101868290554,1.1680234356442436,4.974995007273436,0.5400530934803603,0.5075825886747265,0.5708970162954804,2.314525492627628,1.1608260320680883,1.147585214889808,1.1806145620638102,2.686761443727367,1.0,1.0000000000000036,1.0000000000000517
paper_noise_tau,ideal,nv_charge_readout_master_v1_4,thin_all_counts,5,tc100us,100.0,5.437,1.0,27.43339830432224,0.9249776330930897,7.504300359171423,12.911749357161563,0.11758756837904422,9.422120008455401,636.7993609310438,0.3333333333333333,0.1,gauss_additive,2.0,mean,-0.3240402815371197,0.69,2.922620317377118,2.51511253187905,2.5203508192866617,2.6850448495038592,1.088481005416784,1.0450930220215346,1.1327978382585975,1.1620236789936462,1.1295052888071124,1.191374747420369,1.1596085334676984,1.1277848750464976,1.1893938208046473,4.974995007273436,0.5874619598822213,0.5562064916298864,0.6190271459373511,2.498649562500211,1.1696799588225053,1.1498859536513524,1.1897396763467223,2.922620317377118,1.0,1.000000000000006,1.000000000000121
paper_noise_tau,ideal,nv_charge_readout_master_v1_4,thin_all_counts,5,tc100us,100.0,5.437,1.0,27.43339830432224,0.9249776330930897,7.504300359171423,12.911749357161563,0.11758756837904422,9.422120008455401,636.7993609310438,0.3333333333333333,0.1,gauss_additive,2.0,mean,-0.3240402815371197,0.7,3.1651471916658136,2.6720186404268347,2.6762711034527045,2.7420841945423295,1.1542851958978946,1.109997602670631,1.199888374240973,1.1845528110388501,1.1529133945554546,1.2145541584291577,1.1826706149397201,1.150629594377379,1.2124897376425905,4.974995007273436,0.6362111292651295,0.6028927933069007,0.6728840688450352,2.682773632372797,1.1798040481210403,1.1564550448515565,1.2050289216902592,3.1651471916658136,1.0,1.000000000000089,1.0000000000001503
paper_noise_tau,ideal,nv_charge_readout_master_v1_4,thin_all_counts,5,tc100us,100.0,5.437,1.0,27.43339830432224,0.9249776330930897,7.504300359171423,12.911749357161563,0.11758756837904422,9.422120008455401,636.7993609310438,0.3333333333333333,0.1,gauss_additive,2.0,mean,-0.3240402815371197,0.71,3.4314229126597584,2.838713387291019,2.841837320569184,2.805558026108731,1.2230803571791002,1.1800307553791298,1.2351963023167958,1.2087951281106126,1.1789368533580058,1.2338569549410803,1.2074663415189748,1.177907537155612,1.2321913812244092,4.974995007273436,0.6897339409673824,0.6537094667629886,0.727184746475932,2.8668977022453825,1.1969115291320769,1.1708384960452332,1.220424094569802,3.4314229126597584,1.0,1.0000000000000542,1.000000000000134
paper_noise_tau,ideal,nv_charge_readout_master_v1_4,thin_all_counts,5,tc100us,100.0,5.437,1.0,27.43339830432224,0.9249776330930897,7.504300359171423,12.911749357161563,0.11758756837904422,9.422120008455401,636.7993609310438,0.3333333333333333,0.1,gauss_additive,2.0,mean,-0.3240402815371197,0.72,3.704800012606633,3.01580743983807,3.0176462116116713,3.0230300995872774,1.2255253472707517,1.2146522347285356,1.2364432423639067,1.2284603995822616,1.204785303081619,1.2426840360005273,1.227711849835427,1.2041843309116198,1.2418864004077113,4.974995007273436,0.744684166956996,0.7082712859398861,0.7811723564013225,3.0510217721179678,1.2142817355363622,1.1932589690440036,1.229954527939396,3.704800012606633,1.0,0.9999999999999117,1.000000000000087
paper_noise_tau,ideal,nv_charge_readout_master_v1_4,thin_all_counts,5,tc100us,100.0,5.437,1.0,27.43339830432224,0.9249776330930897,7.504300359171423,12.911749357161563,0.11758756837904422,9.422120008455401,636.7993609310438,0.3333333333333333,0.1,gauss_additive,2.0,mean,-0.3240402815371197,0.73,3.983506031055699,3.203949562115565,3.2043314346475036,3.2514244850889904,1.2251571732094746,1.1172984451213253,1.2438948593424468,1.2433110927081492,0.9959520946595741,1.2506652873189419,1.2431629225314234,0.9959175321953129,1.2504662549032546,4.974995007273436,0.8007055334189921,0.7631339891987234,0.8433198846318712,3.2351458419905534,1.231321932801857,1.2147908490801158,1.24444325367754,3.983506031055699,1.0,0.9999999999998348,0.9999999999999601
paper_noise_tau,ideal,nv_charge_readout_master_v1_4,thin_all_counts,5,tc100us,100.0,5.437,1.0,27.43339830432224,0.9249776330930897,7.504300359171423,12.911749357161563,0.11758756837904422,9.422120008455401,636.7993609310438,0.3333333333333333,0.1,gauss_additive,2.0,mean,-0.3240402815371197,0.74,4.290482105321949,4.242719525200166,4.245661763385703,3.6870338793492983,1.1636676650443878,1.128715480087412,1.2118449782078593,1.0112575389059049,0.9986564303404214,1.0362344159578716,1.0105567387215755,0.9986631774506797,1.03441475746291,4.974995007273436,0.8624093288635004,0.8184921035361116,0.9100653711651507,3.463745693403545,1.2386827686261332,1.2244981870276548,1.2535892941326814,4.290482105321949,1.0,0.9999999999998518,1.0000000000000466
paper_noise_tau,ideal,nv_charge_readout_master_v1_4,thin_all_counts,5,tc100us,100.0,5.437,1.0,27.43339830432224,0.9249776330930897,7.504300359171423,12.911749357161563,0.11758756837904422,9.422120008455401,636.7993609310438,0.3333333333333333,0.1,gauss_additive,2.0,mean,-0.3240402815371197,0.75,4.63972249325495,4.481014622490968,4.488230726749588,3.773619529704636,1.2295151794537442,1.1835282838339662,1.2867542230395803,1.0354178426393432,1.01071988300257,1.0776604366935167,1.033753114696729,1.0101163168794736,1.0753579024567925,4.974995007273436,0.9326084722641292,0.8831110916682428,0.9960286523629691,3.7406887856213245,1.2403390816924902,1.2215384121069899,1.2719811976853226,4.63972249325495,1.0,0.9999999999999899,1.0000000000000646
paper_noise_tau,ideal,nv_charge_readout_master_v1_4,thin_all_counts,5,tc100us,100.0,5.437,1.0,27.43339830432224,0.9249776330930897,7.504300359171423,12.911749357161563,0.11758756837904422,9.422120008455401,636.7993609310438,0.3333333333333333,0.1,gauss_additive,2.0,mean,-0.3240402815371197,0.76,5.123980898032474,4.732693718666343,4.744658472387383,4.125139111897706,1.2421352975112798,1.2306027658065768,1.309849381048837,1.0826774776958088,1.0433808259536221,1.1318130819306853,1.0799472560254113,1.0416857670785709,1.1275090345824568,5.134811166909886,0.9978908145742135,0.9649515906598958,1.0138227191514004,4.017631877839103,1.2753734174342584,1.242900579241367,1.3087808609815574,5.123980898032474,1.0,1.000000000000037,1.0000000000000606
paper_noise_tau,ideal,nv_charge_readout_master_v1_4,thin_all_counts,5,tc100us,100.0,5.437,1.0,27.43339830432224,0.9249776330930897,7.504300359171423,12.911749357161563,0.11758756837904422,9.422120008455401,636.7993609310438,0.3333333333333333,0.1,gauss_additive,2.0,mean,-0.3240402815371197,0.77,5.682559486763802,4.998508534715008,5.015736799231038,4.532059978477769,1.2538579616663554,1.2387500915839653,1.3031126035452183,1.1368510121165165,1.0897429949485262,1.1888627683982238,1.132946108263694,1.0865111024440832,1.1834610648267625,5.679018971723351,1.0006234377905903,0.9776447173456617,1.0260092141085804,4.294574970056883,1.3231948508023217,1.2843107556867137,1.345135029391741,5.682559486763802,1.0,1.000000000000026,1.000000000000081
paper_noise_tau,ideal,nv_charge_readout_master_v1_4,thin_all_counts,5,tc100us,100.0,5.437,1.0,27.43339830432224,0.9249776330930897,7.504300359171423,12.911749357161563,0.11758756837904422,9.422120008455401,636.7993609310438,0.3333333333333333,0.1,gauss_additive,2.0,mean,-0.3240402815371197,0.78,6.279036844976317,5.279253012523171,5.30230274435365,4.708938490671598,1.3334293615036767,1.2753232575463183,1.3890253988919008,1.1893797910578467,1.1444448266817304,1.2419152856867368,1.1842094176276106,1.1382731962850192,1.2353294862474216,6.280904094201083,0.9997027101199507,0.9732253208290881,1.0330962481322281,4.932518628924837,1.2729879636247794,1.2133785285043635,1.3389109983007563,6.279036844976317,1.0,0.9999999999998873,1.0000000000000757
paper_noise_tau,ideal,nv_charge_readout_master_v1_4,thin_all_counts,5,tc100us,100.0,5.437,1.0,27.43339830432224,0.9249776330930897,7.504300359171423,12.911749357161563,0.11758756837904422,9.422120008455401,636.7993609310438,0.3333333333333333,0.1,gauss_additive,2.0,mean,-0.3240402815371197,0.79,6.999261877045102,5.57576568623865,5.60524116757691,4.999105614465819,1.4001028217510485,1.3505078013335101,1.4176610487067258,1.2553005759047107,1.194472535339551,1.3303733232570574,1.2486995060144421,1.1898729882767325,1.3221713220525366,6.946579406932413,1.0075839441294105,0.9698644471000201,1.0510621965079496,5.8001899211156225,1.2067297747551768,1.1663931663574343,1.25477138102692,6.999261877045102,1.0,0.9999999999998843,0.9999999999999986
paper_noise_tau,ideal,nv_charge_readout_master_v1_4,thin_all_counts,5,tc100us,100.0,5.437,1.0,27.43339830432224,0.9249776330930897,7.504300359171423,12.911749357161563,0.11758756837904422,9.422120008455401,636.7993609310438,0.3333333333333333,0.1,gauss_additive,2.0,mean,-0.3240402815371197,0.8,8.045648591378729,5.888932186824207,5.925487483745874,5.701206299815948,1.4112186383500043,1.2571004893075923,1.5050614449069883,1.366232168436227,1.2778893778917138,1.4858316633931927,1.3578036597745993,1.2720802398965791,1.4606782320923313,7.682805649169114,1.0472279215144347,0.9909497176343928,1.1234760317318044,6.667861213306408,1.2066310821411224,1.1500430364210257,1.2894008791440752,8.045648591378729,1.0,0.6802494689447877,1.0000000000001315
paper_noise_tau,ideal,nv_charge_readout_master_v1_4,thin_all_counts,5,tc100us,100.0,5.437,1.0,27.43339830432224,0.9249776330930897,7.504300359171423,12.911749357161563,0.11758756837904422,9.422120008455401,636.7993609310438,0.3333333333333333,0.1,gauss_additive,2.0,mean,-0.3240402815371197,0.81,10.199327830214687,11.250426730581944,10.296216422461479,6.321972986058831,1.613314048115386,1.1170224814313825,1.759553926480052,0.9065725304881046,0.8619777473820979,1.5513568922668157,0.9905898838688524,0.9259112001959788,1.5171831226763415,8.70664466263007,1.171441838437646,1.0244479649366312,1.711674142562395,7.535532505497194,1.3534979542287484,1.1907934792872745,2.0841974919543964,14.312354383051508,0.7126240419460679,0.6269225711215887,1.1090211849611196
paper_noise_tau,ideal,nv_charge_readout_master_v1_4,thin_all_counts,5,tc100us,100.0,5.437,1.0,27.43339830432224,0.9249776330930897,7.504300359171423,12.911749357161563,0.11758756837904422,9.422120008455401,636.7993609310438,0.3333333333333333,0.1,gauss_additive,2.0,mean,-0.3240402815371197,0.82,16.971794092633832,12.853399980527172,12.895081019550029,9.457674893725784,1.7944996294906383,1.688404848180299,1.9165580091553343,1.3204128182695631,1.2768696125570829,1.388992193771406,1.3161448204088957,1.0357534611936177,1.4001068350858672,11.82155322940069,1.4356653278373168,1.351057442899468,1.57009501290992,9.615647994483924,1.76501823926685,1.555865257393796,2.041900338864995,16.189783544270753,1.0483027179594269,0.8921915810347685,1.1015350636844308
paper_noise_tau,ideal,nv_charge_readout_master_v1_4,thin_all_counts,5,tc100us,100.0,5.437,1.0,27.43339830432224,0.9249776330930897,7.504300359171423,12.911749357161563,0.11758756837904422,9.422120008455401,636.7993609310438,0.3333333333333333,0.1,gauss_additive,2.0,mean,-0.3240402815371197,0.83,22.05667449260043,14.684766632924907,27.27444904188837,10.920045199014494,2.019833626200649,1.698530791514428,2.9033051624781883,1.5020105558332042,0.6516596493552163,1.5132934224103831,0.8086936773214215,0.6931784035628665,1.3984536499576192,13.921297781857662,1.5843834991695134,1.3683474360500167,2.222626499246762,12.381058029485768,1.7814854304108714,1.5458867499370825,2.474036579672093,24.195591965168916,0.9115988781903913,0.7948392885190344,1.2540388863181329
paper_noise_tau,ideal,nv_charge_readout_master_v1_4,thin_all_counts,5,tc100us,100.0,5.437,1.0,27.43339830432224,0.9249776330930897,7.504300359171423,12.911749357161563,0.11758756837904422,9.422120008455401,636.7993609310438,0.3333333333333333,0.1,gauss_additive,2.0,mean,-0.3240402815371197,0.84,nan,nan,34.11251971450802,21.614457395777233,nan,nan,nan,nan,nan,nan,nan,nan,nan,19.588548858984606,nan,nan,nan,16.38494070671494,nan,nan,nan,38.46804919138845,nan,nan,nan
paper_noise_tau,ideal,nv_charge_readout_master_v1_4,thin_all_counts,5,tc100us,100.0,5.437,1.0,27.43339830432224,0.9249776330930897,7.504300359171423,12.911749357161563,0.11758756837904422,9.422120008455401,636.7993609310438,0.3333333333333333,0.1,gauss_additive,2.0,mean,-0.3240402815371197,0.85,nan,nan,nan,nan,nan,nan,nan,nan,nan,nan,nan,nan,nan,nan,nan,nan,nan,nan,nan,nan,nan,nan,nan,nan,nan
paper_noise_tau,ideal,nv_charge_readout_master_v1_4,thin_all_counts,5,tc100us,100.0,5.437,1.0,27.43339830432224,0.9249776330930897,7.504300359171423,12.911749357161563,0.11758756837904422,9.422120008455401,636.7993609310438,0.3333333333333333,0.1,gauss_additive,2.0,mean,-0.3240402815371197,0.86,nan,nan,nan,nan,nan,nan,nan,nan,nan,nan,nan,nan,nan,nan,nan,nan,nan,nan,nan,nan,nan,nan,nan,nan,nan
paper_noise_tau,ideal,nv_charge_readout_master_v1_4,thin_all_counts,5,tc100us,100.0,5.437,1.0,27.43339830432224,0.9249776330930897,7.504300359171423,12.911749357161563,0.11758756837904422,9.422120008455401,636.7993609310438,0.3333333333333333,0.1,gauss_additive,2.0,mean,-0.3240402815371197,0.87,nan,nan,nan,nan,nan,nan,nan,nan,nan,nan,nan,nan,nan,nan,nan,nan,nan,nan,nan,nan,nan,nan,nan,nan,nan
paper_noise_tau,ideal,nv_charge_readout_master_v1_4,thin_all_counts,5,tc100us,100.0,5.437,1.0,27.43339830432224,0.9249776330930897,7.504300359171423,12.911749357161563,0.11758756837904422,9.422120008455401,636.7993609310438,0.3333333333333333,0.1,gauss_additive,2.0,mean,-0.3240402815371197,0.88,nan,nan,nan,nan,nan,nan,nan,nan,nan,nan,nan,nan,nan,nan,nan,nan,nan,nan,nan,nan,nan,nan,nan,nan,nan
paper_noise_tau,ideal,nv_charge_readout_master_v1_4,thin_all_counts,5,tc100us,100.0,5.437,1.0,27.43339830432224,0.9249776330930897,7.504300359171423,12.911749357161563,0.11758756837904422,9.422120008455401,636.7993609310438,0.3333333333333333,0.1,gauss_additive,2.0,mean,-0.3240402815371197,0.89,nan,nan,nan,nan,nan,nan,nan,nan,nan,nan,nan,nan,nan,nan,nan,nan,nan,nan,nan,nan,nan,nan,nan,nan,nan
paper_noise_tau,ideal,nv_charge_readout_master_v1_4,thin_all_counts,5,tc100us,100.0,5.437,1.0,27.43339830432224,0.9249776330930897,7.504300359171423,12.911749357161563,0.11758756837904422,9.422120008455401,636.7993609310438,0.3333333333333333,0.1,gauss_additive,2.0,mean,-0.3240402815371197,0.9,nan,nan,nan,nan,nan,nan,nan,nan,nan,nan,nan,nan,nan,nan,nan,nan,nan,nan,nan,nan,nan,nan,nan,nan,nan
paper_noise_tau,ideal,nv_charge_readout_master_v1_4,thin_all_counts,5,tc100us,100.0,5.437,1.0,27.43339830432224,0.9249776330930897,7.504300359171423,12.911749357161563,0.11758756837904422,9.422120008455401,636.7993609310438,0.3333333333333333,0.1,gauss_additive,2.0,mean,-0.3240402815371197,0.91,nan,nan,nan,nan,nan,nan,nan,nan,nan,nan,nan,nan,nan,nan,nan,nan,nan,nan,nan,nan,nan,nan,nan,nan,nan
paper_noise_tau,ideal,nv_charge_readout_master_v1_4,thin_all_counts,5,tc100us,100.0,5.437,1.0,27.43339830432224,0.9249776330930897,7.504300359171423,12.911749357161563,0.11758756837904422,9.422120008455401,636.7993609310438,0.3333333333333333,0.1,gauss_additive,2.0,mean,-0.3240402815371197,0.92,nan,nan,nan,nan,nan,nan,nan,nan,nan,nan,nan,nan,nan,nan,nan,nan,nan,nan,nan,nan,nan,nan,nan,nan,nan
paper_noise_tau,ideal,nv_charge_readout_master_v1_4,thin_all_counts,5,tc100us,100.0,5.437,1.0,27.43339830432224,0.9249776330930897,7.504300359171423,12.911749357161563,0.11758756837904422,9.422120008455401,636.7993609310438,0.3333333333333333,0.1,gauss_additive,2.0,mean,-0.3240402815371197,0.93,nan,nan,nan,nan,nan,nan,nan,nan,nan,nan,nan,nan,nan,nan,nan,nan,nan,nan,nan,nan,nan,nan,nan,nan,nan
paper_noise_tau,ideal,nv_charge_readout_master_v1_4,thin_all_counts,5,tc100us,100.0,5.437,1.0,27.43339830432224,0.9249776330930897,7.504300359171423,12.911749357161563,0.11758756837904422,9.422120008455401,636.7993609310438,0.3333333333333333,0.1,gauss_additive,2.0,mean,-0.3240402815371197,0.94,nan,nan,nan,nan,nan,nan,nan,nan,nan,nan,nan,nan,nan,nan,nan,nan,nan,nan,nan,nan,nan,nan,nan,nan,nan
paper_noise_tau,ideal,nv_charge_readout_master_v1_4,thin_all_counts,5,tc100us,100.0,5.437,1.0,27.43339830432224,0.9249776330930897,7.504300359171423,12.911749357161563,0.11758756837904422,9.422120008455401,636.7993609310438,0.3333333333333333,0.1,gauss_additive,2.0,mean,-0.3240402815371197,0.95,nan,nan,nan,nan,nan,nan,nan,nan,nan,nan,nan,nan,nan,nan,nan,nan,nan,nan,nan,nan,nan,nan,nan,nan,nan
paper_noise_tau,ideal,nv_charge_readout_master_v1_4,thin_all_counts,5,tc100us,100.0,5.437,1.0,27.43339830432224,0.9249776330930897,7.504300359171423,12.911749357161563,0.11758756837904422,9.422120008455401,636.7993609310438,0.3333333333333333,0.1,gauss_additive,2.0,mean,-0.3240402815371197,0.96,nan,nan,nan,nan,nan,nan,nan,nan,nan,nan,nan,nan,nan,nan,nan,nan,nan,nan,nan,nan,nan,nan,nan,nan,nan
paper_noise_tau,ideal,nv_charge_readout_master_v1_4,thin_all_counts,5,tc100us,100.0,5.437,1.0,27.43339830432224,0.9249776330930897,7.504300359171423,12.911749357161563,0.11758756837904422,9.422120008455401,636.7993609310438,0.3333333333333333,0.1,gauss_additive,2.0,mean,-0.3240402815371197,0.97,nan,nan,nan,nan,nan,nan,nan,nan,nan,nan,nan,nan,nan,nan,nan,nan,nan,nan,nan,nan,nan,nan,nan,nan,nan
paper_noise_tau,ideal,nv_charge_readout_master_v1_4,thin_all_counts,5,tc100us,100.0,5.437,1.0,27.43339830432224,0.9249776330930897,7.504300359171423,12.911749357161563,0.11758756837904422,9.422120008455401,636.7993609310438,0.3333333333333333,0.1,gauss_additive,2.0,mean,-0.3240402815371197,0.98,nan,nan,nan,nan,nan,nan,nan,nan,nan,nan,nan,nan,nan,nan,nan,nan,nan,nan,nan,nan,nan,nan,nan,nan,nan
paper_noise_tau,ideal,nv_charge_readout_master_v1_4,thin_all_counts,5,tc100us,100.0,5.437,1.0,27.43339830432224,0.9249776330930897,7.504300359171423,12.911749357161563,0.11758756837904422,9.422120008455401,636.7993609310438,0.3333333333333333,0.1,gauss_additive,2.0,mean,-0.3240402815371197,0.99,nan,nan,nan,nan,nan,nan,nan,nan,nan,nan,nan,nan,nan,nan,nan,nan,nan,nan,nan,nan,nan,nan,nan,nan,nan
