experiment,detector,physics_layer,efficiency_model,point_index,point,sweep_value,power_uw,detection_efficiency,photons_per_bright_dwell,contrast,switching_ratio,snr_per_bright_dwell,p_bright_stationary,gamma_tot_khz,horizon_us,noise_sigma,noise_tau_c_ms,noise_kind,noise_photon_order,noise_renormalise,q_excess_finest_bin,target_fidelity,t_threshold_us,t_adaptive_count_us,t_fixed_count_mmpp_us,t_adaptive_mmpp_us,speedup_mmpp,speedup_mmpp_ci_low,speedup_mmpp_ci_high,speedup_count,speedup_count_ci_low,speedup_count_ci_high,speedup_fixed_count_mmpp,speedup_fixed_count_mmpp_ci_low,speedup_fixed_count_mmpp_ci_high,t_learned_us,speedup_learned,speedup_learned_ci_low,speedup_learned_ci_high,t_optimal_us,speedup_optimal,speedup_optimal_ci_low,speedup_optimal_ci_high,t_hmm_us,speedup_hmm,speedup_hmm_ci_low,speedup_hmm_ci_high
noise,ideal,nv_charge_readout_master_v1_4,thin_all_counts,0,sigma0,0.0,5.437,1.0,27.43339830432224,0.9249776330930897,7.504300359171423,12.911749357161563,0.11758756837904422,9.422120008455401,636.7993609310438,0.0,0.1,off,2.1054086423165375,mean,0.030417556651362254,0.55,0.45049609642541066,1.5861166916547633,1.5861166916547633,0.4371863632243957,1.0304440721866328,1.0216902340938008,1.1013180217906053,0.2840245606112481,0.2763327649882138,0.3032124872993333,0.2840245606112481,0.2763327649882138,0.3032124872993333,4.974995007273436,0.09055207005570579,0.08812669685752093,0.096812215529997,0.44058787882439776,1.0224886295724944,1.0058506627323143,1.0693460784914135,0.45049609642541066,1.0,0.9999999999999905,0.999999999999992
noise,ideal,nv_charge_readout_master_v1_4,thin_all_counts,0,sigma0,0.0,5.437,1.0,27.43339830432224,0.9249776330930897,7.504300359171423,12.911749357161563,0.11758756837904422,9.422120008455401,636.7993609310438,0.0,0.1,off,2.1054086423165375,mean,0.030417556651362254,0.56,0.5419305763207105,1.5861166916547633,1.5861166916547633,0.516570495342312,1.049093165806137,1.0251464116026283,1.0726018245942324,0.3416713153401881,0.3182266956150241,0.36488007144951473,0.3416713153401881,0.3182266956150241,0.36488007144951473,4.974995007273436,0.10893087842870369,0.10132062406751406,0.11669404354507794,0.5304372771060424,1.0216675933436903,1.0076340140820839,1.0425885239478627,0.5419305763207105,1.0,0.9999999999999981,1.0000000000000542
noise,ideal,nv_charge_readout_master_v1_4,thin_all_counts,0,sigma0,0.0,5.437,1.0,27.43339830432224,0.9249776330930897,7.504300359171423,12.911749357161563,0.11758756837904422,9.422120008455401,636.7993609310438,0.0,0.1,off,2.1054086423165375,mean,0.030417556651362254,0.57,0.6434303173457581,1.5861166916547633,1.5861166916547633,0.6103691677163245,1.0541658251728716,1.0361526504842558,1.072188548470836,0.4056639216591815,0.37959985751063124,0.428378648193639,0.4056639216591815,0.37959985751063124,0.428378648193639,4.974995007273436,0.12933285689836146,0.12073859011929616,0.13685912121081428,0.627349236824216,1.025633378631252,1.006420447911915,1.04619077511888,0.6434303173457581,1.0,1.000000000000056,1.0000000000001223
noise,ideal,nv_charge_readout_master_v1_4,thin_all_counts,0,sigma0,0.0,5.437,1.0,27.43339830432224,0.9249776330930897,7.504300359171423,12.911749357161563,0.11758756837904422,9.422120008455401,636.7993609310438,0.0,0.1,off,2.1054086423165375,mean,0.030417556651362254,0.58,0.742009644444095,1.5861166916547633,1.5861166916547633,0.7040720652321227,1.0538830910717425,1.0375906591125401,1.0789961892466062,0.467815292751236,0.4409639699090836,0.4991319548031978,0.467815292751236,0.4409639699090836,0.4991319548031978,4.974995007273436,0.14914781690419346,0.1400910479382843,0.15958291453448326,0.7242611965423905,1.0245055899535074,1.0063405111591184,1.0468107550833647,0.742009644444095,1.0,1.0000000000000846,1.0000000000001696
noise,ideal,nv_charge_readout_master_v1_4,thin_all_counts,0,sigma0,0.0,5.437,1.0,27.43339830432224,0.9249776330930897,7.504300359171423,12.911749357161563,0.11758756837904422,9.422120008455401,636.7993609310438,0.0,0.1,off,2.1054086423165375,mean,0.030417556651362254,0.59,0.8593422554469733,1.5861166916547633,1.5861166916547633,0.7962565721346176,1.07922783374112,1.0565211756956687,1.0988587980431759,0.5417900586812683,0.5124362106236,0.5718899071947747,0.5417900586812683,0.5124362106236,0.5718899071947747,4.974995007273436,0.17273228499538515,0.16298790881059746,0.18296534912896364,0.8224804734794093,1.0448178201868117,1.0358261945923868,1.0584874597342206,0.8593422554469733,1.0,1.0000000000000666,1.0000000000000988
noise,ideal,nv_charge_readout_master_v1_4,thin_all_counts,0,sigma0,0.0,5.437,1.0,27.43339830432224,0.9249776330930897,7.504300359171423,12.911749357161563,0.11758756837904422,9.422120008455401,636.7993609310438,0.0,0.1,off,2.1054086423165375,mean,0.030417556651362254,0.6,0.9761166513915961,1.5861166916547633,1.5861166916547633,0.9005108425350499,1.083958799034231,1.0655420654071979,1.1001966322545984,0.6154128864082714,0.5820513995644374,0.6495508209727247,0.6154128864082714,0.5820513995644374,0.6495508209727247,4.974995007273436,0.19620454894216274,0.18495784696183243,0.2076866000372275,0.9269225803781267,1.053072470187749,1.0411441249836069,1.0742403486720753,0.9761166513915961,1.0,0.9999999999999637,1.0000000000000981
noise,ideal,nv_charge_readout_master_v1_4,thin_all_counts,0,sigma0,0.0,5.437,1.0,27.43339830432224,0.9249776330930897,7.504300359171423,12.911749357161563,0.11758756837904422,9.422120008455401,636.7993609310438,0.0,0.1,off,2.1054086423165375,mean,0.030417556651362254,0.61,1.096911652865467,1.5861166916547633,1.5861166916547633,1.0184151765922114,1.0770770880849576,1.064849631194853,1.0932173771369607,0.6915705878620326,0.658407865145043,0.7258848730787245,0.6915705878620326,0.658407865145043,0.7258848730787245,4.974995007273436,0.2204849756154094,0.20943231371297277,0.23222614538108663,1.0318098262567785,1.0630947922301401,1.0566642724663142,1.0838198269264832,1.096911652865467,1.0,0.9999999999999625,1.0000000000000662
noise,ideal,nv_charge_readout_master_v1_4,thin_all_counts,0,sigma0,0.0,5.437,1.0,27.43339830432224,0.9249776330930897,7.504300359171423,12.911749357161563,0.11758756837904422,9.422120008455401,636.7993609310438,0.0,0.1,off,2.1054086423165375,mean,0.030417556651362254,0.62,1.2182954781651276,1.5861166916547633,1.5861166916547633,1.1179900044058293,1.0897194727716792,1.0765763190999074,1.1052018627041278,0.7680995254479699,0.7343948772703841,0.8036423011283597,0.7680995254479699,0.7343948772703841,0.8036423011283597,4.974995007273436,0.24488375895533188,0.23341388683879002,0.25706417636683854,1.1374846257153146,1.071043467861374,1.059223356172289,1.0892349023801386,1.2182954781651276,1.0,1.000000000000005,1.0000000000000842
noise,ideal,nv_charge_readout_master_v1_4,thin_all_counts,0,sigma0,0.0,5.437,1.0,27.43339830432224,0.9249776330930897,7.504300359171423,12.911749357161563,0.11758756837904422,9.422120008455401,636.7993609310438,0.0,0.1,off,2.1054086423165375,mean,0.030417556651362254,0.63,1.3454342156264851,1.5861166916547633,1.5861166916547633,1.21649141362539,1.1059956532013815,1.0914351140356764,1.1192834609184155,0.8482567661669463,0.8138601273399003,0.8785013920342964,0.8482567661669463,0.8138601273399003,0.8785013920342964,4.974995007273436,0.2704393097198012,0.25853759798382847,0.2809527575348524,1.2431594251738507,1.08227005191899,1.0725192605882488,1.094055110212271,1.3454342156264851,1.0,0.9999999999999222,0.9999999999999994
noise,ideal,nv_charge_readout_master_v1_4,thin_all_counts,0,sigma0,0.0,5.437,1.0,27.43339830432224,0.9249776330930897,7.504300359171423,12.911749357161563,0.11758756837904422,9.422120008455401,636.7993609310438,0.0,0.1,off,2.1054086423165375,mean,0.030417556651362254,0.64,1.4580891191521501,1.5861166916547633,1.5861166916547633,1.3236713687890136,1.1015491862501425,1.0899611952147632,1.114146162827033,0.919282374886904,0.8890302538033443,0.9574931650713177,0.919282374886904,0.8890302538033443,0.9574931650713177,4.974995007273436,0.2930835341584114,0.28273378906672075,0.30634276935645394,1.3488342246323868,1.0809994975843231,1.0710316365203014,1.0880114278030988,1.4580891191521501,1.0,0.9999999999998562,0.9999999999999163
noise,ideal,nv_charge_readout_master_v1_4,thin_all_counts,0,sigma0,0.0,5.437,1.0,27.43339830432224,0.9249776330930897,7.504300359171423,12.911749357161563,0.11758756837904422,9.422120008455401,636.7993609310438,0.0,0.1,off,2.1054086423165375,mean,0.030417556651362254,0.65,1.5830294431723424,1.5861166916547633,1.5861166916547633,1.440294500172551,1.0991012206064048,1.0077806559999236,1.110236286007515,0.9980535804845481,0.9617935175979939,1.0380522491418553,0.9980535804845481,0.9617935175979939,1.0380522491418553,4.974995007273436,0.3181971923304356,0.30552530992815985,0.3320477791145522,1.4764735457409215,1.0721691883601945,1.0605934129335834,1.0842167303570736,1.5830294431723424,1.0,0.9999999999998781,1.0000000000000362
noise,ideal,nv_charge_readout_master_v1_4,thin_all_counts,0,sigma0,0.0,5.437,1.0,27.43339830432224,0.9249776330930897,7.504300359171423,12.911749357161563,0.11758756837904422,9.422120008455401,636.7993609310438,0.0,0.1,off,2.1054086423165375,mean,0.030417556651362254,0.66,1.7200076775238327,1.5861166916547633,1.5861166916547633,1.5861166916547633,1.0844143350697506,1.0457578825394747,1.1044819775093784,1.0844143350697506,0.9983592785855285,1.1024582244074335,1.0844143350697506,0.9983592785855285,1.1024582244074335,4.974995007273436,0.345730533399367,0.33231531799815217,0.36115943739751694,1.6066668809948053,1.0705440548191607,1.054159316679435,1.087312652233338,1.7200076775238327,1.0,1.000000000000038,1.0000000000000997
noise,ideal,nv_charge_readout_master_v1_4,thin_all_counts,0,sigma0,0.0,5.437,1.0,27.43339830432224,0.9249776330930897,7.504300359171423,12.911749357161563,0.11758756837904422,9.422120008455401,636.7993609310438,0.0,0.1,off,2.1054086423165375,mean,0.030417556651362254,0.67,1.862682302584016,1.8255985089568545,1.8255985089568545,1.7642214965500342,1.0558097757149676,1.0458423771406893,1.1137158519684474,1.0203132251944877,1.0043124974803115,1.041834583078984,1.0203132251944877,1.0043124974803115,1.041834583078984,4.974995007273436,0.37440887877490875,0.3593627882864701,0.39196830767029167,1.7368602162486888,1.0724422640107911,1.0551892584075944,1.0926436065754934,1.862682302584016,1.0,1.000000000000083,1.0000000000001028
noise,ideal,nv_charge_readout_master_v1_4,thin_all_counts,0,sigma0,0.0,5.437,1.0,27.43339830432224,0.9249776330930897,7.504300359171423,12.911749357161563,0.11758756837904422,9.422120008455401,636.7993609310438,0.0,0.1,off,2.1054086423165375,mean,0.030417556651362254,0.68,2.0180203444004023,1.9250945395329078,1.9250945395329078,1.8285673857726472,1.1036073158155466,1.0783432314547567,1.1231383415224165,1.0482707747381805,1.0285271574151411,1.0705957593094675,1.0482707747381805,1.0285271574151411,1.0705957593094675,4.974995007273436,0.4056326371081899,0.38894480197908854,0.4255228883074433,1.8670535515025724,1.0808583089522712,1.061170956028802,1.1013101767904874,2.0180203444004023,1.0,0.9999999999999423,1.0000000000000964
noise,ideal,nv_charge_readout_master_v1_4,thin_all_counts,0,sigma0,0.0,5.437,1.0,27.43339830432224,0.9249776330930897,7.504300359171423,12.911749357161563,0.11758756837904422,9.422120008455401,636.7993609310438,0.0,0.1,off,2.1054086423165375,mean,0.030417556651362254,0.69,2.186096039251012,2.0300131534709758,2.0300131534709758,1.930078947319378,1.1326459170425165,1.1202646481563738,1.1395834045854334,1.0768876228773006,1.0527944393206217,1.0947796274293755,1.0768876228773006,1.0527944393206217,1.0947796274293755,4.974995007273436,0.4394167302791143,0.4215571881341146,0.45800705409452236,1.9972468867564546,1.0945547361955086,1.0735655324534505,1.1109392361309802,2.186096039251012,1.0,0.9999999999998928,0.999999999999964
noise,ideal,nv_charge_readout_master_v1_4,thin_all_counts,0,sigma0,0.0,5.437,1.0,27.43339830432224,0.9249776330930897,7.504300359171423,12.911749357161563,0.11758756837904422,9.422120008455401,636.7993609310438,0.0,0.1,off,2.1054086423165375,mean,0.030417556651362254,0.7,2.341354669980072,2.1406498842727273,2.1406498842727273,2.0596001952239034,1.1368005671244066,1.1253362891727527,1.1464600888983374,1.093758809967905,1.0732045730924884,1.1130024046667484,1.093758809967905,1.0732045730924884,1.1130024046667484,4.974995007273436,0.47062452656877335,0.45354728930676824,0.49030710322661447,2.127440222010338,1.1005501568300677,1.0862687466462162,1.1162796650644728,2.341354669980072,1.0,0.9999999999999388,1.000000000000047
noise,ideal,nv_charge_readout_master_v1_4,thin_all_counts,0,sigma0,0.0,5.437,1.0,27.43339830432224,0.9249776330930897,7.504300359171423,12.911749357161563,0.11758756837904422,9.422120008455401,636.7993609310438,0.0,0.1,off,2.1054086423165375,mean,0.030417556651362254,0.71,2.5139954759642444,2.2573163721632787,2.2573163721632787,2.197813187930912,1.1438622216708945,1.1275720606948652,1.1582263885090842,1.1137098489898336,1.088281265065419,1.1404187138354192,1.1137098489898336,1.088281265065419,1.1404187138354192,4.974995007273436,0.5053262309386817,0.4847568665882804,0.529060599652335,2.2576335572642217,1.11355337887991,1.096164320496505,1.1301144820592792,2.5139954759642444,1.0,1.0000000000000249,1.0000000000000626
noise,ideal,nv_charge_readout_master_v1_4,thin_all_counts,0,sigma0,0.0,5.437,1.0,27.43339830432224,0.9249776330930897,7.504300359171423,12.911749357161563,0.11758756837904422,9.422120008455401,636.7993609310438,0.0,0.1,off,2.1054086423165375,mean,0.030417556651362254,0.72,2.72156300555194,2.3803412419156733,2.3803412419156733,2.3453011998369506,1.1604321891538485,1.1456160336988068,1.1758541104053502,1.1433499355586743,1.1157110135778041,1.1697094783369808,1.1433499355586743,1.1157110135778041,1.1697094783369808,4.974995007273436,0.5470483893095407,0.5231311890222985,0.5720589614267556,2.387826892518105,1.139765622909913,1.1224333803401354,1.1517687446796268,2.72156300555194,1.0,1.0000000000000038,1.0000000000000389
noise,ideal,nv_charge_readout_master_v1_4,thin_all_counts,0,sigma0,0.0,5.437,1.0,27.43339830432224,0.9249776330930897,7.504300359171423,12.911749357161563,0.11758756837904422,9.422120008455401,636.7993609310438,0.0,0.1,off,2.1054086423165375,mean,0.030417556651362254,0.73,2.920761245829603,2.510071028517224,2.510071028517224,2.5026866469642575,1.167050317454831,1.156631909225539,1.17778602612628,1.1636169704548107,1.1393670964551725,1.185276840260008,1.1636169704548107,1.1393670964551725,1.185276840260008,4.974995007273436,0.587088276784088,0.5650668709134963,0.6115765759505212,2.5357022343727076,1.1518549797516557,1.1423021520694094,1.160580707080699,2.920761245829603,1.0,1.0000000000000127,1.0000000000001061
noise,ideal,nv_charge_readout_master_v1_4,thin_all_counts,0,sigma0,0.0,5.437,1.0,27.43339830432224,0.9249776330930897,7.504300359171423,12.911749357161563,0.11758756837904422,9.422120008455401,636.7993609310438,0.0,0.1,off,2.1054086423165375,mean,0.030417556651362254,0.74,3.1217721582872153,2.646871153285138,2.646871153285138,2.6529995560387527,1.1766953187690679,1.1685323822475,1.1853879747854306,1.1794197667735578,1.1564008141151447,1.2035345675169402,1.1794197667735578,1.1564008141151447,1.2035345675169402,4.974995007273436,0.6274925208413654,0.6036971108934992,0.6560991738587345,2.7044744931190676,1.1542989834919384,1.1406918523302385,1.1688217901638172,3.1217721582872153,1.0,1.000000000000091,1.0000000000001505
noise,ideal,nv_charge_readout_master_v1_4,thin_all_counts,0,sigma0,0.0,5.437,1.0,27.43339830432224,0.9249776330930897,7.504300359171423,12.911749357161563,0.11758756837904422,9.422120008455401,636.7993609310438,0.0,0.1,off,2.1054086423165375,mean,0.030417556651362254,0.75,3.3475585926363824,2.7911269531809273,2.7911269531809273,2.8075820583698152,1.1923279615841744,1.182009691090456,1.199410920471983,1.199357338017647,1.1745859172247983,1.2210163080274108,1.199357338017647,1.1745859172247983,1.2210163080274108,4.974995007273436,0.6728767742967091,0.6441221809721314,0.7037276120957527,2.8732467518654277,1.1650787007635222,1.1473059987704675,1.1808819613142407,3.3475585926363824,1.0,1.0000000000000906,1.000000000000142
noise,ideal,nv_charge_readout_master_v1_4,thin_all_counts,0,sigma0,0.0,5.437,1.0,27.43339830432224,0.9249776330930897,7.504300359171423,12.911749357161563,0.11758756837904422,9.422120008455401,636.7993609310438,0.0,0.1,off,2.1054086423165375,mean,0.030417556651362254,0.76,3.587801423556298,2.9432447662229726,2.9432447662229726,3.316512644514032,1.0817994104412703,1.0635255536998656,1.2068353387121535,1.2189952615325557,1.19737133156872,1.2319332978584039,1.2189952615325557,1.19737133156872,1.2319332978584039,4.974995007273436,0.7211668390241471,0.6899274573981403,0.7463717430063477,3.0420190106117877,1.1794145306260748,1.1607402088347327,1.1927099728208401,3.587801423556298,1.0,1.0000000000000024,1.0000000000001024
noise,ideal,nv_charge_readout_master_v1_4,thin_all_counts,0,sigma0,0.0,5.437,1.0,27.43339830432224,0.9249776330930897,7.504300359171423,12.911749357161563,0.11758756837904422,9.422120008455401,636.7993609310438,0.0,0.1,off,2.1054086423165375,mean,0.030417556651362254,0.77,3.7894404496433722,3.103653076054611,3.103653076054611,3.316512644514032,1.1425979201109417,1.10764538213511,1.1772888331772666,1.2209613499910046,1.2109676610375777,1.2307406620116703,1.2209613499910046,1.2109676610375777,1.2307406620116703,4.974995007273436,0.7616973372040003,0.7361227003704436,0.7886455500107505,3.2107912693581473,1.1802201176412503,1.165600771043607,1.1931509242008034,3.7894404496433722,1.0,0.9999999999998928,1.0000000000000298
noise,ideal,nv_charge_readout_master_v1_4,thin_all_counts,0,sigma0,0.0,5.437,1.0,27.43339830432224,0.9249776330930897,7.504300359171423,12.911749357161563,0.11758756837904422,9.422120008455401,636.7993609310438,0.0,0.1,off,2.1054086423165375,mean,0.030417556651362254,0.78,4.002411846740277,3.2728037188917596,3.2728037188917596,3.316512644514032,1.2068133837393376,1.1701422938563528,1.221899253049541,1.222930609506756,0.9978556996801896,1.2296841129055625,1.222930609506756,0.9978556996801896,1.2296841129055625,4.974995007273436,0.8045057011893996,0.7763425920473401,0.8377331142833558,3.3795635281045073,1.184298449624087,1.1684426859937085,1.200561327085756,4.002411846740277,1.0,0.9999999999998346,0.9999999999999245
noise,ideal,nv_charge_readout_master_v1_4,thin_all_counts,0,sigma0,0.0,5.437,1.0,27.43339830432224,0.9249776330930897,7.504300359171423,12.911749357161563,0.11758756837904422,9.422120008455401,636.7993609310438,0.0,0.1,off,2.1054086423165375,mean,0.030417556651362254,0.79,4.274971631679616,4.20416129585925,4.20416129585925,3.520042738795728,1.2144658314978765,1.137315821820673,1.2332693839162652,1.0168429160627372,1.0049074492651373,1.044833269274057,1.0168429160627372,1.0049074492651373,1.044833269274057,4.974995007273436,0.8592916425905178,0.822746552366259,0.8969102591819783,3.5483357868508674,1.204782153797692,1.1852571024230507,1.2205950586501395,4.274971631679616,1.0,0.9999999999998597,1.000000000000019
noise,ideal,nv_charge_readout_master_v1_4,thin_all_counts,0,sigma0,0.0,5.437,1.0,27.43339830432224,0.9249776330930897,7.504300359171423,12.911749357161563,0.11758756837904422,9.422120008455401,636.7993609310438,0.0,0.1,off,2.1054086423165375,mean,0.030417556651362254,0.8,4.577065740894864,4.388787419011474,4.388787419011474,3.8973663441592525,1.1743996680615452,1.1421235666606682,1.2292927396485265,1.0428998499831184,1.024162032150757,1.0612837840861962,1.0428998499831184,1.024162032150757,1.0612837840861962,4.974995007273436,0.92001413754249,0.8803249539862766,0.9582528178016628,3.717108045597227,1.2313512775923272,1.2139892776931471,1.2443875553911776,4.577065740894864,1.0,0.9999999999999842,1.0000000000000648
noise,ideal,nv_charge_readout_master_v1_4,thin_all_counts,0,sigma0,0.0,5.437,1.0,27.43339830432224,0.9249776330930897,7.504300359171423,12.911749357161563,0.11758756837904422,9.422120008455401,636.7993609310438,0.0,0.1,off,2.1054086423165375,mean,0.030417556651362254,0.81,4.876972100628516,4.581521415042837,4.581521415042837,3.9006380591398417,1.2503011114299523,1.2061085966235945,1.2661374402562138,1.0644874614392512,1.0469410745529908,1.084859069904467,1.0644874614392512,1.0469410745529908,1.084859069904467,4.974995007273436,0.9802968834136294,0.941112797869274,1.0001955280347823,3.909530404194718,1.2474572637664576,1.2359132225949816,1.2581084832952025,4.876972100628516,1.0,1.0000000000000415,1.0000000000000588
noise,ideal,nv_charge_readout_master_v1_4,thin_all_counts,0,sigma0,0.0,5.437,1.0,27.43339830432224,0.9249776330930897,7.504300359171423,12.911749357161563,0.11758756837904422,9.422120008455401,636.7993609310438,0.0,0.1,off,2.1054086423165375,mean,0.030417556651362254,0.82,5.197290116234713,4.782719341923365,4.782719341923365,4.251236872361642,1.2225359988815492,1.1871797610025323,1.23158224159815,1.0866809747077129,1.0652639025249397,1.1088536639602269,1.0866809747077129,1.0652639025249397,1.1088536639602269,5.204340237575826,0.9986453381179404,0.9896926645784716,1.0081086451917185,4.155702989726594,1.250640416093992,1.2365249361361834,1.2641676367079429,5.197290116234713,1.0,1.0000000000000369,1.0000000000000528
noise,ideal,nv_charge_readout_master_v1_4,thin_all_counts,0,sigma0,0.0,5.437,1.0,27.43339830432224,0.9249776330930897,7.504300359171423,12.911749357161563,0.11758756837904422,9.422120008455401,636.7993609310438,0.0,0.1,off,2.1054086423165375,mean,0.030417556651362254,0.83,5.549520517277589,4.992752893941021,4.992752893941021,4.478673670284694,1.2390991007221173,1.203408332994363,1.2788301081353965,1.1115151571014532,1.085659933260188,1.134091543790203,1.1115151571014532,1.085659933260188,1.134091543790203,5.529768595146661,1.0035719256223965,0.99164662838794,1.0152801144122021,4.4018755752584715,1.2607172607216934,1.2437804365352634,1.2754616968705437,5.549520517277589,1.0,1.000000000000048,1.000000000000078
noise,ideal,nv_charge_readout_master_v1_4,thin_all_counts,0,sigma0,0.0,5.437,1.0,27.43339830432224,0.9249776330930897,7.504300359171423,12.911749357161563,0.11758756837904422,9.422120008455401,636.7993609310438,0.0,0.1,off,2.1054086423165375,mean,0.030417556651362254,0.84,5.937516343947466,5.212010088371993,5.212010088371993,4.7029574320621155,1.2625069288250033,1.2470628958987955,1.3123134894493695,1.139198935396169,1.109429014278164,1.1693908537332278,1.139198935396169,1.109429014278164,1.1693908537332278,5.875546048102653,1.0105471551643823,0.9905140101074945,1.0290988000637178,4.64804816079035,1.2774214333738434,1.2558276773307018,1.2987502313821544,5.937516343947466,1.0,0.9999999999999906,1.0000000000000822
noise,ideal,nv_charge_readout_master_v1_4,thin_all_counts,0,sigma0,0.0,5.437,1.0,27.43339830432224,0.9249776330930897,7.504300359171423,12.911749357161563,0.11758756837904422,9.422120008455401,636.7993609310438,0.0,0.1,off,2.1054086423165375,mean,0.030417556651362254,0.85,6.408079363408575,5.440895982306214,5.440895982306214,4.815763181839246,1.3306466953304767,1.2732383542168384,1.3417949900076906,1.1777617848691906,1.1444457717703809,1.207014053064457,1.1777617848691906,1.1444457717703809,1.207014053064457,6.242945029141695,1.026451351645104,1.0054846269599396,1.049487621954442,4.894220746322228,1.3093155571750497,1.2844326930440735,1.3319233945216757,6.408079363408575,1.0,0.9999999999998881,1.0000000000000049
noise,ideal,nv_charge_readout_master_v1_4,thin_all_counts,0,sigma0,0.0,5.437,1.0,27.43339830432224,0.9249776330930897,7.504300359171423,12.911749357161563,0.11758756837904422,9.422120008455401,636.7993609310438,0.0,0.1,off,2.1054086423165375,mean,0.030417556651362254,0.86,6.942655030386578,5.6798334209523205,5.6798334209523205,5.488538484661493,1.2649369317148493,1.2391581392769835,1.322908255850474,1.2223342686029908,1.1871293921120916,1.2563398659516831,1.2223342686029908,1.1871293921120916,1.2563398659516831,6.633317536413609,1.046633904117338,1.0218963053918904,1.0703694713842762,5.140393331854106,1.350607741894803,1.3221906887727204,1.3742554083335592,6.942655030386578,1.0,0.9999999999998883,0.9999999999999551
noise,ideal,nv_charge_readout_master_v1_4,thin_all_counts,0,sigma0,0.0,5.437,1.0,27.43339830432224,0.9249776330930897,7.504300359171423,12.911749357161563,0.11758756837904422,9.422120008455401,636.7993609310438,0.0,0.1,off,2.1054086423165375,mean,0.030417556651362254,0.87,7.550696472213594,5.929263818804489,5.929263818804489,5.66485214156176,1.3329026572142657,1.2921689313281635,1.3858767385108621,1.2734627270702272,1.2424813616477852,1.3163198356904873,1.2734627270702272,1.2424813616477852,1.3163198356904873,7.0481001087625685,1.0713094813772823,1.0461547532960256,1.1000970480094527,5.479201347095176,1.3780651583860173,1.3635684610805592,1.3966912626014532,7.550696472213594,1.0,0.9999999999999558,1.0000000000000528
noise,ideal,nv_charge_readout_master_v1_4,thin_all_counts,0,sigma0,0.0,5.437,1.0,27.43339830432224,0.9249776330930897,7.504300359171423,12.911749357161563,0.11758756837904422,9.422120008455401,636.7993609310438,0.0,0.1,off,2.1054086423165375,mean,0.030417556651362254,0.88,8.295093119339297,6.189647975114289,6.189647975114289,5.905998687454592,1.4045199733890177,1.3646499501454954,1.4244157716580894,1.340155878442527,1.3048179750549347,1.3882967027576918,1.340155878442527,1.3048179750549347,1.3882967027576918,7.488819112072351,1.107663704410645,1.079475049097805,1.1446037293585993,5.9869327929824205,1.3855330277070064,1.3607556742443436,1.4197984104086763,8.295093119339297,1.0,1.0000000000000546,1.0000000000001326
noise,ideal,nv_charge_readout_master_v1_4,thin_all_counts,0,sigma0,0.0,5.437,1.0,27.43339830432224,0.9249776330930897,7.504300359171423,12.911749357161563,0.11758756837904422,9.422120008455401,636.7993609310438,0.0,0.1,off,2.1054086423165375,mean,0.030417556651362254,0.89,9.321630735681694,6.461466925174053,6.461466925174053,6.481134908086233,1.4382713626361174,1.3379549334911638,1.4588412228080554,1.4426492998616716,0.768821186173085,1.4536731740020372,1.4426492998616716,0.9735257383811828,1.4536731740020372,7.957096356167747,1.1714864717525084,1.135512686057585,1.2272959309826503,6.494664238869666,1.4352752340749235,1.3952084418885256,1.4961405697274557,9.321630735681694,1.0,0.9999999999999987,1.0000000000001197
noise,ideal,nv_charge_readout_master_v1_4,thin_all_counts,0,sigma0,0.0,5.437,1.0,27.43339830432224,0.9249776330930897,7.504300359171423,12.911749357161563,0.11758756837904422,9.422120008455401,636.7993609310438,0.0,0.1,off,2.1054086423165375,mean,0.030417556651362254,0.9,11.237814908216254,12.813828499201348,11.455354745155148,7.089181601696499,1.5852062395364444,1.4378256446804163,1.944241827826666,0.877006814077204,0.8152537654265422,1.1111188419467588,0.9810097686384702,0.935165169422254,1.1822433597880055,8.528846156368955,1.31762429550032,1.237944866449008,1.671793146127616,7.002395684756909,1.6048528838036349,1.50226731102401,2.01137621262687,11.237814908216254,1.0,0.9999999999998704,1.027278267617217
noise,ideal,nv_charge_readout_master_v1_4,thin_all_counts,0,sigma0,0.0,5.437,1.0,27.43339830432224,0.9249776330930897,7.504300359171423,12.911749357161563,0.11758756837904422,9.422120008455401,636.7993609310438,0.0,0.1,off,2.1054086423165375,mean,0.030417556651362254,0.91,16.35344068096715,13.477484972870222,12.82434158513714,8.083941505834854,2.022953860955514,1.5819094873608743,2.059748524310833,1.2133896430889102,1.181265904163714,1.2339981273468097,1.2751875464639904,1.239501074959442,1.29901461627087,9.265721233643584,1.7649398539628247,1.6843674795821293,1.8311819465159218,7.903894266071178,2.0690358613686293,1.970679502504941,2.1704200401595624,15.602842351035349,1.0481065124574558,1.013990624631666,1.1006879322670564
noise,ideal,nv_charge_readout_master_v1_4,thin_all_counts,0,sigma0,0.0,5.437,1.0,27.43339830432224,0.9249776330930897,7.504300359171423,12.911749357161563,0.11758756837904422,9.422120008455401,636.7993609310438,0.0,0.1,off,2.1054086423165375,mean,0.030417556651362254,0.92,17.74235699889646,14.17551368080694,13.726871257906964,11.251545131865017,1.576881822981725,1.540885949042429,1.6595372957735175,1.2516200399085982,1.2258826139879178,1.2851155574705395,1.2925273841026588,1.2658290774112064,1.3267299926284,10.479732680243963,1.6930161808748951,1.626934343289697,1.7679613662086422,8.973036281280113,1.977296919651516,1.9061800650237373,2.063916715559512,17.385145540985185,1.0205469351446703,1.0001621337327344,1.046272856727441
noise,ideal,nv_charge_readout_master_v1_4,thin_all_counts,0,sigma0,0.0,5.437,1.0,27.43339830432224,0.9249776330930897,7.504300359171423,12.911749357161563,0.11758756837904422,9.422120008455401,636.7993609310438,0.0,0.1,off,2.1054086423165375,mean,0.030417556651362254,0.93,19.664561197270434,14.90969483692554,14.692917627017287,11.65048048517805,1.6878755534836558,1.578764721678541,1.7293615092071946,1.3189110449510295,1.2890954296751278,1.3617010232445912,1.3383700702923227,1.3116585025807828,1.3776986147045944,11.85280608816532,1.6590637736750729,1.5623388688529947,1.7280551924380838,10.2169986063887,1.924690601893022,1.8215733974989903,2.0183591459230024,19.46108661051098,1.01045545867154,0.9925880493606833,1.0312385537032267
noise,ideal,nv_charge_readout_master_v1_4,thin_all_counts,0,sigma0,0.0,5.437,1.0,27.43339830432224,0.9249776330930897,7.504300359171423,12.911749357161563,0.11758756837904422,9.422120008455401,636.7993609310438,0.0,0.1,off,2.1054086423165375,mean,0.030417556651362254,0.94,25.012993112115517,nan,26.689899560380574,14.802544655104827,1.6897765684827373,1.4758971620726298,1.7850038981323346,nan,1.384543342976871,1.4407265366701911,0.9371707471408279,0.8607894590303583,1.4478964017222862,15.08915992028586,1.65767963519878,1.4939038336127075,1.770548806290087,12.335062480995497,2.027796223217578,1.8080981005604373,2.1513420321483556,24.32389828655262,1.0283299501356598,0.9769607608554864,1.0753314180889648
noise,ideal,nv_charge_readout_master_v1_4,thin_all_counts,0,sigma0,0.0,5.437,1.0,27.43339830432224,0.9249776330930897,7.504300359171423,12.911749357161563,0.11758756837904422,9.422120008455401,636.7993609310438,0.0,0.1,off,2.1054086423165375,mean,0.030417556651362254,0.95,nan,nan,nan,nan,nan,nan,nan,nan,nan,nan,nan,nan,nan,nan,nan,nan,nan,nan,nan,nan,nan,nan,nan,nan,nan
noise,ideal,nv_charge_readout_master_v1_4,thin_all_counts,0,sigma0,0.0,5.437,1.0,27.43339830432224,0.9249776330930897,7.504300359171423,12.911749357161563,0.11758756837904422,9.422120008455401,636.7993609310438,0.0,0.1,off,2.1054086423165375,mean,0.030417556651362254,0.96,nan,nan,nan,nan,nan,nan,nan,nan,nan,nan,nan,nan,nan,nan,nan,nan,nan,nan,nan,nan,nan,nan,nan,nan,nan
noise,ideal,nv_charge_readout_master_v1_4,thin_all_counts,0,sigma0,0.0,5.437,1.0,27.43339830432224,0.9249776330930897,7.504300359171423,12.911749357161563,0.11758756837904422,9.422120008455401,636.7993609310438,0.0,0.1,off,2.1054086423165375,mean,0.030417556651362254,0.97,nan,nan,nan,nan,nan,nan,nan,nan,nan,nan,nan,nan,nan,nan,nan,nan,nan,nan,nan,nan,nan,nan,nan,nan,nan
noise,ideal,nv_charge_readout_master_v1_4,thin_all_counts,0,sigma0,0.0,5.437,1.0,27.43339830432224,0.9249776330930897,7.504300359171423,12.911749357161563,0.11758756837904422,9.422120008455401,636.7993609310438,0.0,0.1,off,2.1054086423165375,mean,0.030417556651362254,0.98,nan,nan,nan,nan,nan,nan,nan,nan,nan,nan,nan,nan,nan,nan,nan,nan,nan,nan,nan,nan,nan,nan,nan,nan,nan
noise,ideal,nv_charge_readout_master_v1_4,thin_all_counts,0,sigma0,0.0,5.437,1.0,27.43339830432224,0.9249776330930897,7.504300359171423,12.911749357161563,0.11758756837904422,9.422120008455401,636.7993609310438,0.0,0.1,off,2.1054086423165375,mean,0.030417556651362254,0.99,nan,nan,nan,nan,nan,nan,nan,nan,nan,nan,nan,nan,nan,nan,nan,nan,nan,nan,nan,nan,nan,nan,nan,nan,nan
noise,ideal,nv_charge_readout_master_v1_4,thin_all_counts,1,sigma0.05,0.05,5.437,1.0,27.43339830432224,0.9249776330930897,7.504300359171423,12.911749357161563,0.11758756837904422,9.422120008455401,636.7993609310438,0.05,0.1,ou,2.1054086423165375,mean,0.07201742115903675,0.55,0.4580790766896856,1.5848813181685049,1.5848813181685049,0.440882917531327,1.0390039134531375,1.0260531701591307,1.0856020271298903,0.2890305232564944,0.2767567681547406,0.31149897515198166,0.2890305232564944,0.2767567681547406,0.31149897515198166,4.974995007273436,0.09207628872390317,0.08812669685752093,0.09940222894411668,0.44841845808347625,1.0215437576934243,1.0012743911162751,1.0667693824429658,0.4580790766896856,1.0,0.9999999999999902,0.999999999999992
noise,ideal,nv_charge_readout_master_v1_4,thin_all_counts,1,sigma0.05,0.05,5.437,1.0,27.43339830432224,0.9249776330930897,7.504300359171423,12.911749357161563,0.11758756837904422,9.422120008455401,636.7993609310438,0.05,0.1,ou,2.1054086423165375,mean,0.07201742115903675,0.56,0.5583732485362081,1.5848813181685049,1.5848813181685049,0.5195478498152241,1.0747292068185677,1.0524036781750865,1.0969089809590535,0.35231234170989306,0.329201074046944,0.3690604924854443,0.35231234170989306,0.329201074046944,0.3690604924854443,4.974995007273436,0.11223594148735168,0.10454415073401312,0.11781523000292192,0.5419073513939666,1.030385078002514,1.0138146355126163,1.061172601825539,0.5583732485362081,1.0,1.0000000000000138,1.0000000000000546
noise,ideal,nv_charge_readout_master_v1_4,thin_all_counts,1,sigma0.05,0.05,5.437,1.0,27.43339830432224,0.9249776330930897,7.504300359171423,12.911749357161563,0.11758756837904422,9.422120008455401,636.7993609310438,0.05,0.1,ou,2.1054086423165375,mean,0.07201742115903675,0.57,0.640925723488963,1.5848813181685049,1.5848813181685049,0.6122486436060254,1.0468389439199657,1.030847966092956,1.0661799740764148,0.40439982233472177,0.3835470822496854,0.4256145473302509,0.40439982233472177,0.3835470822496854,0.4256145473302509,4.974995007273436,0.12882942044201662,0.12181954332146848,0.13602819085133228,0.635396244704456,1.0087024102370623,0.9912132236912182,1.0345710687611047,0.640925723488963,1.0,1.0000000000000564,1.0000000000001166
noise,ideal,nv_charge_readout_master_v1_4,thin_all_counts,1,sigma0.05,0.05,5.437,1.0,27.43339830432224,0.9249776330930897,7.504300359171423,12.911749357161563,0.11758756837904422,9.422120008455401,636.7993609310438,0.05,0.1,ou,2.1054086423165375,mean,0.07201742115903675,0.58,0.7473205436523916,1.5848813181685049,1.5848813181685049,0.7055706001736444,1.05917188651068,1.042304267855459,1.0819288185373412,0.4715309184892142,0.44264452051181613,0.5033948826218113,0.4715309184892142,0.44264452051181613,0.5033948826218113,4.974995007273436,0.150215335404319,0.14048509400931186,0.16074507545984124,0.7288851380149464,1.0252926074026594,1.0030847152035636,1.0518473277301026,0.7473205436523916,1.0,1.0000000000000784,1.0000000000001685
noise,ideal,nv_charge_readout_master_v1_4,thin_all_counts,1,sigma0.05,0.05,5.437,1.0,27.43339830432224,0.9249776330930897,7.504300359171423,12.911749357161563,0.11758756837904422,9.422120008455401,636.7993609310438,0.05,0.1,ou,2.1054086423165375,mean,0.07201742115903675,0.59,0.864315708965145,1.5848813181685049,1.5848813181685049,0.7987326041949454,1.0821089616546977,1.064216010907717,1.105095224713165,0.54535043038046,0.5158375039372238,0.5781103145941177,0.54535043038046,0.5158375039372238,0.5781103145941177,4.974995007273436,0.17373197514801855,0.16381997387458397,0.18467729788624232,0.8238529451992429,1.0491140609518808,1.0379918323700088,1.06575164954197,0.864315708965145,1.0,1.0000000000000677,1.0000000000000977
noise,ideal,nv_charge_readout_master_v1_4,thin_all_counts,1,sigma0.05,0.05,5.437,1.0,27.43339830432224,0.9249776330930897,7.504300359171423,12.911749357161563,0.11758756837904422,9.422120008455401,636.7993609310438,0.05,0.1,ou,2.1054086423165375,mean,0.07201742115903675,0.6,0.9807561384468646,1.5848813181685049,1.5848813181685049,0.9041955161496679,1.084672640960679,1.0663126666798364,1.1043683202872818,0.6188199250024792,0.5865276197526409,0.6558342148698432,0.6188199250024792,0.5865276197526409,0.6558342148698432,4.974995007273436,0.197137110090161,0.18611666159335855,0.20922934165086207,0.925229379170032,1.0600140468157662,1.0449279924941308,1.0800358087063626,0.9807561384468646,1.0,0.9999999999999607,1.0000000000000935
noise,ideal,nv_charge_readout_master_v1_4,thin_all_counts,1,sigma0.05,0.05,5.437,1.0,27.43339830432224,0.9249776330930897,7.504300359171423,12.911749357161563,0.11758756837904422,9.422120008455401,636.7993609310438,0.05,0.1,ou,2.1054086423165375,mean,0.07201742115903675,0.61,1.0949545041901763,1.5848813181685049,1.5848813181685049,1.0235835211074236,1.069726584700715,1.0561141288760232,1.0902868060492277,0.6908747624431021,0.6597882924146797,0.722862259437221,0.6908747624431021,0.6597882924146797,0.722862259437221,4.974995007273436,0.22009157850195915,0.20947058021026027,0.23154329884412078,1.026605813140821,1.0665773466061406,1.058062059971815,1.0819215909391608,1.0949545041901763,1.0,0.9999999999999623,1.0000000000000628
noise,ideal,nv_charge_readout_master_v1_4,thin_all_counts,1,sigma0.05,0.05,5.437,1.0,27.43339830432224,0.9249776330930897,7.504300359171423,12.911749357161563,0.11758756837904422,9.422120008455401,636.7993609310438,0.05,0.1,ou,2.1054086423165375,mean,0.07201742115903675,0.62,1.2082155842051676,1.5848813181685049,1.5848813181685049,1.1250420955777856,1.0739292235857778,1.0611774998734074,1.086660211225006,0.762338208138756,0.7283589626525309,0.7975940428167257,0.762338208138756,0.7283589626525309,0.7975940428167257,4.974995007273436,0.24285764758331577,0.23097679328535353,0.25524288710582443,1.12798224711161,1.0711299644112384,1.0593846642800118,1.083248676678559,1.2082155842051676,1.0,1.000000000000012,1.0000000000000835
noise,ideal,nv_charge_readout_master_v1_4,thin_all_counts,1,sigma0.05,0.05,5.437,1.0,27.43339830432224,0.9249776330930897,7.504300359171423,12.911749357161563,0.11758756837904422,9.422120008455401,636.7993609310438,0.05,0.1,ou,2.1054086423165375,mean,0.07201742115903675,0.63,1.3320910093581508,1.5848813181685049,1.5848813181685049,1.2281653727165238,1.0846186018188728,1.0683381305806894,1.0982123737899336,0.8404989030330173,0.8053331396837773,0.879543424192327,0.8404989030330173,0.8053331396837773,0.879543424192327,4.974995007273436,0.2677572555169675,0.2555253867022749,0.2809467324779331,1.2366787837367388,1.0771519871418147,1.0675429100755238,1.0884389562860195,1.3320910093581508,1.0,0.9999999999999222,1.0000000000000107
noise,ideal,nv_charge_readout_master_v1_4,thin_all_counts,1,sigma0.05,0.05,5.437,1.0,27.43339830432224,0.9249776330930897,7.504300359171423,12.911749357161563,0.11758756837904422,9.422120008455401,636.7993609310438,0.05,0.1,ou,2.1054086423165375,mean,0.07201742115903675,0.64,1.4612688115661312,1.5848813181685049,1.5848813181685049,1.3407411053052707,1.0898963310544714,1.0781151010352632,1.1013784955185,0.9220051967391345,0.8819474809848123,0.967603393119477,0.9220051967391345,0.8819474809848123,0.967603393119477,4.974995007273436,0.29372266895338756,0.27983628161662105,0.309517307145101,1.3526954230162067,1.0802644754336717,1.0726183793124455,1.0902465421628371,1.4612688115661312,1.0,0.999999999999857,0.9999999999999258
noise,ideal,nv_charge_readout_master_v1_4,thin_all_counts,1,sigma0.05,0.05,5.437,1.0,27.43339830432224,0.9249776330930897,7.504300359171423,12.911749357161563,0.11758756837904422,9.422120008455401,636.7993609310438,0.05,0.1,ou,2.1054086423165375,mean,0.07201742115903675,0.65,1.5903042437049109,1.5848813181685049,1.5848813181685049,1.5848813181685049,1.0034216603314328,0.9956689052366203,1.0986842888144288,1.0034216603314328,0.9608520479288903,1.050817206143921,1.0034216603314328,0.9608520479288903,1.050817206143921,4.974995007273436,0.31965946526175165,0.30481053774249195,0.33549952143384987,1.4786230779503058,1.0755305171547975,1.0644698528528613,1.089401409410876,1.5903042437049109,1.0,0.9999999999998689,1.0000000000000564
noise,ideal,nv_charge_readout_master_v1_4,thin_all_counts,1,sigma0.05,0.05,5.437,1.0,27.43339830432224,0.9249776330930897,7.504300359171423,12.911749357161563,0.11758756837904422,9.422120008455401,636.7993609310438,0.05,0.1,ou,2.1054086423165375,mean,0.07201742115903675,0.66,1.722959694399882,1.5848813181685049,1.5848813181685049,1.5848813181685049,1.087122218331743,1.039080076264888,1.1060880894253748,1.087122218331743,1.0018699894886165,1.105795490856951,1.087122218331743,1.0018699894886165,1.105795490856951,4.974995007273436,0.34632390422119363,0.3295583486181225,0.3615406933510963,1.6051337338052656,1.073405697053845,1.0572344689211601,1.090793716361077,1.722959694399882,1.0,1.0000000000000215,1.0000000000000997
noise,ideal,nv_charge_readout_master_v1_4,thin_all_counts,1,sigma0.05,0.05,5.437,1.0,27.43339830432224,0.9249776330930897,7.504300359171423,12.911749357161563,0.11758756837904422,9.422120008455401,636.7993609310438,0.05,0.1,ou,2.1054086423165375,mean,0.07201742115903675,0.67,1.8595085591506557,1.8244709242560506,1.8244709242560506,1.7664070456928416,1.052706715411281,1.0411427270064122,1.1132375810923527,1.0192042714568839,1.0058760728552634,1.0409637256426651,1.0192042714568839,1.0058760728552634,1.0409637256426651,4.974995007273436,0.37377093975613174,0.3561834875310131,0.39153215405306746,1.7316443896602254,1.073839738836632,1.0561807671330683,1.0931008225847234,1.8595085591506557,1.0,1.0000000000000853,1.0000000000001028
noise,ideal,nv_charge_readout_master_v1_4,thin_all_counts,1,sigma0.05,0.05,5.437,1.0,27.43339830432224,0.9249776330930897,7.504300359171423,12.911749357161563,0.11758756837904422,9.422120008455401,636.7993609310438,0.05,0.1,ou,2.1054086423165375,mean,0.07201742115903675,0.68,2.012050105885459,1.9251806414842356,1.9251806414842356,1.8265568249351651,1.1015535232290832,1.0719604056006635,1.125088940009418,1.045122760186416,1.0237241571367637,1.0681606129978312,1.045122760186416,1.0237241571367637,1.0681606129978312,4.974995007273436,0.40443258796116266,0.3848150824951042,0.42471408832326024,1.858155045515185,1.0828214312587707,1.061911113275689,1.1053067135268202,2.012050105885459,1.0,0.9999999999999456,1.0000000000001024
noise,ideal,nv_charge_readout_master_v1_4,thin_all_counts,1,sigma0.05,0.05,5.437,1.0,27.43339830432224,0.9249776330930897,7.504300359171423,12.911749357161563,0.11758756837904422,9.422120008455401,636.7993609310438,0.05,0.1,ou,2.1054086423165375,mean,0.07201742115903675,0.69,2.1820019837590947,2.0314494756100023,2.0314494756100023,1.9216614701959314,1.1354767827741372,1.123282652668991,1.146643626797555,1.074110879919317,1.0514425788419095,1.0947138283202278,1.074110879919317,1.0514425788419095,1.0947138283202278,4.974995007273436,0.4385938037262371,0.4181237356107769,0.4578688133013921,1.9846657013701434,1.0994304896047316,1.0770112049124512,1.117787185493276,2.1820019837590947,1.0,0.9999999999998922,0.9999999999999774
noise,ideal,nv_charge_readout_master_v1_4,thin_all_counts,1,sigma0.05,0.05,5.437,1.0,27.43339830432224,0.9249776330930897,7.504300359171423,12.911749357161563,0.11758756837904422,9.422120008455401,636.7993609310438,0.05,0.1,ou,2.1054086423165375,mean,0.07201742115903675,0.7,2.3475514311638843,2.143584286602099,2.143584286602099,2.0447264684263575,1.1481004757426474,1.1370835299205757,1.1640629971919372,1.0951523790487863,1.0759719600423354,1.1178778335893682,1.0951523790487863,1.0759719600423354,1.1178778335893682,4.974995007273436,0.4718701079562426,0.45152380353191945,0.4926154746322366,2.111176357225103,1.1119636799312536,1.0943749239604403,1.1297115037928858,2.3475514311638843,1.0,0.9999999999999326,1.0000000000000537
noise,ideal,nv_charge_readout_master_v1_4,thin_all_counts,1,sigma0.05,0.05,5.437,1.0,27.43339830432224,0.9249776330930897,7.504300359171423,12.911749357161563,0.11758756837904422,9.422120008455401,636.7993609310438,0.05,0.1,ou,2.1054086423165375,mean,0.07201742115903675,0.71,2.523330171739095,2.2619088729182697,2.2619088729182697,2.1756726642685105,1.15979311280609,1.1453256719077882,1.174585365717992,1.1155755220516663,1.0940481366192618,1.1381919454844611,1.1155755220516663,1.0940481366192618,1.1381919454844611,4.974995007273436,0.5072025535804539,0.4856710558395566,0.5283763708301665,2.237687013080063,1.1276510776481912,1.1100489310834716,1.1410906215506316,2.523330171739095,1.0,1.0000000000000289,1.0000000000000626
noise,ideal,nv_charge_readout_master_v1_4,thin_all_counts,1,sigma0.05,0.05,5.437,1.0,27.43339830432224,0.9249776330930897,7.504300359171423,12.911749357161563,0.11758756837904422,9.422120008455401,636.7993609310438,0.05,0.1,ou,2.1054086423165375,mean,0.07201742115903675,0.72,2.7069405653139635,2.3867649064998453,2.3867649064998453,2.31500477699016,1.1693023669840443,1.157450292905835,1.1827775263553122,1.1341462906305468,1.1140901594780372,1.159117484740169,1.1341462906305468,1.1140901594780372,1.159117484740169,4.974995007273436,0.5441092023924486,0.521917349209978,0.5664779950203913,2.364197668935023,1.144972182691193,1.1346146720075765,1.1563110962567755,2.7069405653139635,1.0,1.000000000000003,1.0000000000000386
noise,ideal,nv_charge_readout_master_v1_4,thin_all_counts,1,sigma0.05,0.05,5.437,1.0,27.43339830432224,0.9249776330930897,7.504300359171423,12.911749357161563,0.11758756837904422,9.422120008455401,636.7993609310438,0.05,0.1,ou,2.1054086423165375,mean,0.07201742115903675,0.73,2.8959080169402247,2.518512919377479,2.518512919377479,2.463259848553142,1.1756404906454387,1.1644440777186902,1.1866204194361774,1.1498483865852194,1.128578349255894,1.1719260611711118,1.1498483865852194,1.128578349255894,1.1719260611711118,4.974995007273436,0.5820926478732966,0.5588295466612792,0.603848657678054,2.5044533601546792,1.1563034325228434,1.1450876218808281,1.1646278233818856,2.8959080169402247,1.0,1.0000000000000056,1.000000000000091
noise,ideal,nv_charge_readout_master_v1_4,thin_all_counts,1,sigma0.05,0.05,5.437,1.0,27.43339830432224,0.9249776330930897,7.504300359171423,12.911749357161563,0.11758756837904422,9.422120008455401,636.7993609310438,0.05,0.1,ou,2.1054086423165375,mean,0.07201742115903675,0.74,3.091423927977497,2.6575333447369354,2.6575333447369354,2.615959323153207,1.1817553509399288,1.174413376388251,1.1906002000008291,1.1632681614700535,1.1440462414407264,1.1849864868671187,1.1632681614700535,1.1440462414407264,1.1849864868671187,4.974995007273436,0.6213923679235536,0.5978631167216046,0.6443926788913048,2.676993901882111,1.1548117183995126,1.1408207760553253,1.1695244488128937,3.091423927977497,1.0,1.0000000000000788,1.0000000000001503
noise,ideal,nv_charge_readout_master_v1_4,thin_all_counts,1,sigma0.05,0.05,5.437,1.0,27.43339830432224,0.9249776330930897,7.504300359171423,12.911749357161563,0.11758756837904422,9.422120008455401,636.7993609310438,0.05,0.1,ou,2.1054086423165375,mean,0.07201742115903675,0.75,3.2949938042667224,2.804227615451094,2.804227615451094,2.769845167064704,1.189594943228735,1.1834851549875323,1.1975293479670324,1.1750093987062753,1.1573550025238646,1.1931335268024135,1.1750093987062753,1.1573550025238646,1.1931335268024135,4.974995007273436,0.6623109770862977,0.6386772980021224,0.6847183344053624,2.8495344436095436,1.1563270665691303,1.1398226222603183,1.172195406835589,3.2949938042667224,1.0,1.0000000000001068,1.0000000000001468
noise,ideal,nv_charge_readout_master_v1_4,thin_all_counts,1,sigma0.05,0.05,5.437,1.0,27.43339830432224,0.9249776330930897,7.504300359171423,12.911749357161563,0.11758756837904422,9.422120008455401,636.7993609310438,0.05,0.1,ou,2.1054086423165375,mean,0.07201742115903675,0.76,3.509314089560444,2.9590193232502773,2.9590193232502773,3.3045569693259695,1.0619620488117167,1.0555052517526486,1.2039246877691443,1.185972008356372,1.1714951511779979,1.203601880475499,1.185972008356372,1.1714951511779979,1.203601880475499,4.974995007273436,0.7053904746496895,0.6809486651473343,0.7317936479178838,3.0220749853369755,1.1612266759056409,1.144138297160518,1.1786378274058282,3.509314089560444,1.0,1.0000000000000415,1.00000000000011
noise,ideal,nv_charge_readout_master_v1_4,thin_all_counts,1,sigma0.05,0.05,5.437,1.0,27.43339830432224,0.9249776330930897,7.504300359171423,12.911749357161563,0.11758756837904422,9.422120008455401,636.7993609310438,0.05,0.1,ou,2.1054086423165375,mean,0.07201742115903675,0.77,3.765524620397386,3.122355441878084,3.122355441878084,3.3045569693259695,1.1394945390109101,1.0948172174661719,1.1811577166539537,1.2059884566288963,1.1889311664235465,1.2193897476026931,1.2059884566288963,1.1889311664235465,1.2193897476026931,4.974995007273436,0.7568901305211753,0.7254721404138916,0.7873239021104222,3.194615527064408,1.178709797312479,1.157800756575043,1.1998272520197424,3.765524620397386,1.0,0.9999999999998963,1.0000000000000588
noise,ideal,nv_charge_readout_master_v1_4,thin_all_counts,1,sigma0.05,0.05,5.437,1.0,27.43339830432224,0.9249776330930897,7.504300359171423,12.911749357161563,0.11758756837904422,9.422120008455401,636.7993609310438,0.05,0.1,ou,2.1054086423165375,mean,0.07201742115903675,0.78,4.051007235256576,3.294707617764717,3.294707617764717,3.3045569693259695,1.2258851255582561,1.1761882039047862,1.2303803458650393,1.2295498433347989,0.9977539147941067,1.233322079993906,1.2295498433347989,0.9977539147941067,1.233322079993906,4.974995007273436,0.8142736282818394,0.781105565769771,0.8410164697458723,3.3671560687918403,1.2030945856068105,1.1808262436078294,1.2190144085607653,4.051007235256576,1.0,0.9999999999998347,0.9999999999999213
noise,ideal,nv_charge_readout_master_v1_4,thin_all_counts,1,sigma0.05,0.05,5.437,1.0,27.43339830432224,0.9249776330930897,7.504300359171423,12.911749357161563,0.11758756837904422,9.422120008455401,636.7993609310438,0.05,0.1,ou,2.1054086423165375,mean,0.07201742115903675,0.79,4.315469487900893,4.247126649842824,4.247126649842824,3.512018242501699,1.228771945337868,1.158667512624918,1.2497749195807606,1.0160915469899159,1.0046694283872,1.029967498828501,1.0160915469899159,1.0046694283872,1.029967498828501,4.974995007273436,0.8674319233670954,0.8362145129469986,0.8947223129163165,3.539696610519272,1.2191636636530314,1.2031791992512293,1.2332649196185461,4.315469487900893,1.0,0.9999999999998879,1.0000000000000147
noise,ideal,nv_charge_readout_master_v1_4,thin_all_counts,1,sigma0.05,0.05,5.437,1.0,27.43339830432224,0.9249776330930897,7.504300359171423,12.911749357161563,0.11758756837904422,9.422120008455401,636.7993609310438,0.05,0.1,ou,2.1054086423165375,mean,0.07201742115903675,0.8,4.599053536604282,4.442149338799774,4.442149338799774,3.882941752962797,1.1844250646034211,1.1578939791468976,1.2498803536025078,1.035321684580488,1.019054782301676,1.0546062926669715,1.035321684580488,1.019054782301676,1.0546062926669715,4.974995007273436,0.9244337994069285,0.8896836397587207,0.9573915698320028,3.712237152246704,1.2388900137537988,1.224915298176418,1.2545063741119016,4.599053536604282,1.0,1.000000000000004,1.000000000000065
noise,ideal,nv_charge_readout_master_v1_4,thin_all_counts,1,sigma0.05,0.05,5.437,1.0,27.43339830432224,0.9249776330930897,7.504300359171423,12.911749357161563,0.11758756837904422,9.422120008455401,636.7993609310438,0.05,0.1,ou,2.1054086423165375,mean,0.07201742115903675,0.81,4.923093643851657,4.646127223196777,4.646127223196777,4.072279064315847,1.2089283583218158,1.2054436912461848,1.2690381139495435,1.0596123195404692,1.0398412401228494,1.0792471890801243,1.0596123195404692,1.0398412401228494,1.0792471890801243,4.974995007273436,0.9895675546717335,0.9507013863373319,1.0009545608372505,3.919729999921314,1.2559777443728228,1.2439166881269077,1.2684323051489608,4.923093643851657,1.0,1.0000000000000393,1.0000000000000577
noise,ideal,nv_charge_readout_master_v1_4,thin_all_counts,1,sigma0.05,0.05,5.437,1.0,27.43339830432224,0.9249776330930897,7.504300359171423,12.911749357161563,0.11758756837904422,9.422120008455401,636.7993609310438,0.05,0.1,ou,2.1054086423165375,mean,0.07201742115903675,0.82,5.278917891854986,4.859471514292369,4.859471514292369,4.363911489905695,1.209675747105738,1.1894109703313835,1.2366551092504425,1.0863152250875365,1.0627205926610914,1.1119635793845026,1.0863152250875365,1.0627205926610914,1.1119635793845026,5.285786297540894,0.9987005896002449,0.9886864338710213,1.0117457654394273,4.185476690841216,1.2612465154581964,1.2455311403551872,1.27947168203188,5.278917891854986,1.0,1.000000000000037,1.000000000000059
noise,ideal,nv_charge_readout_master_v1_4,thin_all_counts,1,sigma0.05,0.05,5.437,1.0,27.43339830432224,0.9249776330930897,7.504300359171423,12.911749357161563,0.11758756837904422,9.422120008455401,636.7993609310438,0.05,0.1,ou,2.1054086423165375,mean,0.07201742115903675,0.83,5.6863872114007386,5.082612305646465,5.082612305646465,4.470670778576073,1.2719315496570462,1.2297893835638702,1.3081943141559684,1.1187922409670157,1.0913193046891576,1.149894849224132,1.1187922409670157,1.0913193046891576,1.149894849224132,5.641446889824909,1.007966098494499,0.9939036507627826,1.027882841907007,4.451223381761121,1.2774886191290014,1.2587090106344878,1.3012965277033772,5.6863872114007386,1.0,1.0000000000000548,1.000000000000082
noise,ideal,nv_charge_readout_master_v1_4,thin_all_counts,1,sigma0.05,0.05,5.437,1.0,27.43339830432224,0.9249776330930897,7.504300359171423,12.911749357161563,0.11758756837904422,9.422120008455401,636.7993609310438,0.05,0.1,ou,2.1054086423165375,mean,0.07201742115903675,0.84,6.132479652795492,5.315999440171766,5.315999440171766,4.717784372105389,1.299864336542107,1.2712505387537123,1.32911278909264,1.1535892209569805,1.1209662041808612,1.1829498895935215,1.1535892209569805,1.1209662041808612,1.1829498895935215,6.021038539814125,1.018508619774556,0.9986270202020245,1.0412181209028497,4.7169700726810255,1.3000887345698,1.2769817360400912,1.323857488239563,6.132479652795492,1.0,0.9999999999999443,1.000000000000079
noise,ideal,nv_charge_readout_master_v1_4,thin_all_counts,1,sigma0.05,0.05,5.437,1.0,27.43339830432224,0.9249776330930897,7.504300359171423,12.911749357161563,0.11758756837904422,9.422120008455401,636.7993609310438,0.05,0.1,ou,2.1054086423165375,mean,0.07201742115903675,0.85,6.618494002068801,5.560103416999089,5.560103416999089,5.102854510181294,1.2970179707972234,1.277158921625278,1.3514487185148103,1.1903544782699291,1.158439579647812,1.2218284013733347,1.1903544782699291,1.158439579647812,1.2218284013733347,6.426171477979149,1.0299280099743202,1.008238470561668,1.0530422167435551,4.982716763600931,1.328290231228339,1.3055967585231953,1.3511120120942917,6.618494002068801,1.0,0.9999999999998838,0.9999999999999548
noise,ideal,nv_charge_readout_master_v1_4,thin_all_counts,1,sigma0.05,0.05,5.437,1.0,27.43339830432224,0.9249776330930897,7.504300359171423,12.911749357161563,0.11758756837904422,9.422120008455401,636.7993609310438,0.05,0.1,ou,2.1054086423165375,mean,0.07201742115903675,0.86,7.172462575781624,5.815416339984803,5.815416339984803,5.541126763410199,1.2944050699478034,1.2755752800339133,1.3430088314998219,1.2333532384373302,1.1978811447556794,1.2712129260247227,1.2333532384373302,1.1978811447556794,1.2712129260247227,6.858564281116121,1.0457673474796711,1.0221293838485703,1.0695058992441817,5.248463454520836,1.3665833129891616,1.3440890699538048,1.3787402106045894,7.172462575781624,1.0,0.9999999999999112,0.9999999999999853
noise,ideal,nv_charge_readout_master_v1_4,thin_all_counts,1,sigma0.05,0.05,5.437,1.0,27.43339830432224,0.9249776330930897,7.504300359171423,12.911749357161563,0.11758756837904422,9.422120008455401,636.7993609310438,0.05,0.1,ou,2.1054086423165375,mean,0.07201742115903675,0.87,7.883010009343426,6.082452909772519,6.082452909772519,5.683413160442945,1.3870204024950832,1.329429990423739,1.4135873389987152,1.2960248318039584,1.2465412437597982,1.3478663610439743,1.2960248318039584,1.2465412437597982,1.3478663610439743,7.320051162561667,1.0769064087503932,1.0410951781014364,1.1117276994615104,5.75825135643248,1.368993731150239,1.3487617577771813,1.3976313870165904,7.883010009343426,1.0,0.9999999999999757,1.0000000000001172
noise,ideal,nv_charge_readout_master_v1_4,thin_all_counts,1,sigma0.05,0.05,5.437,1.0,27.43339830432224,0.9249776330930897,7.504300359171423,12.911749357161563,0.11758756837904422,9.422120008455401,636.7993609310438,0.05,0.1,ou,2.1054086423165375,mean,0.07201742115903675,0.88,8.926845225111489,6.361751461409015,6.361751461409015,6.187271401915848,1.4427757641837644,1.3457418163973331,1.4807962011945746,1.4032055919289796,0.7752827855487305,1.4537433847134928,1.4032055919289796,0.9920369247853705,1.4537433847134928,7.8125897529388775,1.1426230619307074,1.093221647146764,1.1941791003487199,6.302902288485805,1.4163070941809022,1.3693104460483927,1.4760592715571985,8.926845225111489,1.0,1.0000000000000746,1.0000000000001321
noise,ideal,nv_charge_readout_master_v1_4,thin_all_counts,1,sigma0.05,0.05,5.437,1.0,27.43339830432224,0.9249776330930897,7.504300359171423,12.911749357161563,0.11758756837904422,9.422120008455401,636.7993609310438,0.05,0.1,ou,2.1054086423165375,mean,0.07201742115903675,0.89,10.42285945323849,12.58051012432994,10.593150027820453,7.086826567268084,1.4707371987030888,1.3651042402594362,1.6782603140635597,0.8284925929260463,0.7823898692302279,0.9747974057903861,0.9839244630601157,0.9633317566973947,1.0862706015622747,8.330027546441485,1.2512394941228067,1.1855891586789764,1.4342467982871516,6.84755322053913,1.5221290171174258,1.4514774256025078,1.7224884646124352,10.42285945323849,1.0,0.9999999999998748,1.0000000000000933
noise,ideal,nv_charge_readout_master_v1_4,thin_all_counts,1,sigma0.05,0.05,5.437,1.0,27.43339830432224,0.9249776330930897,7.504300359171423,12.911749357161563,0.11758756837904422,9.422120008455401,636.7993609310438,0.05,0.1,ou,2.1054086423165375,mean,0.07201742115903675,0.9,14.781021277870368,13.167003420796462,12.386176920901846,8.056739585085966,1.8346157427294647,1.5499021636093893,1.975398280253324,1.1225804995633757,0.9570882611872906,1.1972113291622517,1.193348147072499,1.0580930195558627,1.27792146171678,8.864723213618605,1.6673979459576056,1.4219877758581025,1.7744695185158907,7.5885779472824675,1.9477985705033936,1.6832248304924917,2.0723625255206177,14.439510383658925,1.0236511408723337,0.9984610376277836,1.0865576395959076
noise,ideal,nv_charge_readout_master_v1_4,thin_all_counts,1,sigma0.05,0.05,5.437,1.0,27.43339830432224,0.9249776330930897,7.504300359171423,12.911749357161563,0.11758756837904422,9.422120008455401,636.7993609310438,0.05,0.1,ou,2.1054086423165375,mean,0.07201742115903675,0.91,16.567144631522922,13.780838564564945,13.24779161778682,10.617812790637412,1.5603161364957874,1.524095953085021,1.7131970479313217,1.202186975335629,1.177141212634502,1.225887839191907,1.2505589693364028,1.2215656667512238,1.2822964973524913,9.850394270491796,1.6818762961754812,1.619050040331753,1.7416915188127493,8.575069917388321,1.9320127755376622,1.858152644388004,2.014813089838826,16.298678618076607,1.0164716428697822,0.9940284165699276,1.0439695464233092
noise,ideal,nv_charge_readout_master_v1_4,thin_all_counts,1,sigma0.05,0.05,5.437,1.0,27.43339830432224,0.9249776330930897,7.504300359171423,12.911749357161563,0.11758756837904422,9.422120008455401,636.7993609310438,0.05,0.1,ou,2.1054086423165375,mean,0.07201742115903675,0.92,17.833120346890706,14.42329021063721,14.16934247500836,11.31610505072262,1.57590622099712,1.5320518036598594,1.6620865718099906,1.2364113934099958,1.2136547205587307,1.284557448638467,1.2585707754854858,1.2323861234349052,1.3049141458454694,10.955732072206892,1.6277433793886538,1.5726762091585542,1.6934532619152467,9.561561887494175,1.8650844450648931,1.8002385905535905,1.9380110414069098,17.815290828351678,1.0010007986235427,0.9806548623390241,1.0270664831999994
noise,ideal,nv_charge_readout_master_v1_4,thin_all_counts,1,sigma0.05,0.05,5.437,1.0,27.43339830432224,0.9249776330930897,7.504300359171423,12.911749357161563,0.11758756837904422,9.422120008455401,636.7993609310438,0.05,0.1,ou,2.1054086423165375,mean,0.07201742115903675,0.93,20.18791547592068,15.095692437409438,15.154998807840304,11.94653181125356,1.6898557501771172,1.444928254678453,1.7479467707797176,1.337329543485659,1.294413763815293,1.4081076868636757,1.3320961441103276,0.8995734034051982,1.3945544999272714,12.436722602418014,1.6232504431670476,1.540213368015445,1.7190880020014387,11.113690755010229,1.8164906619180172,1.7364321793359725,1.9106967262012908,19.994368025251646,1.0096800984369496,0.9875054662981515,1.0366950252325975
noise,ideal,nv_charge_readout_master_v1_4,thin_all_counts,1,sigma0.05,0.05,5.437,1.0,27.43339830432224,0.9249776330930897,7.504300359171423,12.911749357161563,0.11758756837904422,9.422120008455401,636.7993609310438,0.05,0.1,ou,2.1054086423165375,mean,0.07201742115903675,0.94,25.624370537535427,nan,29.208804796026474,14.970924958027886,1.711609042819684,0.7124902466547884,1.72668656531551,nan,nan,nan,0.8772824056471263,0.7990230220114976,0.9215384116780316,15.32912679871209,1.6716131893232375,1.561175350543559,1.7520738604719202,13.218978695854444,1.9384531231275373,1.7777572293030828,2.0246415667131568,25.078183638912275,1.0217793643466135,0.9956209010289284,1.0401490897631314
noise,ideal,nv_charge_readout_master_v1_4,thin_all_counts,1,sigma0.05,0.05,5.437,1.0,27.43339830432224,0.9249776330930897,7.504300359171423,12.911749357161563,0.11758756837904422,9.422120008455401,636.7993609310438,0.05,0.1,ou,2.1054086423165375,mean,0.07201742115903675,0.95,nan,nan,nan,nan,nan,nan,nan,nan,nan,nan,nan,nan,nan,nan,nan,nan,nan,nan,nan,nan,nan,nan,nan,nan,nan
noise,ideal,nv_charge_readout_master_v1_4,thin_all_counts,1,sigma0.05,0.05,5.437,1.0,27.43339830432224,0.9249776330930897,7.504300359171423,12.911749357161563,0.11758756837904422,9.422120008455401,636.7993609310438,0.05,0.1,ou,2.1054086423165375,mean,0.07201742115903675,0.96,nan,nan,nan,nan,nan,nan,nan,nan,nan,nan,nan,nan,nan,nan,nan,nan,nan,nan,nan,nan,nan,nan,nan,nan,nan
noise,ideal,nv_charge_readout_master_v1_4,thin_all_counts,1,sigma0.05,0.05,5.437,1.0,27.43339830432224,0.9249776330930897,7.504300359171423,12.911749357161563,0.11758756837904422,9.422120008455401,636.7993609310438,0.05,0.1,ou,2.1054086423165375,mean,0.07201742115903675,0.97,nan,nan,nan,nan,nan,nan,nan,nan,nan,nan,nan,nan,nan,nan,nan,nan,nan,nan,nan,nan,nan,nan,nan,nan,nan
noise,ideal,nv_charge_readout_master_v1_4,thin_all_counts,1,sigma0.05,0.05,5.437,1.0,27.43339830432224,0.9249776330930897,7.504300359171423,12.911749357161563,0.11758756837904422,9.422120008455401,636.7993609310438,0.05,0.1,ou,2.1054086423165375,mean,0.07201742115903675,0.98,nan,nan,nan,nan,nan,nan,nan,nan,nan,nan,nan,nan,nan,nan,nan,nan,nan,nan,nan,nan,nan,nan,nan,nan,nan
noise,ideal,nv_charge_readout_master_v1_4,thin_all_counts,1,sigma0.05,0.05,5.437,1.0,27.43339830432224,0.9249776330930897,7.504300359171423,12.911749357161563,0.11758756837904422,9.422120008455401,636.7993609310438,0.05,0.1,ou,2.1054086423165375,mean,0.07201742115903675,0.99,nan,nan,nan,nan,nan,nan,nan,nan,nan,nan,nan,nan,nan,nan,nan,nan,nan,nan,nan,nan,nan,nan,nan,nan,nan
noise,ideal,nv_charge_readout_master_v1_4,thin_all_counts,2,sigma0.1,0.1,5.437,1.0,27.43339830432224,0.9249776330930897,7.504300359171423,12.911749357161563,0.11758756837904422,9.422120008455401,636.7993609310438,0.1,0.1,ou,2.1054086423165375,mean,0.08200154264083004,0.55,0.48111279519291317,1.5947420479961265,1.5947420479961265,0.462962973514875,1.0392036139310286,1.0253337612345441,1.0580303312981805,0.3016869065423186,0.28112356523250803,0.32209961663168163,0.3016869065423186,0.28112356523250803,0.32209961663168163,4.974995007273436,0.0967061865367758,0.08983294140655154,0.10349490264465629,0.4683671921137511,1.0272128434565215,1.0090326361069384,1.0501911434825173,0.48111279519291317,1.0,0.99999999999999,1.000000000000009
noise,ideal,nv_charge_readout_master_v1_4,thin_all_counts,2,sigma0.1,0.1,5.437,1.0,27.43339830432224,0.9249776330930897,7.504300359171423,12.911749357161563,0.11758756837904422,9.422120008455401,636.7993609310438,0.1,0.1,ou,2.1054086423165375,mean,0.08200154264083004,0.56,0.5763173504575575,1.5947420479961265,1.5947420479961265,0.5548171108981996,1.0387519403007432,1.0181717522156233,1.064422341043211,0.36138593773314576,0.3380748866052383,0.3887789604579027,0.36138593773314576,0.3380748866052383,0.3887789604579027,4.974995007273436,0.11584279976461932,0.10794829484021701,0.12522516085109775,0.5654811595759733,1.0191627796931548,1.0023123724273084,1.0457306347897968,0.5763173504575575,1.0,1.0000000000000302,1.0000000000000577
noise,ideal,nv_charge_readout_master_v1_4,thin_all_counts,2,sigma0.1,0.1,5.437,1.0,27.43339830432224,0.9249776330930897,7.504300359171423,12.911749357161563,0.11758756837904422,9.422120008455401,636.7993609310438,0.1,0.1,ou,2.1054086423165375,mean,0.08200154264083004,0.57,0.6933733183661859,1.5947420479961265,1.5947420479961265,0.6635186018692733,1.0449945433523726,1.0351119548828602,1.0618262808747965,0.4347871301427364,0.40638212534344725,0.4627832570552926,0.4347871301427364,0.40638212534344725,0.4627832570552926,4.974995007273436,0.13937166114789562,0.12987934490166414,0.14861555542197147,0.6657604137545088,1.0414757381802804,1.021052537944581,1.0672854322427054,0.6933733183661859,1.0,1.0000000000000748,1.0000000000001694
noise,ideal,nv_charge_readout_master_v1_4,thin_all_counts,2,sigma0.1,0.1,5.437,1.0,27.43339830432224,0.9249776330930897,7.504300359171423,12.911749357161563,0.11758756837904422,9.422120008455401,636.7993609310438,0.1,0.1,ou,2.1054086423165375,mean,0.08200154264083004,0.58,0.7965355349629657,1.5947420479961265,1.5947420479961265,0.7565693399446061,1.0528255546560819,1.0371930078083635,1.0762051126942584,0.4994760976948295,0.47464860879672066,0.5315313363854115,0.4994760976948295,0.47464860879672066,0.5315313363854115,4.974995007273436,0.16010780589697715,0.1516468619300342,0.17091380759405003,0.7660396679330452,1.0398097752720894,1.0311688099933625,1.053996408121706,0.7965355349629657,1.0,1.0000000000000653,1.0000000000001283
noise,ideal,nv_charge_readout_master_v1_4,thin_all_counts,2,sigma0.1,0.1,5.437,1.0,27.43339830432224,0.9249776330930897,7.504300359171423,12.911749357161563,0.11758756837904422,9.422120008455401,636.7993609310438,0.1,0.1,ou,2.1054086423165375,mean,0.08200154264083004,0.59,0.9236341820945114,1.5947420479961265,1.5947420479961265,0.8626693577718125,1.0706699777538926,1.0462153563036074,1.0913481507083709,0.5791746591588929,0.5436524121781362,0.6123510280188773,0.5791746591588929,0.5436524121781362,0.6123510280188773,4.974995007273436,0.18565529829560823,0.17363827531199935,0.19695194220750423,0.8740524989635159,1.056726207166951,1.042761892374137,1.073169264776297,0.9236341820945114,1.0,1.000000000000026,1.0000000000001015
noise,ideal,nv_charge_readout_master_v1_4,thin_all_counts,2,sigma0.1,0.1,5.437,1.0,27.43339830432224,0.9249776330930897,7.504300359171423,12.911749357161563,0.11758756837904422,9.422120008455401,636.7993609310438,0.1,0.1,ou,2.1054086423165375,mean,0.08200154264083004,0.6,1.055778469894005,1.5947420479961265,1.5947420479961265,0.983648664500361,1.073328829689696,1.0574031541966964,1.0880074115263687,0.6620371433866961,0.6254565479662401,0.6989053922697005,0.6620371433866961,0.6254565479662401,0.6989053922697005,4.974995007273436,0.21221699084128892,0.19997258121568443,0.22474917378334458,0.9872809981034307,1.0693799150618295,1.0524359061766055,1.0915128399423568,1.055778469894005,1.0,0.9999999999999573,1.0000000000000349
noise,ideal,nv_charge_readout_master_v1_4,thin_all_counts,2,sigma0.1,0.1,5.437,1.0,27.43339830432224,0.9249776330930897,7.504300359171423,12.911749357161563,0.11758756837904422,9.422120008455401,636.7993609310438,0.1,0.1,ou,2.1054086423165375,mean,0.08200154264083004,0.61,1.1924263491809475,1.5947420479961265,1.5947420479961265,1.0975416828732112,1.0864519933852002,1.0738229936318235,1.0960606808862425,0.7477236526617524,0.711672881621925,0.7797074419844071,0.7477236526617524,0.711672881621925,0.7797074419844071,4.974995007273436,0.23968392881553083,0.2274748206661684,0.2507656669142131,1.1005094972433453,1.0835220887850978,1.0670813889578024,1.1001085721775186,1.1924263491809475,1.0,1.0000000000000282,1.0000000000000844
noise,ideal,nv_charge_readout_master_v1_4,thin_all_counts,2,sigma0.1,0.1,5.437,1.0,27.43339830432224,0.9249776330930897,7.504300359171423,12.911749357161563,0.11758756837904422,9.422120008455401,636.7993609310438,0.1,0.1,ou,2.1054086423165375,mean,0.08200154264083004,0.62,1.3061990955318714,1.5947420479961265,1.5947420479961265,1.1976287711834315,1.0906544055727359,1.075889214333285,1.1053862457202412,0.8190660659968025,0.785448741783467,0.8557563933778175,0.8190660659968025,0.785448741783467,0.8557563933778175,4.974995007273436,0.26255284550481156,0.2510200746416064,0.2750309334690049,1.2137379963832602,1.0761787959379454,1.0638803485718031,1.0917087933348777,1.3061990955318714,1.0,0.9999999999999414,1.000000000000028
noise,ideal,nv_charge_readout_master_v1_4,thin_all_counts,2,sigma0.1,0.1,5.437,1.0,27.43339830432224,0.9249776330930897,7.504300359171423,12.911749357161563,0.11758756837904422,9.422120008455401,636.7993609310438,0.1,0.1,ou,2.1054086423165375,mean,0.08200154264083004,0.63,1.4277491052378513,1.5947420479961265,1.5947420479961265,1.3068430073758108,1.092517691244968,1.0799734819357385,1.1043893919858074,0.895285295218678,0.8575716803790793,0.9351379845864748,0.895285295218678,0.8575716803790793,0.9351379845864748,4.974995007273436,0.2869850327790247,0.2739859118445755,0.3004184823791043,1.326966495523175,1.0759496265012638,1.0674453556659274,1.0855851908113476,1.4277491052378513,1.0,0.9999999999998639,0.9999999999999449
noise,ideal,nv_charge_readout_master_v1_4,thin_all_counts,2,sigma0.1,0.1,5.437,1.0,27.43339830432224,0.9249776330930897,7.504300359171423,12.911749357161563,0.11758756837904422,9.422120008455401,636.7993609310438,0.1,0.1,ou,2.1054086423165375,mean,0.08200154264083004,0.64,1.559455704977181,1.5947420479961265,1.5947420479961265,1.4260167148785683,1.0935746325455769,1.0006624310093526,1.1040271553817034,0.9778733224829153,0.9395623332046645,1.0214286904949,0.9778733224829153,0.9395623332046645,1.0214286904949,4.974995007273436,0.3134587477368839,0.3004051433212719,0.3279716717042824,1.4488642958730975,1.0763297221272474,1.0674559370479477,1.0867774144945186,1.559455704977181,1.0,0.9999999999998573,1.000000000000012
noise,ideal,nv_charge_readout_master_v1_4,thin_all_counts,2,sigma0.1,0.1,5.437,1.0,27.43339830432224,0.9249776330930897,7.504300359171423,12.911749357161563,0.11758756837904422,9.422120008455401,636.7993609310438,0.1,0.1,ou,2.1054086423165375,mean,0.08200154264083004,0.65,1.7028615902804487,1.5947420479961265,1.5947420479961265,1.5947420479961265,1.0677975114659952,1.0265254860071844,1.090648123651596,1.0677975114659952,0.9919143524790485,1.0901705172795924,1.0677975114659952,0.9919143524790485,1.0901705172795924,4.974995007273436,0.34228408024347107,0.32784123460988074,0.3558165999338291,1.57523363053134,1.0810216067479836,1.0653418670456625,1.096646506240255,1.7028615902804487,1.0,1.0000000000000113,1.000000000000099
noise,ideal,nv_charge_readout_master_v1_4,thin_all_counts,2,sigma0.1,0.1,5.437,1.0,27.43339830432224,0.9249776330930897,7.504300359171423,12.911749357161563,0.11758756837904422,9.422120008455401,636.7993609310438,0.1,0.1,ou,2.1054086423165375,mean,0.08200154264083004,0.66,1.836198303306437,1.8196876020133306,1.8196876020133306,1.755569978347523,1.0459271495601716,1.0419803380146326,1.1071236913693587,1.0090733713165045,0.9957420199128836,1.0264131735751696,1.0090733713165045,0.9957420199128836,1.0264131735751696,4.974995007273436,0.3690854564923015,0.3549645119580087,0.38311029545061454,1.7016029651895823,1.0790991440837427,1.0621902605125084,1.0954691088080637,1.836198303306437,1.0,1.0000000000000986,1.0000000000001024
noise,ideal,nv_charge_readout_master_v1_4,thin_all_counts,2,sigma0.1,0.1,5.437,1.0,27.43339830432224,0.9249776330930897,7.504300359171423,12.911749357161563,0.11758756837904422,9.422120008455401,636.7993609310438,0.1,0.1,ou,2.1054086423165375,mean,0.08200154264083004,0.67,1.9821388131251405,1.918054957432161,1.918054957432161,1.8235034869078826,1.0869948027827774,1.062802637718422,1.1073611226516984,1.0334108548061487,1.0138331500910158,1.052923614810627,1.0334108548061487,1.0138331500910158,1.052923614810627,4.974995007273436,0.39842026177458595,0.38267039681958276,0.4152325938465713,1.8279722998478247,1.0843374449876237,1.0650116695603757,1.1034809705761244,1.9821388131251405,1.0,0.9999999999999845,1.0000000000001028
noise,ideal,nv_charge_readout_master_v1_4,thin_all_counts,2,sigma0.1,0.1,5.437,1.0,27.43339830432224,0.9249776330930897,7.504300359171423,12.911749357161563,0.11758756837904422,9.422120008455401,636.7993609310438,0.1,0.1,ou,2.1054086423165375,mean,0.08200154264083004,0.68,2.1442877524323913,2.021739784158368,2.021739784158368,1.911836906631514,1.1215850813396187,1.10770037526546,1.1338641994392558,1.0606151044928063,1.0387170527362046,1.0822121073343076,1.0606151044928063,1.0387170527362046,1.0822121073343076,4.974995007273436,0.43101304610305047,0.41261368568990964,0.4491551108296655,1.9543416345060671,1.0971918699231573,1.0777739263518993,1.1180184617165239,2.1442877524323913,1.0,0.999999999999893,0.9999999999999952
noise,ideal,nv_charge_readout_master_v1_4,thin_all_counts,2,sigma0.1,0.1,5.437,1.0,27.43339830432224,0.9249776330930897,7.504300359171423,12.911749357161563,0.11758756837904422,9.422120008455401,636.7993609310438,0.1,0.1,ou,2.1054086423165375,mean,0.08200154264083004,0.69,2.3001172129358913,2.1310295302074467,2.1310295302074467,2.031599848808815,1.132170399739159,1.121425467003496,1.1429956434579285,1.0793455371366838,1.0598427024685009,1.0987358766233164,1.0793455371366838,1.0598427024685009,1.0987358766233164,4.974995007273436,0.46233558216101184,0.4444198721021312,0.48039598195420014,2.080710969164308,1.1054477277349601,1.0886052534047814,1.1209690163849497,2.3001172129358913,1.0,0.9999999999999104,1.0000000000000189
noise,ideal,nv_charge_readout_master_v1_4,thin_all_counts,2,sigma0.1,0.1,5.437,1.0,27.43339830432224,0.9249776330930897,7.504300359171423,12.911749357161563,0.11758756837904422,9.422120008455401,636.7993609310438,0.1,0.1,ou,2.1054086423165375,mean,0.08200154264083004,0.7,2.46153909868123,2.2462271822516815,2.2462271822516815,2.1588650848633892,1.1402005229229013,1.1273854780139507,1.1548748701894391,1.0958549153579888,1.0757275095892493,1.1180877823744693,1.0958549153579888,1.0757275095892493,1.1180877823744693,4.974995007273436,0.49478222492333424,0.4758842166177238,0.5152303874205254,2.2070803038225506,1.115292041897148,1.100599806659864,1.1303491746426393,2.46153909868123,1.0,1.0000000000000056,1.000000000000063
noise,ideal,nv_charge_readout_master_v1_4,thin_all_counts,2,sigma0.1,0.1,5.437,1.0,27.43339830432224,0.9249776330930897,7.504300359171423,12.911749357161563,0.11758756837904422,9.422120008455401,636.7993609310438,0.1,0.1,ou,2.1054086423165375,mean,0.08200154264083004,0.71,2.634950440649613,2.3676521055976014,2.3676521055976014,2.294102579981441,1.1485756842969634,1.1379353157307848,1.1618174763342646,1.1128959505579663,1.090998780175845,1.1339546011343904,1.1128959505579663,1.090998780175845,1.1339546011343904,4.974995007273436,0.5296388110535426,0.5094226004669421,0.5514007897966353,2.333449638480793,1.1292081891105712,1.1192083285039354,1.1404767522283705,2.634950440649613,1.0,1.000000000000011,1.00000000000005
noise,ideal,nv_charge_readout_master_v1_4,thin_all_counts,2,sigma0.1,0.1,5.437,1.0,27.43339830432224,0.9249776330930897,7.504300359171423,12.911749357161563,0.11758756837904422,9.422120008455401,636.7993609310438,0.1,0.1,ou,2.1054086423165375,mean,0.08200154264083004,0.72,2.818516273404354,2.495640929570342,2.495640929570342,2.437811739315121,1.1561665029130543,1.1449280438925713,1.166904977322259,1.1293757206849462,1.1067257841107774,1.1502608239057124,1.1293757206849462,1.1067257841107774,1.1502608239057124,4.974995007273436,0.5665365029077792,0.54576793421151,0.5861996682447131,2.4598189731390354,1.145822641496084,1.1353311795632872,1.1517003663938776,2.818516273404354,1.0,1.000000000000003,1.000000000000055
noise,ideal,nv_charge_readout_master_v1_4,thin_all_counts,2,sigma0.1,0.1,5.437,1.0,27.43339830432224,0.9249776330930897,7.504300359171423,12.911749357161563,0.11758756837904422,9.422120008455401,636.7993609310438,0.1,0.1,ou,2.1054086423165375,mean,0.08200154264083004,0.73,3.002517712921035,2.6305484807594652,2.6305484807594652,2.587687437798581,1.160309266514569,1.1527093363772987,1.1705897489051085,1.141403678693722,1.1221726260429734,1.160919424370251,1.141403678693722,1.1221726260429734,1.160919424370251,4.974995007273436,0.6035217539980158,0.582362998014993,0.6246384448721438,2.632159856485144,1.1407049254715285,1.12862002247615,1.1532577629724992,3.002517712921035,1.0,1.0000000000000473,1.0000000000001317
noise,ideal,nv_charge_readout_master_v1_4,thin_all_counts,2,sigma0.1,0.1,5.437,1.0,27.43339830432224,0.9249776330930897,7.504300359171423,12.911749357161563,0.11758756837904422,9.422120008455401,636.7993609310438,0.1,0.1,ou,2.1054086423165375,mean,0.08200154264083004,0.74,3.2005079607244364,2.7727487667135127,2.7727487667135127,2.721025714909014,1.1762137870245948,1.1662043734496523,1.1848166335255554,1.1542726117656663,1.1329729149174166,1.1742991504000453,1.1542726117656663,1.1329729149174166,1.1742991504000453,4.974995007273436,0.6433188286712446,0.6201129279920227,0.6674572449813546,2.8106544117028567,1.1387056151045565,1.1236993835998061,1.153929732227726,3.2005079607244364,1.0,1.0000000000001175,1.0000000000001508
noise,ideal,nv_charge_readout_master_v1_4,thin_all_counts,2,sigma0.1,0.1,5.437,1.0,27.43339830432224,0.9249776330930897,7.504300359171423,12.911749357161563,0.11758756837904422,9.422120008455401,636.7993609310438,0.1,0.1,ou,2.1054086423165375,mean,0.08200154264083004,0.75,3.419922009805073,2.922636012810403,2.922636012810403,2.8844826062396667,1.1856275376412921,1.0440240601935264,1.192901633514137,1.1701498218782571,1.1507565855246793,1.1877740725061958,1.1701498218782571,1.1507565855246793,1.1877740725061958,4.974995007273436,0.6874221993801304,0.6622740929996151,0.7138613078487939,2.9891489669205695,1.144112269964346,1.1276576097692523,1.1599298437063432,3.419922009805073,1.0,1.0000000000000824,1.0000000000001263
noise,ideal,nv_charge_readout_master_v1_4,thin_all_counts,2,sigma0.1,0.1,5.437,1.0,27.43339830432224,0.9249776330930897,7.504300359171423,12.911749357161563,0.11758756837904422,9.422120008455401,636.7993609310438,0.1,0.1,ou,2.1054086423165375,mean,0.08200154264083004,0.76,3.658245309817532,3.0806257551782186,3.0806257551782186,3.342309878249908,1.0945260742050205,1.0581359476751933,1.138464462804981,1.1875007224322505,1.170229493625914,1.2019467606898184,1.1875007224322505,1.170229493625914,1.2019467606898184,4.974995007273436,0.7353264283620752,0.707620722220014,0.7642440598083978,3.167643522138282,1.1548791031094543,1.1342569211425813,1.1720300990778254,3.658245309817532,1.0,0.9999999999999554,1.0000000000000875
noise,ideal,nv_charge_readout_master_v1_4,thin_all_counts,2,sigma0.1,0.1,5.437,1.0,27.43339830432224,0.9249776330930897,7.504300359171423,12.911749357161563,0.11758756837904422,9.422120008455401,636.7993609310438,0.1,0.1,ou,2.1054086423165375,mean,0.08200154264083004,0.77,3.921208974283393,3.2471559926963183,3.2471559926963183,3.342309878249908,1.173203298653028,1.1335137105635937,1.2074130785188681,1.2075825685933141,1.191790735385311,1.215748982864065,1.2075825685933141,1.191790735385311,1.215748982864065,4.974995007273436,0.7881834993905704,0.7583663839848523,0.817667231513046,3.3461380773559948,1.171861077945056,1.1528570901929296,1.1909808517468468,3.921208974283393,1.0,0.9999999999998366,0.9999999999999707
noise,ideal,nv_charge_readout_master_v1_4,thin_all_counts,2,sigma0.1,0.1,5.437,1.0,27.43339830432224,0.9249776330930897,7.504300359171423,12.911749357161563,0.11758756837904422,9.422120008455401,636.7993609310438,0.1,0.1,ou,2.1054086423165375,mean,0.08200154264083004,0.78,4.205021607425949,4.149163584231422,4.149163584231422,3.517868803252383,1.195332129367153,1.1744910090430447,1.222702815916896,1.0134624779333385,1.0015251255539328,1.2209728896175651,1.0134624779333385,1.0015251255539328,1.2209728896175651,4.974995007273436,0.845231322097452,0.8132860071074037,0.8778121251815664,3.5246326325737076,1.1930382669002917,1.1745890585525294,1.2089551440251027,4.205021607425949,1.0,0.9999999999998403,0.9999999999999788
noise,ideal,nv_charge_readout_master_v1_4,thin_all_counts,2,sigma0.1,0.1,5.437,1.0,27.43339830432224,0.9249776330930897,7.504300359171423,12.911749357161563,0.11758756837904422,9.422120008455401,636.7993609310438,0.1,0.1,ou,2.1054086423165375,mean,0.08200154264083004,0.79,4.511000460679344,4.328167865801036,4.328167865801036,3.9139168959751505,1.152553971015123,1.1387788137843204,1.2444105191005308,1.0422424916378492,1.0226616493077059,1.0626943497841568,1.0422424916378492,1.0226616493077059,1.0626943497841568,4.974995007273436,0.9067346709060546,0.8724829850852882,0.9415954168016286,3.70312718779142,1.218159742271706,1.2027096503646082,1.233567281155327,4.511000460679344,1.0,0.9999999999999677,1.000000000000065
noise,ideal,nv_charge_readout_master_v1_4,thin_all_counts,2,sigma0.1,0.1,5.437,1.0,27.43339830432224,0.9249776330930897,7.504300359171423,12.911749357161563,0.11758756837904422,9.422120008455401,636.7993609310438,0.1,0.1,ou,2.1054086423165375,mean,0.08200154264083004,0.8,4.833940346697327,4.5148947960852075,4.5148947960852075,3.93067940219383,1.2297976639863735,1.18357551236921,1.2524484564290426,1.0706651129255014,1.0477174160351452,1.0905120168306108,1.0706651129255014,1.0477174160351452,1.0905120168306108,4.974995007273436,0.9716472759530639,0.9328427723263525,0.9998706504055205,3.8873144130526374,1.243516688659439,1.2294678026080168,1.2539277252159804,4.833940346697327,1.0,1.0000000000000442,1.0000000000000615
noise,ideal,nv_charge_readout_master_v1_4,thin_all_counts,2,sigma0.1,0.1,5.437,1.0,27.43339830432224,0.9249776330930897,7.504300359171423,12.911749357161563,0.11758756837904422,9.422120008455401,636.7993609310438,0.1,0.1,ou,2.1054086423165375,mean,0.08200154264083004,0.81,5.1782720319863405,4.7096775475792825,4.7096775475792825,4.262765335092035,1.2147682607244763,1.1886939515511894,1.2243124639666567,1.0994960864460688,1.0748188551692581,1.1203186805861485,1.0994960864460688,1.0748188551692581,1.1203186805861485,5.16116238947799,1.0033150754068951,0.9927090628905978,1.0132527210924298,4.13412100879239,1.2525690517943873,1.2395868082568873,1.267907852779668,5.1782720319863405,1.0,1.000000000000037,1.0000000000000497
noise,ideal,nv_charge_readout_master_v1_4,thin_all_counts,2,sigma0.1,0.1,5.437,1.0,27.43339830432224,0.9249776330930897,7.504300359171423,12.911749357161563,0.11758756837904422,9.422120008455401,636.7993609310438,0.1,0.1,ou,2.1054086423165375,mean,0.08200154264083004,0.82,5.520091522519265,4.9128636665920205,4.9128636665920205,4.511941091509981,1.2234405127554298,1.191955419915058,1.2572240849869722,1.1235995739219178,1.1004447315454207,1.146390842571685,1.1235995739219178,1.1004447315454207,1.146390842571685,5.459954628632746,1.011014174654704,0.9997514239090052,1.0240454145301916,4.380927604532141,1.2600280170821907,1.245834708744636,1.2743165985368206,5.520091522519265,1.0,1.000000000000048,1.0000000000000728
noise,ideal,nv_charge_readout_master_v1_4,thin_all_counts,2,sigma0.1,0.1,5.437,1.0,27.43339830432224,0.9249776330930897,7.504300359171423,12.911749357161563,0.11758756837904422,9.422120008455401,636.7993609310438,0.1,0.1,ou,2.1054086423165375,mean,0.08200154264083004,0.83,5.88651668878971,5.124815693364342,5.124815693364342,4.551941299954223,1.2931881807985768,1.2430525285713694,1.2944727095548183,1.1486299295429543,1.1230531286065466,1.1733908370870614,1.1486299295429543,1.1230531286065466,1.1733908370870614,5.776044676971173,1.019125892889815,1.0032702104620572,1.0361025186498178,4.6277342002718935,1.272008381216851,1.2540650571710685,1.2909480870262449,5.88651668878971,1.0,1.0000000000000189,1.0000000000000824
noise,ideal,nv_charge_readout_master_v1_4,thin_all_counts,2,sigma0.1,0.1,5.437,1.0,27.43339830432224,0.9249776330930897,7.504300359171423,12.911749357161563,0.11758756837904422,9.422120008455401,636.7993609310438,0.1,0.1,ou,2.1054086423165375,mean,0.08200154264083004,0.84,6.301268872901049,5.345911808941404,5.345911808941404,4.8386794750424205,1.3022703622760228,1.2458569765409742,1.320210288163086,1.178707973139726,1.1522651378995876,1.2028774453067284,1.178707973139726,1.1522651378995876,1.2028774453067284,6.110433946723388,1.0312309940409374,1.0127895828546276,1.049490678568036,4.8745407960116465,1.292689739730305,1.275080066825671,1.3098638592606633,6.301268872901049,1.0,0.9999999999999087,1.0000000000000224
noise,ideal,nv_charge_readout_master_v1_4,thin_all_counts,2,sigma0.1,0.1,5.437,1.0,27.43339830432224,0.9249776330930897,7.504300359171423,12.911749357161563,0.11758756837904422,9.422120008455401,636.7993609310438,0.1,0.1,ou,2.1054086423165375,mean,0.08200154264083004,0.85,6.756702878502179,5.576546509952193,5.576546509952193,5.202884662809963,1.2986455238569583,1.2330434547660152,1.3220547833242877,1.2116285350519032,1.183832246076281,1.241391222485671,1.2116285350519032,1.183832246076281,1.241391222485671,6.464181824308265,1.0452526030585807,1.0216275624498983,1.0683105824074526,5.121347391751399,1.3193213351206625,1.2989987815447503,1.3394205359891138,6.756702878502179,1.0,0.999999999999884,0.9999999999999298
noise,ideal,nv_charge_readout_master_v1_4,thin_all_counts,2,sigma0.1,0.1,5.437,1.0,27.43339830432224,0.9249776330930897,7.504300359171423,12.911749357161563,0.11758756837904422,9.422120008455401,636.7993609310438,0.1,0.1,ou,2.1054086423165375,mean,0.08200154264083004,0.86,7.278239523071477,5.817131312500642,5.817131312500642,5.696074035502394,1.2777642070148296,1.2432000172154571,1.3201842343652228,1.2511733244582268,1.2242429296889015,1.284970252381799,1.2511733244582268,1.2242429296889015,1.284970252381799,6.838409026600172,1.0643176643515244,1.0408234690441658,1.0897787695792416,5.37814043919695,1.3533003842789655,1.3335896871596709,1.364854978555653,7.278239523071477,1.0,0.9999999999999267,0.9999999999999938
noise,ideal,nv_charge_readout_master_v1_4,thin_all_counts,2,sigma0.1,0.1,5.437,1.0,27.43339830432224,0.9249776330930897,7.504300359171423,12.911749357161563,0.11758756837904422,9.422120008455401,636.7993609310438,0.1,0.1,ou,2.1054086423165375,mean,0.08200154264083004,0.87,7.907671453578758,6.068095486424183,6.068095486424183,5.775104341668879,1.3692690184873118,1.3166823624041493,1.402619599082785,1.3031554086896222,1.2646586464928375,1.3394423749836835,1.3031554086896222,1.2646586464928375,1.3394423749836835,7.234301151498153,1.0930802143813376,1.0638471911603107,1.1213385284969433,5.830382612884566,1.3562868817740348,1.3408718462297253,1.378842626032263,7.907671453578758,1.0,0.9999999999999902,1.0000000000001033
noise,ideal,nv_charge_readout_master_v1_4,thin_all_counts,2,sigma0.1,0.1,5.437,1.0,27.43339830432224,0.9249776330930897,7.504300359171423,12.911749357161563,0.11758756837904422,9.422120008455401,636.7993609310438,0.1,0.1,ou,2.1054086423165375,mean,0.08200154264083004,0.88,8.667526143267262,6.329886821229891,6.329886821229891,6.381520889964568,1.3582226388849739,1.3266634635044539,1.4070494675201433,1.3693019145614311,1.3266480177192272,1.4108593600852393,1.3693019145614311,1.3266480177192272,1.4108593600852393,7.653112434046192,1.1325491710677442,1.1004109180587809,1.1640955920361094,6.282624786572184,1.3796027039195964,1.3499547223573078,1.4153262140115082,8.667526143267262,1.0,1.000000000000095,1.0000000000001332
noise,ideal,nv_charge_readout_master_v1_4,thin_all_counts,2,sigma0.1,0.1,5.437,1.0,27.43339830432224,0.9249776330930897,7.504300359171423,12.911749357161563,0.11758756837904422,9.422120008455401,636.7993609310438,0.1,0.1,ou,2.1054086423165375,mean,0.08200154264083004,0.89,9.632144299905416,12.470375058270415,10.33962136278305,7.104288094697136,1.3558211845455919,1.3344741029059521,1.458335805037717,0.7724021334480498,0.7642903670340765,1.4475518282039408,0.9315761150186638,0.8199457975470656,1.4475518282039408,8.09616972000442,1.189716203219633,1.157015324196849,1.2523235885933093,6.7348669602598,1.4301907308253425,1.3933769601903652,1.5104087205388617,9.632144299905416,1.0,0.9999999999999415,1.0000000000001052
noise,ideal,nv_charge_readout_master_v1_4,thin_all_counts,2,sigma0.1,0.1,5.437,1.0,27.43339830432224,0.9249776330930897,7.504300359171423,12.911749357161563,0.11758756837904422,9.422120008455401,636.7993609310438,0.1,0.1,ou,2.1054086423165375,mean,0.08200154264083004,0.9,11.938024506977685,13.080095338271487,12.839244580089852,7.192389157461112,1.659813484173563,1.4552018682804786,1.9459495729925373,0.9126863526787776,0.8153238404248493,1.1866905195698487,0.9298073911209922,0.8355313468020357,1.206114461646563,8.694759447205303,1.3730137768003279,1.245077670373709,1.7695038314202938,7.187109133947416,1.6610328693340568,1.4937368798932218,2.1051367662751717,11.938024506977685,1.0,0.99999999999987,1.1158886514601176
noise,ideal,nv_charge_readout_master_v1_4,thin_all_counts,2,sigma0.1,0.1,5.437,1.0,27.43339830432224,0.9249776330930897,7.504300359171423,12.911749357161563,0.11758756837904422,9.422120008455401,636.7993609310438,0.1,0.1,ou,2.1054086423165375,mean,0.08200154264083004,0.91,16.498879912523805,13.719626976640482,13.531025610218503,10.044754606777204,1.6425368820251713,1.5372676121696232,2.025607723842824,1.2025749636353362,1.1777880961139038,1.2233122006117612,1.2193369806398124,1.194323434964459,1.2398535836684481,9.594525619560956,1.7196139305612475,1.6564732068153702,1.7840892189364372,8.274795410139305,1.9938716421081943,1.9132584624597353,2.0940731051504806,16.022456263228996,1.0297347448772998,1.0044225999117902,1.0824833631500037
noise,ideal,nv_charge_readout_master_v1_4,thin_all_counts,2,sigma0.1,0.1,5.437,1.0,27.43339830432224,0.9249776330930897,7.504300359171423,12.911749357161563,0.11758756837904422,9.422120008455401,636.7993609310438,0.1,0.1,ou,2.1054086423165375,mean,0.08200154264083004,0.92,17.812679524621405,14.39042755502081,14.260079938683417,11.437287933739977,1.5574216219628463,1.5251765882552373,1.6463306506134086,1.2378144746926976,1.2138054612700815,1.2744469047746267,1.249129009179032,1.2241674575003485,1.2855282723287493,10.75640815562646,1.6560062863832434,1.601402582714718,1.7284989406520743,9.44754113312311,1.885430216563979,1.8204183912634275,1.969952776172278,17.511262728443878,1.0172127390726615,0.9994463589208451,1.0396342626457253
noise,ideal,nv_charge_readout_master_v1_4,thin_all_counts,2,sigma0.1,0.1,5.437,1.0,27.43339830432224,0.9249776330930897,7.504300359171423,12.911749357161563,0.11758756837904422,9.422120008455401,636.7993609310438,0.1,0.1,ou,2.1054086423165375,mean,0.08200154264083004,0.93,19.85126748334219,15.094025921323619,15.028415858149977,11.75029660367163,1.6894269270734188,1.6135807126163955,1.7533830040382816,1.3151738036502194,1.2804572436098023,1.3800530896072398,1.3209155023865513,1.2869962341793129,1.3882301495356464,12.102979697481244,1.6401967101930648,1.552884907891289,1.7208701244816542,10.908956984773535,1.8197218589320796,1.7537123347487096,1.91709532604835,19.566410611536988,1.0145584633513334,0.9963740208202791,1.0396387031825916
noise,ideal,nv_charge_readout_master_v1_4,thin_all_counts,2,sigma0.1,0.1,5.437,1.0,27.43339830432224,0.9249776330930897,7.504300359171423,12.911749357161563,0.11758756837904422,9.422120008455401,636.7993609310438,0.1,0.1,ou,2.1054086423165375,mean,0.08200154264083004,0.94,nan,nan,30.240978665549633,15.009535341556111,nan,1.4765888445843105,1.8219150170731122,nan,nan,nan,nan,0.8570240166311077,1.4511636611576486,15.39180909318923,nan,1.4993515717628683,1.8440846526787504,12.58252799122711,nan,1.7949203820360353,2.161995487341756,27.373555400300027,nan,0.9882828683265531,1.1493555556755581
noise,ideal,nv_charge_readout_master_v1_4,thin_all_counts,2,sigma0.1,0.1,5.437,1.0,27.43339830432224,0.9249776330930897,7.504300359171423,12.911749357161563,0.11758756837904422,9.422120008455401,636.7993609310438,0.1,0.1,ou,2.1054086423165375,mean,0.08200154264083004,0.95,nan,nan,nan,nan,nan,nan,nan,nan,nan,nan,nan,nan,nan,nan,nan,nan,nan,nan,nan,nan,nan,nan,nan,nan,nan
noise,ideal,nv_charge_readout_master_v1_4,thin_all_counts,2,sigma0.1,0.1,5.437,1.0,27.43339830432224,0.9249776330930897,7.504300359171423,12.911749357161563,0.11758756837904422,9.422120008455401,636.7993609310438,0.1,0.1,ou,2.1054086423165375,mean,0.08200154264083004,0.96,nan,nan,nan,nan,nan,nan,nan,nan,nan,nan,nan,nan,nan,nan,nan,nan,nan,nan,nan,nan,nan,nan,nan,nan,nan
noise,ideal,nv_charge_readout_master_v1_4,thin_all_counts,2,sigma0.1,0.1,5.437,1.0,27.43339830432224,0.9249776330930897,7.504300359171423,12.911749357161563,0.11758756837904422,9.422120008455401,636.7993609310438,0.1,0.1,ou,2.1054086423165375,mean,0.08200154264083004,0.97,nan,nan,nan,nan,nan,nan,nan,nan,nan,nan,nan,nan,nan,nan,nan,nan,nan,nan,nan,nan,nan,nan,nan,nan,nan
noise,ideal,nv_charge_readout_master_v1_4,thin_all_counts,2,sigma0.1,0.1,5.437,1.0,27.43339830432224,0.9249776330930897,7.504300359171423,12.911749357161563,0.11758756837904422,9.422120008455401,636.7993609310438,0.1,0.1,ou,2.1054086423165375,mean,0.08200154264083004,0.98,nan,nan,nan,nan,nan,nan,nan,nan,nan,nan,nan,nan,nan,nan,nan,nan,nan,nan,nan,nan,nan,nan,nan,nan,nan
noise,ideal,nv_charge_readout_master_v1_4,thin_all_counts,2,sigma0.1,0.1,5.437,1.0,27.43339830432224,0.9249776330930897,7.504300359171423,12.911749357161563,0.11758756837904422,9.422120008455401,636.7993609310438,0.1,0.1,ou,2.1054086423165375,mean,0.08200154264083004,0.99,nan,nan,nan,nan,nan,nan,nan,nan,nan,nan,nan,nan,nan,nan,nan,nan,nan,nan,nan,nan,nan,nan,nan,nan,nan
noise,ideal,nv_charge_readout_master_v1_4,thin_all_counts,3,sigma0.2,0.2,5.437,1.0,27.43339830432224,0.9249776330930897,7.504300359171423,12.911749357161563,0.11758756837904422,9.422120008455401,636.7993609310438,0.2,0.1,ou,2.1054086423165375,mean,0.09222437088256896,0.55,0.4984698522819742,1.592387923789351,1.592387923789351,0.47142850773816286,1.0573604355696504,1.0352914027601978,1.0771296354183464,0.31303292673545435,0.291466868257122,0.33289814754063923,0.31303292673545435,0.291466868257122,0.33289814754063923,4.974995007273436,0.10019504573435993,0.09308041575057917,0.10686111703237304,0.48235528653648513,1.033408083616536,1.0133181534163096,1.0763130357034196,0.4984698522819742,1.0,0.99999999999999,1.000000000000025
noise,ideal,nv_charge_readout_master_v1_4,thin_all_counts,3,sigma0.2,0.2,5.437,1.0,27.43339830432224,0.9249776330930897,7.504300359171423,12.911749357161563,0.11758756837904422,9.422120008455401,636.7993609310438,0.2,0.1,ou,2.1054086423165375,mean,0.09222437088256896,0.56,0.5893195730230956,1.592387923789351,1.592387923789351,0.5571624314078307,1.0577159187384737,1.0362539584574877,1.0779685055753143,0.37008543221096024,0.35053453759501707,0.3888610024270338,0.37008543221096024,0.35053453759501707,0.3888610024270338,4.974995007273436,0.1184563144609213,0.1119429041196899,0.12476128801567384,0.5788263438437822,1.0181284581997971,1.0035894460699848,1.0487088287243038,0.5893195730230956,1.0,1.0000000000000486,1.0000000000000577
noise,ideal,nv_charge_readout_master_v1_4,thin_all_counts,3,sigma0.2,0.2,5.437,1.0,27.43339830432224,0.9249776330930897,7.504300359171423,12.911749357161563,0.11758756837904422,9.422120008455401,636.7993609310438,0.2,0.1,ou,2.1054086423165375,mean,0.09222437088256896,0.57,0.6870154003014091,1.592387923789351,1.592387923789351,0.6584879146610745,1.0433227170995503,1.0344237304247446,1.060643810421248,0.4314372082567306,0.4061053735015325,0.45698566559042014,0.4314372082567306,0.4061053735015325,0.45698566559042014,4.974995007273436,0.13809368638501013,0.12978959147858316,0.14675946956997082,0.6752974011510782,1.017352353393271,0.9983364198006602,1.0455569207268507,0.6870154003014091,1.0,1.0000000000000744,1.000000000000169
noise,ideal,nv_charge_readout_master_v1_4,thin_all_counts,3,sigma0.2,0.2,5.437,1.0,27.43339830432224,0.9249776330930897,7.504300359171423,12.911749357161563,0.11758756837904422,9.422120008455401,636.7993609310438,0.2,0.1,ou,2.1054086423165375,mean,0.09222437088256896,0.58,0.7959228536460131,1.592387923789351,1.592387923789351,0.7476391506500105,1.0645815604413225,1.0483752479747088,1.0877413248055638,0.4998297473595396,0.4739305589052311,0.531556988628715,0.4998297473595396,0.4739305589052311,0.531556988628715,4.974995007273436,0.15998465374987814,0.15123069751762835,0.1704882761466363,0.7717684584583752,1.031297463537039,1.0198039798528236,1.0495226248661453,0.7959228536460131,1.0,1.000000000000065,1.0000000000001308
noise,ideal,nv_charge_readout_master_v1_4,thin_all_counts,3,sigma0.2,0.2,5.437,1.0,27.43339830432224,0.9249776330930897,7.504300359171423,12.911749357161563,0.11758756837904422,9.422120008455401,636.7993609310438,0.2,0.1,ou,2.1054086423165375,mean,0.09222437088256896,0.59,0.9157603901963481,1.592387923789351,1.592387923789351,0.8483809055635121,1.079421264895255,1.0566552543023489,1.0984061574281618,0.5750862440711962,0.542259619599983,0.6068866942966876,0.5750862440711962,0.542259619599983,0.6068866942966876,4.974995007273436,0.18407262496897137,0.17287276257432335,0.194736138602809,0.8722553036428095,1.0498765514773576,1.036325547553204,1.068367817682491,0.9157603901963481,1.0,1.0000000000000397,1.0000000000001015
noise,ideal,nv_charge_readout_master_v1_4,thin_all_counts,3,sigma0.2,0.2,5.437,1.0,27.43339830432224,0.9249776330930897,7.504300359171423,12.911749357161563,0.11758756837904422,9.422120008455401,636.7993609310438,0.2,0.1,ou,2.1054086423165375,mean,0.09222437088256896,0.6,1.035658896695659,1.592387923789351,1.592387923789351,0.9626972588300138,1.075788766610094,1.0554728738343464,1.089885607045235,0.6503810291597395,0.6171242581468981,0.6793763155085771,0.6503810291597395,0.6171242581468981,0.6793763155085771,4.974995007273436,0.20817285146648934,0.19680603480027697,0.21811702057090543,0.9750119419751908,1.0622012429895051,1.04610626135083,1.0791808108642216,1.035658896695659,1.0,0.999999999999956,1.000000000000027
noise,ideal,nv_charge_readout_master_v1_4,thin_all_counts,3,sigma0.2,0.2,5.437,1.0,27.43339830432224,0.9249776330930897,7.504300359171423,12.911749357161563,0.11758756837904422,9.422120008455401,636.7993609310438,0.2,0.1,ou,2.1054086423165375,mean,0.09222437088256896,0.61,1.1484885941931555,1.592387923789351,1.592387923789351,1.0787306053504278,1.064666737456723,1.0540494410715244,1.0780271563680972,0.7212366892736392,0.6892590512485398,0.7536579980748462,0.7212366892736392,0.6892590512485398,0.7536579980748462,4.974995007273436,0.23085221040705906,0.21992103359619428,0.24212982032033598,1.0777685803075723,1.0656170676875747,1.054262347781739,1.0809183423531536,1.1484885941931555,1.0,1.0000000000000087,1.0000000000000835
noise,ideal,nv_charge_readout_master_v1_4,thin_all_counts,3,sigma0.2,0.2,5.437,1.0,27.43339830432224,0.9249776330930897,7.504300359171423,12.911749357161563,0.11758756837904422,9.422120008455401,636.7993609310438,0.2,0.1,ou,2.1054086423165375,mean,0.09222437088256896,0.62,1.2662721970285946,1.592387923789351,1.592387923789351,1.1746047575514753,1.078041093302061,1.065433632854247,1.0917703130517338,0.7952033409141223,0.7595485129400136,0.8329166207163505,0.7952033409141223,0.7595485129400136,0.8329166207163505,4.974995007273436,0.2545273302138608,0.2422223014125562,0.26740739166395244,1.1805252186399535,1.072634601137473,1.0621718308311678,1.0822242986344122,1.2662721970285946,1.0,0.9999999999999669,1.0000000000000624
noise,ideal,nv_charge_readout_master_v1_4,thin_all_counts,3,sigma0.2,0.2,5.437,1.0,27.43339830432224,0.9249776330930897,7.504300359171423,12.911749357161563,0.11758756837904422,9.422120008455401,636.7993609310438,0.2,0.1,ou,2.1054086423165375,mean,0.09222437088256896,0.63,1.3888425887479152,1.592387923789351,1.592387923789351,1.278999900085678,1.085881702301055,1.0709751247731158,1.0978377976004545,0.872176037006695,0.833422624469909,0.9108793739869884,0.872176037006695,0.833422624469909,0.9108793739869884,4.974995007273436,0.27916461960613614,0.26569790928278764,0.29242293525384716,1.2966121239527437,1.0711318852348883,1.063097111293269,1.0822613909772827,1.3888425887479152,1.0,0.999999999999886,0.9999999999999731
noise,ideal,nv_charge_readout_master_v1_4,thin_all_counts,3,sigma0.2,0.2,5.437,1.0,27.43339830432224,0.9249776330930897,7.504300359171423,12.911749357161563,0.11758756837904422,9.422120008455401,636.7993609310438,0.2,0.1,ou,2.1054086423165375,mean,0.09222437088256896,0.64,1.5179328802490397,1.592387923789351,1.592387923789351,1.3926733515273422,1.0899417861225862,1.0247649178731424,1.0999598400505328,0.9532431498455897,0.90940396748522,1.0011233021124835,0.9532431498455897,0.90940396748522,1.0011233021124835,4.974995007273436,0.3051124429330731,0.2899769258913982,0.3211682008812013,1.4161850944240453,1.0718463894483896,1.063445080522135,1.090348487277246,1.5179328802490397,1.0,0.9999999999998558,0.9999999999999708
noise,ideal,nv_charge_readout_master_v1_4,thin_all_counts,3,sigma0.2,0.2,5.437,1.0,27.43339830432224,0.9249776330930897,7.504300359171423,12.911749357161563,0.11758756837904422,9.422120008455401,636.7993609310438,0.2,0.1,ou,2.1054086423165375,mean,0.09222437088256896,0.65,1.6675805519276135,1.592387923789351,1.592387923789351,1.592387923789351,1.0472200441958446,1.0102679286418426,1.1015907759122097,1.0472200441958446,0.9920083886363085,1.0841605228558338,1.0472200441958446,0.9919848852856147,1.0841605228558338,4.974995007273436,0.3351924071259595,0.3171295247532647,0.35047223625698554,1.5402414843348677,1.0826747421672878,1.0657594055160389,1.1023732978532996,1.6675805519276135,1.0,0.999999999999946,1.0000000000000981
noise,ideal,nv_charge_readout_master_v1_4,thin_all_counts,3,sigma0.2,0.2,5.437,1.0,27.43339830432224,0.9249776330930897,7.504300359171423,12.911749357161563,0.11758756837904422,9.422120008455401,636.7993609310438,0.2,0.1,ou,2.1054086423165375,mean,0.09222437088256896,0.66,1.7986997086960685,1.7917157917597824,1.7920054117252824,1.6516235307016216,1.089049456647041,1.042369354457884,1.103915698567746,1.003897893275488,0.9962616157224476,1.0981429730379582,1.003735645510323,0.9961804364272769,1.0981429730379582,4.974995007273436,0.36154804297619836,0.34760560006740365,0.37596488540040085,1.6642978742456904,1.0807558770158816,1.0649222720822338,1.0974900360668114,1.7986997086960685,1.0,1.000000000000098,1.0000000000001017
noise,ideal,nv_charge_readout_master_v1_4,thin_all_counts,3,sigma0.2,0.2,5.437,1.0,27.43339830432224,0.9249776330930897,7.504300359171423,12.911749357161563,0.11758756837904422,9.422120008455401,636.7993609310438,0.2,0.1,ou,2.1054086423165375,mean,0.09222437088256896,0.67,1.9298355426163767,1.8896487875417725,1.8907128104771027,1.8004214501412827,1.07187988815893,1.051993110814494,1.0984404848870413,1.0212667853092865,1.0067462920530168,1.0442817773635442,1.0206920542995643,1.0063818065623154,1.043348514092074,4.974995007273436,0.3879070310211286,0.3718606231380319,0.4059964947777726,1.788354264156513,1.0791125568884943,1.0627354240647966,1.100411597978291,1.9298355426163767,1.0,1.0000000000000229,1.000000000000103
noise,ideal,nv_charge_readout_master_v1_4,thin_all_counts,3,sigma0.2,0.2,5.437,1.0,27.43339830432224,0.9249776330930897,7.504300359171423,12.911749357161563,0.11758756837904422,9.422120008455401,636.7993609310438,0.2,0.1,ou,2.1054086423165375,mean,0.09222437088256896,0.68,2.08991538764794,1.9929346812035182,1.9948572187963054,1.8682844049590999,1.1186280750942157,1.095786123269753,1.1312541439369097,1.0486622604138014,1.0277791359894588,1.07488177416212,1.0476516153416697,1.0269643804514026,1.073742334140923,4.974995007273436,0.4200839165853406,0.40126922708877655,0.43878438559381444,1.9124106540673358,1.0928172687195008,1.072613772295913,1.1152447791243016,2.08991538764794,1.0,0.9999999999998954,1.000000000000043
noise,ideal,nv_charge_readout_master_v1_4,thin_all_counts,3,sigma0.2,0.2,5.437,1.0,27.43339830432224,0.9249776330930897,7.504300359171423,12.911749357161563,0.11758756837904422,9.422120008455401,636.7993609310438,0.2,0.1,ou,2.1054086423165375,mean,0.09222437088256896,0.69,2.255134707990318,2.1018660556021262,2.1047381185192013,1.9866875653516056,1.135122979234635,1.1253121281206262,1.146881780813146,1.0729202757614753,1.051909132236155,1.0946827401829027,1.0714562007253086,1.0504447156987742,1.0928939970498057,4.974995007273436,0.45329386355027773,0.43500772756260053,0.47178612050857055,2.036467043978157,1.107375989539709,1.0897904724522212,1.1271875543114298,2.255134707990318,1.0,0.9999999999998964,0.9999999999999938
noise,ideal,nv_charge_readout_master_v1_4,thin_all_counts,3,sigma0.2,0.2,5.437,1.0,27.43339830432224,0.9249776330930897,7.504300359171423,12.911749357161563,0.11758756837904422,9.422120008455401,636.7993609310438,0.2,0.1,ou,2.1054086423165375,mean,0.09222437088256896,0.7,2.4233610994612573,2.2167514858161548,2.2206714875667943,2.112594566355168,1.1471018330044513,1.1339620587970582,1.1634451231259755,1.0932037781262764,1.0730496200727864,1.116605057766283,1.0912740191555985,1.0719907104074462,1.1140631565140502,4.974995007273436,0.48710824752955667,0.4682806337987913,0.5054488305450091,2.1605234338889794,1.1216546238052905,1.1046316557162354,1.1401107988257513,2.4233610994612573,1.0,0.9999999999999832,1.0000000000000626
noise,ideal,nv_charge_readout_master_v1_4,thin_all_counts,3,sigma0.2,0.2,5.437,1.0,27.43339830432224,0.9249776330930897,7.504300359171423,12.911749357161563,0.11758756837904422,9.422120008455401,636.7993609310438,0.2,0.1,ou,2.1054086423165375,mean,0.09222437088256896,0.71,2.5898686843177066,2.3379164132608867,2.3429907085835535,2.2464809664238805,1.1528558323111264,1.1413590545512042,1.1644659795068788,1.107767869555867,1.0883539321196367,1.1269723673725085,1.1053687386935487,1.0861855264287525,1.1242255603130125,4.974995007273436,0.5205771423953838,0.5012263676378209,0.5402234165683973,2.284579823799802,1.1336302007649426,1.1208770394215657,1.145195218224843,2.5898686843177066,1.0,1.000000000000021,1.0000000000000566
noise,ideal,nv_charge_readout_master_v1_4,thin_all_counts,3,sigma0.2,0.2,5.437,1.0,27.43339830432224,0.9249776330930897,7.504300359171423,12.911749357161563,0.11758756837904422,9.422120008455401,636.7993609310438,0.2,0.1,ou,2.1054086423165375,mean,0.09222437088256896,0.72,2.7627527054065797,2.46570406758169,2.4720475276259184,2.388852462690812,1.1565187672974182,1.1458713340700835,1.169145191829561,1.120472136835232,1.1002448229718298,1.1432573022596977,1.1175969209863235,1.0983984985395214,1.1412636473384357,4.974995007273436,0.555327734272585,0.5346619929138671,0.5791287552516211,2.4086362137106248,1.1470194999478234,1.138147259527008,1.1584598120367242,2.7627527054065797,1.0,1.0000000000000029,1.0000000000000406
noise,ideal,nv_charge_readout_master_v1_4,thin_all_counts,3,sigma0.2,0.2,5.437,1.0,27.43339830432224,0.9249776330930897,7.504300359171423,12.911749357161563,0.11758756837904422,9.422120008455401,636.7993609310438,0.2,0.1,ou,2.1054086423165375,mean,0.09222437088256896,0.73,2.974542658342018,2.6004764389369392,2.6082130656573574,2.540246801017052,1.1709660089527854,1.1580409338855935,1.1805209863573496,1.1438452638155778,1.1175636287752155,1.1705614225006937,1.1404523263487039,1.1158392792186467,1.1680154868485275,4.974995007273436,0.5978986218063014,0.5720767629458512,0.6251400385436306,2.5627561483297834,1.1606811129028436,1.1500429841544315,1.1726407195138955,2.974542658342018,1.0,1.0000000000000258,1.0000000000001326
noise,ideal,nv_charge_readout_master_v1_4,thin_all_counts,3,sigma0.2,0.2,5.437,1.0,27.43339830432224,0.9249776330930897,7.504300359171423,12.911749357161563,0.11758756837904422,9.422120008455401,636.7993609310438,0.2,0.1,ou,2.1054086423165375,mean,0.09222437088256896,0.74,3.206535990345519,2.7426153034247287,2.7518788857586958,2.7179038837183263,1.1797827029698718,1.171414048720197,1.1877698192296455,1.1691526647362787,1.1434502257127814,1.191719333269572,1.1652169748239025,1.1403100779128037,1.1872293167792198,4.974995007273436,0.644530494132671,0.6150342337527193,0.6732964253036391,2.7445345440806124,1.1683350815391802,1.1536703114528786,1.184623853260313,3.206535990345519,1.0,1.0000000000001101,1.0000000000001503
noise,ideal,nv_charge_readout_master_v1_4,thin_all_counts,3,sigma0.2,0.2,5.437,1.0,27.43339830432224,0.9249776330930897,7.504300359171423,12.911749357161563,0.11758756837904422,9.422120008455401,636.7993609310438,0.2,0.1,ou,2.1054086423165375,mean,0.09222437088256896,0.75,3.449817282130522,2.892523304558162,2.903458119122607,2.901945923062125,1.1887944757048694,1.0475395962726188,1.195942503618974,1.1926670657049339,1.1691943252715546,1.217355023524747,1.1881753208043582,1.1646581609152091,1.211562644778115,4.974995007273436,0.693431305375562,0.6633394500449542,0.7251054450899346,2.926312939831441,1.1788955429794994,1.162946771783991,1.1996785214185377,3.449817282130522,1.0,1.0000000000000597,1.0000000000001252
noise,ideal,nv_charge_readout_master_v1_4,thin_all_counts,3,sigma0.2,0.2,5.437,1.0,27.43339830432224,0.9249776330930897,7.504300359171423,12.911749357161563,0.11758756837904422,9.422120008455401,636.7993609310438,0.2,0.1,ou,2.1054086423165375,mean,0.09222437088256896,0.76,3.6875104556193965,3.050625093852757,3.063386653070239,3.3323322129554436,1.1065854842692726,1.0715071382142485,1.1482122726978483,1.2087720851211814,1.1922248857519184,1.221942282522061,1.2037365416878203,1.1876867419331167,1.2164332743056527,4.974995007273436,0.7412088756326913,0.7132966446398159,0.7698309800680387,3.10809133558227,1.186422809845959,1.1704846673629636,1.202400277844894,3.6875104556193965,1.0,0.9999999999999406,1.0000000000000828
noise,ideal,nv_charge_readout_master_v1_4,thin_all_counts,3,sigma0.2,0.2,5.437,1.0,27.43339830432224,0.9249776330930897,7.504300359171423,12.911749357161563,0.11758756837904422,9.422120008455401,636.7993609310438,0.2,0.1,ou,2.1054086423165375,mean,0.09222437088256896,0.77,3.9180813073547602,3.2173685337569635,3.232124384506266,3.3323322129554436,1.1757775206571663,1.136001671240638,1.2140017129034533,1.2177906466871438,1.2066368686430629,1.2259369899555457,1.2122309791469488,0.9988841487644493,1.2188305458675959,4.974995007273436,0.7875548219900785,0.7592221915331361,0.8181028487005026,3.2898697313330985,1.1909533286496126,1.1759517547156089,1.2083562282681473,3.9180813073547602,1.0,0.9999999999998371,0.9999999999999684
noise,ideal,nv_charge_readout_master_v1_4,thin_all_counts,3,sigma0.2,0.2,5.437,1.0,27.43339830432224,0.9249776330930897,7.504300359171423,12.911749357161563,0.11758756837904422,9.422120008455401,636.7993609310438,0.2,0.1,ou,2.1054086423165375,mean,0.09222437088256896,0.78,4.185400104571065,4.13342520978748,4.150199333209432,3.5016254112185528,1.195273512455623,1.1785629655010548,1.227553778518093,1.012574291815058,1.0035313153330465,1.2292566164906464,1.008481706186968,0.9977934043761707,1.2205771255597424,4.974995007273436,0.8412872974650257,0.8056932250496825,0.8789110710134116,3.4716481270839274,1.2055945623978506,1.1840524876893868,1.2232630402140143,4.185400104571065,1.0,0.9999999999998375,0.9999999999999811
noise,ideal,nv_charge_readout_master_v1_4,thin_all_counts,3,sigma0.2,0.2,5.437,1.0,27.43339830432224,0.9249776330930897,7.504300359171423,12.911749357161563,0.11758756837904422,9.422120008455401,636.7993609310438,0.2,0.1,ou,2.1054086423165375,mean,0.09222437088256896,0.79,4.4963140088027895,4.323077069177697,4.340620831225041,3.8978940391454278,1.1535239192362856,1.1382741494502548,1.2420180134276984,1.0400726003383614,1.0215810521954414,1.0608316978119392,1.0358688730556103,1.0165827918833663,1.0564471512873244,4.974995007273436,0.9037826173150294,0.8664052694834654,0.9402410580278827,3.6534265228347564,1.2307114925398916,1.2114084613245688,1.2457011584791884,4.4963140088027895,1.0,0.9999999999999543,1.000000000000065
noise,ideal,nv_charge_readout_master_v1_4,thin_all_counts,3,sigma0.2,0.2,5.437,1.0,27.43339830432224,0.9249776330930897,7.504300359171423,12.911749357161563,0.11758756837904422,9.422120008455401,636.7993609310438,0.2,0.1,ou,2.1054086423165375,mean,0.09222437088256896,0.8,4.804434888800698,4.521430628960364,4.539779342573083,3.9152725481567416,1.2271010075818507,1.1821676191982482,1.2559820703696947,1.0625917509444143,1.0431933231532067,1.0820567482500059,1.0582970065848203,1.0381199575124418,1.0774379607823101,4.974995007273436,0.9657165246953254,0.9256933884433884,0.9991440007127862,3.8352049185855854,1.2527192133901837,1.2362453202855614,1.2624321222275028,4.804434888800698,1.0,1.0000000000000449,1.0000000000000628
noise,ideal,nv_charge_readout_master_v1_4,thin_all_counts,3,sigma0.2,0.2,5.437,1.0,27.43339830432224,0.9249776330930897,7.504300359171423,12.911749357161563,0.11758756837904422,9.422120008455401,636.7993609310438,0.2,0.1,ou,2.1054086423165375,mean,0.09222437088256896,0.81,5.125149999827315,4.7288851448557425,4.748075743219595,4.205161735703097,1.2187759524950583,1.1966362353238247,1.258633855992984,1.0837966757138613,1.063443028392866,1.1067180463623445,1.0794162260672007,1.0580380340957034,1.1020885310666275,5.1237922420337245,1.0002649907977244,0.9882295468859742,1.0096175300844188,4.092777574088873,1.2522424947483901,1.237631143257063,1.2679248981031535,5.125149999827315,1.0,1.0000000000000369,1.0000000000000493
noise,ideal,nv_charge_readout_master_v1_4,thin_all_counts,3,sigma0.2,0.2,5.437,1.0,27.43339830432224,0.9249776330930897,7.504300359171423,12.911749357161563,0.11758756837904422,9.422120008455401,636.7993609310438,0.2,0.1,ou,2.1054086423165375,mean,0.09222437088256896,0.82,5.477494082046975,4.9458581914324755,4.965929302319912,4.4875355801543755,1.220601816790173,1.1916621170347916,1.2584964362574622,1.107491130970037,1.083196688196658,1.1305321160227053,1.103014913943313,1.0787101284010039,1.1259785864823026,5.448816488203851,1.0052630867464905,0.9943672091205265,1.0180999978953045,4.3598245120612145,1.2563565498780487,1.2412487179203142,1.2717045323251648,5.477494082046975,1.0,1.000000000000042,1.000000000000072
noise,ideal,nv_charge_readout_master_v1_4,thin_all_counts,3,sigma0.2,0.2,5.437,1.0,27.43339830432224,0.9249776330930897,7.504300359171423,12.911749357161563,0.11758756837904422,9.422120008455401,636.7993609310438,0.2,0.1,ou,2.1054086423165375,mean,0.09222437088256896,0.83,5.8562995382807355,5.172786502622055,5.193778526144084,4.530081923829431,1.2927579758491892,1.2491269198305157,1.3060087776449507,1.132136332190051,1.1079448424879987,1.1614899190926464,1.127560505093103,1.103596763270444,1.154941954463894,5.794458424476991,1.0106724579371413,0.9949734246414997,1.0295079075446796,4.626871450033559,1.2657147710983538,1.2484009101975035,1.2874137428301566,5.8562995382807355,1.0,1.0000000000000142,1.0000000000000826
noise,ideal,nv_charge_readout_master_v1_4,thin_all_counts,3,sigma0.2,0.2,5.437,1.0,27.43339830432224,0.9249776330930897,7.504300359171423,12.911749357161563,0.11758756837904422,9.422120008455401,636.7993609310438,0.2,0.1,ou,2.1054086423165375,mean,0.09222437088256896,0.84,6.318366213604751,5.410126850798171,5.432082040723667,4.817241883279362,1.3116148963862058,1.2569068115562205,1.3279539068849857,1.1678776464682312,1.1371474095904026,1.1974250998034637,1.163157361438343,1.1328972827661852,1.192694907720015,6.162025919881967,1.0253715735304434,1.0058908966228663,1.0451148592682318,4.893918388005904,1.2910648917010767,1.2720586327894814,1.3132726790701044,6.318366213604751,1.0,0.9999999999998924,1.0000000000000344
noise,ideal,nv_charge_readout_master_v1_4,thin_all_counts,3,sigma0.2,0.2,5.437,1.0,27.43339830432224,0.9249776330930897,7.504300359171423,12.911749357161563,0.11758756837904422,9.422120008455401,636.7993609310438,0.2,0.1,ou,2.1054086423165375,mean,0.09222437088256896,0.85,6.844919355122683,5.65835696619043,5.681319514996589,5.2778102052308284,1.2969241198440018,1.2437252979642819,1.3148962243284101,1.2097008718294284,1.1711753079112575,1.244696339310764,1.2048115472214898,1.1665341694045464,1.23829596462744,6.552909807222311,1.0445618139865946,1.0173923387750436,1.0698372038915587,5.160965325978249,1.3262866387937309,1.2984711428945455,1.3512613244535698,6.844919355122683,1.0,0.9999999999998865,0.9999999999999475
noise,ideal,nv_charge_readout_master_v1_4,thin_all_counts,3,sigma0.2,0.2,5.437,1.0,27.43339830432224,0.9249776330930897,7.504300359171423,12.911749357161563,0.11758756837904422,9.422120008455401,636.7993609310438,0.2,0.1,ou,2.1054086423165375,mean,0.09222437088256896,0.86,7.464754430849098,5.917976498483063,5.941992626308172,5.682972293368842,1.313529970849818,1.2665925612791664,1.3621518407850142,1.2613693942114361,1.22022292373742,1.29780950254591,1.2562712376651055,1.215158922282771,1.2929627275396367,6.968589145826389,1.071200249381881,1.0447711893943779,1.0986268642905552,5.513705468950532,1.3538544038823903,1.3371584710283675,1.3702644099398233,7.464754430849098,1.0,0.9999999999999367,1.0000000000000382
noise,ideal,nv_charge_readout_master_v1_4,thin_all_counts,3,sigma0.2,0.2,5.437,1.0,27.43339830432224,0.9249776330930897,7.504300359171423,12.911749357161563,0.11758756837904422,9.422120008455401,636.7993609310438,0.2,0.1,ou,2.1054086423165375,mean,0.09222437088256896,0.87,8.182875452389899,6.189508022534185,6.21462607021177,5.85482649333383,1.3976290265316542,1.34479801947975,1.4098815256992525,1.3220558762664896,1.2799086507071498,1.3649373191270135,1.316712439323169,1.2774103728623385,1.3596702850313436,7.41063681813649,1.1042067845456227,1.0766048233679548,1.1343615856621123,6.032585499167594,1.3564458313137897,1.3373527112286032,1.3813167818828453,8.182875452389899,1.0,1.0000000000000266,1.0000000000001332
noise,ideal,nv_charge_readout_master_v1_4,thin_all_counts,3,sigma0.2,0.2,5.437,1.0,27.43339830432224,0.9249776330930897,7.504300359171423,12.911749357161563,0.11758756837904422,9.422120008455401,636.7993609310438,0.2,0.1,ou,2.1054086423165375,mean,0.09222437088256896,0.88,9.167484732160695,6.473498090239955,6.499768616601567,6.534965736352259,1.4028359293705919,1.3239945769069619,1.4465216204114077,1.4161562426321626,0.7765376092999433,1.4430988446716093,1.4104324742799776,0.9759040647372702,1.4319969891399633,7.880725481313708,1.1632792886769208,1.1133254157514498,1.2106297196843194,6.551465529384655,1.3993029026929413,1.356146607812986,1.4551521209890177,9.167484732160695,1.0,1.0000000000000395,1.0000000000001286
noise,ideal,nv_charge_readout_master_v1_4,thin_all_counts,3,sigma0.2,0.2,5.437,1.0,27.43339830432224,0.9249776330930897,7.504300359171423,12.911749357161563,0.11758756837904422,9.422120008455401,636.7993609310438,0.2,0.1,ou,2.1054086423165375,mean,0.09222437088256896,0.89,10.614100531345125,12.753284279667891,10.714580039477996,7.178509925792601,1.4785938364741051,1.381723476414018,1.58285969690915,0.8322640896719293,0.7865631924834673,0.9167663904267506,0.9906221701865446,0.9683669951711453,1.0411588383246464,8.422182786817139,1.2602553043563594,1.2079984108264352,1.357910747278699,7.070345559601717,1.5012138292068193,1.4336872380869183,1.6228975673859918,10.614100531345125,1.0,0.999999999999872,1.0000000000000662
noise,ideal,nv_charge_readout_master_v1_4,thin_all_counts,3,sigma0.2,0.2,5.437,1.0,27.43339830432224,0.9249776330930897,7.504300359171423,12.911749357161563,0.11758756837904422,9.422120008455401,636.7993609310438,0.2,0.1,ou,2.1054086423165375,mean,0.09222437088256896,0.9,15.807520692386916,13.419425395933619,12.383438578649185,8.145529493750356,1.9406375858702876,1.466762989208154,1.9944443412782367,1.177958088814812,0.8992455439289058,1.2084845246590017,1.2765049539343085,1.013457476485478,1.29183467227193,9.264929263212505,1.7061674453525018,1.325231658094001,1.7517003410171608,7.923706123204225,1.9949655434715439,1.5533154016209327,2.05768718713713,14.136401046286183,1.11821393865589,0.9999999999998455,1.1263023965736343
noise,ideal,nv_charge_readout_master_v1_4,thin_all_counts,3,sigma0.2,0.2,5.437,1.0,27.43339830432224,0.9249776330930897,7.504300359171423,12.911749357161563,0.11758756837904422,9.422120008455401,636.7993609310438,0.2,0.1,ou,2.1054086423165375,mean,0.09222437088256896,0.91,17.467126970954624,14.120360999411341,13.402654592719662,10.601977560787157,1.6475347991264524,1.541693337951937,1.7143076502986978,1.2370170261003104,1.207926138150739,1.274805720216677,1.3032587574436776,1.2729599994676764,1.3457886876076106,10.289359659904942,1.69759125429541,1.6469450488080248,1.7617160056556542,8.91946929012925,1.9583146040184989,1.8920103374716222,2.0334634803878386,16.922045145158954,1.0322113444988419,1.008074499769497,1.0664498477876396
noise,ideal,nv_charge_readout_master_v1_4,thin_all_counts,3,sigma0.2,0.2,5.437,1.0,27.43339830432224,0.9249776330930897,7.504300359171423,12.911749357161563,0.11758756837904422,9.422120008455401,636.7993609310438,0.2,0.1,ou,2.1054086423165375,mean,0.09222437088256896,0.92,19.395990090236108,14.857908507328096,14.505756942297042,11.545613433800424,1.679944526243471,1.6089292320660635,1.7149123377089452,1.3054320586689423,1.2718573197602645,1.3436962944747646,1.337123610121974,1.3023267043624893,1.3755462070645499,11.427062118137501,1.6973732959279182,1.6363233442249407,1.762577157455108,9.915232457054277,1.9561810753550881,1.8606022350788325,2.0277708818252274,19.190965833130658,1.010683373566926,0.9893356008025106,1.0380494441843948
noise,ideal,nv_charge_readout_master_v1_4,thin_all_counts,3,sigma0.2,0.2,5.437,1.0,27.43339830432224,0.9249776330930897,7.504300359171423,12.911749357161563,0.11758756837904422,9.422120008455401,636.7993609310438,0.2,0.1,ou,2.1054086423165375,mean,0.09222437088256896,0.93,22.435105902612307,nan,23.845720527844495,15.055357493466525,1.4901742394591642,1.4661534441860713,1.7661995778865125,nan,0.6839364484597127,1.425655005810668,0.9408441181894662,0.8849707721609524,1.4383228897308247,13.095403975753985,1.7132045673543703,1.6153243749504882,1.8338278792427645,11.798505235813243,1.9015210362845516,1.8237116917935192,2.057452319616271,22.747767109976905,0.9862553011971241,0.9682562754389479,1.0117178882347149
noise,ideal,nv_charge_readout_master_v1_4,thin_all_counts,3,sigma0.2,0.2,5.437,1.0,27.43339830432224,0.9249776330930897,7.504300359171423,12.911749357161563,0.11758756837904422,9.422120008455401,636.7993609310438,0.2,0.1,ou,2.1054086423165375,mean,0.09222437088256896,0.94,nan,nan,31.796221030958748,23.746462584085553,nan,nan,nan,nan,nan,nan,nan,nan,nan,17.104397530929297,nan,nan,nan,14.84431378731712,nan,nan,nan,35.59195580916351,nan,nan,nan
noise,ideal,nv_charge_readout_master_v1_4,thin_all_counts,3,sigma0.2,0.2,5.437,1.0,27.43339830432224,0.9249776330930897,7.504300359171423,12.911749357161563,0.11758756837904422,9.422120008455401,636.7993609310438,0.2,0.1,ou,2.1054086423165375,mean,0.09222437088256896,0.95,nan,nan,nan,nan,nan,nan,nan,nan,nan,nan,nan,nan,nan,nan,nan,nan,nan,nan,nan,nan,nan,nan,nan,nan,nan
noise,ideal,nv_charge_readout_master_v1_4,thin_all_counts,3,sigma0.2,0.2,5.437,1.0,27.43339830432224,0.9249776330930897,7.504300359171423,12.911749357161563,0.11758756837904422,9.422120008455401,636.7993609310438,0.2,0.1,ou,2.1054086423165375,mean,0.09222437088256896,0.96,nan,nan,nan,nan,nan,nan,nan,nan,nan,nan,nan,nan,nan,nan,nan,nan,nan,nan,nan,nan,nan,nan,nan,nan,nan
noise,ideal,nv_charge_readout_master_v1_4,thin_all_counts,3,sigma0.2,0.2,5.437,1.0,27.43339830432224,0.9249776330930897,7.504300359171423,12.911749357161563,0.11758756837904422,9.422120008455401,636.7993609310438,0.2,0.1,ou,2.1054086423165375,mean,0.09222437088256896,0.97,nan,nan,nan,nan,nan,nan,nan,nan,nan,nan,nan,nan,nan,nan,nan,nan,nan,nan,nan,nan,nan,nan,nan,nan,nan
noise,ideal,nv_charge_readout_master_v1_4,thin_all_counts,3,sigma0.2,0.2,5.437,1.0,27.43339830432224,0.9249776330930897,7.504300359171423,12.911749357161563,0.11758756837904422,9.422120008455401,636.7993609310438,0.2,0.1,ou,2.1054086423165375,mean,0.09222437088256896,0.98,nan,nan,nan,nan,nan,nan,nan,nan,nan,nan,nan,nan,nan,nan,nan,nan,nan,nan,nan,nan,nan,nan,nan,nan,nan
noise,ideal,nv_charge_readout_master_v1_4,thin_all_counts,3,sigma0.2,0.2,5.437,1.0,27.43339830432224,0.9249776330930897,7.504300359171423,12.911749357161563,0.11758756837904422,9.422120008455401,636.7993609310438,0.2,0.1,ou,2.1054086423165375,mean,0.09222437088256896,0.99,nan,nan,nan,nan,nan,nan,nan,nan,nan,nan,nan,nan,nan,nan,nan,nan,nan,nan,nan,nan,nan,nan,nan,nan,nan
noise,ideal,nv_charge_readout_master_v1_4,thin_all_counts,4,sigma0.3,0.3,5.437,1.0,27.43339830432224,0.9249776330930897,7.504300359171423,12.911749357161563,0.11758756837904422,9.422120008455401,636.7993609310438,0.3,0.1,ou,2.1054086423165375,mean,0.18429247659461723,0.55,0.5146500064656796,1.5987198287852489,1.5987198287852489,0.4881858174568458,1.0542092540637422,1.0299644067351323,1.0781935258192392,0.3219138195444319,0.299364468610852,0.34694907544680886,0.3219138195444319,0.299364468610852,0.34694907544680886,4.974995007273436,0.10344734129647608,0.09595508998671198,0.11193271308198315,0.4891872756425115,1.0520510898197928,1.0212131848343413,1.0958272533383002,0.5146500064656796,1.0,0.99999999999999,1.0000000000000484
noise,ideal,nv_charge_readout_master_v1_4,thin_all_counts,4,sigma0.3,0.3,5.437,1.0,27.43339830432224,0.9249776330930897,7.504300359171423,12.911749357161563,0.11758756837904422,9.422120008455401,636.7993609310438,0.3,0.1,ou,2.1054086423165375,mean,0.18429247659461723,0.56,0.6210598252096888,1.5987198287852489,1.5987198287852489,0.5900807125769563,1.052499788541542,1.0288607694363323,1.072847148750848,0.3884732108949866,0.36670871723856197,0.4130279814659445,0.3884732108949866,0.36670871723856197,0.4130279814659445,4.974995007273436,0.12483627105187045,0.11743284275275068,0.1332392064327175,0.5927459193515701,1.0477673568619292,1.0217195658018667,1.0803182027457583,0.6210598252096888,1.0,1.0000000000000544,1.000000000000098
noise,ideal,nv_charge_readout_master_v1_4,thin_all_counts,4,sigma0.3,0.3,5.437,1.0,27.43339830432224,0.9249776330930897,7.504300359171423,12.911749357161563,0.11758756837904422,9.422120008455401,636.7993609310438,0.3,0.1,ou,2.1054086423165375,mean,0.18429247659461723,0.57,0.723608612653492,1.5987198287852489,1.5987198287852489,0.6961672283438137,1.0394178053669108,1.0263170221471254,1.0517236183970446,0.45261752536297095,0.42813404571772684,0.475308072253139,0.45261752536297095,0.42813404571772684,0.475308072253139,4.974995007273436,0.1454491133349033,0.13733565144083043,0.1531343910032512,0.6963045630606275,1.0392127971599794,1.01667545781306,1.063959983641216,0.723608612653492,1.0,1.0000000000001166,1.0000000000001696
noise,ideal,nv_charge_readout_master_v1_4,thin_all_counts,4,sigma0.3,0.3,5.437,1.0,27.43339830432224,0.9249776330930897,7.504300359171423,12.911749357161563,0.11758756837904422,9.422120008455401,636.7993609310438,0.3,0.1,ou,2.1054086423165375,mean,0.18429247659461723,0.58,0.827618955867444,1.5987198287852489,1.5987198287852489,0.792338981955423,1.0445263639874858,1.02313549000123,1.064116830357394,0.5176760436481804,0.4909095690463344,0.5475922040655248,0.5176760436481804,0.4909095690463344,0.5475922040655248,4.974995007273436,0.16635573596706454,0.1575534441564155,0.1765355114250321,0.799863206769686,1.0347006198845574,1.026183367025156,1.054833014609817,0.827618955867444,1.0,1.0000000000000653,1.000000000000096
noise,ideal,nv_charge_readout_master_v1_4,thin_all_counts,4,sigma0.3,0.3,5.437,1.0,27.43339830432224,0.9249776330930897,7.504300359171423,12.911749357161563,0.11758756837904422,9.422120008455401,636.7993609310438,0.3,0.1,ou,2.1054086423165375,mean,0.18429247659461723,0.59,0.9516482932316457,1.5987198287852489,1.5987198287852489,0.9017963454265131,1.055280716159428,1.0328114648046869,1.0727107390494321,0.5952564521294104,0.561524124743671,0.6327544577283838,0.5952564521294104,0.561524124743671,0.6327544577283838,4.974995007273436,0.19128628105964673,0.17996407236693449,0.20401014228093378,0.9092875469756551,1.046586744090893,1.0299194263475284,1.0727277729256002,0.9516482932316457,1.0,0.9999999999999842,1.0000000000001015
noise,ideal,nv_charge_readout_master_v1_4,thin_all_counts,4,sigma0.3,0.3,5.437,1.0,27.43339830432224,0.9249776330930897,7.504300359171423,12.911749357161563,0.11758756837904422,9.422120008455401,636.7993609310438,0.3,0.1,ou,2.1054086423165375,mean,0.18429247659461723,0.6,1.0840287254772627,1.5987198287852489,1.5987198287852489,1.0263746542138044,1.0561725399460697,1.0446165906775458,1.0716850054881273,0.6780604743615005,0.6474731764159999,0.715202256191788,0.6780604743615005,0.6474731764159999,0.715202256191788,4.974995007273436,0.21789543987328916,0.20741604887531134,0.2304924893354128,1.0191970199746017,1.0636105720798483,1.0533857549684087,1.0838036966033273,1.0840287254772627,1.0,0.9999999999999587,1.0000000000000582
noise,ideal,nv_charge_readout_master_v1_4,thin_all_counts,4,sigma0.3,0.3,5.437,1.0,27.43339830432224,0.9249776330930897,7.504300359171423,12.911749357161563,0.11758756837904422,9.422120008455401,636.7993609310438,0.3,0.1,ou,2.1054086423165375,mean,0.18429247659461723,0.61,1.2051526739525082,1.5987198287852489,1.5987198287852489,1.1312332339783562,1.0653441198100146,1.054324710312855,1.0768247011998682,0.7538235607349765,0.7232248133099958,0.788459350154489,0.7538235607349765,0.7232248133099958,0.788459350154489,4.974995007273436,0.2422419866131678,0.23199256995066872,0.25420581541870807,1.1291064929735484,1.0673507604926522,1.0570780774617596,1.0823407893077104,1.2051526739525082,1.0,1.0000000000000155,1.0000000000000835
noise,ideal,nv_charge_readout_master_v1_4,thin_all_counts,4,sigma0.3,0.3,5.437,1.0,27.43339830432224,0.9249776330930897,7.504300359171423,12.911749357161563,0.11758756837904422,9.422120008455401,636.7993609310438,0.3,0.1,ou,2.1054086423165375,mean,0.18429247659461723,0.62,1.3226615783860864,1.5987198287852489,1.5987198287852489,1.2367452779174868,1.0694696814313058,1.0564648636047662,1.0864822386496575,0.82732543537105,0.7941766540421615,0.8681956045187778,0.82732543537105,0.7941766540421615,0.8681956045187778,4.974995007273436,0.26586189060538895,0.25440317753958264,0.28004236515096687,1.241282689142567,1.0655603191403025,1.0569804421234965,1.0787214277151642,1.3226615783860864,1.0,0.9999999999999253,1.000000000000015
noise,ideal,nv_charge_readout_master_v1_4,thin_all_counts,4,sigma0.3,0.3,5.437,1.0,27.43339830432224,0.9249776330930897,7.504300359171423,12.911749357161563,0.11758756837904422,9.422120008455401,636.7993609310438,0.3,0.1,ou,2.1054086423165375,mean,0.18429247659461723,0.63,1.4631645862700673,1.5987198287852489,1.5987198287852489,1.3520986092956906,1.0821434000529229,1.0682757532978886,1.0973255542509763,0.9152101324606825,0.8731963162686659,0.960643605517293,0.9152101324606825,0.8731963162686659,0.960643605517293,4.974995007273436,0.2941037295778031,0.27951269866369366,0.3091262908763047,1.3558551355199477,1.079145218348838,1.070171864022905,1.087066945313075,1.4631645862700673,1.0,0.9999999999998559,0.999999999999928
noise,ideal,nv_charge_readout_master_v1_4,thin_all_counts,4,sigma0.3,0.3,5.437,1.0,27.43339830432224,0.9249776330930897,7.504300359171423,12.911749357161563,0.11758756837904422,9.422120008455401,636.7993609310438,0.3,0.1,ou,2.1054086423165375,mean,0.18429247659461723,0.64,1.6075291068084183,1.5987198287852489,1.5987198287852489,1.5987198287852489,1.00551020752014,0.9963354580526769,1.0964796456170325,1.00551020752014,0.9603771100907512,1.0544444147493757,1.00551020752014,0.9603771100907512,1.0544444147493757,4.974995007273436,0.3231217527772818,0.30801580151955177,0.33936186515342626,1.486269788876422,1.0815863437711837,1.0695586902707799,1.095822623307926,1.6075291068084183,1.0,0.9999999999998886,1.000000000000079
noise,ideal,nv_charge_readout_master_v1_4,thin_all_counts,4,sigma0.3,0.3,5.437,1.0,27.43339830432224,0.9249776330930897,7.504300359171423,12.911749357161563,0.11758756837904422,9.422120008455401,636.7993609310438,0.3,0.1,ou,2.1054086423165375,mean,0.18429247659461723,0.65,1.7523251944993996,1.5987198287852489,1.5987198287852489,1.5987198287852489,1.0960802280352426,1.0518103505996481,1.1041385781728608,1.0960802280352426,1.0025090081136765,1.1041385781728608,1.0960802280352426,1.0025090081136765,1.1041385781728608,4.974995007273436,0.3522265232301746,0.33811930686957853,0.3682457964107294,1.618664718105283,1.0825745288070354,1.0664458080843895,1.1002363482120154,1.7523251944993996,1.0,1.000000000000072,1.0000000000001006
noise,ideal,nv_charge_readout_master_v1_4,thin_all_counts,4,sigma0.3,0.3,5.437,1.0,27.43339830432224,0.9249776330930897,7.504300359171423,12.911749357161563,0.11758756837904422,9.422120008455401,636.7993609310438,0.3,0.1,ou,2.1054086423165375,mean,0.18429247659461723,0.66,1.8937224933340118,1.844544514925645,1.844544514925645,1.7813919871390462,1.0630577138585713,1.0487034974663076,1.1042699575665558,1.0266613128663633,1.0140756951912475,1.046942833275359,1.0266613128663633,1.0140756951912475,1.046942833275359,4.974995007273436,0.3806481193579877,0.3667548846351734,0.3981396676939385,1.7510596473341438,1.0814722937719805,1.0625896492641809,1.1008593868826313,1.8937224933340118,1.0,1.0000000000000564,1.000000000000103
noise,ideal,nv_charge_readout_master_v1_4,thin_all_counts,4,sigma0.3,0.3,5.437,1.0,27.43339830432224,0.9249776330930897,7.504300359171423,12.911749357161563,0.11758756837904422,9.422120008455401,636.7993609310438,0.3,0.1,ou,2.1054086423165375,mean,0.18429247659461723,0.67,2.0470663072782767,1.9489993512998625,1.9489993512998625,1.8519986601015812,1.1053281794307541,1.0843937193516608,1.1219539889567356,1.0503165667618153,1.0323148051596096,1.0713065792586998,1.0503165667618153,1.0323148051596096,1.0713065792586998,4.974995007273436,0.4114710274654484,0.396036261018187,0.4311220013370814,1.8834545765630049,1.086867893046742,1.0678025134654292,1.1056620485324269,2.0470663072782767,1.0,0.9999999999999201,1.0000000000000655
noise,ideal,nv_charge_readout_master_v1_4,thin_all_counts,4,sigma0.3,0.3,5.437,1.0,27.43339830432224,0.9249776330930897,7.504300359171423,12.911749357161563,0.11758756837904422,9.422120008455401,636.7993609310438,0.3,0.1,ou,2.1054086423165375,mean,0.18429247659461723,0.68,2.2111295487559675,2.0593693676839293,2.0593693676839293,1.9621674818163095,1.126881150180515,1.1157962113372402,1.1375087130285781,1.0736925504736994,1.053065258708418,1.094022701306316,1.0736925504736994,1.053065258708418,1.094022701306316,4.974995007273436,0.44444859653593605,0.42649481704901115,0.46390845926404156,2.0158495057918655,1.0968723321870162,1.0780863957738012,1.1146721679621943,2.2111295487559675,1.0,0.999999999999893,0.9999999999999714
noise,ideal,nv_charge_readout_master_v1_4,thin_all_counts,4,sigma0.3,0.3,5.437,1.0,27.43339830432224,0.9249776330930897,7.504300359171423,12.911749357161563,0.11758756837904422,9.422120008455401,636.7993609310438,0.3,0.1,ou,2.1054086423165375,mean,0.18429247659461723,0.69,2.3796079029935857,2.1759895352076013,2.1759895352076013,2.0920379448694195,1.1374592458178934,1.1246786765028314,1.152722057190753,1.0935750675687685,1.0721157370968566,1.1172075050976673,1.0935750675687685,1.0721157370968566,1.1172075050976673,4.974995007273436,0.4783136263482882,0.4585916542331516,0.5002916901556989,2.1482444350207253,1.107698855959391,1.0907730575286347,1.125077461451271,2.3796079029935857,1.0,0.999999999999954,1.000000000000062
noise,ideal,nv_charge_readout_master_v1_4,thin_all_counts,4,sigma0.3,0.3,5.437,1.0,27.43339830432224,0.9249776330930897,7.504300359171423,12.911749357161563,0.11758756837904422,9.422120008455401,636.7993609310438,0.3,0.1,ou,2.1054086423165375,mean,0.18429247659461723,0.7,2.5539930046810935,2.2992137941034527,2.2992137941034527,2.230504176290895,1.1450294654584006,1.1318282798777515,1.1574064448310901,1.1108114483442322,1.0884090237494426,1.132383078858094,1.1108114483442322,1.0884090237494426,1.132383078858094,4.974995007273436,0.5133659432717338,0.4940845738260117,0.5354654021121781,2.280639364249586,1.119858336533383,1.1047012216367533,1.1327335720582437,2.5539930046810935,1.0,1.0000000000000253,1.0000000000000613
noise,ideal,nv_charge_readout_master_v1_4,thin_all_counts,4,sigma0.3,0.3,5.437,1.0,27.43339830432224,0.9249776330930897,7.504300359171423,12.911749357161563,0.11758756837904422,9.422120008455401,636.7993609310438,0.3,0.1,ou,2.1054086423165375,mean,0.18429247659461723,0.71,2.7339422400094535,2.4294161279094775,2.4294161279094775,2.378135106321727,1.149616030116159,1.137570389766893,1.160409947598155,1.125349506246187,1.1039648582875632,1.1463240150511498,1.125349506246187,1.1039648582875632,1.1463240150511498,4.974995007273436,0.5495366801398662,0.5278575070707469,0.5722698220609818,2.413034293478447,1.1329893849409036,1.1245566948524623,1.140892622805395,2.7339422400094535,1.0,1.000000000000003,1.0000000000000353
noise,ideal,nv_charge_readout_master_v1_4,thin_all_counts,4,sigma0.3,0.3,5.437,1.0,27.43339830432224,0.9249776330930897,7.504300359171423,12.911749357161563,0.11758756837904422,9.422120008455401,636.7993609310438,0.3,0.1,ou,2.1054086423165375,mean,0.18429247659461723,0.72,2.922958293092896,2.5669916985027954,2.5669916985027954,2.5355373211290844,1.1527963989073888,1.1419990548856485,1.1618479707480887,1.1386707229313282,1.1162440281360755,1.1584289877038736,1.1386707229313282,1.1162440281360755,1.1584289877038736,4.974995007273436,0.58752989476764,0.5649335263768832,0.6111973551778661,2.5675353714516067,1.1384296105881275,1.126835437821427,1.1475920083417666,2.922958293092896,1.0,1.0000000000000107,1.0000000000001057
noise,ideal,nv_charge_readout_master_v1_4,thin_all_counts,4,sigma0.3,0.3,5.437,1.0,27.43339830432224,0.9249776330930897,7.504300359171423,12.911749357161563,0.11758756837904422,9.422120008455401,636.7993609310438,0.3,0.1,ou,2.1054086423165375,mean,0.18429247659461723,0.73,3.1233446449627977,2.7123580454092533,2.7123580454092533,2.6859939546185294,1.1628263867058413,1.1548722110851726,1.1722291328790981,1.1515237268358252,1.1316592985672,1.1719322541266295,1.1515237268358252,1.1316592985672,1.1719322541266295,4.974995007273436,0.6278085988823048,0.6033735687056753,0.654082511053353,2.746743321550747,1.1371083058461504,1.123403238479637,1.1518734031340754,3.1233446449627977,1.0,1.0000000000000902,1.0000000000001508
noise,ideal,nv_charge_readout_master_v1_4,thin_all_counts,4,sigma0.3,0.3,5.437,1.0,27.43339830432224,0.9249776330930897,7.504300359171423,12.911749357161563,0.11758756837904422,9.422120008455401,636.7993609310438,0.3,0.1,ou,2.1054086423165375,mean,0.18429247659461723,0.74,3.3484204874880867,2.865956353028811,2.865956353028811,2.842438529931752,1.1780098152442662,1.1683515468561811,1.1863607810002332,1.168343154964449,1.1483534300935183,1.1860753809351183,1.168343154964449,1.1483534300935183,1.1860753809351183,4.974995007273436,0.6730500196668943,0.6447977466409627,0.7010783428459522,2.9259512716498874,1.1443869622613287,1.127941834356315,1.16149744457462,3.3484204874880867,1.0,1.0000000000000928,1.0000000000001419
noise,ideal,nv_charge_readout_master_v1_4,thin_all_counts,4,sigma0.3,0.3,5.437,1.0,27.43339830432224,0.9249776330930897,7.504300359171423,12.911749357161563,0.11758756837904422,9.422120008455401,636.7993609310438,0.3,0.1,ou,2.1054086423165375,mean,0.18429247659461723,0.75,3.5914066679427314,3.0282527896227203,3.0282527896227203,3.357738841902216,1.069590827947816,1.045683839123831,1.1915282389964543,1.1859666010214995,1.1669773992905446,1.2011370879355774,1.1859666010214995,1.1669773992905446,1.2011370879355774,4.974995007273436,0.7218915119898813,0.6925969429537836,0.7517930491987277,3.105159221749028,1.1565934019704849,1.1386071340390078,1.1751495485697032,3.5914066679427314,1.0,0.999999999999988,1.0000000000001001
noise,ideal,nv_charge_readout_master_v1_4,thin_all_counts,4,sigma0.3,0.3,5.437,1.0,27.43339830432224,0.9249776330930897,7.504300359171423,12.911749357161563,0.11758756837904422,9.422120008455401,636.7993609310438,0.3,0.1,ou,2.1054086423165375,mean,0.18429247659461723,0.76,3.843451056619665,3.1997399221263025,3.1997399221263025,3.357738841902216,1.144654554027878,1.1047571792082762,1.187823059305758,1.2011760799814009,1.1887439872481116,1.2107219792572772,1.2011760799814009,1.1887439872481116,1.2107219792572772,4.974995007273436,0.7725537515114176,0.7435866903742647,0.8050960277785726,3.2843671718481686,1.1702257559884484,1.1524871704196327,1.1891332781872426,3.843451056619665,1.0,0.999999999999855,1.0000000000000098
noise,ideal,nv_charge_readout_master_v1_4,thin_all_counts,4,sigma0.3,0.3,5.437,1.0,27.43339830432224,0.9249776330930897,7.504300359171423,12.911749357161563,0.11758756837904422,9.422120008455401,636.7993609310438,0.3,0.1,ou,2.1054086423165375,mean,0.18429247659461723,0.77,4.112106079623906,4.094239908705951,4.094239908705951,3.5017358665127563,1.174305040807945,1.1674194131708373,1.2144045264726595,1.0043637332731685,1.0005042594723736,1.2172908148516195,1.0043637332731685,1.0005042594723736,1.2172908148516195,4.974995007273436,0.8265548153539879,0.794440303386632,0.8588462181305716,3.463575121947309,1.187243219749187,1.1686909902212215,1.2033136056841784,4.112106079623906,1.0,0.9999999999998355,0.9999999999999378
noise,ideal,nv_charge_readout_master_v1_4,thin_all_counts,4,sigma0.3,0.3,5.437,1.0,27.43339830432224,0.9249776330930897,7.504300359171423,12.911749357161563,0.11758756837904422,9.422120008455401,636.7993609310438,0.3,0.1,ou,2.1054086423165375,mean,0.18429247659461723,0.78,4.396206874318302,4.286626863163024,4.286626863163024,3.594150515677001,1.2231560295382409,1.1416462912658216,1.2334454892370543,1.0255632259707392,1.011870666901824,1.0422854357427238,1.0255632259707392,1.011870666901824,1.0422854357427238,4.974995007273436,0.8836605600389655,0.8495911460595144,0.9172695520746087,3.64278307204645,1.2068264256670633,1.190385651122079,1.2216958148416839,4.396206874318302,1.0,0.9999999999999176,1.0000000000000597
noise,ideal,nv_charge_readout_master_v1_4,thin_all_counts,4,sigma0.3,0.3,5.437,1.0,27.43339830432224,0.9249776330930897,7.504300359171423,12.911749357161563,0.11758756837904422,9.422120008455401,636.7993609310438,0.3,0.1,ou,2.1054086423165375,mean,0.18429247659461723,0.79,4.711549579543441,4.488054015818194,4.488054015818194,3.9298172357905554,1.198923333287184,1.1602170178499487,1.2375437263709723,1.0497978774180379,1.0288805209904128,1.0723737055077638,1.0497978774180379,1.0288805209904128,1.0723737055077638,4.974995007273436,0.9470460920373109,0.9098668371471238,0.9876521612178227,3.82199102214559,1.232747422022585,1.2139279641153489,1.248513051342317,4.711549579543441,1.0,1.0000000000000422,1.0000000000000644
noise,ideal,nv_charge_readout_master_v1_4,thin_all_counts,4,sigma0.3,0.3,5.437,1.0,27.43339830432224,0.9249776330930897,7.504300359171423,12.911749357161563,0.11758756837904422,9.422120008455401,636.7993609310438,0.3,0.1,ou,2.1054086423165375,mean,0.18429247659461723,0.8,5.0674978882321255,4.698946162540245,4.698946162540245,4.175081998321508,1.2137481108800718,1.1929996373955385,1.251755828591885,1.0784328470562095,1.056961139504755,1.1027201700156812,1.0784328470562095,1.056961139504755,1.1027201700156812,5.06311692383274,1.0008652702407017,0.978492693926436,1.011317718925059,4.06986425387388,1.2451270047664742,1.2319754327432,1.2592230307423984,5.0674978882321255,1.0,1.000000000000037,1.000000000000051
noise,ideal,nv_charge_readout_master_v1_4,thin_all_counts,4,sigma0.3,0.3,5.437,1.0,27.43339830432224,0.9249776330930897,7.504300359171423,12.911749357161563,0.11758756837904422,9.422120008455401,636.7993609310438,0.3,0.1,ou,2.1054086423165375,mean,0.18429247659461723,0.81,5.43391838352585,4.91974806021277,4.91974806021277,4.52163725433829,1.2017590261828879,1.1806665459872718,1.239948119646223,1.1045115150247844,1.0821098574088936,1.127197160883799,1.1045115150247844,1.0821098574088936,1.127197160883799,5.3934798915873845,1.0074976625020038,0.9970820282092939,1.0203317593259855,4.356548296957775,1.2472990113114124,1.231908852818597,1.2637486246665892,5.43391838352585,1.0,1.000000000000042,1.0000000000000697
noise,ideal,nv_charge_readout_master_v1_4,thin_all_counts,4,sigma0.3,0.3,5.437,1.0,27.43339830432224,0.9249776330930897,7.504300359171423,12.911749357161563,0.11758756837904422,9.422120008455401,636.7993609310438,0.3,0.1,ou,2.1054086423165375,mean,0.18429247659461723,0.82,5.819840462232709,5.150925364695536,5.150925364695536,4.571970799231291,1.2729391148366977,1.2343731233625304,1.2858962112134937,1.129863092585639,1.106288642918352,1.1618582026665694,1.129863092585639,1.106288642918352,1.1618582026665694,5.745398689891762,1.0129567635527048,0.9975718833788002,1.0325492541163208,4.643232340041666,1.253402809944351,1.2362875699503757,1.2777989463713881,5.819840462232709,1.0,1.0000000000000138,1.0000000000000824
noise,ideal,nv_charge_readout_master_v1_4,thin_all_counts,4,sigma0.3,0.3,5.437,1.0,27.43339830432224,0.9249776330930897,7.504300359171423,12.911749357161563,0.11758756837904422,9.422120008455401,636.7993609310438,0.3,0.1,ou,2.1054086423165375,mean,0.18429247659461723,0.83,6.320692881291981,5.392965612860346,5.392965612860346,4.8652320320569675,1.2991554852152982,1.2528511351766753,1.3182121619637726,1.1720254373992907,1.1394105242487553,1.20430600925996,1.1720254373992907,1.1394105242487553,1.20430600925996,6.1202798136501,1.0327457361009702,1.0092009858952085,1.0545744785871376,4.929916383125561,1.2821095511734966,1.257198552163035,1.3057212334939394,6.320692881291981,1.0,0.9999999999998936,1.0000000000000326
noise,ideal,nv_charge_readout_master_v1_4,thin_all_counts,4,sigma0.3,0.3,5.437,1.0,27.43339830432224,0.9249776330930897,7.504300359171423,12.911749357161563,0.11758756837904422,9.422120008455401,636.7993609310438,0.3,0.1,ou,2.1054086423165375,mean,0.18429247659461723,0.84,6.862935424486306,5.646379250772406,5.646379250772406,5.3260327426780965,1.2885642571238507,1.235003334870419,1.3076594326024884,1.2154577508316464,1.1848406051574067,1.247400009099117,1.2154577508316464,1.1848406051574067,1.247400009099117,6.519621530055833,1.052658561980596,1.0291190658654574,1.0724060542332265,5.216600426209456,1.3155953808547933,1.2942277599334382,1.3332479072465826,6.862935424486306,1.0,0.9999999999998866,0.9999999999999468
noise,ideal,nv_charge_readout_master_v1_4,thin_all_counts,4,sigma0.3,0.3,5.437,1.0,27.43339830432224,0.9249776330930897,7.504300359171423,12.911749357161563,0.11758756837904422,9.422120008455401,636.7993609310438,0.3,0.1,ou,2.1054086423165375,mean,0.18429247659461723,0.85,7.437577662038589,5.911700710185625,5.911700710185625,5.733453271063053,1.297224780670371,1.2579718990202577,1.345434974181806,1.2581113332114293,1.2279236086352627,1.2941705940570871,1.2581113332114293,1.2279236086352627,1.2941705940570871,6.945019866635403,1.0709224458477773,1.0483188632586602,1.0956066664700965,5.596412871412644,1.3289901644017195,1.3117378864677676,1.3453861599143861,7.437577662038589,1.0,0.9999999999999418,1.0000000000000329
noise,ideal,nv_charge_readout_master_v1_4,thin_all_counts,4,sigma0.3,0.3,5.437,1.0,27.43339830432224,0.9249776330930897,7.504300359171423,12.911749357161563,0.11758756837904422,9.422120008455401,636.7993609310438,0.3,0.1,ou,2.1054086423165375,mean,0.18429247659461723,0.86,8.11921804832976,6.189489535622038,6.189489535622038,5.854611194741386,1.3868073862227512,1.3287729534730812,1.3942156837780568,1.3117750666838772,1.2787097279367419,1.346295823576501,1.3117750666838772,1.2787097279367419,1.346295823576501,7.398174990005496,1.09746228756394,1.0716554861594354,1.1200793573671288,6.136125025914998,1.3231832816377547,1.3039899275815867,1.3447663781636836,8.11921804832976,1.0,1.0000000000000266,1.0000000000001323
noise,ideal,nv_charge_readout_master_v1_4,thin_all_counts,4,sigma0.3,0.3,5.437,1.0,27.43339830432224,0.9249776330930897,7.504300359171423,12.911749357161563,0.11758756837904422,9.422120008455401,636.7993609310438,0.3,0.1,ou,2.1054086423165375,mean,0.18429247659461723,0.87,8.976823378219834,6.480331564412336,6.480331564412336,6.477274757839782,1.3858951046278714,1.317819437467129,1.4178138244270966,1.3852413705985875,0.9835008949415155,1.4197354750477118,1.3852413705985875,0.9986121278415715,1.4197354750477118,7.880898000837375,1.1390609772218867,1.1055924209364625,1.1676614503021119,6.675837180417351,1.3446738042911095,1.3140365386241681,1.3758326920878354,8.976823378219834,1.0,1.0000000000000884,1.000000000000131
noise,ideal,nv_charge_readout_master_v1_4,thin_all_counts,4,sigma0.3,0.3,5.437,1.0,27.43339830432224,0.9249776330930897,7.504300359171423,12.911749357161563,0.11758756837904422,9.422120008455401,636.7993609310438,0.3,0.1,ou,2.1054086423165375,mean,0.18429247659461723,0.88,10.173777205942363,11.800160624326779,10.310459034087945,7.273826559379982,1.3986829522107236,1.3259068539303582,1.4587139043785604,0.8621727728831484,0.7874026622450645,1.4132693387332813,0.986743380901501,0.9639035008465109,1.4132693387332813,8.482912594865313,1.1993259499220263,1.1652743708852813,1.239094240257117,7.215549334919705,1.4099795779520614,1.3596195210531214,1.4688123531614703,10.173777205942363,1.0,0.9999999999998797,1.0000000000000897
noise,ideal,nv_charge_readout_master_v1_4,thin_all_counts,4,sigma0.3,0.3,5.437,1.0,27.43339830432224,0.9249776330930897,7.504300359171423,12.911749357161563,0.11758756837904422,9.422120008455401,636.7993609310438,0.3,0.1,ou,2.1054086423165375,mean,0.18429247659461723,0.89,13.085554723145176,13.216465528676276,12.217571880222362,8.246265678322937,1.5868461232753317,1.3680257112223304,1.9215487798665005,0.9900948702777563,0.8529948714272779,1.1972268157435535,1.07104380898531,0.9702231113836938,1.2584254179897834,9.40979931637433,1.3906305844774534,1.2349786976416626,1.6555784093720973,8.098006603505269,1.6158982529701837,1.443447407531582,1.9276138645334222,13.085554723145176,1.0,0.9190875856393085,1.0280623666137876
noise,ideal,nv_charge_readout_master_v1_4,thin_all_counts,4,sigma0.3,0.3,5.437,1.0,27.43339830432224,0.9249776330930897,7.504300359171423,12.911749357161563,0.11758756837904422,9.422120008455401,636.7993609310438,0.3,0.1,ou,2.1054086423165375,mean,0.18429247659461723,0.9,17.88362995174958,14.018161643183037,13.415840809681125,10.86689265197631,1.6456985933782249,1.5574704406390456,1.7207067291473968,1.2757471633554962,1.2100422662238433,1.3093370341329211,1.3330234165304358,1.2711946038179456,1.3729071738843406,10.43796245502217,1.713325759582989,1.6274456635557402,1.7757493632628145,9.086403270989281,1.9681748012272078,1.8690178108090023,2.042121314777386,17.259858635580432,1.0361400014530404,1.0048644212745432,1.0627837024667852
noise,ideal,nv_charge_readout_master_v1_4,thin_all_counts,4,sigma0.3,0.3,5.437,1.0,27.43339830432224,0.9249776330930897,7.504300359171423,12.911749357161563,0.11758756837904422,9.422120008455401,636.7993609310438,0.3,0.1,ou,2.1054086423165375,mean,0.18429247659461723,0.91,19.56292660566875,14.868487753252584,14.508954148887284,11.832141340948981,1.6533716122849942,1.5895052621107228,1.712919630469014,1.3157307542180425,1.28166004567505,1.3435771443431135,1.348334718334544,1.313946317777034,1.3855005416889201,11.578467993771426,1.6895954297401452,1.6294000570486893,1.7521461261208817,10.074799938473294,1.9417682460336039,1.8315622570832402,2.017702274145659,19.342361802573382,1.0114031991204933,0.9949992656811921,1.0324480553003974
noise,ideal,nv_charge_readout_master_v1_4,thin_all_counts,4,sigma0.3,0.3,5.437,1.0,27.43339830432224,0.9249776330930897,7.504300359171423,12.911749357161563,0.11758756837904422,9.422120008455401,636.7993609310438,0.3,0.1,ou,2.1054086423165375,mean,0.18429247659461723,0.92,21.973606313315532,30.421323357246933,15.691133599513629,14.698338017313876,1.4949721721892482,1.452342364247234,1.7223044688846614,0.72230935042742,0.7101813558029171,1.3952965042028767,1.4003836098876017,0.8933962547660455,1.417861568106796,13.056443527347488,1.6829702719037174,1.5795147899181212,1.7591400613739876,11.9745112928971,1.8350315746371693,1.7607467213305064,1.9229315893738523,22.03541953008611,0.9971948246010846,0.9827788782298481,1.0149461902999253
noise,ideal,nv_charge_readout_master_v1_4,thin_all_counts,4,sigma0.3,0.3,5.437,1.0,27.43339830432224,0.9249776330930897,7.504300359171423,12.911749357161563,0.11758756837904422,9.422120008455401,636.7993609310438,0.3,0.1,ou,2.1054086423165375,mean,0.18429247659461723,0.93,30.82228429525276,nan,30.87602274637396,17.29473455912452,1.782177355187637,1.4201092987748525,1.8971030336262587,nan,0.735061042743402,0.9533931993736015,0.9982595410178757,0.8553184566187384,1.0538979525897236,16.44574719999335,1.874179623487416,1.5743187920307908,2.0020382544054636,14.924361638365214,2.0652330090969957,1.7420928557999913,2.2386313121066097,34.43640681046857,0.8950493721628029,0.7799743773123233,1.0249669389369291
noise,ideal,nv_charge_readout_master_v1_4,thin_all_counts,4,sigma0.3,0.3,5.437,1.0,27.43339830432224,0.9249776330930897,7.504300359171423,12.911749357161563,0.11758756837904422,9.422120008455401,636.7993609310438,0.3,0.1,ou,2.1054086423165375,mean,0.18429247659461723,0.94,nan,nan,nan,nan,nan,nan,nan,nan,nan,nan,nan,nan,nan,nan,nan,nan,nan,nan,nan,nan,nan,nan,nan,nan,nan
noise,ideal,nv_charge_readout_master_v1_4,thin_all_counts,4,sigma0.3,0.3,5.437,1.0,27.43339830432224,0.9249776330930897,7.504300359171423,12.911749357161563,0.11758756837904422,9.422120008455401,636.7993609310438,0.3,0.1,ou,2.1054086423165375,mean,0.18429247659461723,0.95,nan,nan,nan,nan,nan,nan,nan,nan,nan,nan,nan,nan,nan,nan,nan,nan,nan,nan,nan,nan,nan,nan,nan,nan,nan
noise,ideal,nv_charge_readout_master_v1_4,thin_all_counts,4,sigma0.3,0.3,5.437,1.0,27.43339830432224,0.9249776330930897,7.504300359171423,12.911749357161563,0.11758756837904422,9.422120008455401,636.7993609310438,0.3,0.1,ou,2.1054086423165375,mean,0.18429247659461723,0.96,nan,nan,nan,nan,nan,nan,nan,nan,nan,nan,nan,nan,nan,nan,nan,nan,nan,nan,nan,nan,nan,nan,nan,nan,nan
noise,ideal,nv_charge_readout_master_v1_4,thin_all_counts,4,sigma0.3,0.3,5.437,1.0,27.43339830432224,0.9249776330930897,7.504300359171423,12.911749357161563,0.11758756837904422,9.422120008455401,636.7993609310438,0.3,0.1,ou,2.1054086423165375,mean,0.18429247659461723,0.97,nan,nan,nan,nan,nan,nan,nan,nan,nan,nan,nan,nan,nan,nan,nan,nan,nan,nan,nan,nan,nan,nan,nan,nan,nan
noise,ideal,nv_charge_readout_master_v1_4,thin_all_counts,4,sigma0.3,0.3,5.437,1.0,27.43339830432224,0.9249776330930897,7.504300359171423,12.911749357161563,0.11758756837904422,9.422120008455401,636.7993609310438,0.3,0.1,ou,2.1054086423165375,mean,0.18429247659461723,0.98,nan,nan,nan,nan,nan,nan,nan,nan,nan,nan,nan,nan,nan,nan,nan,nan,nan,nan,nan,nan,nan,nan,nan,nan,nan
noise,ideal,nv_charge_readout_master_v1_4,thin_all_counts,4,sigma0.3,0.3,5.437,1.0,27.43339830432224,0.9249776330930897,7.504300359171423,12.911749357161563,0.11758756837904422,9.422120008455401,636.7993609310438,0.3,0.1,ou,2.1054086423165375,mean,0.18429247659461723,0.99,nan,nan,nan,nan,nan,nan,nan,nan,nan,nan,nan,nan,nan,nan,nan,nan,nan,nan,nan,nan,nan,nan,nan,nan,nan
